2025-10-29 00:36:24,131 [INFO] LogOutputStream:77 - [STDOUT_REDIRECT] 
2025-10-29 00:36:26,921 [INFO] ProjectBuilder:5496 - Time for Generating toolchain IDE Files: 3659mS.
2025-10-29 00:36:26,923 [INFO] ProjectBuilder:3463 - Time for Copy CMSIS : 1mS.
2025-10-29 00:36:26,927 [INFO] ProjectBuilder:3463 - Time for Copy CMSIS : 0mS.
2025-10-29 00:38:58,996 [ERROR] ConfigurationRetriever:142 - IOException on connection: Read timed out
2025-10-29 00:39:00,998 [ERROR] ConfigurationRetriever:142 - IOException on connection: Connect timed out
2025-10-29 00:44:32,078 [INFO] UtilMem:75 - End SaveConfig() Used Memory: 510595144 Bytes (672137216)
2025-10-29 00:44:33,487 [INFO] UtilMem:75 - End SaveConfig() Used Memory: 528944360 Bytes (672137216)
2025-10-29 00:44:35,532 [INFO] UtilMem:75 - End SaveConfig() Used Memory: 561974440 Bytes (672137216)
2025-10-29 00:44:36,217 [INFO] BlockDiagram:2775 - set Specific Code input for plugin: RTC
2025-10-29 00:44:36,217 [INFO] BlockDiagram:2775 - set Specific Code input for plugin: NVIC
2025-10-29 00:44:36,217 [INFO] BlockDiagram:2775 - set Specific Code input for plugin: TIM1_8F1
2025-10-29 00:44:36,218 [INFO] BlockDiagram:2775 - set Specific Code input for plugin: SYS
2025-10-29 00:44:36,218 [INFO] BlockDiagram:2775 - set Specific Code input for plugin: GPIO
2025-10-29 00:44:36,218 [INFO] BlockDiagram:2775 - set Specific Code input for plugin: RCC
2025-10-29 00:44:36,218 [INFO] BlockDiagram:2775 - set Specific Code input for plugin: I2C
2025-10-29 00:44:36,219 [INFO] CodeGenerator:892 - code generatio: config db path: C:\ST\STM32CubeIDE_1.19.0\STM32CubeIDE\plugins\com.st.stm32cube.common.mx_6.15.0.202507011659\\db\
2025-10-29 00:44:36,221 [WARN] IP:2250 - I2C_Coeff_DF not found: check if there is a RefParameter without a condition.
2025-10-29 00:44:36,221 [WARN] IP:2250 - Analog_Filter not found: check if there is a RefParameter without a condition.
2025-10-29 00:44:36,395 [INFO] CodeEngine:265 - oldGeneratedFile, C:\Users\nico2\OneDrive\Desktop\EMBEBIDOS\COMEDERO_INTEGRACION\MXTmpFiles\license.tmp_save
2025-10-29 00:44:37,317 [INFO] CodeEngine:289 - Generated code: C:\Users\nico2\OneDrive\Desktop\EMBEBIDOS\COMEDERO_INTEGRACION\MXTmpFiles\license.tmp
2025-10-29 00:44:37,474 [INFO] CodeEngine:265 - oldGeneratedFile, C:\Users\nico2\OneDrive\Desktop\EMBEBIDOS\COMEDERO_INTEGRACION\MXTmpFiles\gpio.tmp_save
2025-10-29 00:44:37,700 [INFO] CodeEngine:289 - Generated code: C:\Users\nico2\OneDrive\Desktop\EMBEBIDOS\COMEDERO_INTEGRACION\MXTmpFiles\gpio.tmp
2025-10-29 00:44:38,138 [INFO] CodeEngine:265 - oldGeneratedFile, C:\Users\nico2\OneDrive\Desktop\EMBEBIDOS\COMEDERO_INTEGRACION\Core\Src\stm32f1xx_it.c_save
2025-10-29 00:44:38,327 [INFO] CodeEngine:289 - Generated code: C:\Users\nico2\OneDrive\Desktop\EMBEBIDOS\COMEDERO_INTEGRACION\Core\Src\stm32f1xx_it.c
2025-10-29 00:44:38,363 [INFO] CodeEngine:265 - oldGeneratedFile, C:\Users\nico2\OneDrive\Desktop\EMBEBIDOS\COMEDERO_INTEGRACION\Core\Inc\stm32f1xx_it.h_save
2025-10-29 00:44:38,470 [INFO] CodeEngine:289 - Generated code: C:\Users\nico2\OneDrive\Desktop\EMBEBIDOS\COMEDERO_INTEGRACION\Core\Inc\stm32f1xx_it.h
2025-10-29 00:44:38,478 [INFO] CodeEngine:265 - oldGeneratedFile, C:\Users\nico2\OneDrive\Desktop\EMBEBIDOS\COMEDERO_INTEGRACION\Core\Src\stm32f1xx_hal_msp.c_save
2025-10-29 00:44:38,762 [INFO] CodeEngine:289 - Generated code: C:\Users\nico2\OneDrive\Desktop\EMBEBIDOS\COMEDERO_INTEGRACION\Core\Src\stm32f1xx_hal_msp.c
2025-10-29 00:44:38,765 [INFO] CodeEngine:265 - oldGeneratedFile, C:\Users\nico2\OneDrive\Desktop\EMBEBIDOS\COMEDERO_INTEGRACION\MXTmpFiles\system.tmp_save
2025-10-29 00:44:38,905 [INFO] CodeEngine:289 - Generated code: C:\Users\nico2\OneDrive\Desktop\EMBEBIDOS\COMEDERO_INTEGRACION\MXTmpFiles\system.tmp
2025-10-29 00:44:38,911 [INFO] CodeEngine:321 - oldGeneratedFile, C:\Users\nico2\OneDrive\Desktop\EMBEBIDOS\COMEDERO_INTEGRACION\Core\Inc\stm32f1xx_hal_conf.h_save
2025-10-29 00:44:39,025 [INFO] CodeEngine:345 - Generated code: C:\Users\nico2\OneDrive\Desktop\EMBEBIDOS\COMEDERO_INTEGRACION\Core\Inc\stm32f1xx_hal_conf.h
2025-10-29 00:44:39,108 [WARN] IPConfigManager:3811 - IP not found : TIM
2025-10-29 00:44:39,109 [WARN] CodeGenerator:4259 - IP not found : null
2025-10-29 00:44:39,147 [INFO] CodeEngine:265 - oldGeneratedFile, C:\Users\nico2\OneDrive\Desktop\EMBEBIDOS\COMEDERO_INTEGRACION\Core\Inc\main.h_save
2025-10-29 00:44:39,260 [INFO] CodeEngine:289 - Generated code: C:\Users\nico2\OneDrive\Desktop\EMBEBIDOS\COMEDERO_INTEGRACION\Core\Inc\main.h
2025-10-29 00:44:39,265 [INFO] CodeEngine:265 - oldGeneratedFile, C:\Users\nico2\OneDrive\Desktop\EMBEBIDOS\COMEDERO_INTEGRACION\Core\Src\main.c_save
2025-10-29 00:44:39,543 [INFO] CodeEngine:289 - Generated code: C:\Users\nico2\OneDrive\Desktop\EMBEBIDOS\COMEDERO_INTEGRACION\Core\Src\main.c
2025-10-29 00:44:40,614 [INFO] ProjectBuilder:3606 - Time for Copy HAL[1] : 81mS.
2025-10-29 00:44:40,617 [INFO] ProjectBuilder:5216 - Project Generator version: 4.7.0-B52
2025-10-29 00:44:40,698 [INFO] ConfigFileManager:1595 - The Die is : DIE410
2025-10-29 00:44:43,380 [INFO] ProjectBuilder:5496 - Time for Generating toolchain IDE Files: 2763mS.
2025-10-29 00:44:43,381 [INFO] ProjectBuilder:3463 - Time for Copy CMSIS : 1mS.
2025-10-29 00:44:43,382 [INFO] ProjectBuilder:3463 - Time for Copy CMSIS : 0mS.
2025-10-29 00:44:44,230 [INFO] MainUpdater:2872 - connection check result : 10
2025-10-29 00:44:44,230 [INFO] MainUpdater:2872 - connection check result : 10
2025-10-29 00:44:44,348 [INFO] MicroXplorer:468 - Change Database Path : 
2025-10-29 00:44:44,348 [INFO] MicroXplorer:498 - Change Database Version : DB.6.0.150
2025-10-29 00:44:44,354 [ERROR] ProjectManagerView:395 - 
java.lang.NullPointerException: Cannot invoke "javax.swing.JTextField.getText()" because the return value of "java.util.List.get(int)" is null
	at com.st.microxplorer.plugins.projectmanager.gui.ProjectChoiceTab$9.caretUpdate(ProjectChoiceTab.java:2706) ~[filemanager.jar:?]
	at javax.swing.text.JTextComponent.fireCaretUpdate(JTextComponent.java:408) ~[?:?]
	at javax.swing.text.JTextComponent$MutableCaretEvent.fire(JTextComponent.java:4484) ~[?:?]
	at javax.swing.text.JTextComponent$MutableCaretEvent.stateChanged(JTextComponent.java:4506) ~[?:?]
	at javax.swing.text.DefaultCaret.fireStateChanged(DefaultCaret.java:857) ~[?:?]
	at javax.swing.text.DefaultCaret.changeCaretPosition(DefaultCaret.java:1343) ~[?:?]
	at javax.swing.text.DefaultCaret.handleSetDot(DefaultCaret.java:1242) ~[?:?]
	at javax.swing.text.DefaultCaret.setDot(DefaultCaret.java:1223) ~[?:?]
	at javax.swing.text.DefaultCaret$Handler.insertUpdate(DefaultCaret.java:1819) ~[?:?]
	at javax.swing.text.AbstractDocument.fireInsertUpdate(AbstractDocument.java:227) ~[?:?]
	at javax.swing.text.AbstractDocument.handleInsertString(AbstractDocument.java:781) ~[?:?]
	at javax.swing.text.AbstractDocument.insertString(AbstractDocument.java:740) ~[?:?]
	at javax.swing.text.PlainDocument.insertString(PlainDocument.java:131) ~[?:?]
	at javax.swing.text.AbstractDocument.replace(AbstractDocument.java:699) ~[?:?]
	at javax.swing.text.JTextComponent.setText(JTextComponent.java:1725) ~[?:?]
	at com.st.microxplorer.plugins.projectmanager.gui.ProjectChoiceTab.createHeapStackFields(ProjectChoiceTab.java:993) ~[filemanager.jar:?]
	at com.st.microxplorer.plugins.projectmanager.gui.ProjectChoiceTab.buildLinkSettingsPanel(ProjectChoiceTab.java:3813) ~[filemanager.jar:?]
	at com.st.microxplorer.plugins.projectmanager.gui.ProjectChoiceTab.defineWindowsFields(ProjectChoiceTab.java:1987) ~[filemanager.jar:?]
	at com.st.microxplorer.plugins.projectmanager.gui.ProjectChoiceTab.updateSettings(ProjectChoiceTab.java:558) ~[filemanager.jar:?]
	at com.st.microxplorer.plugins.projectmanager.gui.ProjectSettingsPanel.UpdateDialog(ProjectSettingsPanel.java:247) ~[filemanager.jar:?]
	at com.st.microxplorer.plugins.projectmanager.ProjectManagerView.propertyChange(ProjectManagerView.java:392) ~[filemanager.jar:?]
	at java.beans.PropertyChangeSupport.fire(PropertyChangeSupport.java:343) ~[?:?]
	at java.beans.PropertyChangeSupport.firePropertyChange(PropertyChangeSupport.java:335) ~[?:?]
	at java.beans.PropertyChangeSupport.firePropertyChange(PropertyChangeSupport.java:268) ~[?:?]
	at com.st.microxplorer.util.MXPropertyChangeSupport.firePropertyChange(MXPropertyChangeSupport.java:54) ~[STM32CubeMX.jar:?]
	at com.st.microxplorer.mxsystem.MxSystem.closeConfig(MxSystem.java:899) ~[STM32CubeMX.jar:?]
	at com.st.microxplorer.maingui.MainPanel.closeConfig(MainPanel.java:792) ~[STM32CubeMX.jar:?]
	at com.st.microxplorer.plugins.filemanager.engine.OpenFileManager.loadConfigurationFile(OpenFileManager.java:288) ~[filemanager.jar:?]
	at com.st.microxplorer.plugins.filemanager.engine.MainFileManager.userLoadConfig(MainFileManager.java:364) ~[filemanager.jar:?]
	at com.st.microxplorer.plugins.filemanager.engine.MainFileManager.userLoadConfig(MainFileManager.java:342) ~[filemanager.jar:?]
	at com.st.microxplorer.plugins.filemanager.FileManagerView.getSpecificTask(FileManagerView.java:264) ~[filemanager.jar:?]
	at com.st.stm32cube.common.mx.editor.CubeMxEditor.getMxTabbedPaneInstance(CubeMxEditor.java:1198) ~[com.st.stm32cube.common.mx_6.15.0.202507011659/:?]
	at com.st.stm32cube.common.mx.editor.CubeMxEditor$12$1.createSwingComponent(CubeMxEditor.java:1068) ~[com.st.stm32cube.common.mx_6.15.0.202507011659/:?]
	at com.st.stm32cube.common.mx.oss.core.awtswtbridge.EmbeddedSwingComposite.doComponentCreation(EmbeddedSwingComposite.java:492) ~[com.st.stm32cube.common.mx.oss_6.15.0.202507011659/:?]
	at com.st.stm32cube.common.mx.oss.core.awtswtbridge.EmbeddedSwingComposite$4.run(EmbeddedSwingComposite.java:291) ~[com.st.stm32cube.common.mx.oss_6.15.0.202507011659/:?]
	at com.st.stm32cube.common.mx.oss.core.awtswtbridge.AwtEnvironment$2.run(AwtEnvironment.java:166) ~[com.st.stm32cube.common.mx.oss_6.15.0.202507011659/:?]
	at java.awt.event.InvocationEvent.dispatch(InvocationEvent.java:318) ~[?:?]
	at java.awt.EventQueue.dispatchEventImpl(EventQueue.java:773) ~[?:?]
	at java.awt.EventQueue$4.run(EventQueue.java:720) ~[?:?]
	at java.awt.EventQueue$4.run(EventQueue.java:714) ~[?:?]
	at java.security.AccessController.doPrivileged(AccessController.java:400) ~[?:?]
	at java.security.ProtectionDomain$JavaSecurityAccessImpl.doIntersectionPrivilege(ProtectionDomain.java:87) ~[?:?]
	at java.awt.EventQueue.dispatchEvent(EventQueue.java:742) ~[?:?]
	at java.awt.EventDispatchThread.pumpOneEventForFilters(EventDispatchThread.java:203) ~[?:?]
	at java.awt.EventDispatchThread.pumpEventsForFilter(EventDispatchThread.java:124) ~[?:?]
	at java.awt.EventDispatchThread.pumpEventsForHierarchy(EventDispatchThread.java:113) ~[?:?]
	at java.awt.EventDispatchThread.pumpEvents(EventDispatchThread.java:109) ~[?:?]
	at java.awt.EventDispatchThread.pumpEvents(EventDispatchThread.java:101) ~[?:?]
	at java.awt.EventDispatchThread.run(EventDispatchThread.java:90) ~[?:?]
2025-10-29 00:44:44,358 [WARN] ThirdParty:871 - waiting for thirdparty lock release [close project]
2025-10-29 00:44:44,358 [INFO] ThirdParty:873 - entering critical section [close project]
2025-10-29 00:44:44,359 [INFO] ThirdParty:883 - exiting critical section [close project]
2025-10-29 00:44:44,359 [INFO] PinOutPanel:1589 - setPackage(No Configuration,No Configuration)
2025-10-29 00:44:44,363 [INFO] UtilMem:75 - Begin LoadConfig() Used Memory: 539994064 Bytes (672137216)
2025-10-29 00:44:44,363 [INFO] MicroXplorer:468 - Change Database Path : 
2025-10-29 00:44:44,363 [INFO] MicroXplorer:498 - Change Database Version : DB.6.0.150
2025-10-29 00:44:44,363 [INFO] OpenFileManager:355 - Change cursor
2025-10-29 00:44:44,770 [INFO] RulesReader:64 - Compatibility file has been processed (317 Rules)
2025-10-29 00:44:44,776 [INFO] Mcu:2029 - Initializing MCU STM32F103C(8-B)Tx STM32F103C8Tx STM32F103C8T6
2025-10-29 00:44:51,400 [INFO] Context:786 - Trying to add GPIOservice into a context  which must be forbidden
2025-10-29 00:44:52,032 [INFO] ImportTextPane:234 - (OptionalMessage_ERROR) Pin12 (VP_RIF_VS_RIF1) cannot be retrieved for this MCU
2025-10-29 00:44:52,157 [INFO] RtosManager:558 - Registered RTOS mode: class=CMSIS, group=RTOS, mode=CMSIS_V1, owner=FREERTOS
2025-10-29 00:44:52,158 [INFO] RtosManager:558 - Registered RTOS mode: class=CMSIS, group=RTOS2, mode=CMSIS_V2, owner=FREERTOS
2025-10-29 00:44:52,158 [INFO] RtosManager:558 - Registered RTOS mode: class=RTOS, group=Core, mode=CMSIS_V1, owner=FREERTOS
2025-10-29 00:44:52,158 [INFO] RtosManager:558 - Registered RTOS mode: class=RTOS, group=Core, mode=CMSIS_V2, owner=FREERTOS
2025-10-29 00:44:52,158 [WARN] ModelIntegratedComponent:184 - Missing modes for component STMicroelectronics:FreeRTOS:0.0.1:STMicroelectronics:RTOS:FreeRTOS:Core:::10.2.0:
2025-10-29 00:44:52,182 [WARN] ModelIntegratedComponent:63 - No mode defined for component null
2025-10-29 00:44:52,183 [WARN] ModelIntegratedComponent:63 - No mode defined for component null
2025-10-29 00:44:52,183 [WARN] ModelIntegratedComponent:63 - No mode defined for component null
2025-10-29 00:44:52,183 [WARN] ModelIntegratedComponent:63 - No mode defined for component null
2025-10-29 00:44:52,184 [WARN] ModelIntegratedComponent:63 - No mode defined for component null
2025-10-29 00:44:52,184 [WARN] ModelIntegratedComponent:63 - No mode defined for component null
2025-10-29 00:44:52,184 [WARN] ModelIntegratedComponent:63 - No mode defined for component null
2025-10-29 00:44:52,184 [WARN] ModelIntegratedComponent:63 - No mode defined for component null
2025-10-29 00:44:52,184 [WARN] ModelIntegratedComponent:63 - No mode defined for component null
2025-10-29 00:44:52,184 [WARN] ModelIntegratedComponent:63 - No mode defined for component null
2025-10-29 00:44:52,184 [WARN] ModelIntegratedComponent:63 - No mode defined for component null
2025-10-29 00:44:52,184 [WARN] ModelIntegratedComponent:63 - No mode defined for component null
2025-10-29 00:44:52,184 [WARN] ModelIntegratedComponent:63 - No mode defined for component null
2025-10-29 00:44:52,184 [WARN] ModelIntegratedComponent:63 - No mode defined for component null
2025-10-29 00:44:52,184 [WARN] ModelIntegratedComponent:63 - No mode defined for component null
2025-10-29 00:44:52,185 [WARN] ModelIntegratedComponent:63 - No mode defined for component null
2025-10-29 00:44:52,185 [WARN] ModelIntegratedComponent:63 - No mode defined for component null
2025-10-29 00:44:52,185 [WARN] ModelIntegratedComponent:63 - No mode defined for component null
2025-10-29 00:44:52,185 [WARN] ModelIntegratedComponent:63 - No mode defined for component null
2025-10-29 00:44:52,185 [WARN] ModelIntegratedComponent:63 - No mode defined for component null
2025-10-29 00:44:52,185 [WARN] ModelIntegratedComponent:63 - No mode defined for component null
2025-10-29 00:44:52,185 [WARN] ModelIntegratedComponent:63 - No mode defined for component null
2025-10-29 00:44:52,185 [WARN] ModelIntegratedComponent:63 - No mode defined for component null
2025-10-29 00:44:52,185 [WARN] ModelIntegratedComponent:63 - No mode defined for component null
2025-10-29 00:44:52,185 [WARN] ModelIntegratedComponent:63 - No mode defined for component null
2025-10-29 00:44:52,185 [WARN] ModelIntegratedComponent:63 - No mode defined for component null
2025-10-29 00:44:52,185 [WARN] ModelIntegratedComponent:63 - No mode defined for component null
2025-10-29 00:44:52,185 [WARN] ModelIntegratedComponent:63 - No mode defined for component null
2025-10-29 00:44:52,185 [WARN] ModelIntegratedComponent:63 - No mode defined for component null
2025-10-29 00:44:52,185 [WARN] ModelIntegratedComponent:63 - No mode defined for component null
2025-10-29 00:44:52,185 [WARN] ModelIntegratedComponent:63 - No mode defined for component null
2025-10-29 00:44:52,185 [WARN] ModelIntegratedComponent:63 - No mode defined for component null
2025-10-29 00:44:52,185 [WARN] ModelIntegratedComponent:63 - No mode defined for component null
2025-10-29 00:44:52,185 [WARN] ModelIntegratedComponent:63 - No mode defined for component null
2025-10-29 00:44:52,185 [WARN] ModelIntegratedComponent:63 - No mode defined for component null
2025-10-29 00:44:52,185 [WARN] ModelPack:524 - Component already loaded: STMicroelectronics:HAL Drivers:0.0.0:STMicroelectronics:Device:STMicro_Driver:XSPI:HAL::0.0.1:HAL_XSPI
2025-10-29 00:44:52,387 [INFO] ThirdPartyModel:298 - Start build external matchings
2025-10-29 00:44:52,594 [INFO] ThirdPartyModel:316 - End build external matchings
2025-10-29 00:44:52,773 [INFO] ImportTextPane:234 - (OptionalMessage_ERROR) IP (RCC) : Invalid parameter (FamilyName)
2025-10-29 00:44:52,774 [INFO] ImportTextPane:234 - (OptionalMessage_ERROR) IP (RCC) : Parameter (USBFreq_Value) has invalid value (16000000)
2025-10-29 00:44:53,036 [INFO] UtilMem:75 - End LoadConfig() Used Memory: 382819320 Bytes (672137216)
2025-10-29 00:44:53,108 [WARN] ThirdParty:833 - waiting for thirdparty lock release [change project]
2025-10-29 00:44:53,112 [INFO] ThirdParty:835 - entering critical section [change project]
2025-10-29 00:44:53,112 [INFO] ThirdParty:1030 - CMSIS Pack Vendor :STMicroelectronics X-CUBE-PM33A1 1.0.0
2025-10-29 00:44:53,112 [INFO] ThirdParty:1030 - CMSIS Pack Vendor :STMicroelectronics USBPD 4.1
2025-10-29 00:44:53,112 [INFO] ThirdParty:1030 - CMSIS Pack Vendor :STMicroelectronics X-CUBE-NFC9 1.0.0
2025-10-29 00:44:53,112 [INFO] ThirdParty:1030 - CMSIS Pack Vendor :STMicroelectronics USB_HOST 2.0.0
2025-10-29 00:44:53,112 [INFO] ThirdParty:1030 - CMSIS Pack Vendor :STMicroelectronics FP-SNS-MOTENVWB1 1.4.0
2025-10-29 00:44:53,112 [INFO] ThirdParty:1030 - CMSIS Pack Vendor :STMicroelectronics X-CUBE-AZRTOS-F4 1.1.0
2025-10-29 00:44:53,112 [INFO] ThirdParty:1030 - CMSIS Pack Vendor :STMicroelectronics LIBJPEG 8.0.0
2025-10-29 00:44:53,112 [INFO] ThirdParty:1030 - CMSIS Pack Vendor :STMicroelectronics FP-ATR-ASTRA1 2.0.2
2025-10-29 00:44:53,112 [INFO] ThirdParty:1030 - CMSIS Pack Vendor :STMicroelectronics X-CUBE-BLE1 7.1.0
2025-10-29 00:44:53,112 [INFO] ThirdParty:1030 - CMSIS Pack Vendor :STMicroelectronics X-CUBE-SMBUS 2.1.0
2025-10-29 00:44:53,112 [INFO] ThirdParty:1030 - CMSIS Pack Vendor :STMicroelectronics USB_DEVICE 3.0.0
2025-10-29 00:44:53,112 [INFO] ThirdParty:1030 - CMSIS Pack Vendor :STMicroelectronics X-CUBE-ISPU 2.1.0
2025-10-29 00:44:53,112 [INFO] ThirdParty:1030 - CMSIS Pack Vendor :STMicroelectronics X-CUBE-EEPRMA1 5.2.0
2025-10-29 00:44:53,112 [INFO] ThirdParty:1030 - CMSIS Pack Vendor :STMicroelectronics X-CUBE-IPS 3.2.0
2025-10-29 00:44:53,112 [INFO] ThirdParty:1030 - CMSIS Pack Vendor :STMicroelectronics X-CUBE-BLEMGR 4.1.0
2025-10-29 00:44:53,112 [INFO] ThirdParty:1030 - CMSIS Pack Vendor :STMicroelectronics X-CUBE-AZRTOS-WB 2.0.0
2025-10-29 00:44:53,112 [INFO] ThirdParty:1030 - CMSIS Pack Vendor :STMicroelectronics X-CUBE-ST60 1.0.0
2025-10-29 00:44:53,112 [INFO] ThirdParty:1030 - CMSIS Pack Vendor :STMicroelectronics X-CUBE-GNSS1 7.0.1
2025-10-29 00:44:53,112 [INFO] ThirdParty:1030 - CMSIS Pack Vendor :STMicroelectronics X-CUBE-NFC12 1.0.0
2025-10-29 00:44:53,113 [INFO] ThirdParty:1030 - CMSIS Pack Vendor :STMicroelectronics X-CUBE-AZRTOS-F7 1.1.0
2025-10-29 00:44:53,113 [INFO] ThirdParty:1030 - CMSIS Pack Vendor :STMicroelectronics X-CUBE-AZRTOS-L5 2.0.0
2025-10-29 00:44:53,113 [INFO] ThirdParty:1030 - CMSIS Pack Vendor :STMicroelectronics X-CUBE-TOUCHGFX 4.25.0
2025-10-29 00:44:53,114 [INFO] ThirdParty:1030 - CMSIS Pack Vendor :STMicroelectronics USB_DEVICE 2.0.0
2025-10-29 00:44:53,114 [INFO] ThirdParty:1030 - CMSIS Pack Vendor :STMicroelectronics X-CUBE-NFC6 3.1.0
2025-10-29 00:44:53,114 [INFO] ThirdParty:1030 - CMSIS Pack Vendor :STMicroelectronics X-CUBE-ST67W61 1.1.0
2025-10-29 00:44:53,115 [INFO] ThirdParty:1030 - CMSIS Pack Vendor :Cesanta I-CUBE-Mongoose 7.19.0
2025-10-29 00:44:53,115 [INFO] ThirdParty:1030 - CMSIS Pack Vendor :quantropi X-CUBE-qispace-sdk-base 2.1.0
2025-10-29 00:44:53,115 [INFO] ThirdParty:1030 - CMSIS Pack Vendor :STMicroelectronics FreeRTOS 0.0.1
2025-10-29 00:44:53,115 [INFO] ThirdParty:1030 - CMSIS Pack Vendor :STMicroelectronics X-CUBE-AZRTOS-G0 1.1.0
2025-10-29 00:44:53,115 [INFO] ThirdParty:1030 - CMSIS Pack Vendor :STMicroelectronics X-CUBE-SAFEA1 1.2.2
2025-10-29 00:44:53,115 [INFO] ThirdParty:1030 - CMSIS Pack Vendor :STMicroelectronics X-CUBE-NFC4 3.0.0
2025-10-29 00:44:53,115 [INFO] ThirdParty:1030 - CMSIS Pack Vendor :STMicroelectronics X-CUBE-SUBG2 5.0.0
2025-10-29 00:44:53,115 [INFO] ThirdParty:1030 - CMSIS Pack Vendor :STMicroelectronics X-CUBE-AZRTOS-H7RS 1.1.0
2025-10-29 00:44:53,115 [INFO] ThirdParty:1030 - CMSIS Pack Vendor :STMicroelectronics STM32_WPAN 1.0.0
2025-10-29 00:44:53,115 [INFO] ThirdParty:1030 - CMSIS Pack Vendor :EmbeddedOffice I-CUBE-FS-RTOS 1.0.1
2025-10-29 00:44:53,115 [INFO] ThirdParty:1030 - CMSIS Pack Vendor :STMicroelectronics lwIP 2.0.3
2025-10-29 00:44:53,115 [INFO] ThirdParty:1030 - CMSIS Pack Vendor :STMicroelectronics USB_HOST 1.0.0
2025-10-29 00:44:53,115 [INFO] ThirdParty:1030 - CMSIS Pack Vendor :Infineon AIROC-Wi-Fi-Bluetooth-STM32 1.7.1
2025-10-29 00:44:53,115 [INFO] ThirdParty:1030 - CMSIS Pack Vendor :STMicroelectronics X-CUBE-AZRTOS-G4 2.0.0
2025-10-29 00:44:53,115 [INFO] ThirdParty:1030 - CMSIS Pack Vendor :STMicroelectronics X-CUBE-WB05N 2.0.0
2025-10-29 00:44:53,115 [INFO] ThirdParty:1030 - CMSIS Pack Vendor :STMicroelectronics PDM2PCM 3.1.0
2025-10-29 00:44:53,115 [INFO] ThirdParty:1030 - CMSIS Pack Vendor :STMicroelectronics PDM2PCM 3.3.0
2025-10-29 00:44:53,115 [INFO] ThirdParty:1030 - CMSIS Pack Vendor :STMicroelectronics X-CUBE-AZRTOS-H7 3.4.0
2025-10-29 00:44:53,115 [INFO] ThirdParty:1030 - CMSIS Pack Vendor :STMicroelectronics X-CUBE-DISPLAY 3.0.0
2025-10-29 00:44:53,115 [INFO] ThirdParty:1030 - CMSIS Pack Vendor :STMicroelectronics X-CUBE-NFC7 2.0.0
2025-10-29 00:44:53,115 [INFO] ThirdParty:1030 - CMSIS Pack Vendor :STMicroelectronics X-CUBE-TCPP 4.2.0
2025-10-29 00:44:53,115 [INFO] ThirdParty:1030 - CMSIS Pack Vendor :RealThread X-CUBE-RT-Thread_Nano 4.1.1
2025-10-29 00:44:53,115 [INFO] ThirdParty:1030 - CMSIS Pack Vendor :STMicroelectronics FP-ATR-SIGFOX1 3.2.0
2025-10-29 00:44:53,115 [INFO] ThirdParty:1030 - CMSIS Pack Vendor :STMicroelectronics X-CUBE-NFC10 1.0.0
2025-10-29 00:44:53,115 [INFO] ThirdParty:1030 - CMSIS Pack Vendor :STMicroelectronics X-CUBE-FREERTOS 1.3.1
2025-10-29 00:44:53,115 [INFO] ThirdParty:1030 - CMSIS Pack Vendor :STMicroelectronics HAL Drivers 0.0.0
2025-10-29 00:44:53,116 [INFO] ThirdParty:1030 - CMSIS Pack Vendor :STMicroelectronics MBEDTLS 2.16.2
2025-10-29 00:44:53,116 [INFO] ThirdParty:1030 - CMSIS Pack Vendor :STMicroelectronics X-CUBE-ST60 1.1.0
2025-10-29 00:44:53,116 [INFO] ThirdParty:1030 - CMSIS Pack Vendor :STMicroelectronics X-CUBE-IPS 3.1.0
2025-10-29 00:44:53,116 [INFO] ThirdParty:1030 - CMSIS Pack Vendor :STMicroelectronics X-CUBE-ALS 1.0.2
2025-10-29 00:44:53,116 [INFO] ThirdParty:1030 - CMSIS Pack Vendor :emotas I-CUBE-CANOPEN 1.3.0
2025-10-29 00:44:53,116 [INFO] ThirdParty:1030 - CMSIS Pack Vendor :STMicroelectronics MBEDTLS 2.14.1
2025-10-29 00:44:53,116 [INFO] ThirdParty:1030 - CMSIS Pack Vendor :ITTIA_DB I-CUBE-ITTIADB 8.9.0
2025-10-29 00:44:53,116 [INFO] ThirdParty:1030 - CMSIS Pack Vendor :STMicroelectronics X-CUBE-TOUCHGFX 4.26.0
2025-10-29 00:44:53,116 [INFO] ThirdParty:1030 - CMSIS Pack Vendor :STMicroelectronics X-CUBE-STSE01 1.0.0
2025-10-29 00:44:53,116 [INFO] ThirdParty:1030 - CMSIS Pack Vendor :STMicroelectronics X-CUBE-ST67W61 1.0.0
2025-10-29 00:44:53,116 [INFO] ThirdParty:1030 - CMSIS Pack Vendor :STMicroelectronics FP-SNS-STBOX1 2.1.0
2025-10-29 00:44:53,116 [INFO] ThirdParty:1030 - CMSIS Pack Vendor :STMicroelectronics X-CUBE-AI 10.2.0
2025-10-29 00:44:53,116 [INFO] ThirdParty:1030 - CMSIS Pack Vendor :STMicroelectronics FP-SNS-STAIOTCFT 1.0.0
2025-10-29 00:44:53,116 [INFO] ThirdParty:1030 - CMSIS Pack Vendor :STMicroelectronics ThreadX 1.0.0
2025-10-29 00:44:53,116 [INFO] ThirdParty:1030 - CMSIS Pack Vendor :STMicroelectronics FP-SNS-SMARTAG2 1.2.0
2025-10-29 00:44:53,116 [INFO] ThirdParty:1030 - CMSIS Pack Vendor :STMicroelectronics FP-SNS-FLIGHT1 5.1.0
2025-10-29 00:44:53,116 [INFO] ThirdParty:1030 - CMSIS Pack Vendor :STMicroelectronics X-CUBE-AZRTOS-WL 2.0.0
2025-10-29 00:44:53,116 [INFO] ThirdParty:1030 - CMSIS Pack Vendor :SEGGER I-CUBE-embOS 1.3.1
2025-10-29 00:44:53,116 [INFO] ThirdParty:1030 - CMSIS Pack Vendor :STMicroelectronics X-CUBE-ALGOBUILD 1.4.0
2025-10-29 00:44:53,116 [INFO] ThirdParty:1030 - CMSIS Pack Vendor :STMicroelectronics X-CUBE-DPower 1.3.0
2025-10-29 00:44:53,116 [INFO] ThirdParty:1030 - CMSIS Pack Vendor :STMicroelectronics X-CUBE-MEMS1 11.3.0
2025-10-29 00:44:53,116 [INFO] ThirdParty:1030 - CMSIS Pack Vendor :STMicroelectronics FP-SNS-MOTENV1 5.0.0
2025-10-29 00:44:53,116 [INFO] ThirdParty:1030 - CMSIS Pack Vendor :STMicroelectronics USB_DEVICE 1.0.0
2025-10-29 00:44:53,116 [INFO] ThirdParty:1030 - CMSIS Pack Vendor :STMicroelectronics X-CUBE-AZRTOS-L4 2.0.0
2025-10-29 00:44:53,116 [INFO] ThirdParty:1030 - CMSIS Pack Vendor :STMicroelectronics ThreadX 0.0.2
2025-10-29 00:44:53,116 [INFO] ThirdParty:1030 - CMSIS Pack Vendor :WES I-CUBE-Cesium 1.3.0
2025-10-29 00:44:53,116 [INFO] ThirdParty:1030 - CMSIS Pack Vendor :STMicroelectronics lwIP 2.1.2
2025-10-29 00:44:53,117 [INFO] ThirdParty:1030 - CMSIS Pack Vendor :STMicroelectronics X-CUBE-SFXS2LP1 4.0.0
2025-10-29 00:44:53,117 [INFO] ThirdParty:1030 - CMSIS Pack Vendor :STMicroelectronics X-CUBE-BLE2 3.3.0
2025-10-29 00:44:53,118 [INFO] ThirdParty:1030 - CMSIS Pack Vendor :STMicroelectronics X-CUBE-TOF1 3.4.3
2025-10-29 00:44:53,121 [INFO] ThirdParty:1030 - CMSIS Pack Vendor :STMicroelectronics PDM2PCM 3.2.0
2025-10-29 00:44:53,130 [INFO] ThirdParty:841 - exiting critical section [change project]
2025-10-29 00:44:53,369 [INFO] PinOutPanel:1589 - setPackage(No Configuration,No Configuration)
2025-10-29 00:44:53,370 [INFO] PinOutPanel:1589 - setPackage(STM32F103C8Tx,LQFP48)
2025-10-29 00:44:54,045 [INFO] UtilMem:75 - Before build in PCC Used Memory: 511084800 Bytes (672137216)
2025-10-29 00:44:54,945 [INFO] UtilMem:75 - After build in PCC Used Memory: 553731960 Bytes (672137216)
2025-10-29 00:44:54,997 [INFO] IPUIPlugin:80 - create IPUIPlugin
2025-10-29 00:44:54,998 [INFO] IPUIPlugin:80 - create IPUIPlugin
2025-10-29 00:44:54,998 [INFO] IPUIPlugin:80 - create IPUIPlugin
2025-10-29 00:44:54,998 [INFO] IPUIPlugin:80 - create IPUIPlugin
2025-10-29 00:44:54,999 [INFO] IPUIPlugin:80 - create IPUIPlugin
2025-10-29 00:44:54,999 [INFO] IPUIPlugin:80 - create IPUIPlugin
2025-10-29 00:44:54,999 [INFO] IPUIPlugin:80 - create IPUIPlugin
2025-10-29 00:44:54,999 [INFO] IPUIPlugin:80 - create IPUIPlugin
2025-10-29 00:44:54,999 [INFO] IPUIPlugin:80 - create IPUIPlugin
2025-10-29 00:44:55,000 [INFO] IPUIPlugin:80 - create IPUIPlugin
2025-10-29 00:44:55,000 [INFO] IPUIPlugin:80 - create IPUIPlugin
2025-10-29 00:44:55,000 [INFO] IPUIPlugin:80 - create IPUIPlugin
2025-10-29 00:44:55,000 [INFO] IPUIPlugin:80 - create IPUIPlugin
2025-10-29 00:44:55,000 [INFO] IPUIPlugin:80 - create IPUIPlugin
2025-10-29 00:44:55,000 [INFO] IPUIPlugin:80 - create IPUIPlugin
2025-10-29 00:44:55,000 [INFO] IPUIPlugin:80 - create IPUIPlugin
2025-10-29 00:44:55,000 [INFO] IPUIPlugin:80 - create IPUIPlugin
2025-10-29 00:44:55,000 [INFO] IPUIPlugin:80 - create IPUIPlugin
2025-10-29 00:44:55,000 [INFO] IPUIPlugin:80 - create IPUIPlugin
2025-10-29 00:44:55,000 [INFO] IPUIPlugin:80 - create IPUIPlugin
2025-10-29 00:44:55,000 [INFO] IPUIPlugin:80 - create IPUIPlugin
2025-10-29 00:44:55,000 [INFO] IPUIPlugin:80 - create IPUIPlugin
2025-10-29 00:44:55,000 [INFO] IPUIPlugin:80 - create IPUIPlugin
2025-10-29 00:44:55,000 [INFO] IPUIPlugin:80 - create IPUIPlugin
2025-10-29 00:44:55,001 [INFO] IPUIPlugin:80 - create IPUIPlugin
2025-10-29 00:44:55,001 [INFO] IPUIPlugin:80 - create IPUIPlugin
2025-10-29 00:44:55,001 [INFO] IPUIPlugin:80 - create IPUIPlugin
2025-10-29 00:44:55,001 [WARN] IP:2250 - I2C_Coeff_DF not found: check if there is a RefParameter without a condition.
2025-10-29 00:44:55,001 [WARN] IP:2250 - Analog_Filter not found: check if there is a RefParameter without a condition.
2025-10-29 00:44:55,002 [WARN] IP:2250 - I2C_Coeff_DF not found: check if there is a RefParameter without a condition.
2025-10-29 00:44:55,002 [WARN] IP:2250 - Analog_Filter not found: check if there is a RefParameter without a condition.
2025-10-29 00:44:55,133 [INFO] CADModel:165 - CPN selected for project levelSTM32F103C8T6
2025-10-29 00:44:55,133 [INFO] CADModel:114 - Register for checkConnection events
2025-10-29 00:44:55,189 [INFO] OpenFileManager:386 - Restore cursor
2025-10-29 00:44:55,284 [WARN] IP:2250 - I2C_Coeff_DF not found: check if there is a RefParameter without a condition.
2025-10-29 00:44:55,285 [WARN] IP:2250 - Analog_Filter not found: check if there is a RefParameter without a condition.
2025-10-29 00:44:55,285 [WARN] IP:2250 - I2C_Coeff_DF not found: check if there is a RefParameter without a condition.
2025-10-29 00:44:55,285 [WARN] IP:2250 - Analog_Filter not found: check if there is a RefParameter without a condition.
2025-10-29 00:44:55,286 [WARN] IP:2250 - I2C_Coeff_DF not found: check if there is a RefParameter without a condition.
2025-10-29 00:44:55,287 [WARN] IP:2250 - Analog_Filter not found: check if there is a RefParameter without a condition.
2025-10-29 00:44:55,287 [WARN] IP:2250 - I2C_Coeff_DF not found: check if there is a RefParameter without a condition.
2025-10-29 00:44:55,287 [WARN] IP:2250 - Analog_Filter not found: check if there is a RefParameter without a condition.
2025-10-29 00:45:00,042 [INFO] Gpio:278 - dependency for GPIO [I2C1, I2C2, RCC, SYS]
2025-10-29 00:45:34,495 [WARN] IP:2250 - I2C_Coeff_DF not found: check if there is a RefParameter without a condition.
2025-10-29 00:45:34,495 [WARN] IP:2250 - Analog_Filter not found: check if there is a RefParameter without a condition.
2025-10-29 00:45:36,847 [WARN] IP:2250 - I2C_Coeff_DF not found: check if there is a RefParameter without a condition.
2025-10-29 00:45:36,847 [WARN] IP:2250 - Analog_Filter not found: check if there is a RefParameter without a condition.
2025-10-29 00:45:38,241 [WARN] IP:2250 - I2C_Coeff_DF not found: check if there is a RefParameter without a condition.
2025-10-29 00:45:38,241 [WARN] IP:2250 - Analog_Filter not found: check if there is a RefParameter without a condition.
2025-10-29 00:45:48,525 [INFO] MainUpdater:2872 - connection check result : 10
2025-10-29 00:45:48,526 [INFO] MainUpdater:2872 - connection check result : 10
2025-10-29 00:45:48,670 [INFO] MicroXplorer:468 - Change Database Path : 
2025-10-29 00:45:48,670 [INFO] MicroXplorer:498 - Change Database Version : DB.6.0.150
2025-10-29 00:45:48,677 [ERROR] ProjectManagerView:395 - 
java.lang.NullPointerException: Cannot invoke "javax.swing.JTextField.getText()" because the return value of "java.util.List.get(int)" is null
	at com.st.microxplorer.plugins.projectmanager.gui.ProjectChoiceTab$9.caretUpdate(ProjectChoiceTab.java:2706) ~[filemanager.jar:?]
	at javax.swing.text.JTextComponent.fireCaretUpdate(JTextComponent.java:408) ~[?:?]
	at javax.swing.text.JTextComponent$MutableCaretEvent.fire(JTextComponent.java:4484) ~[?:?]
	at javax.swing.text.JTextComponent$MutableCaretEvent.stateChanged(JTextComponent.java:4506) ~[?:?]
	at javax.swing.text.DefaultCaret.fireStateChanged(DefaultCaret.java:857) ~[?:?]
	at javax.swing.text.DefaultCaret.changeCaretPosition(DefaultCaret.java:1343) ~[?:?]
	at javax.swing.text.DefaultCaret.handleSetDot(DefaultCaret.java:1242) ~[?:?]
	at javax.swing.text.DefaultCaret.setDot(DefaultCaret.java:1223) ~[?:?]
	at javax.swing.text.DefaultCaret$Handler.insertUpdate(DefaultCaret.java:1819) ~[?:?]
	at javax.swing.text.AbstractDocument.fireInsertUpdate(AbstractDocument.java:227) ~[?:?]
	at javax.swing.text.AbstractDocument.handleInsertString(AbstractDocument.java:781) ~[?:?]
	at javax.swing.text.AbstractDocument.insertString(AbstractDocument.java:740) ~[?:?]
	at javax.swing.text.PlainDocument.insertString(PlainDocument.java:131) ~[?:?]
	at javax.swing.text.AbstractDocument.replace(AbstractDocument.java:699) ~[?:?]
	at javax.swing.text.JTextComponent.setText(JTextComponent.java:1725) ~[?:?]
	at com.st.microxplorer.plugins.projectmanager.gui.ProjectChoiceTab.createHeapStackFields(ProjectChoiceTab.java:993) ~[filemanager.jar:?]
	at com.st.microxplorer.plugins.projectmanager.gui.ProjectChoiceTab.buildLinkSettingsPanel(ProjectChoiceTab.java:3813) ~[filemanager.jar:?]
	at com.st.microxplorer.plugins.projectmanager.gui.ProjectChoiceTab.defineWindowsFields(ProjectChoiceTab.java:1987) ~[filemanager.jar:?]
	at com.st.microxplorer.plugins.projectmanager.gui.ProjectChoiceTab.updateSettings(ProjectChoiceTab.java:558) ~[filemanager.jar:?]
	at com.st.microxplorer.plugins.projectmanager.gui.ProjectSettingsPanel.UpdateDialog(ProjectSettingsPanel.java:247) ~[filemanager.jar:?]
	at com.st.microxplorer.plugins.projectmanager.ProjectManagerView.propertyChange(ProjectManagerView.java:392) ~[filemanager.jar:?]
	at java.beans.PropertyChangeSupport.fire(PropertyChangeSupport.java:343) ~[?:?]
	at java.beans.PropertyChangeSupport.firePropertyChange(PropertyChangeSupport.java:335) ~[?:?]
	at java.beans.PropertyChangeSupport.firePropertyChange(PropertyChangeSupport.java:268) ~[?:?]
	at com.st.microxplorer.util.MXPropertyChangeSupport.firePropertyChange(MXPropertyChangeSupport.java:54) ~[STM32CubeMX.jar:?]
	at com.st.microxplorer.mxsystem.MxSystem.closeConfig(MxSystem.java:899) ~[STM32CubeMX.jar:?]
	at com.st.microxplorer.maingui.MainPanel.closeConfig(MainPanel.java:792) ~[STM32CubeMX.jar:?]
	at com.st.microxplorer.plugins.filemanager.engine.OpenFileManager.loadConfigurationFile(OpenFileManager.java:288) ~[filemanager.jar:?]
	at com.st.microxplorer.plugins.filemanager.engine.MainFileManager.userLoadConfig(MainFileManager.java:364) ~[filemanager.jar:?]
	at com.st.microxplorer.plugins.filemanager.engine.MainFileManager.userLoadConfig(MainFileManager.java:342) ~[filemanager.jar:?]
	at com.st.microxplorer.plugins.filemanager.FileManagerView.getSpecificTask(FileManagerView.java:264) ~[filemanager.jar:?]
	at com.st.stm32cube.common.mx.editor.CubeMxEditor.getMxTabbedPaneInstance(CubeMxEditor.java:1198) ~[com.st.stm32cube.common.mx_6.15.0.202507011659/:?]
	at com.st.stm32cube.common.mx.editor.CubeMxEditor$12$1.createSwingComponent(CubeMxEditor.java:1068) ~[com.st.stm32cube.common.mx_6.15.0.202507011659/:?]
	at com.st.stm32cube.common.mx.oss.core.awtswtbridge.EmbeddedSwingComposite.doComponentCreation(EmbeddedSwingComposite.java:492) ~[com.st.stm32cube.common.mx.oss_6.15.0.202507011659/:?]
	at com.st.stm32cube.common.mx.oss.core.awtswtbridge.EmbeddedSwingComposite$4.run(EmbeddedSwingComposite.java:291) ~[com.st.stm32cube.common.mx.oss_6.15.0.202507011659/:?]
	at com.st.stm32cube.common.mx.oss.core.awtswtbridge.AwtEnvironment$2.run(AwtEnvironment.java:166) ~[com.st.stm32cube.common.mx.oss_6.15.0.202507011659/:?]
	at java.awt.event.InvocationEvent.dispatch(InvocationEvent.java:318) ~[?:?]
	at java.awt.EventQueue.dispatchEventImpl(EventQueue.java:773) ~[?:?]
	at java.awt.EventQueue$4.run(EventQueue.java:720) ~[?:?]
	at java.awt.EventQueue$4.run(EventQueue.java:714) ~[?:?]
	at java.security.AccessController.doPrivileged(AccessController.java:400) ~[?:?]
	at java.security.ProtectionDomain$JavaSecurityAccessImpl.doIntersectionPrivilege(ProtectionDomain.java:87) ~[?:?]
	at java.awt.EventQueue.dispatchEvent(EventQueue.java:742) ~[?:?]
	at java.awt.EventDispatchThread.pumpOneEventForFilters(EventDispatchThread.java:203) ~[?:?]
	at java.awt.EventDispatchThread.pumpEventsForFilter(EventDispatchThread.java:124) ~[?:?]
	at java.awt.EventDispatchThread.pumpEventsForHierarchy(EventDispatchThread.java:113) ~[?:?]
	at java.awt.EventDispatchThread.pumpEvents(EventDispatchThread.java:109) ~[?:?]
	at java.awt.EventDispatchThread.pumpEvents(EventDispatchThread.java:101) ~[?:?]
	at java.awt.EventDispatchThread.run(EventDispatchThread.java:90) ~[?:?]
2025-10-29 00:45:48,678 [WARN] ThirdParty:871 - waiting for thirdparty lock release [close project]
2025-10-29 00:45:48,678 [INFO] ThirdParty:873 - entering critical section [close project]
2025-10-29 00:45:48,678 [INFO] ThirdParty:883 - exiting critical section [close project]
2025-10-29 00:45:48,679 [INFO] PinOutPanel:1589 - setPackage(No Configuration,No Configuration)
2025-10-29 00:45:48,682 [INFO] UtilMem:75 - Begin LoadConfig() Used Memory: 400556032 Bytes (672137216)
2025-10-29 00:45:48,683 [INFO] MicroXplorer:468 - Change Database Path : 
2025-10-29 00:45:48,683 [INFO] MicroXplorer:498 - Change Database Version : DB.6.0.150
2025-10-29 00:45:48,683 [INFO] OpenFileManager:355 - Change cursor
2025-10-29 00:45:48,758 [INFO] Mcu:2029 - Initializing MCU STM32F103C(8-B)Tx STM32F103C8Tx STM32F103C8T6
2025-10-29 00:45:56,134 [INFO] Context:786 - Trying to add GPIOservice into a context  which must be forbidden
2025-10-29 00:45:56,433 [INFO] ImportTextPane:234 - (OptionalMessage_ERROR) Pin17 (VP_RIF_VS_RIF1) cannot be retrieved for this MCU
2025-10-29 00:45:56,503 [INFO] RtosManager:558 - Registered RTOS mode: class=CMSIS, group=RTOS, mode=CMSIS_V1, owner=FREERTOS
2025-10-29 00:45:56,503 [INFO] RtosManager:558 - Registered RTOS mode: class=CMSIS, group=RTOS2, mode=CMSIS_V2, owner=FREERTOS
2025-10-29 00:45:56,503 [INFO] RtosManager:558 - Registered RTOS mode: class=RTOS, group=Core, mode=CMSIS_V1, owner=FREERTOS
2025-10-29 00:45:56,503 [INFO] RtosManager:558 - Registered RTOS mode: class=RTOS, group=Core, mode=CMSIS_V2, owner=FREERTOS
2025-10-29 00:45:56,503 [WARN] ModelIntegratedComponent:184 - Missing modes for component STMicroelectronics:FreeRTOS:0.0.1:STMicroelectronics:RTOS:FreeRTOS:Core:::10.2.0:
2025-10-29 00:45:56,512 [WARN] ModelIntegratedComponent:63 - No mode defined for component null
2025-10-29 00:45:56,512 [WARN] ModelIntegratedComponent:63 - No mode defined for component null
2025-10-29 00:45:56,513 [WARN] ModelIntegratedComponent:63 - No mode defined for component null
2025-10-29 00:45:56,513 [WARN] ModelIntegratedComponent:63 - No mode defined for component null
2025-10-29 00:45:56,513 [WARN] ModelIntegratedComponent:63 - No mode defined for component null
2025-10-29 00:45:56,513 [WARN] ModelIntegratedComponent:63 - No mode defined for component null
2025-10-29 00:45:56,513 [WARN] ModelIntegratedComponent:63 - No mode defined for component null
2025-10-29 00:45:56,513 [WARN] ModelIntegratedComponent:63 - No mode defined for component null
2025-10-29 00:45:56,513 [WARN] ModelIntegratedComponent:63 - No mode defined for component null
2025-10-29 00:45:56,513 [WARN] ModelIntegratedComponent:63 - No mode defined for component null
2025-10-29 00:45:56,513 [WARN] ModelIntegratedComponent:63 - No mode defined for component null
2025-10-29 00:45:56,513 [WARN] ModelIntegratedComponent:63 - No mode defined for component null
2025-10-29 00:45:56,513 [WARN] ModelIntegratedComponent:63 - No mode defined for component null
2025-10-29 00:45:56,513 [WARN] ModelIntegratedComponent:63 - No mode defined for component null
2025-10-29 00:45:56,513 [WARN] ModelIntegratedComponent:63 - No mode defined for component null
2025-10-29 00:45:56,513 [WARN] ModelIntegratedComponent:63 - No mode defined for component null
2025-10-29 00:45:56,513 [WARN] ModelIntegratedComponent:63 - No mode defined for component null
2025-10-29 00:45:56,513 [WARN] ModelIntegratedComponent:63 - No mode defined for component null
2025-10-29 00:45:56,513 [WARN] ModelIntegratedComponent:63 - No mode defined for component null
2025-10-29 00:45:56,513 [WARN] ModelIntegratedComponent:63 - No mode defined for component null
2025-10-29 00:45:56,513 [WARN] ModelIntegratedComponent:63 - No mode defined for component null
2025-10-29 00:45:56,513 [WARN] ModelIntegratedComponent:63 - No mode defined for component null
2025-10-29 00:45:56,517 [WARN] ModelIntegratedComponent:63 - No mode defined for component null
2025-10-29 00:45:56,517 [WARN] ModelIntegratedComponent:63 - No mode defined for component null
2025-10-29 00:45:56,517 [WARN] ModelIntegratedComponent:63 - No mode defined for component null
2025-10-29 00:45:56,517 [WARN] ModelIntegratedComponent:63 - No mode defined for component null
2025-10-29 00:45:56,517 [WARN] ModelIntegratedComponent:63 - No mode defined for component null
2025-10-29 00:45:56,517 [WARN] ModelIntegratedComponent:63 - No mode defined for component null
2025-10-29 00:45:56,517 [WARN] ModelIntegratedComponent:63 - No mode defined for component null
2025-10-29 00:45:56,517 [WARN] ModelIntegratedComponent:63 - No mode defined for component null
2025-10-29 00:45:56,517 [WARN] ModelIntegratedComponent:63 - No mode defined for component null
2025-10-29 00:45:56,517 [WARN] ModelIntegratedComponent:63 - No mode defined for component null
2025-10-29 00:45:56,517 [WARN] ModelIntegratedComponent:63 - No mode defined for component null
2025-10-29 00:45:56,517 [WARN] ModelIntegratedComponent:63 - No mode defined for component null
2025-10-29 00:45:56,517 [WARN] ModelIntegratedComponent:63 - No mode defined for component null
2025-10-29 00:45:56,517 [WARN] ModelPack:524 - Component already loaded: STMicroelectronics:HAL Drivers:0.0.0:STMicroelectronics:Device:STMicro_Driver:XSPI:HAL::0.0.1:HAL_XSPI
2025-10-29 00:45:56,562 [INFO] ThirdPartyModel:298 - Start build external matchings
2025-10-29 00:45:56,747 [INFO] ThirdPartyModel:316 - End build external matchings
2025-10-29 00:45:56,755 [INFO] ImportTextPane:234 - (OptionalMessage_ERROR) IP (RCC) : Invalid parameter (FamilyName)
2025-10-29 00:45:56,755 [INFO] ImportTextPane:234 - (OptionalMessage_ERROR) IP (RCC) : Parameter (USBFreq_Value) has invalid value (16000000)
2025-10-29 00:45:57,138 [INFO] UtilMem:75 - End LoadConfig() Used Memory: 567955440 Bytes (672137216)
2025-10-29 00:45:57,183 [WARN] ThirdParty:833 - waiting for thirdparty lock release [change project]
2025-10-29 00:45:57,183 [INFO] ThirdParty:835 - entering critical section [change project]
2025-10-29 00:45:57,183 [INFO] ThirdParty:1030 - CMSIS Pack Vendor :STMicroelectronics X-CUBE-PM33A1 1.0.0
2025-10-29 00:45:57,183 [INFO] ThirdParty:1030 - CMSIS Pack Vendor :STMicroelectronics USBPD 4.1
2025-10-29 00:45:57,183 [INFO] ThirdParty:1030 - CMSIS Pack Vendor :STMicroelectronics X-CUBE-NFC9 1.0.0
2025-10-29 00:45:57,183 [INFO] ThirdParty:1030 - CMSIS Pack Vendor :STMicroelectronics USB_HOST 2.0.0
2025-10-29 00:45:57,183 [INFO] ThirdParty:1030 - CMSIS Pack Vendor :STMicroelectronics FP-SNS-MOTENVWB1 1.4.0
2025-10-29 00:45:57,183 [INFO] ThirdParty:1030 - CMSIS Pack Vendor :STMicroelectronics X-CUBE-AZRTOS-F4 1.1.0
2025-10-29 00:45:57,183 [INFO] ThirdParty:1030 - CMSIS Pack Vendor :STMicroelectronics LIBJPEG 8.0.0
2025-10-29 00:45:57,183 [INFO] ThirdParty:1030 - CMSIS Pack Vendor :STMicroelectronics FP-ATR-ASTRA1 2.0.2
2025-10-29 00:45:57,183 [INFO] ThirdParty:1030 - CMSIS Pack Vendor :STMicroelectronics X-CUBE-BLE1 7.1.0
2025-10-29 00:45:57,183 [INFO] ThirdParty:1030 - CMSIS Pack Vendor :STMicroelectronics X-CUBE-SMBUS 2.1.0
2025-10-29 00:45:57,183 [INFO] ThirdParty:1030 - CMSIS Pack Vendor :STMicroelectronics USB_DEVICE 3.0.0
2025-10-29 00:45:57,183 [INFO] ThirdParty:1030 - CMSIS Pack Vendor :STMicroelectronics X-CUBE-ISPU 2.1.0
2025-10-29 00:45:57,183 [INFO] ThirdParty:1030 - CMSIS Pack Vendor :STMicroelectronics X-CUBE-EEPRMA1 5.2.0
2025-10-29 00:45:57,183 [INFO] ThirdParty:1030 - CMSIS Pack Vendor :STMicroelectronics X-CUBE-IPS 3.2.0
2025-10-29 00:45:57,183 [INFO] ThirdParty:1030 - CMSIS Pack Vendor :STMicroelectronics X-CUBE-BLEMGR 4.1.0
2025-10-29 00:45:57,183 [INFO] ThirdParty:1030 - CMSIS Pack Vendor :STMicroelectronics X-CUBE-AZRTOS-WB 2.0.0
2025-10-29 00:45:57,183 [INFO] ThirdParty:1030 - CMSIS Pack Vendor :STMicroelectronics X-CUBE-ST60 1.0.0
2025-10-29 00:45:57,183 [INFO] ThirdParty:1030 - CMSIS Pack Vendor :STMicroelectronics X-CUBE-GNSS1 7.0.1
2025-10-29 00:45:57,183 [INFO] ThirdParty:1030 - CMSIS Pack Vendor :STMicroelectronics X-CUBE-NFC12 1.0.0
2025-10-29 00:45:57,183 [INFO] ThirdParty:1030 - CMSIS Pack Vendor :STMicroelectronics X-CUBE-AZRTOS-F7 1.1.0
2025-10-29 00:45:57,183 [INFO] ThirdParty:1030 - CMSIS Pack Vendor :STMicroelectronics X-CUBE-AZRTOS-L5 2.0.0
2025-10-29 00:45:57,183 [INFO] ThirdParty:1030 - CMSIS Pack Vendor :STMicroelectronics X-CUBE-TOUCHGFX 4.25.0
2025-10-29 00:45:57,183 [INFO] ThirdParty:1030 - CMSIS Pack Vendor :STMicroelectronics USB_DEVICE 2.0.0
2025-10-29 00:45:57,183 [INFO] ThirdParty:1030 - CMSIS Pack Vendor :STMicroelectronics X-CUBE-NFC6 3.1.0
2025-10-29 00:45:57,183 [INFO] ThirdParty:1030 - CMSIS Pack Vendor :STMicroelectronics X-CUBE-ST67W61 1.1.0
2025-10-29 00:45:57,183 [INFO] ThirdParty:1030 - CMSIS Pack Vendor :Cesanta I-CUBE-Mongoose 7.19.0
2025-10-29 00:45:57,183 [INFO] ThirdParty:1030 - CMSIS Pack Vendor :quantropi X-CUBE-qispace-sdk-base 2.1.0
2025-10-29 00:45:57,183 [INFO] ThirdParty:1030 - CMSIS Pack Vendor :STMicroelectronics FreeRTOS 0.0.1
2025-10-29 00:45:57,183 [INFO] ThirdParty:1030 - CMSIS Pack Vendor :STMicroelectronics X-CUBE-AZRTOS-G0 1.1.0
2025-10-29 00:45:57,183 [INFO] ThirdParty:1030 - CMSIS Pack Vendor :STMicroelectronics X-CUBE-SAFEA1 1.2.2
2025-10-29 00:45:57,183 [INFO] ThirdParty:1030 - CMSIS Pack Vendor :STMicroelectronics X-CUBE-NFC4 3.0.0
2025-10-29 00:45:57,183 [INFO] ThirdParty:1030 - CMSIS Pack Vendor :STMicroelectronics X-CUBE-SUBG2 5.0.0
2025-10-29 00:45:57,183 [INFO] ThirdParty:1030 - CMSIS Pack Vendor :STMicroelectronics X-CUBE-AZRTOS-H7RS 1.1.0
2025-10-29 00:45:57,183 [INFO] ThirdParty:1030 - CMSIS Pack Vendor :STMicroelectronics STM32_WPAN 1.0.0
2025-10-29 00:45:57,183 [INFO] ThirdParty:1030 - CMSIS Pack Vendor :EmbeddedOffice I-CUBE-FS-RTOS 1.0.1
2025-10-29 00:45:57,183 [INFO] ThirdParty:1030 - CMSIS Pack Vendor :STMicroelectronics lwIP 2.0.3
2025-10-29 00:45:57,183 [INFO] ThirdParty:1030 - CMSIS Pack Vendor :STMicroelectronics USB_HOST 1.0.0
2025-10-29 00:45:57,183 [INFO] ThirdParty:1030 - CMSIS Pack Vendor :Infineon AIROC-Wi-Fi-Bluetooth-STM32 1.7.1
2025-10-29 00:45:57,183 [INFO] ThirdParty:1030 - CMSIS Pack Vendor :STMicroelectronics X-CUBE-AZRTOS-G4 2.0.0
2025-10-29 00:45:57,183 [INFO] ThirdParty:1030 - CMSIS Pack Vendor :STMicroelectronics X-CUBE-WB05N 2.0.0
2025-10-29 00:45:57,183 [INFO] ThirdParty:1030 - CMSIS Pack Vendor :STMicroelectronics PDM2PCM 3.1.0
2025-10-29 00:45:57,183 [INFO] ThirdParty:1030 - CMSIS Pack Vendor :STMicroelectronics PDM2PCM 3.3.0
2025-10-29 00:45:57,183 [INFO] ThirdParty:1030 - CMSIS Pack Vendor :STMicroelectronics X-CUBE-AZRTOS-H7 3.4.0
2025-10-29 00:45:57,183 [INFO] ThirdParty:1030 - CMSIS Pack Vendor :STMicroelectronics X-CUBE-DISPLAY 3.0.0
2025-10-29 00:45:57,183 [INFO] ThirdParty:1030 - CMSIS Pack Vendor :STMicroelectronics X-CUBE-NFC7 2.0.0
2025-10-29 00:45:57,183 [INFO] ThirdParty:1030 - CMSIS Pack Vendor :STMicroelectronics X-CUBE-TCPP 4.2.0
2025-10-29 00:45:57,183 [INFO] ThirdParty:1030 - CMSIS Pack Vendor :RealThread X-CUBE-RT-Thread_Nano 4.1.1
2025-10-29 00:45:57,183 [INFO] ThirdParty:1030 - CMSIS Pack Vendor :STMicroelectronics FP-ATR-SIGFOX1 3.2.0
2025-10-29 00:45:57,183 [INFO] ThirdParty:1030 - CMSIS Pack Vendor :STMicroelectronics X-CUBE-NFC10 1.0.0
2025-10-29 00:45:57,183 [INFO] ThirdParty:1030 - CMSIS Pack Vendor :STMicroelectronics X-CUBE-FREERTOS 1.3.1
2025-10-29 00:45:57,183 [INFO] ThirdParty:1030 - CMSIS Pack Vendor :STMicroelectronics HAL Drivers 0.0.0
2025-10-29 00:45:57,183 [INFO] ThirdParty:1030 - CMSIS Pack Vendor :STMicroelectronics MBEDTLS 2.16.2
2025-10-29 00:45:57,183 [INFO] ThirdParty:1030 - CMSIS Pack Vendor :STMicroelectronics X-CUBE-ST60 1.1.0
2025-10-29 00:45:57,183 [INFO] ThirdParty:1030 - CMSIS Pack Vendor :STMicroelectronics X-CUBE-IPS 3.1.0
2025-10-29 00:45:57,183 [INFO] ThirdParty:1030 - CMSIS Pack Vendor :STMicroelectronics X-CUBE-ALS 1.0.2
2025-10-29 00:45:57,183 [INFO] ThirdParty:1030 - CMSIS Pack Vendor :emotas I-CUBE-CANOPEN 1.3.0
2025-10-29 00:45:57,183 [INFO] ThirdParty:1030 - CMSIS Pack Vendor :STMicroelectronics MBEDTLS 2.14.1
2025-10-29 00:45:57,183 [INFO] ThirdParty:1030 - CMSIS Pack Vendor :ITTIA_DB I-CUBE-ITTIADB 8.9.0
2025-10-29 00:45:57,183 [INFO] ThirdParty:1030 - CMSIS Pack Vendor :STMicroelectronics X-CUBE-TOUCHGFX 4.26.0
2025-10-29 00:45:57,184 [INFO] ThirdParty:1030 - CMSIS Pack Vendor :STMicroelectronics X-CUBE-STSE01 1.0.0
2025-10-29 00:45:57,184 [INFO] ThirdParty:1030 - CMSIS Pack Vendor :STMicroelectronics X-CUBE-ST67W61 1.0.0
2025-10-29 00:45:57,184 [INFO] ThirdParty:1030 - CMSIS Pack Vendor :STMicroelectronics FP-SNS-STBOX1 2.1.0
2025-10-29 00:45:57,184 [INFO] ThirdParty:1030 - CMSIS Pack Vendor :STMicroelectronics X-CUBE-AI 10.2.0
2025-10-29 00:45:57,184 [INFO] ThirdParty:1030 - CMSIS Pack Vendor :STMicroelectronics FP-SNS-STAIOTCFT 1.0.0
2025-10-29 00:45:57,184 [INFO] ThirdParty:1030 - CMSIS Pack Vendor :STMicroelectronics ThreadX 1.0.0
2025-10-29 00:45:57,184 [INFO] ThirdParty:1030 - CMSIS Pack Vendor :STMicroelectronics FP-SNS-SMARTAG2 1.2.0
2025-10-29 00:45:57,184 [INFO] ThirdParty:1030 - CMSIS Pack Vendor :STMicroelectronics FP-SNS-FLIGHT1 5.1.0
2025-10-29 00:45:57,184 [INFO] ThirdParty:1030 - CMSIS Pack Vendor :STMicroelectronics X-CUBE-AZRTOS-WL 2.0.0
2025-10-29 00:45:57,184 [INFO] ThirdParty:1030 - CMSIS Pack Vendor :SEGGER I-CUBE-embOS 1.3.1
2025-10-29 00:45:57,184 [INFO] ThirdParty:1030 - CMSIS Pack Vendor :STMicroelectronics X-CUBE-ALGOBUILD 1.4.0
2025-10-29 00:45:57,184 [INFO] ThirdParty:1030 - CMSIS Pack Vendor :STMicroelectronics X-CUBE-DPower 1.3.0
2025-10-29 00:45:57,184 [INFO] ThirdParty:1030 - CMSIS Pack Vendor :STMicroelectronics X-CUBE-MEMS1 11.3.0
2025-10-29 00:45:57,184 [INFO] ThirdParty:1030 - CMSIS Pack Vendor :STMicroelectronics FP-SNS-MOTENV1 5.0.0
2025-10-29 00:45:57,184 [INFO] ThirdParty:1030 - CMSIS Pack Vendor :STMicroelectronics USB_DEVICE 1.0.0
2025-10-29 00:45:57,184 [INFO] ThirdParty:1030 - CMSIS Pack Vendor :STMicroelectronics X-CUBE-AZRTOS-L4 2.0.0
2025-10-29 00:45:57,184 [INFO] ThirdParty:1030 - CMSIS Pack Vendor :STMicroelectronics ThreadX 0.0.2
2025-10-29 00:45:57,184 [INFO] ThirdParty:1030 - CMSIS Pack Vendor :WES I-CUBE-Cesium 1.3.0
2025-10-29 00:45:57,184 [INFO] ThirdParty:1030 - CMSIS Pack Vendor :STMicroelectronics lwIP 2.1.2
2025-10-29 00:45:57,184 [INFO] ThirdParty:1030 - CMSIS Pack Vendor :STMicroelectronics X-CUBE-SFXS2LP1 4.0.0
2025-10-29 00:45:57,184 [INFO] ThirdParty:1030 - CMSIS Pack Vendor :STMicroelectronics X-CUBE-BLE2 3.3.0
2025-10-29 00:45:57,184 [INFO] ThirdParty:1030 - CMSIS Pack Vendor :STMicroelectronics X-CUBE-TOF1 3.4.3
2025-10-29 00:45:57,184 [INFO] ThirdParty:1030 - CMSIS Pack Vendor :STMicroelectronics PDM2PCM 3.2.0
2025-10-29 00:45:57,184 [INFO] ThirdParty:841 - exiting critical section [change project]
2025-10-29 00:46:03,088 [INFO] PinOutPanel:1589 - setPackage(No Configuration,No Configuration)
2025-10-29 00:46:03,088 [INFO] PinOutPanel:1589 - setPackage(STM32F103C8Tx,LQFP48)
2025-10-29 00:46:04,041 [INFO] UtilMem:75 - Before build in PCC Used Memory: 334495744 Bytes (672137216)
2025-10-29 00:46:04,452 [INFO] UtilMem:75 - After build in PCC Used Memory: 376965120 Bytes (672137216)
2025-10-29 00:46:04,463 [INFO] IPUIPlugin:80 - create IPUIPlugin
2025-10-29 00:46:04,463 [INFO] IPUIPlugin:80 - create IPUIPlugin
2025-10-29 00:46:04,463 [INFO] IPUIPlugin:80 - create IPUIPlugin
2025-10-29 00:46:04,463 [INFO] IPUIPlugin:80 - create IPUIPlugin
2025-10-29 00:46:04,463 [INFO] IPUIPlugin:80 - create IPUIPlugin
2025-10-29 00:46:04,463 [INFO] IPUIPlugin:80 - create IPUIPlugin
2025-10-29 00:46:04,463 [INFO] IPUIPlugin:80 - create IPUIPlugin
2025-10-29 00:46:04,463 [INFO] IPUIPlugin:80 - create IPUIPlugin
2025-10-29 00:46:04,463 [INFO] IPUIPlugin:80 - create IPUIPlugin
2025-10-29 00:46:04,463 [INFO] IPUIPlugin:80 - create IPUIPlugin
2025-10-29 00:46:04,463 [INFO] IPUIPlugin:80 - create IPUIPlugin
2025-10-29 00:46:04,463 [INFO] IPUIPlugin:80 - create IPUIPlugin
2025-10-29 00:46:04,463 [INFO] IPUIPlugin:80 - create IPUIPlugin
2025-10-29 00:46:04,463 [INFO] IPUIPlugin:80 - create IPUIPlugin
2025-10-29 00:46:04,463 [INFO] IPUIPlugin:80 - create IPUIPlugin
2025-10-29 00:46:04,463 [INFO] IPUIPlugin:80 - create IPUIPlugin
2025-10-29 00:46:04,463 [INFO] IPUIPlugin:80 - create IPUIPlugin
2025-10-29 00:46:04,463 [INFO] IPUIPlugin:80 - create IPUIPlugin
2025-10-29 00:46:04,464 [INFO] IPUIPlugin:80 - create IPUIPlugin
2025-10-29 00:46:04,464 [INFO] IPUIPlugin:80 - create IPUIPlugin
2025-10-29 00:46:04,464 [INFO] IPUIPlugin:80 - create IPUIPlugin
2025-10-29 00:46:04,464 [INFO] IPUIPlugin:80 - create IPUIPlugin
2025-10-29 00:46:04,464 [INFO] IPUIPlugin:80 - create IPUIPlugin
2025-10-29 00:46:04,464 [INFO] IPUIPlugin:80 - create IPUIPlugin
2025-10-29 00:46:04,464 [INFO] IPUIPlugin:80 - create IPUIPlugin
2025-10-29 00:46:04,464 [INFO] IPUIPlugin:80 - create IPUIPlugin
2025-10-29 00:46:04,464 [INFO] IPUIPlugin:80 - create IPUIPlugin
2025-10-29 00:46:04,466 [WARN] IP:2250 - I2C_Coeff_DF not found: check if there is a RefParameter without a condition.
2025-10-29 00:46:04,466 [WARN] IP:2250 - Analog_Filter not found: check if there is a RefParameter without a condition.
2025-10-29 00:46:04,588 [INFO] CADModel:165 - CPN selected for project levelSTM32F103C8T6
2025-10-29 00:46:04,588 [INFO] CADModel:114 - Register for checkConnection events
2025-10-29 00:46:04,652 [INFO] OpenFileManager:386 - Restore cursor
2025-10-29 00:46:04,731 [WARN] IP:2250 - I2C_Coeff_DF not found: check if there is a RefParameter without a condition.
2025-10-29 00:46:04,731 [WARN] IP:2250 - Analog_Filter not found: check if there is a RefParameter without a condition.
2025-10-29 00:46:04,731 [WARN] IP:2250 - I2C_Coeff_DF not found: check if there is a RefParameter without a condition.
2025-10-29 00:46:04,731 [WARN] IP:2250 - Analog_Filter not found: check if there is a RefParameter without a condition.
2025-10-29 00:46:24,127 [WARN] IP:2250 - I2C_Coeff_DF not found: check if there is a RefParameter without a condition.
2025-10-29 00:46:24,127 [WARN] IP:2250 - Analog_Filter not found: check if there is a RefParameter without a condition.
2025-10-29 00:46:32,644 [WARN] IP:2250 - I2C_Coeff_DF not found: check if there is a RefParameter without a condition.
2025-10-29 00:46:32,644 [WARN] IP:2250 - Analog_Filter not found: check if there is a RefParameter without a condition.
2025-10-29 00:46:39,815 [INFO] MainUpdater:2872 - connection check result : 10
2025-10-29 00:46:39,815 [INFO] MainUpdater:2872 - connection check result : 10
2025-10-29 00:46:40,060 [INFO] MicroXplorer:468 - Change Database Path : 
2025-10-29 00:46:40,061 [INFO] MicroXplorer:498 - Change Database Version : DB.6.0.150
2025-10-29 00:46:40,140 [ERROR] ProjectManagerView:395 - 
java.lang.NullPointerException: Cannot invoke "javax.swing.JTextField.getText()" because the return value of "java.util.List.get(int)" is null
	at com.st.microxplorer.plugins.projectmanager.gui.ProjectChoiceTab$9.caretUpdate(ProjectChoiceTab.java:2706) ~[filemanager.jar:?]
	at javax.swing.text.JTextComponent.fireCaretUpdate(JTextComponent.java:408) ~[?:?]
	at javax.swing.text.JTextComponent$MutableCaretEvent.fire(JTextComponent.java:4484) ~[?:?]
	at javax.swing.text.JTextComponent$MutableCaretEvent.stateChanged(JTextComponent.java:4506) ~[?:?]
	at javax.swing.text.DefaultCaret.fireStateChanged(DefaultCaret.java:857) ~[?:?]
	at javax.swing.text.DefaultCaret.changeCaretPosition(DefaultCaret.java:1343) ~[?:?]
	at javax.swing.text.DefaultCaret.handleSetDot(DefaultCaret.java:1242) ~[?:?]
	at javax.swing.text.DefaultCaret.setDot(DefaultCaret.java:1223) ~[?:?]
	at javax.swing.text.DefaultCaret$Handler.insertUpdate(DefaultCaret.java:1819) ~[?:?]
	at javax.swing.text.AbstractDocument.fireInsertUpdate(AbstractDocument.java:227) ~[?:?]
	at javax.swing.text.AbstractDocument.handleInsertString(AbstractDocument.java:781) ~[?:?]
	at javax.swing.text.AbstractDocument.insertString(AbstractDocument.java:740) ~[?:?]
	at javax.swing.text.PlainDocument.insertString(PlainDocument.java:131) ~[?:?]
	at javax.swing.text.AbstractDocument.replace(AbstractDocument.java:699) ~[?:?]
	at javax.swing.text.JTextComponent.setText(JTextComponent.java:1725) ~[?:?]
	at com.st.microxplorer.plugins.projectmanager.gui.ProjectChoiceTab.createHeapStackFields(ProjectChoiceTab.java:993) ~[filemanager.jar:?]
	at com.st.microxplorer.plugins.projectmanager.gui.ProjectChoiceTab.buildLinkSettingsPanel(ProjectChoiceTab.java:3813) ~[filemanager.jar:?]
	at com.st.microxplorer.plugins.projectmanager.gui.ProjectChoiceTab.defineWindowsFields(ProjectChoiceTab.java:1987) ~[filemanager.jar:?]
	at com.st.microxplorer.plugins.projectmanager.gui.ProjectChoiceTab.updateSettings(ProjectChoiceTab.java:558) ~[filemanager.jar:?]
	at com.st.microxplorer.plugins.projectmanager.gui.ProjectSettingsPanel.UpdateDialog(ProjectSettingsPanel.java:247) ~[filemanager.jar:?]
	at com.st.microxplorer.plugins.projectmanager.ProjectManagerView.propertyChange(ProjectManagerView.java:392) ~[filemanager.jar:?]
	at java.beans.PropertyChangeSupport.fire(PropertyChangeSupport.java:343) ~[?:?]
	at java.beans.PropertyChangeSupport.firePropertyChange(PropertyChangeSupport.java:335) ~[?:?]
	at java.beans.PropertyChangeSupport.firePropertyChange(PropertyChangeSupport.java:268) ~[?:?]
	at com.st.microxplorer.util.MXPropertyChangeSupport.firePropertyChange(MXPropertyChangeSupport.java:54) ~[STM32CubeMX.jar:?]
	at com.st.microxplorer.mxsystem.MxSystem.closeConfig(MxSystem.java:899) ~[STM32CubeMX.jar:?]
	at com.st.microxplorer.maingui.MainPanel.closeConfig(MainPanel.java:792) ~[STM32CubeMX.jar:?]
	at com.st.microxplorer.plugins.filemanager.engine.OpenFileManager.loadConfigurationFile(OpenFileManager.java:288) ~[filemanager.jar:?]
	at com.st.microxplorer.plugins.filemanager.engine.MainFileManager.userLoadConfig(MainFileManager.java:364) ~[filemanager.jar:?]
	at com.st.microxplorer.plugins.filemanager.engine.MainFileManager.userLoadConfig(MainFileManager.java:342) ~[filemanager.jar:?]
	at com.st.microxplorer.plugins.filemanager.FileManagerView.getSpecificTask(FileManagerView.java:264) ~[filemanager.jar:?]
	at com.st.stm32cube.common.mx.editor.CubeMxEditor.getMxTabbedPaneInstance(CubeMxEditor.java:1198) ~[com.st.stm32cube.common.mx_6.15.0.202507011659/:?]
	at com.st.stm32cube.common.mx.editor.CubeMxEditor$12$1.createSwingComponent(CubeMxEditor.java:1068) ~[com.st.stm32cube.common.mx_6.15.0.202507011659/:?]
	at com.st.stm32cube.common.mx.oss.core.awtswtbridge.EmbeddedSwingComposite.doComponentCreation(EmbeddedSwingComposite.java:492) ~[com.st.stm32cube.common.mx.oss_6.15.0.202507011659/:?]
	at com.st.stm32cube.common.mx.oss.core.awtswtbridge.EmbeddedSwingComposite$4.run(EmbeddedSwingComposite.java:291) ~[com.st.stm32cube.common.mx.oss_6.15.0.202507011659/:?]
	at com.st.stm32cube.common.mx.oss.core.awtswtbridge.AwtEnvironment$2.run(AwtEnvironment.java:166) ~[com.st.stm32cube.common.mx.oss_6.15.0.202507011659/:?]
	at java.awt.event.InvocationEvent.dispatch(InvocationEvent.java:318) ~[?:?]
	at java.awt.EventQueue.dispatchEventImpl(EventQueue.java:773) ~[?:?]
	at java.awt.EventQueue$4.run(EventQueue.java:720) ~[?:?]
	at java.awt.EventQueue$4.run(EventQueue.java:714) ~[?:?]
	at java.security.AccessController.doPrivileged(AccessController.java:400) ~[?:?]
	at java.security.ProtectionDomain$JavaSecurityAccessImpl.doIntersectionPrivilege(ProtectionDomain.java:87) ~[?:?]
	at java.awt.EventQueue.dispatchEvent(EventQueue.java:742) ~[?:?]
	at java.awt.EventDispatchThread.pumpOneEventForFilters(EventDispatchThread.java:203) ~[?:?]
	at java.awt.EventDispatchThread.pumpEventsForFilter(EventDispatchThread.java:124) ~[?:?]
	at java.awt.EventDispatchThread.pumpEventsForHierarchy(EventDispatchThread.java:113) ~[?:?]
	at java.awt.EventDispatchThread.pumpEvents(EventDispatchThread.java:109) ~[?:?]
	at java.awt.EventDispatchThread.pumpEvents(EventDispatchThread.java:101) ~[?:?]
	at java.awt.EventDispatchThread.run(EventDispatchThread.java:90) ~[?:?]
2025-10-29 00:46:40,142 [WARN] ThirdParty:871 - waiting for thirdparty lock release [close project]
2025-10-29 00:46:40,142 [INFO] ThirdParty:873 - entering critical section [close project]
2025-10-29 00:46:40,142 [INFO] ThirdParty:883 - exiting critical section [close project]
2025-10-29 00:46:40,143 [INFO] PinOutPanel:1589 - setPackage(No Configuration,No Configuration)
2025-10-29 00:46:40,169 [INFO] UtilMem:75 - Begin LoadConfig() Used Memory: 311951360 Bytes (672137216)
2025-10-29 00:46:40,169 [INFO] MicroXplorer:468 - Change Database Path : 
2025-10-29 00:46:40,169 [INFO] MicroXplorer:498 - Change Database Version : DB.6.0.150
2025-10-29 00:46:40,169 [INFO] OpenFileManager:355 - Change cursor
2025-10-29 00:46:40,253 [INFO] Mcu:2029 - Initializing MCU STM32F103C(8-B)Tx STM32F103C8Tx STM32F103C8T6
2025-10-29 00:46:40,698 [INFO] Context:786 - Trying to add GPIOservice into a context  which must be forbidden
2025-10-29 00:46:41,672 [INFO] ImportTextPane:234 - (OptionalMessage_ERROR) Pin12 (VP_RIF_VS_RIF1) cannot be retrieved for this MCU
2025-10-29 00:46:41,690 [INFO] RtosManager:558 - Registered RTOS mode: class=CMSIS, group=RTOS, mode=CMSIS_V1, owner=FREERTOS
2025-10-29 00:46:41,690 [INFO] RtosManager:558 - Registered RTOS mode: class=CMSIS, group=RTOS2, mode=CMSIS_V2, owner=FREERTOS
2025-10-29 00:46:41,691 [INFO] RtosManager:558 - Registered RTOS mode: class=RTOS, group=Core, mode=CMSIS_V1, owner=FREERTOS
2025-10-29 00:46:41,691 [INFO] RtosManager:558 - Registered RTOS mode: class=RTOS, group=Core, mode=CMSIS_V2, owner=FREERTOS
2025-10-29 00:46:41,691 [WARN] ModelIntegratedComponent:184 - Missing modes for component STMicroelectronics:FreeRTOS:0.0.1:STMicroelectronics:RTOS:FreeRTOS:Core:::10.2.0:
2025-10-29 00:46:41,694 [WARN] ModelIntegratedComponent:63 - No mode defined for component null
2025-10-29 00:46:41,694 [WARN] ModelIntegratedComponent:63 - No mode defined for component null
2025-10-29 00:46:41,694 [WARN] ModelIntegratedComponent:63 - No mode defined for component null
2025-10-29 00:46:41,694 [WARN] ModelIntegratedComponent:63 - No mode defined for component null
2025-10-29 00:46:41,694 [WARN] ModelIntegratedComponent:63 - No mode defined for component null
2025-10-29 00:46:41,694 [WARN] ModelIntegratedComponent:63 - No mode defined for component null
2025-10-29 00:46:41,694 [WARN] ModelIntegratedComponent:63 - No mode defined for component null
2025-10-29 00:46:41,694 [WARN] ModelIntegratedComponent:63 - No mode defined for component null
2025-10-29 00:46:41,694 [WARN] ModelIntegratedComponent:63 - No mode defined for component null
2025-10-29 00:46:41,694 [WARN] ModelIntegratedComponent:63 - No mode defined for component null
2025-10-29 00:46:41,694 [WARN] ModelIntegratedComponent:63 - No mode defined for component null
2025-10-29 00:46:41,694 [WARN] ModelIntegratedComponent:63 - No mode defined for component null
2025-10-29 00:46:41,694 [WARN] ModelIntegratedComponent:63 - No mode defined for component null
2025-10-29 00:46:41,694 [WARN] ModelIntegratedComponent:63 - No mode defined for component null
2025-10-29 00:46:41,694 [WARN] ModelIntegratedComponent:63 - No mode defined for component null
2025-10-29 00:46:41,694 [WARN] ModelIntegratedComponent:63 - No mode defined for component null
2025-10-29 00:46:41,694 [WARN] ModelIntegratedComponent:63 - No mode defined for component null
2025-10-29 00:46:41,694 [WARN] ModelIntegratedComponent:63 - No mode defined for component null
2025-10-29 00:46:41,694 [WARN] ModelIntegratedComponent:63 - No mode defined for component null
2025-10-29 00:46:41,694 [WARN] ModelIntegratedComponent:63 - No mode defined for component null
2025-10-29 00:46:41,694 [WARN] ModelIntegratedComponent:63 - No mode defined for component null
2025-10-29 00:46:41,694 [WARN] ModelIntegratedComponent:63 - No mode defined for component null
2025-10-29 00:46:41,694 [WARN] ModelIntegratedComponent:63 - No mode defined for component null
2025-10-29 00:46:41,694 [WARN] ModelIntegratedComponent:63 - No mode defined for component null
2025-10-29 00:46:41,694 [WARN] ModelIntegratedComponent:63 - No mode defined for component null
2025-10-29 00:46:41,694 [WARN] ModelIntegratedComponent:63 - No mode defined for component null
2025-10-29 00:46:41,694 [WARN] ModelIntegratedComponent:63 - No mode defined for component null
2025-10-29 00:46:41,694 [WARN] ModelIntegratedComponent:63 - No mode defined for component null
2025-10-29 00:46:41,694 [WARN] ModelIntegratedComponent:63 - No mode defined for component null
2025-10-29 00:46:41,694 [WARN] ModelIntegratedComponent:63 - No mode defined for component null
2025-10-29 00:46:41,694 [WARN] ModelIntegratedComponent:63 - No mode defined for component null
2025-10-29 00:46:41,694 [WARN] ModelIntegratedComponent:63 - No mode defined for component null
2025-10-29 00:46:41,694 [WARN] ModelIntegratedComponent:63 - No mode defined for component null
2025-10-29 00:46:41,695 [WARN] ModelIntegratedComponent:63 - No mode defined for component null
2025-10-29 00:46:41,695 [WARN] ModelIntegratedComponent:63 - No mode defined for component null
2025-10-29 00:46:41,695 [WARN] ModelPack:524 - Component already loaded: STMicroelectronics:HAL Drivers:0.0.0:STMicroelectronics:Device:STMicro_Driver:XSPI:HAL::0.0.1:HAL_XSPI
2025-10-29 00:46:41,813 [INFO] ThirdPartyModel:298 - Start build external matchings
2025-10-29 00:46:42,004 [INFO] ThirdPartyModel:316 - End build external matchings
2025-10-29 00:46:42,032 [INFO] ImportTextPane:234 - (OptionalMessage_ERROR) IP (RCC) : Invalid parameter (FamilyName)
2025-10-29 00:46:42,032 [INFO] ImportTextPane:234 - (OptionalMessage_ERROR) IP (RCC) : Parameter (USBFreq_Value) has invalid value (16000000)
2025-10-29 00:46:42,309 [INFO] UtilMem:75 - End LoadConfig() Used Memory: 489692344 Bytes (672137216)
2025-10-29 00:46:42,369 [WARN] ThirdParty:833 - waiting for thirdparty lock release [change project]
2025-10-29 00:46:42,369 [INFO] ThirdParty:835 - entering critical section [change project]
2025-10-29 00:46:42,370 [INFO] ThirdParty:1030 - CMSIS Pack Vendor :STMicroelectronics X-CUBE-PM33A1 1.0.0
2025-10-29 00:46:42,370 [INFO] ThirdParty:1030 - CMSIS Pack Vendor :STMicroelectronics USBPD 4.1
2025-10-29 00:46:42,370 [INFO] ThirdParty:1030 - CMSIS Pack Vendor :STMicroelectronics X-CUBE-NFC9 1.0.0
2025-10-29 00:46:42,370 [INFO] ThirdParty:1030 - CMSIS Pack Vendor :STMicroelectronics USB_HOST 2.0.0
2025-10-29 00:46:42,370 [INFO] ThirdParty:1030 - CMSIS Pack Vendor :STMicroelectronics FP-SNS-MOTENVWB1 1.4.0
2025-10-29 00:46:42,370 [INFO] ThirdParty:1030 - CMSIS Pack Vendor :STMicroelectronics X-CUBE-AZRTOS-F4 1.1.0
2025-10-29 00:46:42,370 [INFO] ThirdParty:1030 - CMSIS Pack Vendor :STMicroelectronics LIBJPEG 8.0.0
2025-10-29 00:46:42,370 [INFO] ThirdParty:1030 - CMSIS Pack Vendor :STMicroelectronics FP-ATR-ASTRA1 2.0.2
2025-10-29 00:46:42,370 [INFO] ThirdParty:1030 - CMSIS Pack Vendor :STMicroelectronics X-CUBE-BLE1 7.1.0
2025-10-29 00:46:42,370 [INFO] ThirdParty:1030 - CMSIS Pack Vendor :STMicroelectronics X-CUBE-SMBUS 2.1.0
2025-10-29 00:46:42,370 [INFO] ThirdParty:1030 - CMSIS Pack Vendor :STMicroelectronics USB_DEVICE 3.0.0
2025-10-29 00:46:42,370 [INFO] ThirdParty:1030 - CMSIS Pack Vendor :STMicroelectronics X-CUBE-ISPU 2.1.0
2025-10-29 00:46:42,370 [INFO] ThirdParty:1030 - CMSIS Pack Vendor :STMicroelectronics X-CUBE-EEPRMA1 5.2.0
2025-10-29 00:46:42,370 [INFO] ThirdParty:1030 - CMSIS Pack Vendor :STMicroelectronics X-CUBE-IPS 3.2.0
2025-10-29 00:46:42,370 [INFO] ThirdParty:1030 - CMSIS Pack Vendor :STMicroelectronics X-CUBE-BLEMGR 4.1.0
2025-10-29 00:46:42,370 [INFO] ThirdParty:1030 - CMSIS Pack Vendor :STMicroelectronics X-CUBE-AZRTOS-WB 2.0.0
2025-10-29 00:46:42,370 [INFO] ThirdParty:1030 - CMSIS Pack Vendor :STMicroelectronics X-CUBE-ST60 1.0.0
2025-10-29 00:46:42,370 [INFO] ThirdParty:1030 - CMSIS Pack Vendor :STMicroelectronics X-CUBE-GNSS1 7.0.1
2025-10-29 00:46:42,370 [INFO] ThirdParty:1030 - CMSIS Pack Vendor :STMicroelectronics X-CUBE-NFC12 1.0.0
2025-10-29 00:46:42,370 [INFO] ThirdParty:1030 - CMSIS Pack Vendor :STMicroelectronics X-CUBE-AZRTOS-F7 1.1.0
2025-10-29 00:46:42,370 [INFO] ThirdParty:1030 - CMSIS Pack Vendor :STMicroelectronics X-CUBE-AZRTOS-L5 2.0.0
2025-10-29 00:46:42,370 [INFO] ThirdParty:1030 - CMSIS Pack Vendor :STMicroelectronics X-CUBE-TOUCHGFX 4.25.0
2025-10-29 00:46:42,370 [INFO] ThirdParty:1030 - CMSIS Pack Vendor :STMicroelectronics USB_DEVICE 2.0.0
2025-10-29 00:46:42,370 [INFO] ThirdParty:1030 - CMSIS Pack Vendor :STMicroelectronics X-CUBE-NFC6 3.1.0
2025-10-29 00:46:42,370 [INFO] ThirdParty:1030 - CMSIS Pack Vendor :STMicroelectronics X-CUBE-ST67W61 1.1.0
2025-10-29 00:46:42,370 [INFO] ThirdParty:1030 - CMSIS Pack Vendor :Cesanta I-CUBE-Mongoose 7.19.0
2025-10-29 00:46:42,370 [INFO] ThirdParty:1030 - CMSIS Pack Vendor :quantropi X-CUBE-qispace-sdk-base 2.1.0
2025-10-29 00:46:42,370 [INFO] ThirdParty:1030 - CMSIS Pack Vendor :STMicroelectronics FreeRTOS 0.0.1
2025-10-29 00:46:42,370 [INFO] ThirdParty:1030 - CMSIS Pack Vendor :STMicroelectronics X-CUBE-AZRTOS-G0 1.1.0
2025-10-29 00:46:42,370 [INFO] ThirdParty:1030 - CMSIS Pack Vendor :STMicroelectronics X-CUBE-SAFEA1 1.2.2
2025-10-29 00:46:42,370 [INFO] ThirdParty:1030 - CMSIS Pack Vendor :STMicroelectronics X-CUBE-NFC4 3.0.0
2025-10-29 00:46:42,370 [INFO] ThirdParty:1030 - CMSIS Pack Vendor :STMicroelectronics X-CUBE-SUBG2 5.0.0
2025-10-29 00:46:42,370 [INFO] ThirdParty:1030 - CMSIS Pack Vendor :STMicroelectronics X-CUBE-AZRTOS-H7RS 1.1.0
2025-10-29 00:46:42,370 [INFO] ThirdParty:1030 - CMSIS Pack Vendor :STMicroelectronics STM32_WPAN 1.0.0
2025-10-29 00:46:42,370 [INFO] ThirdParty:1030 - CMSIS Pack Vendor :EmbeddedOffice I-CUBE-FS-RTOS 1.0.1
2025-10-29 00:46:42,370 [INFO] ThirdParty:1030 - CMSIS Pack Vendor :STMicroelectronics lwIP 2.0.3
2025-10-29 00:46:42,370 [INFO] ThirdParty:1030 - CMSIS Pack Vendor :STMicroelectronics USB_HOST 1.0.0
2025-10-29 00:46:42,370 [INFO] ThirdParty:1030 - CMSIS Pack Vendor :Infineon AIROC-Wi-Fi-Bluetooth-STM32 1.7.1
2025-10-29 00:46:42,370 [INFO] ThirdParty:1030 - CMSIS Pack Vendor :STMicroelectronics X-CUBE-AZRTOS-G4 2.0.0
2025-10-29 00:46:42,370 [INFO] ThirdParty:1030 - CMSIS Pack Vendor :STMicroelectronics X-CUBE-WB05N 2.0.0
2025-10-29 00:46:42,370 [INFO] ThirdParty:1030 - CMSIS Pack Vendor :STMicroelectronics PDM2PCM 3.1.0
2025-10-29 00:46:42,370 [INFO] ThirdParty:1030 - CMSIS Pack Vendor :STMicroelectronics PDM2PCM 3.3.0
2025-10-29 00:46:42,370 [INFO] ThirdParty:1030 - CMSIS Pack Vendor :STMicroelectronics X-CUBE-AZRTOS-H7 3.4.0
2025-10-29 00:46:42,370 [INFO] ThirdParty:1030 - CMSIS Pack Vendor :STMicroelectronics X-CUBE-DISPLAY 3.0.0
2025-10-29 00:46:42,370 [INFO] ThirdParty:1030 - CMSIS Pack Vendor :STMicroelectronics X-CUBE-NFC7 2.0.0
2025-10-29 00:46:42,370 [INFO] ThirdParty:1030 - CMSIS Pack Vendor :STMicroelectronics X-CUBE-TCPP 4.2.0
2025-10-29 00:46:42,370 [INFO] ThirdParty:1030 - CMSIS Pack Vendor :RealThread X-CUBE-RT-Thread_Nano 4.1.1
2025-10-29 00:46:42,370 [INFO] ThirdParty:1030 - CMSIS Pack Vendor :STMicroelectronics FP-ATR-SIGFOX1 3.2.0
2025-10-29 00:46:42,370 [INFO] ThirdParty:1030 - CMSIS Pack Vendor :STMicroelectronics X-CUBE-NFC10 1.0.0
2025-10-29 00:46:42,370 [INFO] ThirdParty:1030 - CMSIS Pack Vendor :STMicroelectronics X-CUBE-FREERTOS 1.3.1
2025-10-29 00:46:42,370 [INFO] ThirdParty:1030 - CMSIS Pack Vendor :STMicroelectronics HAL Drivers 0.0.0
2025-10-29 00:46:42,370 [INFO] ThirdParty:1030 - CMSIS Pack Vendor :STMicroelectronics MBEDTLS 2.16.2
2025-10-29 00:46:42,370 [INFO] ThirdParty:1030 - CMSIS Pack Vendor :STMicroelectronics X-CUBE-ST60 1.1.0
2025-10-29 00:46:42,370 [INFO] ThirdParty:1030 - CMSIS Pack Vendor :STMicroelectronics X-CUBE-IPS 3.1.0
2025-10-29 00:46:42,370 [INFO] ThirdParty:1030 - CMSIS Pack Vendor :STMicroelectronics X-CUBE-ALS 1.0.2
2025-10-29 00:46:42,370 [INFO] ThirdParty:1030 - CMSIS Pack Vendor :emotas I-CUBE-CANOPEN 1.3.0
2025-10-29 00:46:42,370 [INFO] ThirdParty:1030 - CMSIS Pack Vendor :STMicroelectronics MBEDTLS 2.14.1
2025-10-29 00:46:42,370 [INFO] ThirdParty:1030 - CMSIS Pack Vendor :ITTIA_DB I-CUBE-ITTIADB 8.9.0
2025-10-29 00:46:42,370 [INFO] ThirdParty:1030 - CMSIS Pack Vendor :STMicroelectronics X-CUBE-TOUCHGFX 4.26.0
2025-10-29 00:46:42,370 [INFO] ThirdParty:1030 - CMSIS Pack Vendor :STMicroelectronics X-CUBE-STSE01 1.0.0
2025-10-29 00:46:42,370 [INFO] ThirdParty:1030 - CMSIS Pack Vendor :STMicroelectronics X-CUBE-ST67W61 1.0.0
2025-10-29 00:46:42,370 [INFO] ThirdParty:1030 - CMSIS Pack Vendor :STMicroelectronics FP-SNS-STBOX1 2.1.0
2025-10-29 00:46:42,370 [INFO] ThirdParty:1030 - CMSIS Pack Vendor :STMicroelectronics X-CUBE-AI 10.2.0
2025-10-29 00:46:42,370 [INFO] ThirdParty:1030 - CMSIS Pack Vendor :STMicroelectronics FP-SNS-STAIOTCFT 1.0.0
2025-10-29 00:46:42,370 [INFO] ThirdParty:1030 - CMSIS Pack Vendor :STMicroelectronics ThreadX 1.0.0
2025-10-29 00:46:42,370 [INFO] ThirdParty:1030 - CMSIS Pack Vendor :STMicroelectronics FP-SNS-SMARTAG2 1.2.0
2025-10-29 00:46:42,370 [INFO] ThirdParty:1030 - CMSIS Pack Vendor :STMicroelectronics FP-SNS-FLIGHT1 5.1.0
2025-10-29 00:46:42,370 [INFO] ThirdParty:1030 - CMSIS Pack Vendor :STMicroelectronics X-CUBE-AZRTOS-WL 2.0.0
2025-10-29 00:46:42,370 [INFO] ThirdParty:1030 - CMSIS Pack Vendor :SEGGER I-CUBE-embOS 1.3.1
2025-10-29 00:46:42,370 [INFO] ThirdParty:1030 - CMSIS Pack Vendor :STMicroelectronics X-CUBE-ALGOBUILD 1.4.0
2025-10-29 00:46:42,370 [INFO] ThirdParty:1030 - CMSIS Pack Vendor :STMicroelectronics X-CUBE-DPower 1.3.0
2025-10-29 00:46:42,370 [INFO] ThirdParty:1030 - CMSIS Pack Vendor :STMicroelectronics X-CUBE-MEMS1 11.3.0
2025-10-29 00:46:42,370 [INFO] ThirdParty:1030 - CMSIS Pack Vendor :STMicroelectronics FP-SNS-MOTENV1 5.0.0
2025-10-29 00:46:42,370 [INFO] ThirdParty:1030 - CMSIS Pack Vendor :STMicroelectronics USB_DEVICE 1.0.0
2025-10-29 00:46:42,370 [INFO] ThirdParty:1030 - CMSIS Pack Vendor :STMicroelectronics X-CUBE-AZRTOS-L4 2.0.0
2025-10-29 00:46:42,370 [INFO] ThirdParty:1030 - CMSIS Pack Vendor :STMicroelectronics ThreadX 0.0.2
2025-10-29 00:46:42,370 [INFO] ThirdParty:1030 - CMSIS Pack Vendor :WES I-CUBE-Cesium 1.3.0
2025-10-29 00:46:42,370 [INFO] ThirdParty:1030 - CMSIS Pack Vendor :STMicroelectronics lwIP 2.1.2
2025-10-29 00:46:42,370 [INFO] ThirdParty:1030 - CMSIS Pack Vendor :STMicroelectronics X-CUBE-SFXS2LP1 4.0.0
2025-10-29 00:46:42,370 [INFO] ThirdParty:1030 - CMSIS Pack Vendor :STMicroelectronics X-CUBE-BLE2 3.3.0
2025-10-29 00:46:42,370 [INFO] ThirdParty:1030 - CMSIS Pack Vendor :STMicroelectronics X-CUBE-TOF1 3.4.3
2025-10-29 00:46:42,370 [INFO] ThirdParty:1030 - CMSIS Pack Vendor :STMicroelectronics PDM2PCM 3.2.0
2025-10-29 00:46:42,370 [INFO] ThirdParty:841 - exiting critical section [change project]
2025-10-29 00:46:42,628 [INFO] PinOutPanel:1589 - setPackage(No Configuration,No Configuration)
2025-10-29 00:46:42,629 [INFO] PinOutPanel:1589 - setPackage(STM32F103C8Tx,LQFP48)
2025-10-29 00:46:43,867 [INFO] UtilMem:75 - Before build in PCC Used Memory: 347080704 Bytes (672137216)
2025-10-29 00:46:44,124 [INFO] UtilMem:75 - After build in PCC Used Memory: 389023744 Bytes (672137216)
2025-10-29 00:46:44,170 [INFO] IPUIPlugin:80 - create IPUIPlugin
2025-10-29 00:46:44,170 [INFO] IPUIPlugin:80 - create IPUIPlugin
2025-10-29 00:46:44,170 [INFO] IPUIPlugin:80 - create IPUIPlugin
2025-10-29 00:46:44,170 [INFO] IPUIPlugin:80 - create IPUIPlugin
2025-10-29 00:46:44,171 [INFO] IPUIPlugin:80 - create IPUIPlugin
2025-10-29 00:46:44,171 [INFO] IPUIPlugin:80 - create IPUIPlugin
2025-10-29 00:46:44,171 [INFO] IPUIPlugin:80 - create IPUIPlugin
2025-10-29 00:46:44,171 [INFO] IPUIPlugin:80 - create IPUIPlugin
2025-10-29 00:46:44,171 [INFO] IPUIPlugin:80 - create IPUIPlugin
2025-10-29 00:46:44,171 [INFO] IPUIPlugin:80 - create IPUIPlugin
2025-10-29 00:46:44,171 [INFO] IPUIPlugin:80 - create IPUIPlugin
2025-10-29 00:46:44,171 [INFO] IPUIPlugin:80 - create IPUIPlugin
2025-10-29 00:46:44,171 [INFO] IPUIPlugin:80 - create IPUIPlugin
2025-10-29 00:46:44,171 [INFO] IPUIPlugin:80 - create IPUIPlugin
2025-10-29 00:46:44,171 [INFO] IPUIPlugin:80 - create IPUIPlugin
2025-10-29 00:46:44,171 [INFO] IPUIPlugin:80 - create IPUIPlugin
2025-10-29 00:46:44,171 [INFO] IPUIPlugin:80 - create IPUIPlugin
2025-10-29 00:46:44,171 [INFO] IPUIPlugin:80 - create IPUIPlugin
2025-10-29 00:46:44,171 [INFO] IPUIPlugin:80 - create IPUIPlugin
2025-10-29 00:46:44,171 [INFO] IPUIPlugin:80 - create IPUIPlugin
2025-10-29 00:46:44,171 [INFO] IPUIPlugin:80 - create IPUIPlugin
2025-10-29 00:46:44,172 [INFO] IPUIPlugin:80 - create IPUIPlugin
2025-10-29 00:46:44,172 [INFO] IPUIPlugin:80 - create IPUIPlugin
2025-10-29 00:46:44,173 [INFO] IPUIPlugin:80 - create IPUIPlugin
2025-10-29 00:46:44,173 [INFO] IPUIPlugin:80 - create IPUIPlugin
2025-10-29 00:46:44,173 [INFO] IPUIPlugin:80 - create IPUIPlugin
2025-10-29 00:46:44,173 [INFO] IPUIPlugin:80 - create IPUIPlugin
2025-10-29 00:46:44,174 [WARN] IP:2250 - I2C_Coeff_DF not found: check if there is a RefParameter without a condition.
2025-10-29 00:46:44,174 [WARN] IP:2250 - Analog_Filter not found: check if there is a RefParameter without a condition.
2025-10-29 00:46:44,174 [WARN] IP:2250 - I2C_Coeff_DF not found: check if there is a RefParameter without a condition.
2025-10-29 00:46:44,174 [WARN] IP:2250 - Analog_Filter not found: check if there is a RefParameter without a condition.
2025-10-29 00:46:44,279 [INFO] CADModel:165 - CPN selected for project levelSTM32F103C8T6
2025-10-29 00:46:44,279 [INFO] CADModel:114 - Register for checkConnection events
2025-10-29 00:46:44,382 [INFO] OpenFileManager:386 - Restore cursor
2025-10-29 00:46:44,423 [WARN] IP:2250 - I2C_Coeff_DF not found: check if there is a RefParameter without a condition.
2025-10-29 00:46:44,423 [WARN] IP:2250 - Analog_Filter not found: check if there is a RefParameter without a condition.
2025-10-29 00:46:44,423 [WARN] IP:2250 - I2C_Coeff_DF not found: check if there is a RefParameter without a condition.
2025-10-29 00:46:44,423 [WARN] IP:2250 - Analog_Filter not found: check if there is a RefParameter without a condition.
2025-10-29 00:46:44,444 [WARN] IP:2250 - I2C_Coeff_DF not found: check if there is a RefParameter without a condition.
2025-10-29 00:46:44,444 [WARN] IP:2250 - Analog_Filter not found: check if there is a RefParameter without a condition.
2025-10-29 00:46:44,444 [WARN] IP:2250 - I2C_Coeff_DF not found: check if there is a RefParameter without a condition.
2025-10-29 00:46:44,444 [WARN] IP:2250 - Analog_Filter not found: check if there is a RefParameter without a condition.
2025-10-29 00:46:50,329 [WARN] IP:2250 - I2C_Coeff_DF not found: check if there is a RefParameter without a condition.
2025-10-29 00:46:50,329 [WARN] IP:2250 - Analog_Filter not found: check if there is a RefParameter without a condition.
2025-10-29 00:47:05,594 [INFO] MainUpdater:2872 - connection check result : 10
2025-10-29 00:47:05,594 [INFO] MainUpdater:2872 - connection check result : 10
2025-10-29 00:47:05,733 [INFO] MicroXplorer:468 - Change Database Path : 
2025-10-29 00:47:05,733 [INFO] MicroXplorer:498 - Change Database Version : DB.6.0.150
2025-10-29 00:47:05,786 [ERROR] ProjectManagerView:395 - 
java.lang.NullPointerException: Cannot invoke "javax.swing.JTextField.getText()" because the return value of "java.util.List.get(int)" is null
	at com.st.microxplorer.plugins.projectmanager.gui.ProjectChoiceTab$9.caretUpdate(ProjectChoiceTab.java:2706) ~[filemanager.jar:?]
	at javax.swing.text.JTextComponent.fireCaretUpdate(JTextComponent.java:408) ~[?:?]
	at javax.swing.text.JTextComponent$MutableCaretEvent.fire(JTextComponent.java:4484) ~[?:?]
	at javax.swing.text.JTextComponent$MutableCaretEvent.stateChanged(JTextComponent.java:4506) ~[?:?]
	at javax.swing.text.DefaultCaret.fireStateChanged(DefaultCaret.java:857) ~[?:?]
	at javax.swing.text.DefaultCaret.changeCaretPosition(DefaultCaret.java:1343) ~[?:?]
	at javax.swing.text.DefaultCaret.handleSetDot(DefaultCaret.java:1242) ~[?:?]
	at javax.swing.text.DefaultCaret.setDot(DefaultCaret.java:1223) ~[?:?]
	at javax.swing.text.DefaultCaret$Handler.insertUpdate(DefaultCaret.java:1819) ~[?:?]
	at javax.swing.text.AbstractDocument.fireInsertUpdate(AbstractDocument.java:227) ~[?:?]
	at javax.swing.text.AbstractDocument.handleInsertString(AbstractDocument.java:781) ~[?:?]
	at javax.swing.text.AbstractDocument.insertString(AbstractDocument.java:740) ~[?:?]
	at javax.swing.text.PlainDocument.insertString(PlainDocument.java:131) ~[?:?]
	at javax.swing.text.AbstractDocument.replace(AbstractDocument.java:699) ~[?:?]
	at javax.swing.text.JTextComponent.setText(JTextComponent.java:1725) ~[?:?]
	at com.st.microxplorer.plugins.projectmanager.gui.ProjectChoiceTab.createHeapStackFields(ProjectChoiceTab.java:993) ~[filemanager.jar:?]
	at com.st.microxplorer.plugins.projectmanager.gui.ProjectChoiceTab.buildLinkSettingsPanel(ProjectChoiceTab.java:3813) ~[filemanager.jar:?]
	at com.st.microxplorer.plugins.projectmanager.gui.ProjectChoiceTab.defineWindowsFields(ProjectChoiceTab.java:1987) ~[filemanager.jar:?]
	at com.st.microxplorer.plugins.projectmanager.gui.ProjectChoiceTab.updateSettings(ProjectChoiceTab.java:558) ~[filemanager.jar:?]
	at com.st.microxplorer.plugins.projectmanager.gui.ProjectSettingsPanel.UpdateDialog(ProjectSettingsPanel.java:247) ~[filemanager.jar:?]
	at com.st.microxplorer.plugins.projectmanager.ProjectManagerView.propertyChange(ProjectManagerView.java:392) ~[filemanager.jar:?]
	at java.beans.PropertyChangeSupport.fire(PropertyChangeSupport.java:343) ~[?:?]
	at java.beans.PropertyChangeSupport.firePropertyChange(PropertyChangeSupport.java:335) ~[?:?]
	at java.beans.PropertyChangeSupport.firePropertyChange(PropertyChangeSupport.java:268) ~[?:?]
	at com.st.microxplorer.util.MXPropertyChangeSupport.firePropertyChange(MXPropertyChangeSupport.java:54) ~[STM32CubeMX.jar:?]
	at com.st.microxplorer.mxsystem.MxSystem.closeConfig(MxSystem.java:899) ~[STM32CubeMX.jar:?]
	at com.st.microxplorer.maingui.MainPanel.closeConfig(MainPanel.java:792) ~[STM32CubeMX.jar:?]
	at com.st.microxplorer.plugins.filemanager.engine.OpenFileManager.loadConfigurationFile(OpenFileManager.java:288) ~[filemanager.jar:?]
	at com.st.microxplorer.plugins.filemanager.engine.MainFileManager.userLoadConfig(MainFileManager.java:364) ~[filemanager.jar:?]
	at com.st.microxplorer.plugins.filemanager.engine.MainFileManager.userLoadConfig(MainFileManager.java:342) ~[filemanager.jar:?]
	at com.st.microxplorer.plugins.filemanager.FileManagerView.getSpecificTask(FileManagerView.java:264) ~[filemanager.jar:?]
	at com.st.stm32cube.common.mx.editor.CubeMxEditor.getMxTabbedPaneInstance(CubeMxEditor.java:1198) ~[com.st.stm32cube.common.mx_6.15.0.202507011659/:?]
	at com.st.stm32cube.common.mx.editor.CubeMxEditor$12$1.createSwingComponent(CubeMxEditor.java:1068) ~[com.st.stm32cube.common.mx_6.15.0.202507011659/:?]
	at com.st.stm32cube.common.mx.oss.core.awtswtbridge.EmbeddedSwingComposite.doComponentCreation(EmbeddedSwingComposite.java:492) ~[com.st.stm32cube.common.mx.oss_6.15.0.202507011659/:?]
	at com.st.stm32cube.common.mx.oss.core.awtswtbridge.EmbeddedSwingComposite$4.run(EmbeddedSwingComposite.java:291) ~[com.st.stm32cube.common.mx.oss_6.15.0.202507011659/:?]
	at com.st.stm32cube.common.mx.oss.core.awtswtbridge.AwtEnvironment$2.run(AwtEnvironment.java:166) ~[com.st.stm32cube.common.mx.oss_6.15.0.202507011659/:?]
	at java.awt.event.InvocationEvent.dispatch(InvocationEvent.java:318) ~[?:?]
	at java.awt.EventQueue.dispatchEventImpl(EventQueue.java:773) ~[?:?]
	at java.awt.EventQueue$4.run(EventQueue.java:720) ~[?:?]
	at java.awt.EventQueue$4.run(EventQueue.java:714) ~[?:?]
	at java.security.AccessController.doPrivileged(AccessController.java:400) ~[?:?]
	at java.security.ProtectionDomain$JavaSecurityAccessImpl.doIntersectionPrivilege(ProtectionDomain.java:87) ~[?:?]
	at java.awt.EventQueue.dispatchEvent(EventQueue.java:742) ~[?:?]
	at java.awt.EventDispatchThread.pumpOneEventForFilters(EventDispatchThread.java:203) ~[?:?]
	at java.awt.EventDispatchThread.pumpEventsForFilter(EventDispatchThread.java:124) ~[?:?]
	at java.awt.EventDispatchThread.pumpEventsForHierarchy(EventDispatchThread.java:113) ~[?:?]
	at java.awt.EventDispatchThread.pumpEvents(EventDispatchThread.java:109) ~[?:?]
	at java.awt.EventDispatchThread.pumpEvents(EventDispatchThread.java:101) ~[?:?]
	at java.awt.EventDispatchThread.run(EventDispatchThread.java:90) ~[?:?]
2025-10-29 00:47:05,787 [WARN] ThirdParty:871 - waiting for thirdparty lock release [close project]
2025-10-29 00:47:05,788 [INFO] ThirdParty:873 - entering critical section [close project]
2025-10-29 00:47:05,788 [INFO] ThirdParty:883 - exiting critical section [close project]
2025-10-29 00:47:05,788 [INFO] PinOutPanel:1589 - setPackage(No Configuration,No Configuration)
2025-10-29 00:47:05,791 [INFO] UtilMem:75 - Begin LoadConfig() Used Memory: 576718848 Bytes (672137216)
2025-10-29 00:47:05,791 [INFO] MicroXplorer:468 - Change Database Path : 
2025-10-29 00:47:05,791 [INFO] MicroXplorer:498 - Change Database Version : DB.6.0.150
2025-10-29 00:47:05,791 [INFO] OpenFileManager:355 - Change cursor
2025-10-29 00:47:05,899 [INFO] Mcu:2029 - Initializing MCU STM32F103C(8-B)Tx STM32F103C8Tx STM32F103C8T6
2025-10-29 00:47:11,864 [INFO] Context:786 - Trying to add GPIOservice into a context  which must be forbidden
2025-10-29 00:47:12,125 [INFO] ImportTextPane:234 - (OptionalMessage_ERROR) Pin17 (VP_RIF_VS_RIF1) cannot be retrieved for this MCU
2025-10-29 00:47:12,195 [INFO] RtosManager:558 - Registered RTOS mode: class=CMSIS, group=RTOS, mode=CMSIS_V1, owner=FREERTOS
2025-10-29 00:47:12,195 [INFO] RtosManager:558 - Registered RTOS mode: class=CMSIS, group=RTOS2, mode=CMSIS_V2, owner=FREERTOS
2025-10-29 00:47:12,195 [INFO] RtosManager:558 - Registered RTOS mode: class=RTOS, group=Core, mode=CMSIS_V1, owner=FREERTOS
2025-10-29 00:47:12,195 [INFO] RtosManager:558 - Registered RTOS mode: class=RTOS, group=Core, mode=CMSIS_V2, owner=FREERTOS
2025-10-29 00:47:12,195 [WARN] ModelIntegratedComponent:184 - Missing modes for component STMicroelectronics:FreeRTOS:0.0.1:STMicroelectronics:RTOS:FreeRTOS:Core:::10.2.0:
2025-10-29 00:47:12,198 [WARN] ModelIntegratedComponent:63 - No mode defined for component null
2025-10-29 00:47:12,198 [WARN] ModelIntegratedComponent:63 - No mode defined for component null
2025-10-29 00:47:12,198 [WARN] ModelIntegratedComponent:63 - No mode defined for component null
2025-10-29 00:47:12,198 [WARN] ModelIntegratedComponent:63 - No mode defined for component null
2025-10-29 00:47:12,198 [WARN] ModelIntegratedComponent:63 - No mode defined for component null
2025-10-29 00:47:12,198 [WARN] ModelIntegratedComponent:63 - No mode defined for component null
2025-10-29 00:47:12,198 [WARN] ModelIntegratedComponent:63 - No mode defined for component null
2025-10-29 00:47:12,198 [WARN] ModelIntegratedComponent:63 - No mode defined for component null
2025-10-29 00:47:12,198 [WARN] ModelIntegratedComponent:63 - No mode defined for component null
2025-10-29 00:47:12,198 [WARN] ModelIntegratedComponent:63 - No mode defined for component null
2025-10-29 00:47:12,198 [WARN] ModelIntegratedComponent:63 - No mode defined for component null
2025-10-29 00:47:12,198 [WARN] ModelIntegratedComponent:63 - No mode defined for component null
2025-10-29 00:47:12,198 [WARN] ModelIntegratedComponent:63 - No mode defined for component null
2025-10-29 00:47:12,198 [WARN] ModelIntegratedComponent:63 - No mode defined for component null
2025-10-29 00:47:12,198 [WARN] ModelIntegratedComponent:63 - No mode defined for component null
2025-10-29 00:47:12,198 [WARN] ModelIntegratedComponent:63 - No mode defined for component null
2025-10-29 00:47:12,198 [WARN] ModelIntegratedComponent:63 - No mode defined for component null
2025-10-29 00:47:12,198 [WARN] ModelIntegratedComponent:63 - No mode defined for component null
2025-10-29 00:47:12,198 [WARN] ModelIntegratedComponent:63 - No mode defined for component null
2025-10-29 00:47:12,198 [WARN] ModelIntegratedComponent:63 - No mode defined for component null
2025-10-29 00:47:12,198 [WARN] ModelIntegratedComponent:63 - No mode defined for component null
2025-10-29 00:47:12,198 [WARN] ModelIntegratedComponent:63 - No mode defined for component null
2025-10-29 00:47:12,198 [WARN] ModelIntegratedComponent:63 - No mode defined for component null
2025-10-29 00:47:12,198 [WARN] ModelIntegratedComponent:63 - No mode defined for component null
2025-10-29 00:47:12,198 [WARN] ModelIntegratedComponent:63 - No mode defined for component null
2025-10-29 00:47:12,198 [WARN] ModelIntegratedComponent:63 - No mode defined for component null
2025-10-29 00:47:12,198 [WARN] ModelIntegratedComponent:63 - No mode defined for component null
2025-10-29 00:47:12,198 [WARN] ModelIntegratedComponent:63 - No mode defined for component null
2025-10-29 00:47:12,198 [WARN] ModelIntegratedComponent:63 - No mode defined for component null
2025-10-29 00:47:12,198 [WARN] ModelIntegratedComponent:63 - No mode defined for component null
2025-10-29 00:47:12,198 [WARN] ModelIntegratedComponent:63 - No mode defined for component null
2025-10-29 00:47:12,198 [WARN] ModelIntegratedComponent:63 - No mode defined for component null
2025-10-29 00:47:12,198 [WARN] ModelIntegratedComponent:63 - No mode defined for component null
2025-10-29 00:47:12,198 [WARN] ModelIntegratedComponent:63 - No mode defined for component null
2025-10-29 00:47:12,198 [WARN] ModelIntegratedComponent:63 - No mode defined for component null
2025-10-29 00:47:12,198 [WARN] ModelPack:524 - Component already loaded: STMicroelectronics:HAL Drivers:0.0.0:STMicroelectronics:Device:STMicro_Driver:XSPI:HAL::0.0.1:HAL_XSPI
2025-10-29 00:47:12,374 [INFO] ThirdPartyModel:298 - Start build external matchings
2025-10-29 00:47:12,560 [INFO] ThirdPartyModel:316 - End build external matchings
2025-10-29 00:47:12,574 [INFO] ImportTextPane:234 - (OptionalMessage_ERROR) IP (RCC) : Invalid parameter (FamilyName)
2025-10-29 00:47:12,575 [INFO] ImportTextPane:234 - (OptionalMessage_ERROR) IP (RCC) : Parameter (USBFreq_Value) has invalid value (16000000)
2025-10-29 00:47:12,738 [INFO] UtilMem:75 - End LoadConfig() Used Memory: 434117816 Bytes (672137216)
2025-10-29 00:47:12,771 [WARN] ThirdParty:833 - waiting for thirdparty lock release [change project]
2025-10-29 00:47:12,771 [INFO] ThirdParty:835 - entering critical section [change project]
2025-10-29 00:47:12,771 [INFO] ThirdParty:1030 - CMSIS Pack Vendor :STMicroelectronics X-CUBE-PM33A1 1.0.0
2025-10-29 00:47:12,771 [INFO] ThirdParty:1030 - CMSIS Pack Vendor :STMicroelectronics USBPD 4.1
2025-10-29 00:47:12,771 [INFO] ThirdParty:1030 - CMSIS Pack Vendor :STMicroelectronics X-CUBE-NFC9 1.0.0
2025-10-29 00:47:12,771 [INFO] ThirdParty:1030 - CMSIS Pack Vendor :STMicroelectronics USB_HOST 2.0.0
2025-10-29 00:47:12,771 [INFO] ThirdParty:1030 - CMSIS Pack Vendor :STMicroelectronics FP-SNS-MOTENVWB1 1.4.0
2025-10-29 00:47:12,771 [INFO] ThirdParty:1030 - CMSIS Pack Vendor :STMicroelectronics X-CUBE-AZRTOS-F4 1.1.0
2025-10-29 00:47:12,771 [INFO] ThirdParty:1030 - CMSIS Pack Vendor :STMicroelectronics LIBJPEG 8.0.0
2025-10-29 00:47:12,771 [INFO] ThirdParty:1030 - CMSIS Pack Vendor :STMicroelectronics FP-ATR-ASTRA1 2.0.2
2025-10-29 00:47:12,771 [INFO] ThirdParty:1030 - CMSIS Pack Vendor :STMicroelectronics X-CUBE-BLE1 7.1.0
2025-10-29 00:47:12,771 [INFO] ThirdParty:1030 - CMSIS Pack Vendor :STMicroelectronics X-CUBE-SMBUS 2.1.0
2025-10-29 00:47:12,771 [INFO] ThirdParty:1030 - CMSIS Pack Vendor :STMicroelectronics USB_DEVICE 3.0.0
2025-10-29 00:47:12,771 [INFO] ThirdParty:1030 - CMSIS Pack Vendor :STMicroelectronics X-CUBE-ISPU 2.1.0
2025-10-29 00:47:12,771 [INFO] ThirdParty:1030 - CMSIS Pack Vendor :STMicroelectronics X-CUBE-EEPRMA1 5.2.0
2025-10-29 00:47:12,771 [INFO] ThirdParty:1030 - CMSIS Pack Vendor :STMicroelectronics X-CUBE-IPS 3.2.0
2025-10-29 00:47:12,771 [INFO] ThirdParty:1030 - CMSIS Pack Vendor :STMicroelectronics X-CUBE-BLEMGR 4.1.0
2025-10-29 00:47:12,771 [INFO] ThirdParty:1030 - CMSIS Pack Vendor :STMicroelectronics X-CUBE-AZRTOS-WB 2.0.0
2025-10-29 00:47:12,771 [INFO] ThirdParty:1030 - CMSIS Pack Vendor :STMicroelectronics X-CUBE-ST60 1.0.0
2025-10-29 00:47:12,771 [INFO] ThirdParty:1030 - CMSIS Pack Vendor :STMicroelectronics X-CUBE-GNSS1 7.0.1
2025-10-29 00:47:12,771 [INFO] ThirdParty:1030 - CMSIS Pack Vendor :STMicroelectronics X-CUBE-NFC12 1.0.0
2025-10-29 00:47:12,771 [INFO] ThirdParty:1030 - CMSIS Pack Vendor :STMicroelectronics X-CUBE-AZRTOS-F7 1.1.0
2025-10-29 00:47:12,771 [INFO] ThirdParty:1030 - CMSIS Pack Vendor :STMicroelectronics X-CUBE-AZRTOS-L5 2.0.0
2025-10-29 00:47:12,771 [INFO] ThirdParty:1030 - CMSIS Pack Vendor :STMicroelectronics X-CUBE-TOUCHGFX 4.25.0
2025-10-29 00:47:12,771 [INFO] ThirdParty:1030 - CMSIS Pack Vendor :STMicroelectronics USB_DEVICE 2.0.0
2025-10-29 00:47:12,775 [INFO] ThirdParty:1030 - CMSIS Pack Vendor :STMicroelectronics X-CUBE-NFC6 3.1.0
2025-10-29 00:47:12,775 [INFO] ThirdParty:1030 - CMSIS Pack Vendor :STMicroelectronics X-CUBE-ST67W61 1.1.0
2025-10-29 00:47:12,776 [INFO] ThirdParty:1030 - CMSIS Pack Vendor :Cesanta I-CUBE-Mongoose 7.19.0
2025-10-29 00:47:12,776 [INFO] ThirdParty:1030 - CMSIS Pack Vendor :quantropi X-CUBE-qispace-sdk-base 2.1.0
2025-10-29 00:47:12,776 [INFO] ThirdParty:1030 - CMSIS Pack Vendor :STMicroelectronics FreeRTOS 0.0.1
2025-10-29 00:47:12,776 [INFO] ThirdParty:1030 - CMSIS Pack Vendor :STMicroelectronics X-CUBE-AZRTOS-G0 1.1.0
2025-10-29 00:47:12,776 [INFO] ThirdParty:1030 - CMSIS Pack Vendor :STMicroelectronics X-CUBE-SAFEA1 1.2.2
2025-10-29 00:47:12,776 [INFO] ThirdParty:1030 - CMSIS Pack Vendor :STMicroelectronics X-CUBE-NFC4 3.0.0
2025-10-29 00:47:12,776 [INFO] ThirdParty:1030 - CMSIS Pack Vendor :STMicroelectronics X-CUBE-SUBG2 5.0.0
2025-10-29 00:47:12,776 [INFO] ThirdParty:1030 - CMSIS Pack Vendor :STMicroelectronics X-CUBE-AZRTOS-H7RS 1.1.0
2025-10-29 00:47:12,776 [INFO] ThirdParty:1030 - CMSIS Pack Vendor :STMicroelectronics STM32_WPAN 1.0.0
2025-10-29 00:47:12,776 [INFO] ThirdParty:1030 - CMSIS Pack Vendor :EmbeddedOffice I-CUBE-FS-RTOS 1.0.1
2025-10-29 00:47:12,776 [INFO] ThirdParty:1030 - CMSIS Pack Vendor :STMicroelectronics lwIP 2.0.3
2025-10-29 00:47:12,776 [INFO] ThirdParty:1030 - CMSIS Pack Vendor :STMicroelectronics USB_HOST 1.0.0
2025-10-29 00:47:12,776 [INFO] ThirdParty:1030 - CMSIS Pack Vendor :Infineon AIROC-Wi-Fi-Bluetooth-STM32 1.7.1
2025-10-29 00:47:12,776 [INFO] ThirdParty:1030 - CMSIS Pack Vendor :STMicroelectronics X-CUBE-AZRTOS-G4 2.0.0
2025-10-29 00:47:12,776 [INFO] ThirdParty:1030 - CMSIS Pack Vendor :STMicroelectronics X-CUBE-WB05N 2.0.0
2025-10-29 00:47:12,776 [INFO] ThirdParty:1030 - CMSIS Pack Vendor :STMicroelectronics PDM2PCM 3.1.0
2025-10-29 00:47:12,776 [INFO] ThirdParty:1030 - CMSIS Pack Vendor :STMicroelectronics PDM2PCM 3.3.0
2025-10-29 00:47:12,776 [INFO] ThirdParty:1030 - CMSIS Pack Vendor :STMicroelectronics X-CUBE-AZRTOS-H7 3.4.0
2025-10-29 00:47:12,776 [INFO] ThirdParty:1030 - CMSIS Pack Vendor :STMicroelectronics X-CUBE-DISPLAY 3.0.0
2025-10-29 00:47:12,776 [INFO] ThirdParty:1030 - CMSIS Pack Vendor :STMicroelectronics X-CUBE-NFC7 2.0.0
2025-10-29 00:47:12,776 [INFO] ThirdParty:1030 - CMSIS Pack Vendor :STMicroelectronics X-CUBE-TCPP 4.2.0
2025-10-29 00:47:12,776 [INFO] ThirdParty:1030 - CMSIS Pack Vendor :RealThread X-CUBE-RT-Thread_Nano 4.1.1
2025-10-29 00:47:12,776 [INFO] ThirdParty:1030 - CMSIS Pack Vendor :STMicroelectronics FP-ATR-SIGFOX1 3.2.0
2025-10-29 00:47:12,776 [INFO] ThirdParty:1030 - CMSIS Pack Vendor :STMicroelectronics X-CUBE-NFC10 1.0.0
2025-10-29 00:47:12,776 [INFO] ThirdParty:1030 - CMSIS Pack Vendor :STMicroelectronics X-CUBE-FREERTOS 1.3.1
2025-10-29 00:47:12,776 [INFO] ThirdParty:1030 - CMSIS Pack Vendor :STMicroelectronics HAL Drivers 0.0.0
2025-10-29 00:47:12,776 [INFO] ThirdParty:1030 - CMSIS Pack Vendor :STMicroelectronics MBEDTLS 2.16.2
2025-10-29 00:47:12,776 [INFO] ThirdParty:1030 - CMSIS Pack Vendor :STMicroelectronics X-CUBE-ST60 1.1.0
2025-10-29 00:47:12,776 [INFO] ThirdParty:1030 - CMSIS Pack Vendor :STMicroelectronics X-CUBE-IPS 3.1.0
2025-10-29 00:47:12,776 [INFO] ThirdParty:1030 - CMSIS Pack Vendor :STMicroelectronics X-CUBE-ALS 1.0.2
2025-10-29 00:47:12,776 [INFO] ThirdParty:1030 - CMSIS Pack Vendor :emotas I-CUBE-CANOPEN 1.3.0
2025-10-29 00:47:12,776 [INFO] ThirdParty:1030 - CMSIS Pack Vendor :STMicroelectronics MBEDTLS 2.14.1
2025-10-29 00:47:12,776 [INFO] ThirdParty:1030 - CMSIS Pack Vendor :ITTIA_DB I-CUBE-ITTIADB 8.9.0
2025-10-29 00:47:12,776 [INFO] ThirdParty:1030 - CMSIS Pack Vendor :STMicroelectronics X-CUBE-TOUCHGFX 4.26.0
2025-10-29 00:47:12,776 [INFO] ThirdParty:1030 - CMSIS Pack Vendor :STMicroelectronics X-CUBE-STSE01 1.0.0
2025-10-29 00:47:12,776 [INFO] ThirdParty:1030 - CMSIS Pack Vendor :STMicroelectronics X-CUBE-ST67W61 1.0.0
2025-10-29 00:47:12,776 [INFO] ThirdParty:1030 - CMSIS Pack Vendor :STMicroelectronics FP-SNS-STBOX1 2.1.0
2025-10-29 00:47:12,776 [INFO] ThirdParty:1030 - CMSIS Pack Vendor :STMicroelectronics X-CUBE-AI 10.2.0
2025-10-29 00:47:12,776 [INFO] ThirdParty:1030 - CMSIS Pack Vendor :STMicroelectronics FP-SNS-STAIOTCFT 1.0.0
2025-10-29 00:47:12,776 [INFO] ThirdParty:1030 - CMSIS Pack Vendor :STMicroelectronics ThreadX 1.0.0
2025-10-29 00:47:12,776 [INFO] ThirdParty:1030 - CMSIS Pack Vendor :STMicroelectronics FP-SNS-SMARTAG2 1.2.0
2025-10-29 00:47:12,776 [INFO] ThirdParty:1030 - CMSIS Pack Vendor :STMicroelectronics FP-SNS-FLIGHT1 5.1.0
2025-10-29 00:47:12,776 [INFO] ThirdParty:1030 - CMSIS Pack Vendor :STMicroelectronics X-CUBE-AZRTOS-WL 2.0.0
2025-10-29 00:47:12,776 [INFO] ThirdParty:1030 - CMSIS Pack Vendor :SEGGER I-CUBE-embOS 1.3.1
2025-10-29 00:47:12,776 [INFO] ThirdParty:1030 - CMSIS Pack Vendor :STMicroelectronics X-CUBE-ALGOBUILD 1.4.0
2025-10-29 00:47:12,776 [INFO] ThirdParty:1030 - CMSIS Pack Vendor :STMicroelectronics X-CUBE-DPower 1.3.0
2025-10-29 00:47:12,776 [INFO] ThirdParty:1030 - CMSIS Pack Vendor :STMicroelectronics X-CUBE-MEMS1 11.3.0
2025-10-29 00:47:12,779 [INFO] ThirdParty:1030 - CMSIS Pack Vendor :STMicroelectronics FP-SNS-MOTENV1 5.0.0
2025-10-29 00:47:12,783 [INFO] ThirdParty:1030 - CMSIS Pack Vendor :STMicroelectronics USB_DEVICE 1.0.0
2025-10-29 00:47:12,783 [INFO] ThirdParty:1030 - CMSIS Pack Vendor :STMicroelectronics X-CUBE-AZRTOS-L4 2.0.0
2025-10-29 00:47:12,783 [INFO] ThirdParty:1030 - CMSIS Pack Vendor :STMicroelectronics ThreadX 0.0.2
2025-10-29 00:47:12,783 [INFO] ThirdParty:1030 - CMSIS Pack Vendor :WES I-CUBE-Cesium 1.3.0
2025-10-29 00:47:12,783 [INFO] ThirdParty:1030 - CMSIS Pack Vendor :STMicroelectronics lwIP 2.1.2
2025-10-29 00:47:12,783 [INFO] ThirdParty:1030 - CMSIS Pack Vendor :STMicroelectronics X-CUBE-SFXS2LP1 4.0.0
2025-10-29 00:47:12,783 [INFO] ThirdParty:1030 - CMSIS Pack Vendor :STMicroelectronics X-CUBE-BLE2 3.3.0
2025-10-29 00:47:12,783 [INFO] ThirdParty:1030 - CMSIS Pack Vendor :STMicroelectronics X-CUBE-TOF1 3.4.3
2025-10-29 00:47:12,783 [INFO] ThirdParty:1030 - CMSIS Pack Vendor :STMicroelectronics PDM2PCM 3.2.0
2025-10-29 00:47:12,783 [INFO] ThirdParty:841 - exiting critical section [change project]
2025-10-29 00:47:12,993 [INFO] PinOutPanel:1589 - setPackage(No Configuration,No Configuration)
2025-10-29 00:47:12,993 [INFO] PinOutPanel:1589 - setPackage(STM32F103C8Tx,LQFP48)
2025-10-29 00:47:19,434 [INFO] UtilMem:75 - Before build in PCC Used Memory: 340262912 Bytes (672137216)
2025-10-29 00:47:19,631 [INFO] UtilMem:75 - After build in PCC Used Memory: 382205952 Bytes (672137216)
2025-10-29 00:47:19,662 [INFO] IPUIPlugin:80 - create IPUIPlugin
2025-10-29 00:47:19,662 [INFO] IPUIPlugin:80 - create IPUIPlugin
2025-10-29 00:47:19,662 [INFO] IPUIPlugin:80 - create IPUIPlugin
2025-10-29 00:47:19,662 [INFO] IPUIPlugin:80 - create IPUIPlugin
2025-10-29 00:47:19,662 [INFO] IPUIPlugin:80 - create IPUIPlugin
2025-10-29 00:47:19,662 [INFO] IPUIPlugin:80 - create IPUIPlugin
2025-10-29 00:47:19,662 [INFO] IPUIPlugin:80 - create IPUIPlugin
2025-10-29 00:47:19,662 [INFO] IPUIPlugin:80 - create IPUIPlugin
2025-10-29 00:47:19,662 [INFO] IPUIPlugin:80 - create IPUIPlugin
2025-10-29 00:47:19,662 [INFO] IPUIPlugin:80 - create IPUIPlugin
2025-10-29 00:47:19,662 [INFO] IPUIPlugin:80 - create IPUIPlugin
2025-10-29 00:47:19,662 [INFO] IPUIPlugin:80 - create IPUIPlugin
2025-10-29 00:47:19,662 [INFO] IPUIPlugin:80 - create IPUIPlugin
2025-10-29 00:47:19,662 [INFO] IPUIPlugin:80 - create IPUIPlugin
2025-10-29 00:47:19,662 [INFO] IPUIPlugin:80 - create IPUIPlugin
2025-10-29 00:47:19,662 [INFO] IPUIPlugin:80 - create IPUIPlugin
2025-10-29 00:47:19,662 [INFO] IPUIPlugin:80 - create IPUIPlugin
2025-10-29 00:47:19,663 [INFO] IPUIPlugin:80 - create IPUIPlugin
2025-10-29 00:47:19,663 [INFO] IPUIPlugin:80 - create IPUIPlugin
2025-10-29 00:47:19,663 [INFO] IPUIPlugin:80 - create IPUIPlugin
2025-10-29 00:47:19,663 [INFO] IPUIPlugin:80 - create IPUIPlugin
2025-10-29 00:47:19,663 [INFO] IPUIPlugin:80 - create IPUIPlugin
2025-10-29 00:47:19,663 [INFO] IPUIPlugin:80 - create IPUIPlugin
2025-10-29 00:47:19,663 [INFO] IPUIPlugin:80 - create IPUIPlugin
2025-10-29 00:47:19,663 [INFO] IPUIPlugin:80 - create IPUIPlugin
2025-10-29 00:47:19,663 [INFO] IPUIPlugin:80 - create IPUIPlugin
2025-10-29 00:47:19,663 [INFO] IPUIPlugin:80 - create IPUIPlugin
2025-10-29 00:47:19,664 [WARN] IP:2250 - I2C_Coeff_DF not found: check if there is a RefParameter without a condition.
2025-10-29 00:47:19,664 [WARN] IP:2250 - Analog_Filter not found: check if there is a RefParameter without a condition.
2025-10-29 00:47:19,691 [INFO] CADModel:165 - CPN selected for project levelSTM32F103C8T6
2025-10-29 00:47:19,691 [INFO] CADModel:114 - Register for checkConnection events
2025-10-29 00:47:19,751 [INFO] OpenFileManager:386 - Restore cursor
2025-10-29 00:47:19,779 [WARN] IP:2250 - I2C_Coeff_DF not found: check if there is a RefParameter without a condition.
2025-10-29 00:47:19,779 [WARN] IP:2250 - Analog_Filter not found: check if there is a RefParameter without a condition.
2025-10-29 00:47:19,779 [WARN] IP:2250 - I2C_Coeff_DF not found: check if there is a RefParameter without a condition.
2025-10-29 00:47:19,779 [WARN] IP:2250 - Analog_Filter not found: check if there is a RefParameter without a condition.
2025-10-29 00:47:22,637 [WARN] IP:2250 - I2C_Coeff_DF not found: check if there is a RefParameter without a condition.
2025-10-29 00:47:22,637 [WARN] IP:2250 - Analog_Filter not found: check if there is a RefParameter without a condition.
2025-10-28 21:01:53,978 [INFO] MainUpdater:2872 - connection check result : 10
2025-10-28 21:01:53,979 [INFO] MainUpdater:2872 - connection check result : 10
2025-10-28 21:01:54,081 [INFO] MicroXplorer:468 - Change Database Path : 
2025-10-28 21:01:54,081 [INFO] MicroXplorer:498 - Change Database Version : DB.6.0.150
2025-10-28 21:01:54,087 [ERROR] ProjectManagerView:395 - 
java.lang.NullPointerException: Cannot invoke "javax.swing.JTextField.getText()" because the return value of "java.util.List.get(int)" is null
	at com.st.microxplorer.plugins.projectmanager.gui.ProjectChoiceTab$9.caretUpdate(ProjectChoiceTab.java:2706) ~[filemanager.jar:?]
	at javax.swing.text.JTextComponent.fireCaretUpdate(JTextComponent.java:408) ~[?:?]
	at javax.swing.text.JTextComponent$MutableCaretEvent.fire(JTextComponent.java:4484) ~[?:?]
	at javax.swing.text.JTextComponent$MutableCaretEvent.stateChanged(JTextComponent.java:4506) ~[?:?]
	at javax.swing.text.DefaultCaret.fireStateChanged(DefaultCaret.java:857) ~[?:?]
	at javax.swing.text.DefaultCaret.changeCaretPosition(DefaultCaret.java:1343) ~[?:?]
	at javax.swing.text.DefaultCaret.handleSetDot(DefaultCaret.java:1242) ~[?:?]
	at javax.swing.text.DefaultCaret.setDot(DefaultCaret.java:1223) ~[?:?]
	at javax.swing.text.DefaultCaret$Handler.insertUpdate(DefaultCaret.java:1819) ~[?:?]
	at javax.swing.text.AbstractDocument.fireInsertUpdate(AbstractDocument.java:227) ~[?:?]
	at javax.swing.text.AbstractDocument.handleInsertString(AbstractDocument.java:781) ~[?:?]
	at javax.swing.text.AbstractDocument.insertString(AbstractDocument.java:740) ~[?:?]
	at javax.swing.text.PlainDocument.insertString(PlainDocument.java:131) ~[?:?]
	at javax.swing.text.AbstractDocument.replace(AbstractDocument.java:699) ~[?:?]
	at javax.swing.text.JTextComponent.setText(JTextComponent.java:1725) ~[?:?]
	at com.st.microxplorer.plugins.projectmanager.gui.ProjectChoiceTab.createHeapStackFields(ProjectChoiceTab.java:993) ~[filemanager.jar:?]
	at com.st.microxplorer.plugins.projectmanager.gui.ProjectChoiceTab.buildLinkSettingsPanel(ProjectChoiceTab.java:3813) ~[filemanager.jar:?]
	at com.st.microxplorer.plugins.projectmanager.gui.ProjectChoiceTab.defineWindowsFields(ProjectChoiceTab.java:1987) ~[filemanager.jar:?]
	at com.st.microxplorer.plugins.projectmanager.gui.ProjectChoiceTab.updateSettings(ProjectChoiceTab.java:558) ~[filemanager.jar:?]
	at com.st.microxplorer.plugins.projectmanager.gui.ProjectSettingsPanel.UpdateDialog(ProjectSettingsPanel.java:247) ~[filemanager.jar:?]
	at com.st.microxplorer.plugins.projectmanager.ProjectManagerView.propertyChange(ProjectManagerView.java:392) ~[filemanager.jar:?]
	at java.beans.PropertyChangeSupport.fire(PropertyChangeSupport.java:343) ~[?:?]
	at java.beans.PropertyChangeSupport.firePropertyChange(PropertyChangeSupport.java:335) ~[?:?]
	at java.beans.PropertyChangeSupport.firePropertyChange(PropertyChangeSupport.java:268) ~[?:?]
	at com.st.microxplorer.util.MXPropertyChangeSupport.firePropertyChange(MXPropertyChangeSupport.java:54) ~[STM32CubeMX.jar:?]
	at com.st.microxplorer.mxsystem.MxSystem.closeConfig(MxSystem.java:899) ~[STM32CubeMX.jar:?]
	at com.st.microxplorer.maingui.MainPanel.closeConfig(MainPanel.java:792) ~[STM32CubeMX.jar:?]
	at com.st.microxplorer.plugins.filemanager.engine.OpenFileManager.loadConfigurationFile(OpenFileManager.java:288) ~[filemanager.jar:?]
	at com.st.microxplorer.plugins.filemanager.engine.MainFileManager.userLoadConfig(MainFileManager.java:364) ~[filemanager.jar:?]
	at com.st.microxplorer.plugins.filemanager.engine.MainFileManager.userLoadConfig(MainFileManager.java:342) ~[filemanager.jar:?]
	at com.st.microxplorer.plugins.filemanager.FileManagerView.getSpecificTask(FileManagerView.java:264) ~[filemanager.jar:?]
	at com.st.stm32cube.common.mx.editor.CubeMxEditor.getMxTabbedPaneInstance(CubeMxEditor.java:1198) ~[com.st.stm32cube.common.mx_6.15.0.202507011659/:?]
	at com.st.stm32cube.common.mx.editor.CubeMxEditor$12$1.createSwingComponent(CubeMxEditor.java:1068) ~[com.st.stm32cube.common.mx_6.15.0.202507011659/:?]
	at com.st.stm32cube.common.mx.oss.core.awtswtbridge.EmbeddedSwingComposite.doComponentCreation(EmbeddedSwingComposite.java:492) ~[com.st.stm32cube.common.mx.oss_6.15.0.202507011659/:?]
	at com.st.stm32cube.common.mx.oss.core.awtswtbridge.EmbeddedSwingComposite$4.run(EmbeddedSwingComposite.java:291) ~[com.st.stm32cube.common.mx.oss_6.15.0.202507011659/:?]
	at com.st.stm32cube.common.mx.oss.core.awtswtbridge.AwtEnvironment$2.run(AwtEnvironment.java:166) ~[com.st.stm32cube.common.mx.oss_6.15.0.202507011659/:?]
	at java.awt.event.InvocationEvent.dispatch(InvocationEvent.java:318) ~[?:?]
	at java.awt.EventQueue.dispatchEventImpl(EventQueue.java:773) ~[?:?]
	at java.awt.EventQueue$4.run(EventQueue.java:720) ~[?:?]
	at java.awt.EventQueue$4.run(EventQueue.java:714) ~[?:?]
	at java.security.AccessController.doPrivileged(AccessController.java:400) ~[?:?]
	at java.security.ProtectionDomain$JavaSecurityAccessImpl.doIntersectionPrivilege(ProtectionDomain.java:87) ~[?:?]
	at java.awt.EventQueue.dispatchEvent(EventQueue.java:742) ~[?:?]
	at java.awt.EventDispatchThread.pumpOneEventForFilters(EventDispatchThread.java:203) ~[?:?]
	at java.awt.EventDispatchThread.pumpEventsForFilter(EventDispatchThread.java:124) ~[?:?]
	at java.awt.EventDispatchThread.pumpEventsForHierarchy(EventDispatchThread.java:113) ~[?:?]
	at java.awt.EventDispatchThread.pumpEvents(EventDispatchThread.java:109) ~[?:?]
	at java.awt.EventDispatchThread.pumpEvents(EventDispatchThread.java:101) ~[?:?]
	at java.awt.EventDispatchThread.run(EventDispatchThread.java:90) ~[?:?]
2025-10-28 21:01:54,088 [WARN] ThirdParty:871 - waiting for thirdparty lock release [close project]
2025-10-28 21:01:54,088 [INFO] ThirdParty:873 - entering critical section [close project]
2025-10-28 21:01:54,088 [INFO] ThirdParty:883 - exiting critical section [close project]
2025-10-28 21:01:54,089 [INFO] PinOutPanel:1589 - setPackage(No Configuration,No Configuration)
2025-10-28 21:01:54,093 [INFO] UtilMem:75 - Begin LoadConfig() Used Memory: 359137280 Bytes (672137216)
2025-10-28 21:01:54,093 [INFO] MicroXplorer:468 - Change Database Path : 
2025-10-28 21:01:54,093 [INFO] MicroXplorer:498 - Change Database Version : DB.6.0.150
2025-10-28 21:01:54,093 [INFO] OpenFileManager:355 - Change cursor
2025-10-28 21:01:54,100 [INFO] Mcu:2029 - Initializing MCU STM32F103C(8-B)Tx STM32F103C8Tx STM32F103C8T6
2025-10-28 21:01:57,550 [INFO] Context:786 - Trying to add GPIOservice into a context  which must be forbidden
2025-10-28 21:01:58,893 [INFO] ImportTextPane:234 - (OptionalMessage_ERROR) Pin12 (VP_RIF_VS_RIF1) cannot be retrieved for this MCU
2025-10-28 21:01:59,024 [INFO] RtosManager:558 - Registered RTOS mode: class=CMSIS, group=RTOS, mode=CMSIS_V1, owner=FREERTOS
2025-10-28 21:01:59,024 [INFO] RtosManager:558 - Registered RTOS mode: class=CMSIS, group=RTOS2, mode=CMSIS_V2, owner=FREERTOS
2025-10-28 21:01:59,024 [INFO] RtosManager:558 - Registered RTOS mode: class=RTOS, group=Core, mode=CMSIS_V1, owner=FREERTOS
2025-10-28 21:01:59,024 [INFO] RtosManager:558 - Registered RTOS mode: class=RTOS, group=Core, mode=CMSIS_V2, owner=FREERTOS
2025-10-28 21:01:59,024 [WARN] ModelIntegratedComponent:184 - Missing modes for component STMicroelectronics:FreeRTOS:0.0.1:STMicroelectronics:RTOS:FreeRTOS:Core:::10.2.0:
2025-10-28 21:01:59,129 [WARN] ModelIntegratedComponent:63 - No mode defined for component null
2025-10-28 21:01:59,129 [WARN] ModelIntegratedComponent:63 - No mode defined for component null
2025-10-28 21:01:59,129 [WARN] ModelIntegratedComponent:63 - No mode defined for component null
2025-10-28 21:01:59,129 [WARN] ModelIntegratedComponent:63 - No mode defined for component null
2025-10-28 21:01:59,129 [WARN] ModelIntegratedComponent:63 - No mode defined for component null
2025-10-28 21:01:59,129 [WARN] ModelIntegratedComponent:63 - No mode defined for component null
2025-10-28 21:01:59,129 [WARN] ModelIntegratedComponent:63 - No mode defined for component null
2025-10-28 21:01:59,129 [WARN] ModelIntegratedComponent:63 - No mode defined for component null
2025-10-28 21:01:59,129 [WARN] ModelIntegratedComponent:63 - No mode defined for component null
2025-10-28 21:01:59,129 [WARN] ModelIntegratedComponent:63 - No mode defined for component null
2025-10-28 21:01:59,129 [WARN] ModelIntegratedComponent:63 - No mode defined for component null
2025-10-28 21:01:59,129 [WARN] ModelIntegratedComponent:63 - No mode defined for component null
2025-10-28 21:01:59,129 [WARN] ModelIntegratedComponent:63 - No mode defined for component null
2025-10-28 21:01:59,129 [WARN] ModelIntegratedComponent:63 - No mode defined for component null
2025-10-28 21:01:59,129 [WARN] ModelIntegratedComponent:63 - No mode defined for component null
2025-10-28 21:01:59,129 [WARN] ModelIntegratedComponent:63 - No mode defined for component null
2025-10-28 21:01:59,129 [WARN] ModelIntegratedComponent:63 - No mode defined for component null
2025-10-28 21:01:59,129 [WARN] ModelIntegratedComponent:63 - No mode defined for component null
2025-10-28 21:01:59,129 [WARN] ModelIntegratedComponent:63 - No mode defined for component null
2025-10-28 21:01:59,129 [WARN] ModelIntegratedComponent:63 - No mode defined for component null
2025-10-28 21:01:59,129 [WARN] ModelIntegratedComponent:63 - No mode defined for component null
2025-10-28 21:01:59,129 [WARN] ModelIntegratedComponent:63 - No mode defined for component null
2025-10-28 21:01:59,129 [WARN] ModelIntegratedComponent:63 - No mode defined for component null
2025-10-28 21:01:59,129 [WARN] ModelIntegratedComponent:63 - No mode defined for component null
2025-10-28 21:01:59,129 [WARN] ModelIntegratedComponent:63 - No mode defined for component null
2025-10-28 21:01:59,129 [WARN] ModelIntegratedComponent:63 - No mode defined for component null
2025-10-28 21:01:59,130 [WARN] ModelIntegratedComponent:63 - No mode defined for component null
2025-10-28 21:01:59,130 [WARN] ModelIntegratedComponent:63 - No mode defined for component null
2025-10-28 21:01:59,130 [WARN] ModelIntegratedComponent:63 - No mode defined for component null
2025-10-28 21:01:59,130 [WARN] ModelIntegratedComponent:63 - No mode defined for component null
2025-10-28 21:01:59,130 [WARN] ModelIntegratedComponent:63 - No mode defined for component null
2025-10-28 21:01:59,130 [WARN] ModelIntegratedComponent:63 - No mode defined for component null
2025-10-28 21:01:59,130 [WARN] ModelIntegratedComponent:63 - No mode defined for component null
2025-10-28 21:01:59,130 [WARN] ModelIntegratedComponent:63 - No mode defined for component null
2025-10-28 21:01:59,130 [WARN] ModelIntegratedComponent:63 - No mode defined for component null
2025-10-28 21:01:59,130 [WARN] ModelPack:524 - Component already loaded: STMicroelectronics:HAL Drivers:0.0.0:STMicroelectronics:Device:STMicro_Driver:XSPI:HAL::0.0.1:HAL_XSPI
2025-10-28 21:01:59,273 [INFO] ThirdPartyModel:298 - Start build external matchings
2025-10-28 21:01:59,733 [INFO] ThirdPartyModel:316 - End build external matchings
2025-10-28 21:01:59,782 [INFO] ImportTextPane:234 - (OptionalMessage_ERROR) IP (RCC) : Invalid parameter (FamilyName)
2025-10-28 21:01:59,783 [INFO] ImportTextPane:234 - (OptionalMessage_ERROR) IP (RCC) : Parameter (USBFreq_Value) has invalid value (16000000)
2025-10-28 21:02:00,245 [INFO] UtilMem:75 - End LoadConfig() Used Memory: 503316480 Bytes (672137216)
2025-10-28 21:02:00,267 [WARN] ThirdParty:833 - waiting for thirdparty lock release [change project]
2025-10-28 21:02:00,267 [INFO] ThirdParty:835 - entering critical section [change project]
2025-10-28 21:02:00,267 [INFO] ThirdParty:1030 - CMSIS Pack Vendor :STMicroelectronics X-CUBE-PM33A1 1.0.0
2025-10-28 21:02:00,267 [INFO] ThirdParty:1030 - CMSIS Pack Vendor :STMicroelectronics USBPD 4.1
2025-10-28 21:02:00,267 [INFO] ThirdParty:1030 - CMSIS Pack Vendor :STMicroelectronics X-CUBE-NFC9 1.0.0
2025-10-28 21:02:00,267 [INFO] ThirdParty:1030 - CMSIS Pack Vendor :STMicroelectronics USB_HOST 2.0.0
2025-10-28 21:02:00,267 [INFO] ThirdParty:1030 - CMSIS Pack Vendor :STMicroelectronics FP-SNS-MOTENVWB1 1.4.0
2025-10-28 21:02:00,267 [INFO] ThirdParty:1030 - CMSIS Pack Vendor :STMicroelectronics X-CUBE-AZRTOS-F4 1.1.0
2025-10-28 21:02:00,267 [INFO] ThirdParty:1030 - CMSIS Pack Vendor :STMicroelectronics LIBJPEG 8.0.0
2025-10-28 21:02:00,267 [INFO] ThirdParty:1030 - CMSIS Pack Vendor :STMicroelectronics FP-ATR-ASTRA1 2.0.2
2025-10-28 21:02:00,267 [INFO] ThirdParty:1030 - CMSIS Pack Vendor :STMicroelectronics X-CUBE-BLE1 7.1.0
2025-10-28 21:02:00,267 [INFO] ThirdParty:1030 - CMSIS Pack Vendor :STMicroelectronics X-CUBE-SMBUS 2.1.0
2025-10-28 21:02:00,267 [INFO] ThirdParty:1030 - CMSIS Pack Vendor :STMicroelectronics USB_DEVICE 3.0.0
2025-10-28 21:02:00,267 [INFO] ThirdParty:1030 - CMSIS Pack Vendor :STMicroelectronics X-CUBE-ISPU 2.1.0
2025-10-28 21:02:00,267 [INFO] ThirdParty:1030 - CMSIS Pack Vendor :STMicroelectronics X-CUBE-EEPRMA1 5.2.0
2025-10-28 21:02:00,267 [INFO] ThirdParty:1030 - CMSIS Pack Vendor :STMicroelectronics X-CUBE-IPS 3.2.0
2025-10-28 21:02:00,267 [INFO] ThirdParty:1030 - CMSIS Pack Vendor :STMicroelectronics X-CUBE-BLEMGR 4.1.0
2025-10-28 21:02:00,267 [INFO] ThirdParty:1030 - CMSIS Pack Vendor :STMicroelectronics X-CUBE-AZRTOS-WB 2.0.0
2025-10-28 21:02:00,267 [INFO] ThirdParty:1030 - CMSIS Pack Vendor :STMicroelectronics X-CUBE-ST60 1.0.0
2025-10-28 21:02:00,267 [INFO] ThirdParty:1030 - CMSIS Pack Vendor :STMicroelectronics X-CUBE-GNSS1 7.0.1
2025-10-28 21:02:00,267 [INFO] ThirdParty:1030 - CMSIS Pack Vendor :STMicroelectronics X-CUBE-NFC12 1.0.0
2025-10-28 21:02:00,267 [INFO] ThirdParty:1030 - CMSIS Pack Vendor :STMicroelectronics X-CUBE-AZRTOS-F7 1.1.0
2025-10-28 21:02:00,267 [INFO] ThirdParty:1030 - CMSIS Pack Vendor :STMicroelectronics X-CUBE-AZRTOS-L5 2.0.0
2025-10-28 21:02:00,267 [INFO] ThirdParty:1030 - CMSIS Pack Vendor :STMicroelectronics X-CUBE-TOUCHGFX 4.25.0
2025-10-28 21:02:00,267 [INFO] ThirdParty:1030 - CMSIS Pack Vendor :STMicroelectronics USB_DEVICE 2.0.0
2025-10-28 21:02:00,267 [INFO] ThirdParty:1030 - CMSIS Pack Vendor :STMicroelectronics X-CUBE-NFC6 3.1.0
2025-10-28 21:02:00,267 [INFO] ThirdParty:1030 - CMSIS Pack Vendor :STMicroelectronics X-CUBE-ST67W61 1.1.0
2025-10-28 21:02:00,267 [INFO] ThirdParty:1030 - CMSIS Pack Vendor :Cesanta I-CUBE-Mongoose 7.19.0
2025-10-28 21:02:00,267 [INFO] ThirdParty:1030 - CMSIS Pack Vendor :quantropi X-CUBE-qispace-sdk-base 2.1.0
2025-10-28 21:02:00,267 [INFO] ThirdParty:1030 - CMSIS Pack Vendor :STMicroelectronics FreeRTOS 0.0.1
2025-10-28 21:02:00,267 [INFO] ThirdParty:1030 - CMSIS Pack Vendor :STMicroelectronics X-CUBE-AZRTOS-G0 1.1.0
2025-10-28 21:02:00,267 [INFO] ThirdParty:1030 - CMSIS Pack Vendor :STMicroelectronics X-CUBE-SAFEA1 1.2.2
2025-10-28 21:02:00,267 [INFO] ThirdParty:1030 - CMSIS Pack Vendor :STMicroelectronics X-CUBE-NFC4 3.0.0
2025-10-28 21:02:00,267 [INFO] ThirdParty:1030 - CMSIS Pack Vendor :STMicroelectronics X-CUBE-SUBG2 5.0.0
2025-10-28 21:02:00,267 [INFO] ThirdParty:1030 - CMSIS Pack Vendor :STMicroelectronics X-CUBE-AZRTOS-H7RS 1.1.0
2025-10-28 21:02:00,267 [INFO] ThirdParty:1030 - CMSIS Pack Vendor :STMicroelectronics STM32_WPAN 1.0.0
2025-10-28 21:02:00,267 [INFO] ThirdParty:1030 - CMSIS Pack Vendor :EmbeddedOffice I-CUBE-FS-RTOS 1.0.1
2025-10-28 21:02:00,267 [INFO] ThirdParty:1030 - CMSIS Pack Vendor :STMicroelectronics lwIP 2.0.3
2025-10-28 21:02:00,268 [INFO] ThirdParty:1030 - CMSIS Pack Vendor :STMicroelectronics USB_HOST 1.0.0
2025-10-28 21:02:00,268 [INFO] ThirdParty:1030 - CMSIS Pack Vendor :Infineon AIROC-Wi-Fi-Bluetooth-STM32 1.7.1
2025-10-28 21:02:00,268 [INFO] ThirdParty:1030 - CMSIS Pack Vendor :STMicroelectronics X-CUBE-AZRTOS-G4 2.0.0
2025-10-28 21:02:00,268 [INFO] ThirdParty:1030 - CMSIS Pack Vendor :STMicroelectronics X-CUBE-WB05N 2.0.0
2025-10-28 21:02:00,268 [INFO] ThirdParty:1030 - CMSIS Pack Vendor :STMicroelectronics PDM2PCM 3.1.0
2025-10-28 21:02:00,268 [INFO] ThirdParty:1030 - CMSIS Pack Vendor :STMicroelectronics PDM2PCM 3.3.0
2025-10-28 21:02:00,268 [INFO] ThirdParty:1030 - CMSIS Pack Vendor :STMicroelectronics X-CUBE-AZRTOS-H7 3.4.0
2025-10-28 21:02:00,268 [INFO] ThirdParty:1030 - CMSIS Pack Vendor :STMicroelectronics X-CUBE-DISPLAY 3.0.0
2025-10-28 21:02:00,268 [INFO] ThirdParty:1030 - CMSIS Pack Vendor :STMicroelectronics X-CUBE-NFC7 2.0.0
2025-10-28 21:02:00,268 [INFO] ThirdParty:1030 - CMSIS Pack Vendor :STMicroelectronics X-CUBE-TCPP 4.2.0
2025-10-28 21:02:00,268 [INFO] ThirdParty:1030 - CMSIS Pack Vendor :RealThread X-CUBE-RT-Thread_Nano 4.1.1
2025-10-28 21:02:00,268 [INFO] ThirdParty:1030 - CMSIS Pack Vendor :STMicroelectronics FP-ATR-SIGFOX1 3.2.0
2025-10-28 21:02:00,268 [INFO] ThirdParty:1030 - CMSIS Pack Vendor :STMicroelectronics X-CUBE-NFC10 1.0.0
2025-10-28 21:02:00,268 [INFO] ThirdParty:1030 - CMSIS Pack Vendor :STMicroelectronics X-CUBE-FREERTOS 1.3.1
2025-10-28 21:02:00,268 [INFO] ThirdParty:1030 - CMSIS Pack Vendor :STMicroelectronics HAL Drivers 0.0.0
2025-10-28 21:02:00,268 [INFO] ThirdParty:1030 - CMSIS Pack Vendor :STMicroelectronics MBEDTLS 2.16.2
2025-10-28 21:02:00,268 [INFO] ThirdParty:1030 - CMSIS Pack Vendor :STMicroelectronics X-CUBE-ST60 1.1.0
2025-10-28 21:02:00,268 [INFO] ThirdParty:1030 - CMSIS Pack Vendor :STMicroelectronics X-CUBE-IPS 3.1.0
2025-10-28 21:02:00,268 [INFO] ThirdParty:1030 - CMSIS Pack Vendor :STMicroelectronics X-CUBE-ALS 1.0.2
2025-10-28 21:02:00,268 [INFO] ThirdParty:1030 - CMSIS Pack Vendor :emotas I-CUBE-CANOPEN 1.3.0
2025-10-28 21:02:00,268 [INFO] ThirdParty:1030 - CMSIS Pack Vendor :STMicroelectronics MBEDTLS 2.14.1
2025-10-28 21:02:00,268 [INFO] ThirdParty:1030 - CMSIS Pack Vendor :ITTIA_DB I-CUBE-ITTIADB 8.9.0
2025-10-28 21:02:00,268 [INFO] ThirdParty:1030 - CMSIS Pack Vendor :STMicroelectronics X-CUBE-TOUCHGFX 4.26.0
2025-10-28 21:02:00,268 [INFO] ThirdParty:1030 - CMSIS Pack Vendor :STMicroelectronics X-CUBE-STSE01 1.0.0
2025-10-28 21:02:00,268 [INFO] ThirdParty:1030 - CMSIS Pack Vendor :STMicroelectronics X-CUBE-ST67W61 1.0.0
2025-10-28 21:02:00,268 [INFO] ThirdParty:1030 - CMSIS Pack Vendor :STMicroelectronics FP-SNS-STBOX1 2.1.0
2025-10-28 21:02:00,268 [INFO] ThirdParty:1030 - CMSIS Pack Vendor :STMicroelectronics X-CUBE-AI 10.2.0
2025-10-28 21:02:00,268 [INFO] ThirdParty:1030 - CMSIS Pack Vendor :STMicroelectronics FP-SNS-STAIOTCFT 1.0.0
2025-10-28 21:02:00,268 [INFO] ThirdParty:1030 - CMSIS Pack Vendor :STMicroelectronics ThreadX 1.0.0
2025-10-28 21:02:00,268 [INFO] ThirdParty:1030 - CMSIS Pack Vendor :STMicroelectronics FP-SNS-SMARTAG2 1.2.0
2025-10-28 21:02:00,268 [INFO] ThirdParty:1030 - CMSIS Pack Vendor :STMicroelectronics FP-SNS-FLIGHT1 5.1.0
2025-10-28 21:02:00,268 [INFO] ThirdParty:1030 - CMSIS Pack Vendor :STMicroelectronics X-CUBE-AZRTOS-WL 2.0.0
2025-10-28 21:02:00,268 [INFO] ThirdParty:1030 - CMSIS Pack Vendor :SEGGER I-CUBE-embOS 1.3.1
2025-10-28 21:02:00,268 [INFO] ThirdParty:1030 - CMSIS Pack Vendor :STMicroelectronics X-CUBE-ALGOBUILD 1.4.0
2025-10-28 21:02:00,268 [INFO] ThirdParty:1030 - CMSIS Pack Vendor :STMicroelectronics X-CUBE-DPower 1.3.0
2025-10-28 21:02:00,268 [INFO] ThirdParty:1030 - CMSIS Pack Vendor :STMicroelectronics X-CUBE-MEMS1 11.3.0
2025-10-28 21:02:00,268 [INFO] ThirdParty:1030 - CMSIS Pack Vendor :STMicroelectronics FP-SNS-MOTENV1 5.0.0
2025-10-28 21:02:00,268 [INFO] ThirdParty:1030 - CMSIS Pack Vendor :STMicroelectronics USB_DEVICE 1.0.0
2025-10-28 21:02:00,268 [INFO] ThirdParty:1030 - CMSIS Pack Vendor :STMicroelectronics X-CUBE-AZRTOS-L4 2.0.0
2025-10-28 21:02:00,268 [INFO] ThirdParty:1030 - CMSIS Pack Vendor :STMicroelectronics ThreadX 0.0.2
2025-10-28 21:02:00,268 [INFO] ThirdParty:1030 - CMSIS Pack Vendor :WES I-CUBE-Cesium 1.3.0
2025-10-28 21:02:00,268 [INFO] ThirdParty:1030 - CMSIS Pack Vendor :STMicroelectronics lwIP 2.1.2
2025-10-28 21:02:00,268 [INFO] ThirdParty:1030 - CMSIS Pack Vendor :STMicroelectronics X-CUBE-SFXS2LP1 4.0.0
2025-10-28 21:02:00,268 [INFO] ThirdParty:1030 - CMSIS Pack Vendor :STMicroelectronics X-CUBE-BLE2 3.3.0
2025-10-28 21:02:00,268 [INFO] ThirdParty:1030 - CMSIS Pack Vendor :STMicroelectronics X-CUBE-TOF1 3.4.3
2025-10-28 21:02:00,268 [INFO] ThirdParty:1030 - CMSIS Pack Vendor :STMicroelectronics PDM2PCM 3.2.0
2025-10-28 21:02:00,268 [INFO] ThirdParty:841 - exiting critical section [change project]
2025-10-28 21:02:00,403 [INFO] PinOutPanel:1589 - setPackage(No Configuration,No Configuration)
2025-10-28 21:02:00,403 [INFO] PinOutPanel:1589 - setPackage(STM32F103C8Tx,LQFP48)
2025-10-28 21:02:01,412 [INFO] UtilMem:75 - Before build in PCC Used Memory: 343410688 Bytes (672137216)
2025-10-28 21:02:01,633 [INFO] UtilMem:75 - After build in PCC Used Memory: 385353728 Bytes (672137216)
2025-10-28 21:02:01,652 [INFO] IPUIPlugin:80 - create IPUIPlugin
2025-10-28 21:02:01,652 [INFO] IPUIPlugin:80 - create IPUIPlugin
2025-10-28 21:02:01,652 [INFO] IPUIPlugin:80 - create IPUIPlugin
2025-10-28 21:02:01,652 [INFO] IPUIPlugin:80 - create IPUIPlugin
2025-10-28 21:02:01,652 [INFO] IPUIPlugin:80 - create IPUIPlugin
2025-10-28 21:02:01,653 [INFO] IPUIPlugin:80 - create IPUIPlugin
2025-10-28 21:02:01,653 [INFO] IPUIPlugin:80 - create IPUIPlugin
2025-10-28 21:02:01,653 [INFO] IPUIPlugin:80 - create IPUIPlugin
2025-10-28 21:02:01,653 [INFO] IPUIPlugin:80 - create IPUIPlugin
2025-10-28 21:02:01,653 [INFO] IPUIPlugin:80 - create IPUIPlugin
2025-10-28 21:02:01,654 [INFO] IPUIPlugin:80 - create IPUIPlugin
2025-10-28 21:02:01,654 [INFO] IPUIPlugin:80 - create IPUIPlugin
2025-10-28 21:02:01,654 [INFO] IPUIPlugin:80 - create IPUIPlugin
2025-10-28 21:02:01,654 [INFO] IPUIPlugin:80 - create IPUIPlugin
2025-10-28 21:02:01,654 [INFO] IPUIPlugin:80 - create IPUIPlugin
2025-10-28 21:02:01,654 [INFO] IPUIPlugin:80 - create IPUIPlugin
2025-10-28 21:02:01,654 [INFO] IPUIPlugin:80 - create IPUIPlugin
2025-10-28 21:02:01,656 [INFO] IPUIPlugin:80 - create IPUIPlugin
2025-10-28 21:02:01,656 [INFO] IPUIPlugin:80 - create IPUIPlugin
2025-10-28 21:02:01,656 [INFO] IPUIPlugin:80 - create IPUIPlugin
2025-10-28 21:02:01,656 [INFO] IPUIPlugin:80 - create IPUIPlugin
2025-10-28 21:02:01,656 [INFO] IPUIPlugin:80 - create IPUIPlugin
2025-10-28 21:02:01,656 [INFO] IPUIPlugin:80 - create IPUIPlugin
2025-10-28 21:02:01,656 [INFO] IPUIPlugin:80 - create IPUIPlugin
2025-10-28 21:02:01,656 [INFO] IPUIPlugin:80 - create IPUIPlugin
2025-10-28 21:02:01,657 [INFO] IPUIPlugin:80 - create IPUIPlugin
2025-10-28 21:02:01,657 [INFO] IPUIPlugin:80 - create IPUIPlugin
2025-10-28 21:02:01,657 [WARN] IP:2250 - I2C_Coeff_DF not found: check if there is a RefParameter without a condition.
2025-10-28 21:02:01,657 [WARN] IP:2250 - Analog_Filter not found: check if there is a RefParameter without a condition.
2025-10-28 21:02:01,657 [WARN] IP:2250 - I2C_Coeff_DF not found: check if there is a RefParameter without a condition.
2025-10-28 21:02:01,658 [WARN] IP:2250 - Analog_Filter not found: check if there is a RefParameter without a condition.
2025-10-28 21:02:01,690 [INFO] CADModel:165 - CPN selected for project levelSTM32F103C8T6
2025-10-28 21:02:01,690 [INFO] CADModel:114 - Register for checkConnection events
2025-10-28 21:02:01,744 [INFO] OpenFileManager:386 - Restore cursor
2025-10-28 21:02:01,773 [WARN] IP:2250 - I2C_Coeff_DF not found: check if there is a RefParameter without a condition.
2025-10-28 21:02:01,773 [WARN] IP:2250 - Analog_Filter not found: check if there is a RefParameter without a condition.
2025-10-28 21:02:01,773 [WARN] IP:2250 - I2C_Coeff_DF not found: check if there is a RefParameter without a condition.
2025-10-28 21:02:01,773 [WARN] IP:2250 - Analog_Filter not found: check if there is a RefParameter without a condition.
2025-10-28 21:02:01,774 [WARN] IP:2250 - I2C_Coeff_DF not found: check if there is a RefParameter without a condition.
2025-10-28 21:02:01,774 [WARN] IP:2250 - Analog_Filter not found: check if there is a RefParameter without a condition.
2025-10-28 21:02:01,774 [WARN] IP:2250 - I2C_Coeff_DF not found: check if there is a RefParameter without a condition.
2025-10-28 21:02:01,774 [WARN] IP:2250 - Analog_Filter not found: check if there is a RefParameter without a condition.
2025-10-28 21:02:20,267 [INFO] MainUpdater:2872 - connection check result : 10
2025-10-28 21:02:20,267 [INFO] MainUpdater:2872 - connection check result : 10
2025-10-28 21:02:20,340 [INFO] MicroXplorer:468 - Change Database Path : 
2025-10-28 21:02:20,340 [INFO] MicroXplorer:498 - Change Database Version : DB.6.0.150
2025-10-28 21:02:20,347 [ERROR] ProjectManagerView:395 - 
java.lang.NullPointerException: Cannot invoke "javax.swing.JTextField.getText()" because the return value of "java.util.List.get(int)" is null
	at com.st.microxplorer.plugins.projectmanager.gui.ProjectChoiceTab$9.caretUpdate(ProjectChoiceTab.java:2706) ~[filemanager.jar:?]
	at javax.swing.text.JTextComponent.fireCaretUpdate(JTextComponent.java:408) ~[?:?]
	at javax.swing.text.JTextComponent$MutableCaretEvent.fire(JTextComponent.java:4484) ~[?:?]
	at javax.swing.text.JTextComponent$MutableCaretEvent.stateChanged(JTextComponent.java:4506) ~[?:?]
	at javax.swing.text.DefaultCaret.fireStateChanged(DefaultCaret.java:857) ~[?:?]
	at javax.swing.text.DefaultCaret.changeCaretPosition(DefaultCaret.java:1343) ~[?:?]
	at javax.swing.text.DefaultCaret.handleSetDot(DefaultCaret.java:1242) ~[?:?]
	at javax.swing.text.DefaultCaret.setDot(DefaultCaret.java:1223) ~[?:?]
	at javax.swing.text.DefaultCaret$Handler.insertUpdate(DefaultCaret.java:1819) ~[?:?]
	at javax.swing.text.AbstractDocument.fireInsertUpdate(AbstractDocument.java:227) ~[?:?]
	at javax.swing.text.AbstractDocument.handleInsertString(AbstractDocument.java:781) ~[?:?]
	at javax.swing.text.AbstractDocument.insertString(AbstractDocument.java:740) ~[?:?]
	at javax.swing.text.PlainDocument.insertString(PlainDocument.java:131) ~[?:?]
	at javax.swing.text.AbstractDocument.replace(AbstractDocument.java:699) ~[?:?]
	at javax.swing.text.JTextComponent.setText(JTextComponent.java:1725) ~[?:?]
	at com.st.microxplorer.plugins.projectmanager.gui.ProjectChoiceTab.createHeapStackFields(ProjectChoiceTab.java:993) ~[filemanager.jar:?]
	at com.st.microxplorer.plugins.projectmanager.gui.ProjectChoiceTab.buildLinkSettingsPanel(ProjectChoiceTab.java:3813) ~[filemanager.jar:?]
	at com.st.microxplorer.plugins.projectmanager.gui.ProjectChoiceTab.defineWindowsFields(ProjectChoiceTab.java:1987) ~[filemanager.jar:?]
	at com.st.microxplorer.plugins.projectmanager.gui.ProjectChoiceTab.updateSettings(ProjectChoiceTab.java:558) ~[filemanager.jar:?]
	at com.st.microxplorer.plugins.projectmanager.gui.ProjectSettingsPanel.UpdateDialog(ProjectSettingsPanel.java:247) ~[filemanager.jar:?]
	at com.st.microxplorer.plugins.projectmanager.ProjectManagerView.propertyChange(ProjectManagerView.java:392) ~[filemanager.jar:?]
	at java.beans.PropertyChangeSupport.fire(PropertyChangeSupport.java:343) ~[?:?]
	at java.beans.PropertyChangeSupport.firePropertyChange(PropertyChangeSupport.java:335) ~[?:?]
	at java.beans.PropertyChangeSupport.firePropertyChange(PropertyChangeSupport.java:268) ~[?:?]
	at com.st.microxplorer.util.MXPropertyChangeSupport.firePropertyChange(MXPropertyChangeSupport.java:54) ~[STM32CubeMX.jar:?]
	at com.st.microxplorer.mxsystem.MxSystem.closeConfig(MxSystem.java:899) ~[STM32CubeMX.jar:?]
	at com.st.microxplorer.maingui.MainPanel.closeConfig(MainPanel.java:792) ~[STM32CubeMX.jar:?]
	at com.st.microxplorer.plugins.filemanager.engine.OpenFileManager.loadConfigurationFile(OpenFileManager.java:288) ~[filemanager.jar:?]
	at com.st.microxplorer.plugins.filemanager.engine.MainFileManager.userLoadConfig(MainFileManager.java:364) ~[filemanager.jar:?]
	at com.st.microxplorer.plugins.filemanager.engine.MainFileManager.userLoadConfig(MainFileManager.java:342) ~[filemanager.jar:?]
	at com.st.microxplorer.plugins.filemanager.FileManagerView.getSpecificTask(FileManagerView.java:264) ~[filemanager.jar:?]
	at com.st.stm32cube.common.mx.editor.CubeMxEditor.getMxTabbedPaneInstance(CubeMxEditor.java:1198) ~[com.st.stm32cube.common.mx_6.15.0.202507011659/:?]
	at com.st.stm32cube.common.mx.editor.CubeMxEditor$12$1.createSwingComponent(CubeMxEditor.java:1068) ~[com.st.stm32cube.common.mx_6.15.0.202507011659/:?]
	at com.st.stm32cube.common.mx.oss.core.awtswtbridge.EmbeddedSwingComposite.doComponentCreation(EmbeddedSwingComposite.java:492) ~[com.st.stm32cube.common.mx.oss_6.15.0.202507011659/:?]
	at com.st.stm32cube.common.mx.oss.core.awtswtbridge.EmbeddedSwingComposite$4.run(EmbeddedSwingComposite.java:291) ~[com.st.stm32cube.common.mx.oss_6.15.0.202507011659/:?]
	at com.st.stm32cube.common.mx.oss.core.awtswtbridge.AwtEnvironment$2.run(AwtEnvironment.java:166) ~[com.st.stm32cube.common.mx.oss_6.15.0.202507011659/:?]
	at java.awt.event.InvocationEvent.dispatch(InvocationEvent.java:318) ~[?:?]
	at java.awt.EventQueue.dispatchEventImpl(EventQueue.java:773) ~[?:?]
	at java.awt.EventQueue$4.run(EventQueue.java:720) ~[?:?]
	at java.awt.EventQueue$4.run(EventQueue.java:714) ~[?:?]
	at java.security.AccessController.doPrivileged(AccessController.java:400) ~[?:?]
	at java.security.ProtectionDomain$JavaSecurityAccessImpl.doIntersectionPrivilege(ProtectionDomain.java:87) ~[?:?]
	at java.awt.EventQueue.dispatchEvent(EventQueue.java:742) ~[?:?]
	at java.awt.EventDispatchThread.pumpOneEventForFilters(EventDispatchThread.java:203) ~[?:?]
	at java.awt.EventDispatchThread.pumpEventsForFilter(EventDispatchThread.java:124) ~[?:?]
	at java.awt.EventDispatchThread.pumpEventsForHierarchy(EventDispatchThread.java:113) ~[?:?]
	at java.awt.EventDispatchThread.pumpEvents(EventDispatchThread.java:109) ~[?:?]
	at java.awt.EventDispatchThread.pumpEvents(EventDispatchThread.java:101) ~[?:?]
	at java.awt.EventDispatchThread.run(EventDispatchThread.java:90) ~[?:?]
2025-10-28 21:02:20,349 [WARN] ThirdParty:871 - waiting for thirdparty lock release [close project]
2025-10-28 21:02:20,349 [INFO] ThirdParty:873 - entering critical section [close project]
2025-10-28 21:02:20,349 [INFO] ThirdParty:883 - exiting critical section [close project]
2025-10-28 21:02:20,350 [INFO] PinOutPanel:1589 - setPackage(No Configuration,No Configuration)
2025-10-28 21:02:20,352 [INFO] UtilMem:75 - Begin LoadConfig() Used Memory: 431489024 Bytes (1073741824)
2025-10-28 21:02:20,353 [INFO] MicroXplorer:468 - Change Database Path : 
2025-10-28 21:02:20,353 [INFO] MicroXplorer:498 - Change Database Version : DB.6.0.150
2025-10-28 21:02:20,353 [INFO] OpenFileManager:355 - Change cursor
2025-10-28 21:02:20,358 [INFO] Mcu:2029 - Initializing MCU STM32F103C(8-B)Tx STM32F103C8Tx STM32F103C8T6
2025-10-28 21:02:21,075 [INFO] Context:786 - Trying to add GPIOservice into a context  which must be forbidden
2025-10-28 21:02:21,616 [INFO] ImportTextPane:234 - (OptionalMessage_ERROR) Pin17 (VP_RIF_VS_RIF1) cannot be retrieved for this MCU
2025-10-28 21:02:21,626 [INFO] RtosManager:558 - Registered RTOS mode: class=CMSIS, group=RTOS, mode=CMSIS_V1, owner=FREERTOS
2025-10-28 21:02:21,626 [INFO] RtosManager:558 - Registered RTOS mode: class=CMSIS, group=RTOS2, mode=CMSIS_V2, owner=FREERTOS
2025-10-28 21:02:21,626 [INFO] RtosManager:558 - Registered RTOS mode: class=RTOS, group=Core, mode=CMSIS_V1, owner=FREERTOS
2025-10-28 21:02:21,626 [INFO] RtosManager:558 - Registered RTOS mode: class=RTOS, group=Core, mode=CMSIS_V2, owner=FREERTOS
2025-10-28 21:02:21,626 [WARN] ModelIntegratedComponent:184 - Missing modes for component STMicroelectronics:FreeRTOS:0.0.1:STMicroelectronics:RTOS:FreeRTOS:Core:::10.2.0:
2025-10-28 21:02:21,630 [WARN] ModelIntegratedComponent:63 - No mode defined for component null
2025-10-28 21:02:21,630 [WARN] ModelIntegratedComponent:63 - No mode defined for component null
2025-10-28 21:02:21,630 [WARN] ModelIntegratedComponent:63 - No mode defined for component null
2025-10-28 21:02:21,630 [WARN] ModelIntegratedComponent:63 - No mode defined for component null
2025-10-28 21:02:21,630 [WARN] ModelIntegratedComponent:63 - No mode defined for component null
2025-10-28 21:02:21,630 [WARN] ModelIntegratedComponent:63 - No mode defined for component null
2025-10-28 21:02:21,630 [WARN] ModelIntegratedComponent:63 - No mode defined for component null
2025-10-28 21:02:21,630 [WARN] ModelIntegratedComponent:63 - No mode defined for component null
2025-10-28 21:02:21,630 [WARN] ModelIntegratedComponent:63 - No mode defined for component null
2025-10-28 21:02:21,630 [WARN] ModelIntegratedComponent:63 - No mode defined for component null
2025-10-28 21:02:21,630 [WARN] ModelIntegratedComponent:63 - No mode defined for component null
2025-10-28 21:02:21,630 [WARN] ModelIntegratedComponent:63 - No mode defined for component null
2025-10-28 21:02:21,630 [WARN] ModelIntegratedComponent:63 - No mode defined for component null
2025-10-28 21:02:21,630 [WARN] ModelIntegratedComponent:63 - No mode defined for component null
2025-10-28 21:02:21,630 [WARN] ModelIntegratedComponent:63 - No mode defined for component null
2025-10-28 21:02:21,630 [WARN] ModelIntegratedComponent:63 - No mode defined for component null
2025-10-28 21:02:21,630 [WARN] ModelIntegratedComponent:63 - No mode defined for component null
2025-10-28 21:02:21,630 [WARN] ModelIntegratedComponent:63 - No mode defined for component null
2025-10-28 21:02:21,630 [WARN] ModelIntegratedComponent:63 - No mode defined for component null
2025-10-28 21:02:21,630 [WARN] ModelIntegratedComponent:63 - No mode defined for component null
2025-10-28 21:02:21,630 [WARN] ModelIntegratedComponent:63 - No mode defined for component null
2025-10-28 21:02:21,630 [WARN] ModelIntegratedComponent:63 - No mode defined for component null
2025-10-28 21:02:21,630 [WARN] ModelIntegratedComponent:63 - No mode defined for component null
2025-10-28 21:02:21,630 [WARN] ModelIntegratedComponent:63 - No mode defined for component null
2025-10-28 21:02:21,630 [WARN] ModelIntegratedComponent:63 - No mode defined for component null
2025-10-28 21:02:21,630 [WARN] ModelIntegratedComponent:63 - No mode defined for component null
2025-10-28 21:02:21,630 [WARN] ModelIntegratedComponent:63 - No mode defined for component null
2025-10-28 21:02:21,630 [WARN] ModelIntegratedComponent:63 - No mode defined for component null
2025-10-28 21:02:21,630 [WARN] ModelIntegratedComponent:63 - No mode defined for component null
2025-10-28 21:02:21,630 [WARN] ModelIntegratedComponent:63 - No mode defined for component null
2025-10-28 21:02:21,630 [WARN] ModelIntegratedComponent:63 - No mode defined for component null
2025-10-28 21:02:21,630 [WARN] ModelIntegratedComponent:63 - No mode defined for component null
2025-10-28 21:02:21,630 [WARN] ModelIntegratedComponent:63 - No mode defined for component null
2025-10-28 21:02:21,630 [WARN] ModelIntegratedComponent:63 - No mode defined for component null
2025-10-28 21:02:21,630 [WARN] ModelIntegratedComponent:63 - No mode defined for component null
2025-10-28 21:02:21,631 [WARN] ModelPack:524 - Component already loaded: STMicroelectronics:HAL Drivers:0.0.0:STMicroelectronics:Device:STMicro_Driver:XSPI:HAL::0.0.1:HAL_XSPI
2025-10-28 21:02:21,864 [INFO] ThirdPartyModel:298 - Start build external matchings
2025-10-28 21:02:22,294 [INFO] ThirdPartyModel:316 - End build external matchings
2025-10-28 21:02:22,305 [INFO] ImportTextPane:234 - (OptionalMessage_ERROR) IP (RCC) : Invalid parameter (FamilyName)
2025-10-28 21:02:22,305 [INFO] ImportTextPane:234 - (OptionalMessage_ERROR) IP (RCC) : Parameter (USBFreq_Value) has invalid value (16000000)
2025-10-28 21:02:28,560 [INFO] UtilMem:75 - End LoadConfig() Used Memory: 424673280 Bytes (1073741824)
2025-10-28 21:02:28,586 [WARN] ThirdParty:833 - waiting for thirdparty lock release [change project]
2025-10-28 21:02:28,586 [INFO] ThirdParty:835 - entering critical section [change project]
2025-10-28 21:02:28,586 [INFO] ThirdParty:1030 - CMSIS Pack Vendor :STMicroelectronics X-CUBE-PM33A1 1.0.0
2025-10-28 21:02:28,586 [INFO] ThirdParty:1030 - CMSIS Pack Vendor :STMicroelectronics USBPD 4.1
2025-10-28 21:02:28,586 [INFO] ThirdParty:1030 - CMSIS Pack Vendor :STMicroelectronics X-CUBE-NFC9 1.0.0
2025-10-28 21:02:28,586 [INFO] ThirdParty:1030 - CMSIS Pack Vendor :STMicroelectronics USB_HOST 2.0.0
2025-10-28 21:02:28,586 [INFO] ThirdParty:1030 - CMSIS Pack Vendor :STMicroelectronics FP-SNS-MOTENVWB1 1.4.0
2025-10-28 21:02:28,586 [INFO] ThirdParty:1030 - CMSIS Pack Vendor :STMicroelectronics X-CUBE-AZRTOS-F4 1.1.0
2025-10-28 21:02:28,586 [INFO] ThirdParty:1030 - CMSIS Pack Vendor :STMicroelectronics LIBJPEG 8.0.0
2025-10-28 21:02:28,586 [INFO] ThirdParty:1030 - CMSIS Pack Vendor :STMicroelectronics FP-ATR-ASTRA1 2.0.2
2025-10-28 21:02:28,586 [INFO] ThirdParty:1030 - CMSIS Pack Vendor :STMicroelectronics X-CUBE-BLE1 7.1.0
2025-10-28 21:02:28,586 [INFO] ThirdParty:1030 - CMSIS Pack Vendor :STMicroelectronics X-CUBE-SMBUS 2.1.0
2025-10-28 21:02:28,586 [INFO] ThirdParty:1030 - CMSIS Pack Vendor :STMicroelectronics USB_DEVICE 3.0.0
2025-10-28 21:02:28,586 [INFO] ThirdParty:1030 - CMSIS Pack Vendor :STMicroelectronics X-CUBE-ISPU 2.1.0
2025-10-28 21:02:28,586 [INFO] ThirdParty:1030 - CMSIS Pack Vendor :STMicroelectronics X-CUBE-EEPRMA1 5.2.0
2025-10-28 21:02:28,586 [INFO] ThirdParty:1030 - CMSIS Pack Vendor :STMicroelectronics X-CUBE-IPS 3.2.0
2025-10-28 21:02:28,586 [INFO] ThirdParty:1030 - CMSIS Pack Vendor :STMicroelectronics X-CUBE-BLEMGR 4.1.0
2025-10-28 21:02:28,586 [INFO] ThirdParty:1030 - CMSIS Pack Vendor :STMicroelectronics X-CUBE-AZRTOS-WB 2.0.0
2025-10-28 21:02:28,586 [INFO] ThirdParty:1030 - CMSIS Pack Vendor :STMicroelectronics X-CUBE-ST60 1.0.0
2025-10-28 21:02:28,586 [INFO] ThirdParty:1030 - CMSIS Pack Vendor :STMicroelectronics X-CUBE-GNSS1 7.0.1
2025-10-28 21:02:28,586 [INFO] ThirdParty:1030 - CMSIS Pack Vendor :STMicroelectronics X-CUBE-NFC12 1.0.0
2025-10-28 21:02:28,586 [INFO] ThirdParty:1030 - CMSIS Pack Vendor :STMicroelectronics X-CUBE-AZRTOS-F7 1.1.0
2025-10-28 21:02:28,586 [INFO] ThirdParty:1030 - CMSIS Pack Vendor :STMicroelectronics X-CUBE-AZRTOS-L5 2.0.0
2025-10-28 21:02:28,586 [INFO] ThirdParty:1030 - CMSIS Pack Vendor :STMicroelectronics X-CUBE-TOUCHGFX 4.25.0
2025-10-28 21:02:28,586 [INFO] ThirdParty:1030 - CMSIS Pack Vendor :STMicroelectronics USB_DEVICE 2.0.0
2025-10-28 21:02:28,587 [INFO] ThirdParty:1030 - CMSIS Pack Vendor :STMicroelectronics X-CUBE-NFC6 3.1.0
2025-10-28 21:02:28,587 [INFO] ThirdParty:1030 - CMSIS Pack Vendor :STMicroelectronics X-CUBE-ST67W61 1.1.0
2025-10-28 21:02:28,588 [INFO] ThirdParty:1030 - CMSIS Pack Vendor :Cesanta I-CUBE-Mongoose 7.19.0
2025-10-28 21:02:28,588 [INFO] ThirdParty:1030 - CMSIS Pack Vendor :quantropi X-CUBE-qispace-sdk-base 2.1.0
2025-10-28 21:02:28,588 [INFO] ThirdParty:1030 - CMSIS Pack Vendor :STMicroelectronics FreeRTOS 0.0.1
2025-10-28 21:02:28,588 [INFO] ThirdParty:1030 - CMSIS Pack Vendor :STMicroelectronics X-CUBE-AZRTOS-G0 1.1.0
2025-10-28 21:02:28,588 [INFO] ThirdParty:1030 - CMSIS Pack Vendor :STMicroelectronics X-CUBE-SAFEA1 1.2.2
2025-10-28 21:02:28,588 [INFO] ThirdParty:1030 - CMSIS Pack Vendor :STMicroelectronics X-CUBE-NFC4 3.0.0
2025-10-28 21:02:28,588 [INFO] ThirdParty:1030 - CMSIS Pack Vendor :STMicroelectronics X-CUBE-SUBG2 5.0.0
2025-10-28 21:02:28,588 [INFO] ThirdParty:1030 - CMSIS Pack Vendor :STMicroelectronics X-CUBE-AZRTOS-H7RS 1.1.0
2025-10-28 21:02:28,588 [INFO] ThirdParty:1030 - CMSIS Pack Vendor :STMicroelectronics STM32_WPAN 1.0.0
2025-10-28 21:02:28,588 [INFO] ThirdParty:1030 - CMSIS Pack Vendor :EmbeddedOffice I-CUBE-FS-RTOS 1.0.1
2025-10-28 21:02:28,588 [INFO] ThirdParty:1030 - CMSIS Pack Vendor :STMicroelectronics lwIP 2.0.3
2025-10-28 21:02:28,588 [INFO] ThirdParty:1030 - CMSIS Pack Vendor :STMicroelectronics USB_HOST 1.0.0
2025-10-28 21:02:28,588 [INFO] ThirdParty:1030 - CMSIS Pack Vendor :Infineon AIROC-Wi-Fi-Bluetooth-STM32 1.7.1
2025-10-28 21:02:28,588 [INFO] ThirdParty:1030 - CMSIS Pack Vendor :STMicroelectronics X-CUBE-AZRTOS-G4 2.0.0
2025-10-28 21:02:28,588 [INFO] ThirdParty:1030 - CMSIS Pack Vendor :STMicroelectronics X-CUBE-WB05N 2.0.0
2025-10-28 21:02:28,588 [INFO] ThirdParty:1030 - CMSIS Pack Vendor :STMicroelectronics PDM2PCM 3.1.0
2025-10-28 21:02:28,588 [INFO] ThirdParty:1030 - CMSIS Pack Vendor :STMicroelectronics PDM2PCM 3.3.0
2025-10-28 21:02:28,588 [INFO] ThirdParty:1030 - CMSIS Pack Vendor :STMicroelectronics X-CUBE-AZRTOS-H7 3.4.0
2025-10-28 21:02:28,588 [INFO] ThirdParty:1030 - CMSIS Pack Vendor :STMicroelectronics X-CUBE-DISPLAY 3.0.0
2025-10-28 21:02:28,588 [INFO] ThirdParty:1030 - CMSIS Pack Vendor :STMicroelectronics X-CUBE-NFC7 2.0.0
2025-10-28 21:02:28,588 [INFO] ThirdParty:1030 - CMSIS Pack Vendor :STMicroelectronics X-CUBE-TCPP 4.2.0
2025-10-28 21:02:28,588 [INFO] ThirdParty:1030 - CMSIS Pack Vendor :RealThread X-CUBE-RT-Thread_Nano 4.1.1
2025-10-28 21:02:28,588 [INFO] ThirdParty:1030 - CMSIS Pack Vendor :STMicroelectronics FP-ATR-SIGFOX1 3.2.0
2025-10-28 21:02:28,588 [INFO] ThirdParty:1030 - CMSIS Pack Vendor :STMicroelectronics X-CUBE-NFC10 1.0.0
2025-10-28 21:02:28,588 [INFO] ThirdParty:1030 - CMSIS Pack Vendor :STMicroelectronics X-CUBE-FREERTOS 1.3.1
2025-10-28 21:02:28,588 [INFO] ThirdParty:1030 - CMSIS Pack Vendor :STMicroelectronics HAL Drivers 0.0.0
2025-10-28 21:02:28,588 [INFO] ThirdParty:1030 - CMSIS Pack Vendor :STMicroelectronics MBEDTLS 2.16.2
2025-10-28 21:02:28,588 [INFO] ThirdParty:1030 - CMSIS Pack Vendor :STMicroelectronics X-CUBE-ST60 1.1.0
2025-10-28 21:02:28,588 [INFO] ThirdParty:1030 - CMSIS Pack Vendor :STMicroelectronics X-CUBE-IPS 3.1.0
2025-10-28 21:02:28,588 [INFO] ThirdParty:1030 - CMSIS Pack Vendor :STMicroelectronics X-CUBE-ALS 1.0.2
2025-10-28 21:02:28,588 [INFO] ThirdParty:1030 - CMSIS Pack Vendor :emotas I-CUBE-CANOPEN 1.3.0
2025-10-28 21:02:28,588 [INFO] ThirdParty:1030 - CMSIS Pack Vendor :STMicroelectronics MBEDTLS 2.14.1
2025-10-28 21:02:28,588 [INFO] ThirdParty:1030 - CMSIS Pack Vendor :ITTIA_DB I-CUBE-ITTIADB 8.9.0
2025-10-28 21:02:28,588 [INFO] ThirdParty:1030 - CMSIS Pack Vendor :STMicroelectronics X-CUBE-TOUCHGFX 4.26.0
2025-10-28 21:02:28,588 [INFO] ThirdParty:1030 - CMSIS Pack Vendor :STMicroelectronics X-CUBE-STSE01 1.0.0
2025-10-28 21:02:28,588 [INFO] ThirdParty:1030 - CMSIS Pack Vendor :STMicroelectronics X-CUBE-ST67W61 1.0.0
2025-10-28 21:02:28,588 [INFO] ThirdParty:1030 - CMSIS Pack Vendor :STMicroelectronics FP-SNS-STBOX1 2.1.0
2025-10-28 21:02:28,588 [INFO] ThirdParty:1030 - CMSIS Pack Vendor :STMicroelectronics X-CUBE-AI 10.2.0
2025-10-28 21:02:28,588 [INFO] ThirdParty:1030 - CMSIS Pack Vendor :STMicroelectronics FP-SNS-STAIOTCFT 1.0.0
2025-10-28 21:02:28,588 [INFO] ThirdParty:1030 - CMSIS Pack Vendor :STMicroelectronics ThreadX 1.0.0
2025-10-28 21:02:28,588 [INFO] ThirdParty:1030 - CMSIS Pack Vendor :STMicroelectronics FP-SNS-SMARTAG2 1.2.0
2025-10-28 21:02:28,588 [INFO] ThirdParty:1030 - CMSIS Pack Vendor :STMicroelectronics FP-SNS-FLIGHT1 5.1.0
2025-10-28 21:02:28,588 [INFO] ThirdParty:1030 - CMSIS Pack Vendor :STMicroelectronics X-CUBE-AZRTOS-WL 2.0.0
2025-10-28 21:02:28,588 [INFO] ThirdParty:1030 - CMSIS Pack Vendor :SEGGER I-CUBE-embOS 1.3.1
2025-10-28 21:02:28,588 [INFO] ThirdParty:1030 - CMSIS Pack Vendor :STMicroelectronics X-CUBE-ALGOBUILD 1.4.0
2025-10-28 21:02:28,588 [INFO] ThirdParty:1030 - CMSIS Pack Vendor :STMicroelectronics X-CUBE-DPower 1.3.0
2025-10-28 21:02:28,588 [INFO] ThirdParty:1030 - CMSIS Pack Vendor :STMicroelectronics X-CUBE-MEMS1 11.3.0
2025-10-28 21:02:28,588 [INFO] ThirdParty:1030 - CMSIS Pack Vendor :STMicroelectronics FP-SNS-MOTENV1 5.0.0
2025-10-28 21:02:28,588 [INFO] ThirdParty:1030 - CMSIS Pack Vendor :STMicroelectronics USB_DEVICE 1.0.0
2025-10-28 21:02:28,588 [INFO] ThirdParty:1030 - CMSIS Pack Vendor :STMicroelectronics X-CUBE-AZRTOS-L4 2.0.0
2025-10-28 21:02:28,588 [INFO] ThirdParty:1030 - CMSIS Pack Vendor :STMicroelectronics ThreadX 0.0.2
2025-10-28 21:02:28,588 [INFO] ThirdParty:1030 - CMSIS Pack Vendor :WES I-CUBE-Cesium 1.3.0
2025-10-28 21:02:28,588 [INFO] ThirdParty:1030 - CMSIS Pack Vendor :STMicroelectronics lwIP 2.1.2
2025-10-28 21:02:28,588 [INFO] ThirdParty:1030 - CMSIS Pack Vendor :STMicroelectronics X-CUBE-SFXS2LP1 4.0.0
2025-10-28 21:02:28,588 [INFO] ThirdParty:1030 - CMSIS Pack Vendor :STMicroelectronics X-CUBE-BLE2 3.3.0
2025-10-28 21:02:28,588 [INFO] ThirdParty:1030 - CMSIS Pack Vendor :STMicroelectronics X-CUBE-TOF1 3.4.3
2025-10-28 21:02:28,588 [INFO] ThirdParty:1030 - CMSIS Pack Vendor :STMicroelectronics PDM2PCM 3.2.0
2025-10-28 21:02:28,588 [INFO] ThirdParty:841 - exiting critical section [change project]
2025-10-28 21:02:28,665 [INFO] PinOutPanel:1589 - setPackage(No Configuration,No Configuration)
2025-10-28 21:02:28,665 [INFO] PinOutPanel:1589 - setPackage(STM32F103C8Tx,LQFP48)
2025-10-28 21:02:28,790 [INFO] UtilMem:75 - Before build in PCC Used Memory: 540016640 Bytes (1073741824)
2025-10-28 21:02:29,009 [INFO] UtilMem:75 - After build in PCC Used Memory: 582492176 Bytes (1073741824)
2025-10-28 21:02:29,025 [INFO] IPUIPlugin:80 - create IPUIPlugin
2025-10-28 21:02:29,025 [INFO] IPUIPlugin:80 - create IPUIPlugin
2025-10-28 21:02:29,025 [INFO] IPUIPlugin:80 - create IPUIPlugin
2025-10-28 21:02:29,025 [INFO] IPUIPlugin:80 - create IPUIPlugin
2025-10-28 21:02:29,025 [INFO] IPUIPlugin:80 - create IPUIPlugin
2025-10-28 21:02:29,025 [INFO] IPUIPlugin:80 - create IPUIPlugin
2025-10-28 21:02:29,025 [INFO] IPUIPlugin:80 - create IPUIPlugin
2025-10-28 21:02:29,025 [INFO] IPUIPlugin:80 - create IPUIPlugin
2025-10-28 21:02:29,026 [INFO] IPUIPlugin:80 - create IPUIPlugin
2025-10-28 21:02:29,026 [INFO] IPUIPlugin:80 - create IPUIPlugin
2025-10-28 21:02:29,026 [INFO] IPUIPlugin:80 - create IPUIPlugin
2025-10-28 21:02:29,026 [INFO] IPUIPlugin:80 - create IPUIPlugin
2025-10-28 21:02:29,026 [INFO] IPUIPlugin:80 - create IPUIPlugin
2025-10-28 21:02:29,026 [INFO] IPUIPlugin:80 - create IPUIPlugin
2025-10-28 21:02:29,029 [INFO] IPUIPlugin:80 - create IPUIPlugin
2025-10-28 21:02:29,029 [INFO] IPUIPlugin:80 - create IPUIPlugin
2025-10-28 21:02:29,029 [INFO] IPUIPlugin:80 - create IPUIPlugin
2025-10-28 21:02:29,029 [INFO] IPUIPlugin:80 - create IPUIPlugin
2025-10-28 21:02:29,029 [INFO] IPUIPlugin:80 - create IPUIPlugin
2025-10-28 21:02:29,029 [INFO] IPUIPlugin:80 - create IPUIPlugin
2025-10-28 21:02:29,029 [INFO] IPUIPlugin:80 - create IPUIPlugin
2025-10-28 21:02:29,029 [INFO] IPUIPlugin:80 - create IPUIPlugin
2025-10-28 21:02:29,029 [INFO] IPUIPlugin:80 - create IPUIPlugin
2025-10-28 21:02:29,029 [INFO] IPUIPlugin:80 - create IPUIPlugin
2025-10-28 21:02:29,029 [INFO] IPUIPlugin:80 - create IPUIPlugin
2025-10-28 21:02:29,029 [INFO] IPUIPlugin:80 - create IPUIPlugin
2025-10-28 21:02:29,031 [INFO] IPUIPlugin:80 - create IPUIPlugin
2025-10-28 21:02:29,031 [WARN] IP:2250 - I2C_Coeff_DF not found: check if there is a RefParameter without a condition.
2025-10-28 21:02:29,031 [WARN] IP:2250 - Analog_Filter not found: check if there is a RefParameter without a condition.
2025-10-28 21:02:29,102 [INFO] CADModel:165 - CPN selected for project levelSTM32F103C8T6
2025-10-28 21:02:29,102 [INFO] CADModel:114 - Register for checkConnection events
2025-10-28 21:02:29,168 [INFO] OpenFileManager:386 - Restore cursor
2025-10-28 21:02:29,218 [WARN] IP:2250 - I2C_Coeff_DF not found: check if there is a RefParameter without a condition.
2025-10-28 21:02:29,218 [WARN] IP:2250 - Analog_Filter not found: check if there is a RefParameter without a condition.
2025-10-28 21:02:29,218 [WARN] IP:2250 - I2C_Coeff_DF not found: check if there is a RefParameter without a condition.
2025-10-28 21:02:29,218 [WARN] IP:2250 - Analog_Filter not found: check if there is a RefParameter without a condition.
2025-10-28 21:02:38,841 [INFO] DmaTabbedPanel:205 - Cannot restore the selected Tab for DMA
2025-10-28 21:02:40,012 [INFO] Gpio:278 - dependency for GPIO [I2C1, RCC, SYS, TIM2]
2025-10-28 21:02:51,072 [INFO] MainUpdater:2872 - connection check result : 10
2025-10-28 21:02:51,072 [INFO] MainUpdater:2872 - connection check result : 10
2025-10-28 21:02:51,138 [INFO] MicroXplorer:468 - Change Database Path : 
2025-10-28 21:02:51,138 [INFO] MicroXplorer:498 - Change Database Version : DB.6.0.150
2025-10-28 21:02:51,143 [ERROR] ProjectManagerView:395 - 
java.lang.NullPointerException: Cannot invoke "javax.swing.JTextField.getText()" because the return value of "java.util.List.get(int)" is null
	at com.st.microxplorer.plugins.projectmanager.gui.ProjectChoiceTab$9.caretUpdate(ProjectChoiceTab.java:2706) ~[filemanager.jar:?]
	at javax.swing.text.JTextComponent.fireCaretUpdate(JTextComponent.java:408) ~[?:?]
	at javax.swing.text.JTextComponent$MutableCaretEvent.fire(JTextComponent.java:4484) ~[?:?]
	at javax.swing.text.JTextComponent$MutableCaretEvent.stateChanged(JTextComponent.java:4506) ~[?:?]
	at javax.swing.text.DefaultCaret.fireStateChanged(DefaultCaret.java:857) ~[?:?]
	at javax.swing.text.DefaultCaret.changeCaretPosition(DefaultCaret.java:1343) ~[?:?]
	at javax.swing.text.DefaultCaret.handleSetDot(DefaultCaret.java:1242) ~[?:?]
	at javax.swing.text.DefaultCaret.setDot(DefaultCaret.java:1223) ~[?:?]
	at javax.swing.text.DefaultCaret$Handler.insertUpdate(DefaultCaret.java:1819) ~[?:?]
	at javax.swing.text.AbstractDocument.fireInsertUpdate(AbstractDocument.java:227) ~[?:?]
	at javax.swing.text.AbstractDocument.handleInsertString(AbstractDocument.java:781) ~[?:?]
	at javax.swing.text.AbstractDocument.insertString(AbstractDocument.java:740) ~[?:?]
	at javax.swing.text.PlainDocument.insertString(PlainDocument.java:131) ~[?:?]
	at javax.swing.text.AbstractDocument.replace(AbstractDocument.java:699) ~[?:?]
	at javax.swing.text.JTextComponent.setText(JTextComponent.java:1725) ~[?:?]
	at com.st.microxplorer.plugins.projectmanager.gui.ProjectChoiceTab.createHeapStackFields(ProjectChoiceTab.java:993) ~[filemanager.jar:?]
	at com.st.microxplorer.plugins.projectmanager.gui.ProjectChoiceTab.buildLinkSettingsPanel(ProjectChoiceTab.java:3813) ~[filemanager.jar:?]
	at com.st.microxplorer.plugins.projectmanager.gui.ProjectChoiceTab.defineWindowsFields(ProjectChoiceTab.java:1987) ~[filemanager.jar:?]
	at com.st.microxplorer.plugins.projectmanager.gui.ProjectChoiceTab.updateSettings(ProjectChoiceTab.java:558) ~[filemanager.jar:?]
	at com.st.microxplorer.plugins.projectmanager.gui.ProjectSettingsPanel.UpdateDialog(ProjectSettingsPanel.java:247) ~[filemanager.jar:?]
	at com.st.microxplorer.plugins.projectmanager.ProjectManagerView.propertyChange(ProjectManagerView.java:392) ~[filemanager.jar:?]
	at java.beans.PropertyChangeSupport.fire(PropertyChangeSupport.java:343) ~[?:?]
	at java.beans.PropertyChangeSupport.firePropertyChange(PropertyChangeSupport.java:335) ~[?:?]
	at java.beans.PropertyChangeSupport.firePropertyChange(PropertyChangeSupport.java:268) ~[?:?]
	at com.st.microxplorer.util.MXPropertyChangeSupport.firePropertyChange(MXPropertyChangeSupport.java:54) ~[STM32CubeMX.jar:?]
	at com.st.microxplorer.mxsystem.MxSystem.closeConfig(MxSystem.java:899) ~[STM32CubeMX.jar:?]
	at com.st.microxplorer.maingui.MainPanel.closeConfig(MainPanel.java:792) ~[STM32CubeMX.jar:?]
	at com.st.microxplorer.plugins.filemanager.engine.OpenFileManager.loadConfigurationFile(OpenFileManager.java:288) ~[filemanager.jar:?]
	at com.st.microxplorer.plugins.filemanager.engine.MainFileManager.userLoadConfig(MainFileManager.java:364) ~[filemanager.jar:?]
	at com.st.microxplorer.plugins.filemanager.engine.MainFileManager.userLoadConfig(MainFileManager.java:342) ~[filemanager.jar:?]
	at com.st.microxplorer.plugins.filemanager.FileManagerView.getSpecificTask(FileManagerView.java:264) ~[filemanager.jar:?]
	at com.st.stm32cube.common.mx.editor.CubeMxEditor.getMxTabbedPaneInstance(CubeMxEditor.java:1198) ~[com.st.stm32cube.common.mx_6.15.0.202507011659/:?]
	at com.st.stm32cube.common.mx.editor.CubeMxEditor$12$1.createSwingComponent(CubeMxEditor.java:1068) ~[com.st.stm32cube.common.mx_6.15.0.202507011659/:?]
	at com.st.stm32cube.common.mx.oss.core.awtswtbridge.EmbeddedSwingComposite.doComponentCreation(EmbeddedSwingComposite.java:492) ~[com.st.stm32cube.common.mx.oss_6.15.0.202507011659/:?]
	at com.st.stm32cube.common.mx.oss.core.awtswtbridge.EmbeddedSwingComposite$4.run(EmbeddedSwingComposite.java:291) ~[com.st.stm32cube.common.mx.oss_6.15.0.202507011659/:?]
	at com.st.stm32cube.common.mx.oss.core.awtswtbridge.AwtEnvironment$2.run(AwtEnvironment.java:166) ~[com.st.stm32cube.common.mx.oss_6.15.0.202507011659/:?]
	at java.awt.event.InvocationEvent.dispatch(InvocationEvent.java:318) ~[?:?]
	at java.awt.EventQueue.dispatchEventImpl(EventQueue.java:773) ~[?:?]
	at java.awt.EventQueue$4.run(EventQueue.java:720) ~[?:?]
	at java.awt.EventQueue$4.run(EventQueue.java:714) ~[?:?]
	at java.security.AccessController.doPrivileged(AccessController.java:400) ~[?:?]
	at java.security.ProtectionDomain$JavaSecurityAccessImpl.doIntersectionPrivilege(ProtectionDomain.java:87) ~[?:?]
	at java.awt.EventQueue.dispatchEvent(EventQueue.java:742) ~[?:?]
	at java.awt.EventDispatchThread.pumpOneEventForFilters(EventDispatchThread.java:203) ~[?:?]
	at java.awt.EventDispatchThread.pumpEventsForFilter(EventDispatchThread.java:124) ~[?:?]
	at java.awt.EventDispatchThread.pumpEventsForHierarchy(EventDispatchThread.java:113) ~[?:?]
	at java.awt.EventDispatchThread.pumpEvents(EventDispatchThread.java:109) ~[?:?]
	at java.awt.EventDispatchThread.pumpEvents(EventDispatchThread.java:101) ~[?:?]
	at java.awt.EventDispatchThread.run(EventDispatchThread.java:90) ~[?:?]
2025-10-28 21:02:51,146 [WARN] ThirdParty:871 - waiting for thirdparty lock release [close project]
2025-10-28 21:02:51,146 [INFO] ThirdParty:873 - entering critical section [close project]
2025-10-28 21:02:51,146 [INFO] ThirdParty:883 - exiting critical section [close project]
2025-10-28 21:02:51,146 [INFO] PinOutPanel:1589 - setPackage(No Configuration,No Configuration)
2025-10-28 21:02:51,148 [INFO] UtilMem:75 - Begin LoadConfig() Used Memory: 825753600 Bytes (1073741824)
2025-10-28 21:02:51,148 [INFO] MicroXplorer:468 - Change Database Path : 
2025-10-28 21:02:51,148 [INFO] MicroXplorer:498 - Change Database Version : DB.6.0.150
2025-10-28 21:02:51,148 [INFO] OpenFileManager:355 - Change cursor
2025-10-28 21:02:51,157 [INFO] Mcu:2029 - Initializing MCU STM32F103C(8-B)Tx STM32F103C8Tx STM32F103C8T6
2025-10-28 21:02:58,636 [INFO] Context:786 - Trying to add GPIOservice into a context  which must be forbidden
2025-10-28 21:02:58,881 [INFO] ImportTextPane:234 - (OptionalMessage_ERROR) Pin12 (VP_RIF_VS_RIF1) cannot be retrieved for this MCU
2025-10-28 21:02:58,896 [INFO] RtosManager:558 - Registered RTOS mode: class=CMSIS, group=RTOS, mode=CMSIS_V1, owner=FREERTOS
2025-10-28 21:02:58,896 [INFO] RtosManager:558 - Registered RTOS mode: class=CMSIS, group=RTOS2, mode=CMSIS_V2, owner=FREERTOS
2025-10-28 21:02:58,896 [INFO] RtosManager:558 - Registered RTOS mode: class=RTOS, group=Core, mode=CMSIS_V1, owner=FREERTOS
2025-10-28 21:02:58,896 [INFO] RtosManager:558 - Registered RTOS mode: class=RTOS, group=Core, mode=CMSIS_V2, owner=FREERTOS
2025-10-28 21:02:58,896 [WARN] ModelIntegratedComponent:184 - Missing modes for component STMicroelectronics:FreeRTOS:0.0.1:STMicroelectronics:RTOS:FreeRTOS:Core:::10.2.0:
2025-10-28 21:02:58,899 [WARN] ModelIntegratedComponent:63 - No mode defined for component null
2025-10-28 21:02:58,899 [WARN] ModelIntegratedComponent:63 - No mode defined for component null
2025-10-28 21:02:58,899 [WARN] ModelIntegratedComponent:63 - No mode defined for component null
2025-10-28 21:02:58,899 [WARN] ModelIntegratedComponent:63 - No mode defined for component null
2025-10-28 21:02:58,899 [WARN] ModelIntegratedComponent:63 - No mode defined for component null
2025-10-28 21:02:58,899 [WARN] ModelIntegratedComponent:63 - No mode defined for component null
2025-10-28 21:02:58,899 [WARN] ModelIntegratedComponent:63 - No mode defined for component null
2025-10-28 21:02:58,899 [WARN] ModelIntegratedComponent:63 - No mode defined for component null
2025-10-28 21:02:58,899 [WARN] ModelIntegratedComponent:63 - No mode defined for component null
2025-10-28 21:02:58,899 [WARN] ModelIntegratedComponent:63 - No mode defined for component null
2025-10-28 21:02:58,899 [WARN] ModelIntegratedComponent:63 - No mode defined for component null
2025-10-28 21:02:58,899 [WARN] ModelIntegratedComponent:63 - No mode defined for component null
2025-10-28 21:02:58,899 [WARN] ModelIntegratedComponent:63 - No mode defined for component null
2025-10-28 21:02:58,899 [WARN] ModelIntegratedComponent:63 - No mode defined for component null
2025-10-28 21:02:58,899 [WARN] ModelIntegratedComponent:63 - No mode defined for component null
2025-10-28 21:02:58,899 [WARN] ModelIntegratedComponent:63 - No mode defined for component null
2025-10-28 21:02:58,899 [WARN] ModelIntegratedComponent:63 - No mode defined for component null
2025-10-28 21:02:58,899 [WARN] ModelIntegratedComponent:63 - No mode defined for component null
2025-10-28 21:02:58,899 [WARN] ModelIntegratedComponent:63 - No mode defined for component null
2025-10-28 21:02:58,899 [WARN] ModelIntegratedComponent:63 - No mode defined for component null
2025-10-28 21:02:58,899 [WARN] ModelIntegratedComponent:63 - No mode defined for component null
2025-10-28 21:02:58,899 [WARN] ModelIntegratedComponent:63 - No mode defined for component null
2025-10-28 21:02:58,899 [WARN] ModelIntegratedComponent:63 - No mode defined for component null
2025-10-28 21:02:58,899 [WARN] ModelIntegratedComponent:63 - No mode defined for component null
2025-10-28 21:02:58,899 [WARN] ModelIntegratedComponent:63 - No mode defined for component null
2025-10-28 21:02:58,899 [WARN] ModelIntegratedComponent:63 - No mode defined for component null
2025-10-28 21:02:58,899 [WARN] ModelIntegratedComponent:63 - No mode defined for component null
2025-10-28 21:02:58,899 [WARN] ModelIntegratedComponent:63 - No mode defined for component null
2025-10-28 21:02:58,899 [WARN] ModelIntegratedComponent:63 - No mode defined for component null
2025-10-28 21:02:58,899 [WARN] ModelIntegratedComponent:63 - No mode defined for component null
2025-10-28 21:02:58,899 [WARN] ModelIntegratedComponent:63 - No mode defined for component null
2025-10-28 21:02:58,899 [WARN] ModelIntegratedComponent:63 - No mode defined for component null
2025-10-28 21:02:58,899 [WARN] ModelIntegratedComponent:63 - No mode defined for component null
2025-10-28 21:02:58,899 [WARN] ModelIntegratedComponent:63 - No mode defined for component null
2025-10-28 21:02:58,899 [WARN] ModelIntegratedComponent:63 - No mode defined for component null
2025-10-28 21:02:58,899 [WARN] ModelPack:524 - Component already loaded: STMicroelectronics:HAL Drivers:0.0.0:STMicroelectronics:Device:STMicro_Driver:XSPI:HAL::0.0.1:HAL_XSPI
2025-10-28 21:02:58,987 [INFO] ThirdPartyModel:298 - Start build external matchings
2025-10-28 21:02:59,172 [INFO] ThirdPartyModel:316 - End build external matchings
2025-10-28 21:02:59,178 [INFO] ImportTextPane:234 - (OptionalMessage_ERROR) IP (RCC) : Invalid parameter (FamilyName)
2025-10-28 21:02:59,178 [INFO] ImportTextPane:234 - (OptionalMessage_ERROR) IP (RCC) : Parameter (USBFreq_Value) has invalid value (16000000)
2025-10-28 21:02:59,319 [INFO] UtilMem:75 - End LoadConfig() Used Memory: 896012896 Bytes (1073741824)
2025-10-28 21:02:59,344 [WARN] ThirdParty:833 - waiting for thirdparty lock release [change project]
2025-10-28 21:02:59,344 [INFO] ThirdParty:835 - entering critical section [change project]
2025-10-28 21:02:59,344 [INFO] ThirdParty:1030 - CMSIS Pack Vendor :STMicroelectronics X-CUBE-PM33A1 1.0.0
2025-10-28 21:02:59,344 [INFO] ThirdParty:1030 - CMSIS Pack Vendor :STMicroelectronics USBPD 4.1
2025-10-28 21:02:59,344 [INFO] ThirdParty:1030 - CMSIS Pack Vendor :STMicroelectronics X-CUBE-NFC9 1.0.0
2025-10-28 21:02:59,344 [INFO] ThirdParty:1030 - CMSIS Pack Vendor :STMicroelectronics USB_HOST 2.0.0
2025-10-28 21:02:59,344 [INFO] ThirdParty:1030 - CMSIS Pack Vendor :STMicroelectronics FP-SNS-MOTENVWB1 1.4.0
2025-10-28 21:02:59,344 [INFO] ThirdParty:1030 - CMSIS Pack Vendor :STMicroelectronics X-CUBE-AZRTOS-F4 1.1.0
2025-10-28 21:02:59,344 [INFO] ThirdParty:1030 - CMSIS Pack Vendor :STMicroelectronics LIBJPEG 8.0.0
2025-10-28 21:02:59,345 [INFO] ThirdParty:1030 - CMSIS Pack Vendor :STMicroelectronics FP-ATR-ASTRA1 2.0.2
2025-10-28 21:02:59,345 [INFO] ThirdParty:1030 - CMSIS Pack Vendor :STMicroelectronics X-CUBE-BLE1 7.1.0
2025-10-28 21:02:59,345 [INFO] ThirdParty:1030 - CMSIS Pack Vendor :STMicroelectronics X-CUBE-SMBUS 2.1.0
2025-10-28 21:02:59,345 [INFO] ThirdParty:1030 - CMSIS Pack Vendor :STMicroelectronics USB_DEVICE 3.0.0
2025-10-28 21:02:59,345 [INFO] ThirdParty:1030 - CMSIS Pack Vendor :STMicroelectronics X-CUBE-ISPU 2.1.0
2025-10-28 21:02:59,345 [INFO] ThirdParty:1030 - CMSIS Pack Vendor :STMicroelectronics X-CUBE-EEPRMA1 5.2.0
2025-10-28 21:02:59,345 [INFO] ThirdParty:1030 - CMSIS Pack Vendor :STMicroelectronics X-CUBE-IPS 3.2.0
2025-10-28 21:02:59,345 [INFO] ThirdParty:1030 - CMSIS Pack Vendor :STMicroelectronics X-CUBE-BLEMGR 4.1.0
2025-10-28 21:02:59,345 [INFO] ThirdParty:1030 - CMSIS Pack Vendor :STMicroelectronics X-CUBE-AZRTOS-WB 2.0.0
2025-10-28 21:02:59,345 [INFO] ThirdParty:1030 - CMSIS Pack Vendor :STMicroelectronics X-CUBE-ST60 1.0.0
2025-10-28 21:02:59,345 [INFO] ThirdParty:1030 - CMSIS Pack Vendor :STMicroelectronics X-CUBE-GNSS1 7.0.1
2025-10-28 21:02:59,345 [INFO] ThirdParty:1030 - CMSIS Pack Vendor :STMicroelectronics X-CUBE-NFC12 1.0.0
2025-10-28 21:02:59,345 [INFO] ThirdParty:1030 - CMSIS Pack Vendor :STMicroelectronics X-CUBE-AZRTOS-F7 1.1.0
2025-10-28 21:02:59,345 [INFO] ThirdParty:1030 - CMSIS Pack Vendor :STMicroelectronics X-CUBE-AZRTOS-L5 2.0.0
2025-10-28 21:02:59,345 [INFO] ThirdParty:1030 - CMSIS Pack Vendor :STMicroelectronics X-CUBE-TOUCHGFX 4.25.0
2025-10-28 21:02:59,345 [INFO] ThirdParty:1030 - CMSIS Pack Vendor :STMicroelectronics USB_DEVICE 2.0.0
2025-10-28 21:02:59,345 [INFO] ThirdParty:1030 - CMSIS Pack Vendor :STMicroelectronics X-CUBE-NFC6 3.1.0
2025-10-28 21:02:59,345 [INFO] ThirdParty:1030 - CMSIS Pack Vendor :STMicroelectronics X-CUBE-ST67W61 1.1.0
2025-10-28 21:02:59,345 [INFO] ThirdParty:1030 - CMSIS Pack Vendor :Cesanta I-CUBE-Mongoose 7.19.0
2025-10-28 21:02:59,345 [INFO] ThirdParty:1030 - CMSIS Pack Vendor :quantropi X-CUBE-qispace-sdk-base 2.1.0
2025-10-28 21:02:59,345 [INFO] ThirdParty:1030 - CMSIS Pack Vendor :STMicroelectronics FreeRTOS 0.0.1
2025-10-28 21:02:59,345 [INFO] ThirdParty:1030 - CMSIS Pack Vendor :STMicroelectronics X-CUBE-AZRTOS-G0 1.1.0
2025-10-28 21:02:59,345 [INFO] ThirdParty:1030 - CMSIS Pack Vendor :STMicroelectronics X-CUBE-SAFEA1 1.2.2
2025-10-28 21:02:59,345 [INFO] ThirdParty:1030 - CMSIS Pack Vendor :STMicroelectronics X-CUBE-NFC4 3.0.0
2025-10-28 21:02:59,345 [INFO] ThirdParty:1030 - CMSIS Pack Vendor :STMicroelectronics X-CUBE-SUBG2 5.0.0
2025-10-28 21:02:59,345 [INFO] ThirdParty:1030 - CMSIS Pack Vendor :STMicroelectronics X-CUBE-AZRTOS-H7RS 1.1.0
2025-10-28 21:02:59,345 [INFO] ThirdParty:1030 - CMSIS Pack Vendor :STMicroelectronics STM32_WPAN 1.0.0
2025-10-28 21:02:59,345 [INFO] ThirdParty:1030 - CMSIS Pack Vendor :EmbeddedOffice I-CUBE-FS-RTOS 1.0.1
2025-10-28 21:02:59,345 [INFO] ThirdParty:1030 - CMSIS Pack Vendor :STMicroelectronics lwIP 2.0.3
2025-10-28 21:02:59,345 [INFO] ThirdParty:1030 - CMSIS Pack Vendor :STMicroelectronics USB_HOST 1.0.0
2025-10-28 21:02:59,345 [INFO] ThirdParty:1030 - CMSIS Pack Vendor :Infineon AIROC-Wi-Fi-Bluetooth-STM32 1.7.1
2025-10-28 21:02:59,345 [INFO] ThirdParty:1030 - CMSIS Pack Vendor :STMicroelectronics X-CUBE-AZRTOS-G4 2.0.0
2025-10-28 21:02:59,345 [INFO] ThirdParty:1030 - CMSIS Pack Vendor :STMicroelectronics X-CUBE-WB05N 2.0.0
2025-10-28 21:02:59,345 [INFO] ThirdParty:1030 - CMSIS Pack Vendor :STMicroelectronics PDM2PCM 3.1.0
2025-10-28 21:02:59,345 [INFO] ThirdParty:1030 - CMSIS Pack Vendor :STMicroelectronics PDM2PCM 3.3.0
2025-10-28 21:02:59,345 [INFO] ThirdParty:1030 - CMSIS Pack Vendor :STMicroelectronics X-CUBE-AZRTOS-H7 3.4.0
2025-10-28 21:02:59,345 [INFO] ThirdParty:1030 - CMSIS Pack Vendor :STMicroelectronics X-CUBE-DISPLAY 3.0.0
2025-10-28 21:02:59,345 [INFO] ThirdParty:1030 - CMSIS Pack Vendor :STMicroelectronics X-CUBE-NFC7 2.0.0
2025-10-28 21:02:59,346 [INFO] ThirdParty:1030 - CMSIS Pack Vendor :STMicroelectronics X-CUBE-TCPP 4.2.0
2025-10-28 21:02:59,356 [INFO] ThirdParty:1030 - CMSIS Pack Vendor :RealThread X-CUBE-RT-Thread_Nano 4.1.1
2025-10-28 21:02:59,356 [INFO] ThirdParty:1030 - CMSIS Pack Vendor :STMicroelectronics FP-ATR-SIGFOX1 3.2.0
2025-10-28 21:02:59,356 [INFO] ThirdParty:1030 - CMSIS Pack Vendor :STMicroelectronics X-CUBE-NFC10 1.0.0
2025-10-28 21:02:59,356 [INFO] ThirdParty:1030 - CMSIS Pack Vendor :STMicroelectronics X-CUBE-FREERTOS 1.3.1
2025-10-28 21:02:59,356 [INFO] ThirdParty:1030 - CMSIS Pack Vendor :STMicroelectronics HAL Drivers 0.0.0
2025-10-28 21:02:59,356 [INFO] ThirdParty:1030 - CMSIS Pack Vendor :STMicroelectronics MBEDTLS 2.16.2
2025-10-28 21:02:59,356 [INFO] ThirdParty:1030 - CMSIS Pack Vendor :STMicroelectronics X-CUBE-ST60 1.1.0
2025-10-28 21:02:59,356 [INFO] ThirdParty:1030 - CMSIS Pack Vendor :STMicroelectronics X-CUBE-IPS 3.1.0
2025-10-28 21:02:59,356 [INFO] ThirdParty:1030 - CMSIS Pack Vendor :STMicroelectronics X-CUBE-ALS 1.0.2
2025-10-28 21:02:59,356 [INFO] ThirdParty:1030 - CMSIS Pack Vendor :emotas I-CUBE-CANOPEN 1.3.0
2025-10-28 21:02:59,356 [INFO] ThirdParty:1030 - CMSIS Pack Vendor :STMicroelectronics MBEDTLS 2.14.1
2025-10-28 21:02:59,356 [INFO] ThirdParty:1030 - CMSIS Pack Vendor :ITTIA_DB I-CUBE-ITTIADB 8.9.0
2025-10-28 21:02:59,356 [INFO] ThirdParty:1030 - CMSIS Pack Vendor :STMicroelectronics X-CUBE-TOUCHGFX 4.26.0
2025-10-28 21:02:59,356 [INFO] ThirdParty:1030 - CMSIS Pack Vendor :STMicroelectronics X-CUBE-STSE01 1.0.0
2025-10-28 21:02:59,356 [INFO] ThirdParty:1030 - CMSIS Pack Vendor :STMicroelectronics X-CUBE-ST67W61 1.0.0
2025-10-28 21:02:59,356 [INFO] ThirdParty:1030 - CMSIS Pack Vendor :STMicroelectronics FP-SNS-STBOX1 2.1.0
2025-10-28 21:02:59,356 [INFO] ThirdParty:1030 - CMSIS Pack Vendor :STMicroelectronics X-CUBE-AI 10.2.0
2025-10-28 21:02:59,356 [INFO] ThirdParty:1030 - CMSIS Pack Vendor :STMicroelectronics FP-SNS-STAIOTCFT 1.0.0
2025-10-28 21:02:59,356 [INFO] ThirdParty:1030 - CMSIS Pack Vendor :STMicroelectronics ThreadX 1.0.0
2025-10-28 21:02:59,356 [INFO] ThirdParty:1030 - CMSIS Pack Vendor :STMicroelectronics FP-SNS-SMARTAG2 1.2.0
2025-10-28 21:02:59,356 [INFO] ThirdParty:1030 - CMSIS Pack Vendor :STMicroelectronics FP-SNS-FLIGHT1 5.1.0
2025-10-28 21:02:59,356 [INFO] ThirdParty:1030 - CMSIS Pack Vendor :STMicroelectronics X-CUBE-AZRTOS-WL 2.0.0
2025-10-28 21:02:59,356 [INFO] ThirdParty:1030 - CMSIS Pack Vendor :SEGGER I-CUBE-embOS 1.3.1
2025-10-28 21:02:59,356 [INFO] ThirdParty:1030 - CMSIS Pack Vendor :STMicroelectronics X-CUBE-ALGOBUILD 1.4.0
2025-10-28 21:02:59,356 [INFO] ThirdParty:1030 - CMSIS Pack Vendor :STMicroelectronics X-CUBE-DPower 1.3.0
2025-10-28 21:02:59,356 [INFO] ThirdParty:1030 - CMSIS Pack Vendor :STMicroelectronics X-CUBE-MEMS1 11.3.0
2025-10-28 21:02:59,356 [INFO] ThirdParty:1030 - CMSIS Pack Vendor :STMicroelectronics FP-SNS-MOTENV1 5.0.0
2025-10-28 21:02:59,356 [INFO] ThirdParty:1030 - CMSIS Pack Vendor :STMicroelectronics USB_DEVICE 1.0.0
2025-10-28 21:02:59,356 [INFO] ThirdParty:1030 - CMSIS Pack Vendor :STMicroelectronics X-CUBE-AZRTOS-L4 2.0.0
2025-10-28 21:02:59,356 [INFO] ThirdParty:1030 - CMSIS Pack Vendor :STMicroelectronics ThreadX 0.0.2
2025-10-28 21:02:59,356 [INFO] ThirdParty:1030 - CMSIS Pack Vendor :WES I-CUBE-Cesium 1.3.0
2025-10-28 21:02:59,356 [INFO] ThirdParty:1030 - CMSIS Pack Vendor :STMicroelectronics lwIP 2.1.2
2025-10-28 21:02:59,356 [INFO] ThirdParty:1030 - CMSIS Pack Vendor :STMicroelectronics X-CUBE-SFXS2LP1 4.0.0
2025-10-28 21:02:59,356 [INFO] ThirdParty:1030 - CMSIS Pack Vendor :STMicroelectronics X-CUBE-BLE2 3.3.0
2025-10-28 21:02:59,356 [INFO] ThirdParty:1030 - CMSIS Pack Vendor :STMicroelectronics X-CUBE-TOF1 3.4.3
2025-10-28 21:02:59,356 [INFO] ThirdParty:1030 - CMSIS Pack Vendor :STMicroelectronics PDM2PCM 3.2.0
2025-10-28 21:02:59,356 [INFO] ThirdParty:841 - exiting critical section [change project]
2025-10-28 21:02:59,594 [INFO] PinOutPanel:1589 - setPackage(No Configuration,No Configuration)
2025-10-28 21:02:59,594 [INFO] PinOutPanel:1589 - setPackage(STM32F103C8Tx,LQFP48)
2025-10-28 21:02:59,762 [INFO] UtilMem:75 - Before build in PCC Used Memory: 596641792 Bytes (1073741824)
2025-10-28 21:02:59,921 [INFO] UtilMem:75 - After build in PCC Used Memory: 638584848 Bytes (1073741824)
2025-10-28 21:02:59,937 [INFO] IPUIPlugin:80 - create IPUIPlugin
2025-10-28 21:02:59,937 [INFO] IPUIPlugin:80 - create IPUIPlugin
2025-10-28 21:02:59,937 [INFO] IPUIPlugin:80 - create IPUIPlugin
2025-10-28 21:02:59,937 [INFO] IPUIPlugin:80 - create IPUIPlugin
2025-10-28 21:02:59,937 [INFO] IPUIPlugin:80 - create IPUIPlugin
2025-10-28 21:02:59,937 [INFO] IPUIPlugin:80 - create IPUIPlugin
2025-10-28 21:02:59,937 [INFO] IPUIPlugin:80 - create IPUIPlugin
2025-10-28 21:02:59,938 [INFO] IPUIPlugin:80 - create IPUIPlugin
2025-10-28 21:02:59,938 [INFO] IPUIPlugin:80 - create IPUIPlugin
2025-10-28 21:02:59,938 [INFO] IPUIPlugin:80 - create IPUIPlugin
2025-10-28 21:02:59,938 [INFO] IPUIPlugin:80 - create IPUIPlugin
2025-10-28 21:02:59,938 [INFO] IPUIPlugin:80 - create IPUIPlugin
2025-10-28 21:02:59,938 [INFO] IPUIPlugin:80 - create IPUIPlugin
2025-10-28 21:02:59,938 [INFO] IPUIPlugin:80 - create IPUIPlugin
2025-10-28 21:02:59,938 [INFO] IPUIPlugin:80 - create IPUIPlugin
2025-10-28 21:02:59,938 [INFO] IPUIPlugin:80 - create IPUIPlugin
2025-10-28 21:02:59,938 [INFO] IPUIPlugin:80 - create IPUIPlugin
2025-10-28 21:02:59,938 [INFO] IPUIPlugin:80 - create IPUIPlugin
2025-10-28 21:02:59,938 [INFO] IPUIPlugin:80 - create IPUIPlugin
2025-10-28 21:02:59,938 [INFO] IPUIPlugin:80 - create IPUIPlugin
2025-10-28 21:02:59,939 [INFO] IPUIPlugin:80 - create IPUIPlugin
2025-10-28 21:02:59,939 [INFO] IPUIPlugin:80 - create IPUIPlugin
2025-10-28 21:02:59,939 [INFO] IPUIPlugin:80 - create IPUIPlugin
2025-10-28 21:02:59,939 [INFO] IPUIPlugin:80 - create IPUIPlugin
2025-10-28 21:02:59,939 [INFO] IPUIPlugin:80 - create IPUIPlugin
2025-10-28 21:02:59,939 [INFO] IPUIPlugin:80 - create IPUIPlugin
2025-10-28 21:02:59,939 [INFO] IPUIPlugin:80 - create IPUIPlugin
2025-10-28 21:02:59,940 [WARN] IP:2250 - I2C_Coeff_DF not found: check if there is a RefParameter without a condition.
2025-10-28 21:02:59,940 [WARN] IP:2250 - Analog_Filter not found: check if there is a RefParameter without a condition.
2025-10-28 21:02:59,940 [WARN] IP:2250 - I2C_Coeff_DF not found: check if there is a RefParameter without a condition.
2025-10-28 21:02:59,940 [WARN] IP:2250 - Analog_Filter not found: check if there is a RefParameter without a condition.
2025-10-28 21:02:59,966 [INFO] CADModel:165 - CPN selected for project levelSTM32F103C8T6
2025-10-28 21:02:59,966 [INFO] CADModel:114 - Register for checkConnection events
2025-10-28 21:03:00,034 [INFO] OpenFileManager:386 - Restore cursor
2025-10-28 21:03:00,052 [WARN] IP:2250 - I2C_Coeff_DF not found: check if there is a RefParameter without a condition.
2025-10-28 21:03:00,052 [WARN] IP:2250 - Analog_Filter not found: check if there is a RefParameter without a condition.
2025-10-28 21:03:00,053 [WARN] IP:2250 - I2C_Coeff_DF not found: check if there is a RefParameter without a condition.
2025-10-28 21:03:00,053 [WARN] IP:2250 - Analog_Filter not found: check if there is a RefParameter without a condition.
2025-10-28 21:03:00,053 [WARN] IP:2250 - I2C_Coeff_DF not found: check if there is a RefParameter without a condition.
2025-10-28 21:03:00,053 [WARN] IP:2250 - Analog_Filter not found: check if there is a RefParameter without a condition.
2025-10-28 21:03:00,054 [WARN] IP:2250 - I2C_Coeff_DF not found: check if there is a RefParameter without a condition.
2025-10-28 21:03:00,054 [WARN] IP:2250 - Analog_Filter not found: check if there is a RefParameter without a condition.
2025-10-28 21:03:11,124 [INFO] Gpio:278 - dependency for GPIO [I2C1, I2C2, RCC, SYS]
2025-10-28 21:15:52,802 [INFO] MainUpdater:2872 - connection check result : 10
2025-10-28 21:15:52,802 [INFO] MainUpdater:2872 - connection check result : 10
2025-10-28 21:15:52,941 [INFO] MicroXplorer:468 - Change Database Path : 
2025-10-28 21:15:52,941 [INFO] MicroXplorer:498 - Change Database Version : DB.6.0.150
2025-10-28 21:15:52,946 [ERROR] ProjectManagerView:395 - 
java.lang.NullPointerException: Cannot invoke "javax.swing.JTextField.getText()" because the return value of "java.util.List.get(int)" is null
	at com.st.microxplorer.plugins.projectmanager.gui.ProjectChoiceTab$9.caretUpdate(ProjectChoiceTab.java:2706) ~[filemanager.jar:?]
	at javax.swing.text.JTextComponent.fireCaretUpdate(JTextComponent.java:408) ~[?:?]
	at javax.swing.text.JTextComponent$MutableCaretEvent.fire(JTextComponent.java:4484) ~[?:?]
	at javax.swing.text.JTextComponent$MutableCaretEvent.stateChanged(JTextComponent.java:4506) ~[?:?]
	at javax.swing.text.DefaultCaret.fireStateChanged(DefaultCaret.java:857) ~[?:?]
	at javax.swing.text.DefaultCaret.changeCaretPosition(DefaultCaret.java:1343) ~[?:?]
	at javax.swing.text.DefaultCaret.handleSetDot(DefaultCaret.java:1242) ~[?:?]
	at javax.swing.text.DefaultCaret.setDot(DefaultCaret.java:1223) ~[?:?]
	at javax.swing.text.DefaultCaret$Handler.insertUpdate(DefaultCaret.java:1819) ~[?:?]
	at javax.swing.text.AbstractDocument.fireInsertUpdate(AbstractDocument.java:227) ~[?:?]
	at javax.swing.text.AbstractDocument.handleInsertString(AbstractDocument.java:781) ~[?:?]
	at javax.swing.text.AbstractDocument.insertString(AbstractDocument.java:740) ~[?:?]
	at javax.swing.text.PlainDocument.insertString(PlainDocument.java:131) ~[?:?]
	at javax.swing.text.AbstractDocument.replace(AbstractDocument.java:699) ~[?:?]
	at javax.swing.text.JTextComponent.setText(JTextComponent.java:1725) ~[?:?]
	at com.st.microxplorer.plugins.projectmanager.gui.ProjectChoiceTab.createHeapStackFields(ProjectChoiceTab.java:993) ~[filemanager.jar:?]
	at com.st.microxplorer.plugins.projectmanager.gui.ProjectChoiceTab.buildLinkSettingsPanel(ProjectChoiceTab.java:3813) ~[filemanager.jar:?]
	at com.st.microxplorer.plugins.projectmanager.gui.ProjectChoiceTab.defineWindowsFields(ProjectChoiceTab.java:1987) ~[filemanager.jar:?]
	at com.st.microxplorer.plugins.projectmanager.gui.ProjectChoiceTab.updateSettings(ProjectChoiceTab.java:558) ~[filemanager.jar:?]
	at com.st.microxplorer.plugins.projectmanager.gui.ProjectSettingsPanel.UpdateDialog(ProjectSettingsPanel.java:247) ~[filemanager.jar:?]
	at com.st.microxplorer.plugins.projectmanager.ProjectManagerView.propertyChange(ProjectManagerView.java:392) ~[filemanager.jar:?]
	at java.beans.PropertyChangeSupport.fire(PropertyChangeSupport.java:343) ~[?:?]
	at java.beans.PropertyChangeSupport.firePropertyChange(PropertyChangeSupport.java:335) ~[?:?]
	at java.beans.PropertyChangeSupport.firePropertyChange(PropertyChangeSupport.java:268) ~[?:?]
	at com.st.microxplorer.util.MXPropertyChangeSupport.firePropertyChange(MXPropertyChangeSupport.java:54) ~[STM32CubeMX.jar:?]
	at com.st.microxplorer.mxsystem.MxSystem.closeConfig(MxSystem.java:899) ~[STM32CubeMX.jar:?]
	at com.st.microxplorer.maingui.MainPanel.closeConfig(MainPanel.java:792) ~[STM32CubeMX.jar:?]
	at com.st.microxplorer.plugins.filemanager.engine.OpenFileManager.loadConfigurationFile(OpenFileManager.java:288) ~[filemanager.jar:?]
	at com.st.microxplorer.plugins.filemanager.engine.MainFileManager.userLoadConfig(MainFileManager.java:364) ~[filemanager.jar:?]
	at com.st.microxplorer.plugins.filemanager.engine.MainFileManager.userLoadConfig(MainFileManager.java:342) ~[filemanager.jar:?]
	at com.st.microxplorer.plugins.filemanager.FileManagerView.getSpecificTask(FileManagerView.java:264) ~[filemanager.jar:?]
	at com.st.stm32cube.common.mx.editor.CubeMxEditor.getMxTabbedPaneInstance(CubeMxEditor.java:1198) ~[com.st.stm32cube.common.mx_6.15.0.202507011659/:?]
	at com.st.stm32cube.common.mx.editor.CubeMxEditor$12$1.createSwingComponent(CubeMxEditor.java:1068) ~[com.st.stm32cube.common.mx_6.15.0.202507011659/:?]
	at com.st.stm32cube.common.mx.oss.core.awtswtbridge.EmbeddedSwingComposite.doComponentCreation(EmbeddedSwingComposite.java:492) ~[com.st.stm32cube.common.mx.oss_6.15.0.202507011659/:?]
	at com.st.stm32cube.common.mx.oss.core.awtswtbridge.EmbeddedSwingComposite$4.run(EmbeddedSwingComposite.java:291) ~[com.st.stm32cube.common.mx.oss_6.15.0.202507011659/:?]
	at com.st.stm32cube.common.mx.oss.core.awtswtbridge.AwtEnvironment$2.run(AwtEnvironment.java:166) ~[com.st.stm32cube.common.mx.oss_6.15.0.202507011659/:?]
	at java.awt.event.InvocationEvent.dispatch(InvocationEvent.java:318) ~[?:?]
	at java.awt.EventQueue.dispatchEventImpl(EventQueue.java:773) ~[?:?]
	at java.awt.EventQueue$4.run(EventQueue.java:720) ~[?:?]
	at java.awt.EventQueue$4.run(EventQueue.java:714) ~[?:?]
	at java.security.AccessController.doPrivileged(AccessController.java:400) ~[?:?]
	at java.security.ProtectionDomain$JavaSecurityAccessImpl.doIntersectionPrivilege(ProtectionDomain.java:87) ~[?:?]
	at java.awt.EventQueue.dispatchEvent(EventQueue.java:742) ~[?:?]
	at java.awt.EventDispatchThread.pumpOneEventForFilters(EventDispatchThread.java:203) ~[?:?]
	at java.awt.EventDispatchThread.pumpEventsForFilter(EventDispatchThread.java:124) ~[?:?]
	at java.awt.EventDispatchThread.pumpEventsForHierarchy(EventDispatchThread.java:113) ~[?:?]
	at java.awt.EventDispatchThread.pumpEvents(EventDispatchThread.java:109) ~[?:?]
	at java.awt.EventDispatchThread.pumpEvents(EventDispatchThread.java:101) ~[?:?]
	at java.awt.EventDispatchThread.run(EventDispatchThread.java:90) ~[?:?]
2025-10-28 21:15:52,947 [WARN] ThirdParty:871 - waiting for thirdparty lock release [close project]
2025-10-28 21:15:52,947 [INFO] ThirdParty:873 - entering critical section [close project]
2025-10-28 21:15:52,947 [INFO] ThirdParty:883 - exiting critical section [close project]
2025-10-28 21:15:52,948 [INFO] PinOutPanel:1589 - setPackage(No Configuration,No Configuration)
2025-10-28 21:15:52,950 [INFO] UtilMem:75 - Begin LoadConfig() Used Memory: 676797128 Bytes (1073741824)
2025-10-28 21:15:52,951 [INFO] MicroXplorer:468 - Change Database Path : 
2025-10-28 21:15:52,951 [INFO] MicroXplorer:498 - Change Database Version : DB.6.0.150
2025-10-28 21:15:52,951 [INFO] OpenFileManager:355 - Change cursor
2025-10-28 21:15:52,958 [INFO] Mcu:2029 - Initializing MCU STM32F103C(8-B)Tx STM32F103C8Tx STM32F103C8T6
2025-10-28 21:16:01,041 [INFO] Context:786 - Trying to add GPIOservice into a context  which must be forbidden
2025-10-28 21:16:01,248 [INFO] ImportTextPane:234 - (OptionalMessage_ERROR) Pin12 (VP_RIF_VS_RIF1) cannot be retrieved for this MCU
2025-10-28 21:16:01,281 [INFO] RtosManager:558 - Registered RTOS mode: class=CMSIS, group=RTOS, mode=CMSIS_V1, owner=FREERTOS
2025-10-28 21:16:01,281 [INFO] RtosManager:558 - Registered RTOS mode: class=CMSIS, group=RTOS2, mode=CMSIS_V2, owner=FREERTOS
2025-10-28 21:16:01,281 [INFO] RtosManager:558 - Registered RTOS mode: class=RTOS, group=Core, mode=CMSIS_V1, owner=FREERTOS
2025-10-28 21:16:01,281 [INFO] RtosManager:558 - Registered RTOS mode: class=RTOS, group=Core, mode=CMSIS_V2, owner=FREERTOS
2025-10-28 21:16:01,281 [WARN] ModelIntegratedComponent:184 - Missing modes for component STMicroelectronics:FreeRTOS:0.0.1:STMicroelectronics:RTOS:FreeRTOS:Core:::10.2.0:
2025-10-28 21:16:01,304 [WARN] ModelIntegratedComponent:63 - No mode defined for component null
2025-10-28 21:16:01,304 [WARN] ModelIntegratedComponent:63 - No mode defined for component null
2025-10-28 21:16:01,304 [WARN] ModelIntegratedComponent:63 - No mode defined for component null
2025-10-28 21:16:01,304 [WARN] ModelIntegratedComponent:63 - No mode defined for component null
2025-10-28 21:16:01,304 [WARN] ModelIntegratedComponent:63 - No mode defined for component null
2025-10-28 21:16:01,304 [WARN] ModelIntegratedComponent:63 - No mode defined for component null
2025-10-28 21:16:01,304 [WARN] ModelIntegratedComponent:63 - No mode defined for component null
2025-10-28 21:16:01,304 [WARN] ModelIntegratedComponent:63 - No mode defined for component null
2025-10-28 21:16:01,304 [WARN] ModelIntegratedComponent:63 - No mode defined for component null
2025-10-28 21:16:01,304 [WARN] ModelIntegratedComponent:63 - No mode defined for component null
2025-10-28 21:16:01,304 [WARN] ModelIntegratedComponent:63 - No mode defined for component null
2025-10-28 21:16:01,304 [WARN] ModelIntegratedComponent:63 - No mode defined for component null
2025-10-28 21:16:01,304 [WARN] ModelIntegratedComponent:63 - No mode defined for component null
2025-10-28 21:16:01,304 [WARN] ModelIntegratedComponent:63 - No mode defined for component null
2025-10-28 21:16:01,304 [WARN] ModelIntegratedComponent:63 - No mode defined for component null
2025-10-28 21:16:01,304 [WARN] ModelIntegratedComponent:63 - No mode defined for component null
2025-10-28 21:16:01,304 [WARN] ModelIntegratedComponent:63 - No mode defined for component null
2025-10-28 21:16:01,304 [WARN] ModelIntegratedComponent:63 - No mode defined for component null
2025-10-28 21:16:01,304 [WARN] ModelIntegratedComponent:63 - No mode defined for component null
2025-10-28 21:16:01,304 [WARN] ModelIntegratedComponent:63 - No mode defined for component null
2025-10-28 21:16:01,304 [WARN] ModelIntegratedComponent:63 - No mode defined for component null
2025-10-28 21:16:01,304 [WARN] ModelIntegratedComponent:63 - No mode defined for component null
2025-10-28 21:16:01,304 [WARN] ModelIntegratedComponent:63 - No mode defined for component null
2025-10-28 21:16:01,304 [WARN] ModelIntegratedComponent:63 - No mode defined for component null
2025-10-28 21:16:01,304 [WARN] ModelIntegratedComponent:63 - No mode defined for component null
2025-10-28 21:16:01,305 [WARN] ModelIntegratedComponent:63 - No mode defined for component null
2025-10-28 21:16:01,305 [WARN] ModelIntegratedComponent:63 - No mode defined for component null
2025-10-28 21:16:01,305 [WARN] ModelIntegratedComponent:63 - No mode defined for component null
2025-10-28 21:16:01,305 [WARN] ModelIntegratedComponent:63 - No mode defined for component null
2025-10-28 21:16:01,305 [WARN] ModelIntegratedComponent:63 - No mode defined for component null
2025-10-28 21:16:01,305 [WARN] ModelIntegratedComponent:63 - No mode defined for component null
2025-10-28 21:16:01,305 [WARN] ModelIntegratedComponent:63 - No mode defined for component null
2025-10-28 21:16:01,305 [WARN] ModelIntegratedComponent:63 - No mode defined for component null
2025-10-28 21:16:01,305 [WARN] ModelIntegratedComponent:63 - No mode defined for component null
2025-10-28 21:16:01,305 [WARN] ModelIntegratedComponent:63 - No mode defined for component null
2025-10-28 21:16:01,305 [WARN] ModelPack:524 - Component already loaded: STMicroelectronics:HAL Drivers:0.0.0:STMicroelectronics:Device:STMicro_Driver:XSPI:HAL::0.0.1:HAL_XSPI
2025-10-28 21:16:01,346 [INFO] ThirdPartyModel:298 - Start build external matchings
2025-10-28 21:16:01,568 [INFO] ThirdPartyModel:316 - End build external matchings
2025-10-28 21:16:01,587 [INFO] ImportTextPane:234 - (OptionalMessage_ERROR) IP (RCC) : Invalid parameter (FamilyName)
2025-10-28 21:16:01,587 [INFO] ImportTextPane:234 - (OptionalMessage_ERROR) IP (RCC) : Parameter (USBFreq_Value) has invalid value (16000000)
2025-10-28 21:16:01,859 [INFO] UtilMem:75 - End LoadConfig() Used Memory: 642436408 Bytes (1073741824)
2025-10-28 21:16:01,881 [WARN] ThirdParty:833 - waiting for thirdparty lock release [change project]
2025-10-28 21:16:01,881 [INFO] ThirdParty:835 - entering critical section [change project]
2025-10-28 21:16:01,881 [INFO] ThirdParty:1030 - CMSIS Pack Vendor :STMicroelectronics X-CUBE-PM33A1 1.0.0
2025-10-28 21:16:01,881 [INFO] ThirdParty:1030 - CMSIS Pack Vendor :STMicroelectronics USBPD 4.1
2025-10-28 21:16:01,881 [INFO] ThirdParty:1030 - CMSIS Pack Vendor :STMicroelectronics X-CUBE-NFC9 1.0.0
2025-10-28 21:16:01,881 [INFO] ThirdParty:1030 - CMSIS Pack Vendor :STMicroelectronics USB_HOST 2.0.0
2025-10-28 21:16:01,881 [INFO] ThirdParty:1030 - CMSIS Pack Vendor :STMicroelectronics FP-SNS-MOTENVWB1 1.4.0
2025-10-28 21:16:01,881 [INFO] ThirdParty:1030 - CMSIS Pack Vendor :STMicroelectronics X-CUBE-AZRTOS-F4 1.1.0
2025-10-28 21:16:01,881 [INFO] ThirdParty:1030 - CMSIS Pack Vendor :STMicroelectronics LIBJPEG 8.0.0
2025-10-28 21:16:01,881 [INFO] ThirdParty:1030 - CMSIS Pack Vendor :STMicroelectronics FP-ATR-ASTRA1 2.0.2
2025-10-28 21:16:01,881 [INFO] ThirdParty:1030 - CMSIS Pack Vendor :STMicroelectronics X-CUBE-BLE1 7.1.0
2025-10-28 21:16:01,881 [INFO] ThirdParty:1030 - CMSIS Pack Vendor :STMicroelectronics X-CUBE-SMBUS 2.1.0
2025-10-28 21:16:01,881 [INFO] ThirdParty:1030 - CMSIS Pack Vendor :STMicroelectronics USB_DEVICE 3.0.0
2025-10-28 21:16:01,881 [INFO] ThirdParty:1030 - CMSIS Pack Vendor :STMicroelectronics X-CUBE-ISPU 2.1.0
2025-10-28 21:16:01,881 [INFO] ThirdParty:1030 - CMSIS Pack Vendor :STMicroelectronics X-CUBE-EEPRMA1 5.2.0
2025-10-28 21:16:01,881 [INFO] ThirdParty:1030 - CMSIS Pack Vendor :STMicroelectronics X-CUBE-IPS 3.2.0
2025-10-28 21:16:01,881 [INFO] ThirdParty:1030 - CMSIS Pack Vendor :STMicroelectronics X-CUBE-BLEMGR 4.1.0
2025-10-28 21:16:01,881 [INFO] ThirdParty:1030 - CMSIS Pack Vendor :STMicroelectronics X-CUBE-AZRTOS-WB 2.0.0
2025-10-28 21:16:01,881 [INFO] ThirdParty:1030 - CMSIS Pack Vendor :STMicroelectronics X-CUBE-ST60 1.0.0
2025-10-28 21:16:01,881 [INFO] ThirdParty:1030 - CMSIS Pack Vendor :STMicroelectronics X-CUBE-GNSS1 7.0.1
2025-10-28 21:16:01,881 [INFO] ThirdParty:1030 - CMSIS Pack Vendor :STMicroelectronics X-CUBE-NFC12 1.0.0
2025-10-28 21:16:01,881 [INFO] ThirdParty:1030 - CMSIS Pack Vendor :STMicroelectronics X-CUBE-AZRTOS-F7 1.1.0
2025-10-28 21:16:01,881 [INFO] ThirdParty:1030 - CMSIS Pack Vendor :STMicroelectronics X-CUBE-AZRTOS-L5 2.0.0
2025-10-28 21:16:01,881 [INFO] ThirdParty:1030 - CMSIS Pack Vendor :STMicroelectronics X-CUBE-TOUCHGFX 4.25.0
2025-10-28 21:16:01,881 [INFO] ThirdParty:1030 - CMSIS Pack Vendor :STMicroelectronics USB_DEVICE 2.0.0
2025-10-28 21:16:01,881 [INFO] ThirdParty:1030 - CMSIS Pack Vendor :STMicroelectronics X-CUBE-NFC6 3.1.0
2025-10-28 21:16:01,881 [INFO] ThirdParty:1030 - CMSIS Pack Vendor :STMicroelectronics X-CUBE-ST67W61 1.1.0
2025-10-28 21:16:01,881 [INFO] ThirdParty:1030 - CMSIS Pack Vendor :Cesanta I-CUBE-Mongoose 7.19.0
2025-10-28 21:16:01,881 [INFO] ThirdParty:1030 - CMSIS Pack Vendor :quantropi X-CUBE-qispace-sdk-base 2.1.0
2025-10-28 21:16:01,881 [INFO] ThirdParty:1030 - CMSIS Pack Vendor :STMicroelectronics FreeRTOS 0.0.1
2025-10-28 21:16:01,881 [INFO] ThirdParty:1030 - CMSIS Pack Vendor :STMicroelectronics X-CUBE-AZRTOS-G0 1.1.0
2025-10-28 21:16:01,881 [INFO] ThirdParty:1030 - CMSIS Pack Vendor :STMicroelectronics X-CUBE-SAFEA1 1.2.2
2025-10-28 21:16:01,881 [INFO] ThirdParty:1030 - CMSIS Pack Vendor :STMicroelectronics X-CUBE-NFC4 3.0.0
2025-10-28 21:16:01,881 [INFO] ThirdParty:1030 - CMSIS Pack Vendor :STMicroelectronics X-CUBE-SUBG2 5.0.0
2025-10-28 21:16:01,881 [INFO] ThirdParty:1030 - CMSIS Pack Vendor :STMicroelectronics X-CUBE-AZRTOS-H7RS 1.1.0
2025-10-28 21:16:01,881 [INFO] ThirdParty:1030 - CMSIS Pack Vendor :STMicroelectronics STM32_WPAN 1.0.0
2025-10-28 21:16:01,881 [INFO] ThirdParty:1030 - CMSIS Pack Vendor :EmbeddedOffice I-CUBE-FS-RTOS 1.0.1
2025-10-28 21:16:01,881 [INFO] ThirdParty:1030 - CMSIS Pack Vendor :STMicroelectronics lwIP 2.0.3
2025-10-28 21:16:01,881 [INFO] ThirdParty:1030 - CMSIS Pack Vendor :STMicroelectronics USB_HOST 1.0.0
2025-10-28 21:16:01,881 [INFO] ThirdParty:1030 - CMSIS Pack Vendor :Infineon AIROC-Wi-Fi-Bluetooth-STM32 1.7.1
2025-10-28 21:16:01,881 [INFO] ThirdParty:1030 - CMSIS Pack Vendor :STMicroelectronics X-CUBE-AZRTOS-G4 2.0.0
2025-10-28 21:16:01,881 [INFO] ThirdParty:1030 - CMSIS Pack Vendor :STMicroelectronics X-CUBE-WB05N 2.0.0
2025-10-28 21:16:01,881 [INFO] ThirdParty:1030 - CMSIS Pack Vendor :STMicroelectronics PDM2PCM 3.1.0
2025-10-28 21:16:01,881 [INFO] ThirdParty:1030 - CMSIS Pack Vendor :STMicroelectronics PDM2PCM 3.3.0
2025-10-28 21:16:01,881 [INFO] ThirdParty:1030 - CMSIS Pack Vendor :STMicroelectronics X-CUBE-AZRTOS-H7 3.4.0
2025-10-28 21:16:01,881 [INFO] ThirdParty:1030 - CMSIS Pack Vendor :STMicroelectronics X-CUBE-DISPLAY 3.0.0
2025-10-28 21:16:01,881 [INFO] ThirdParty:1030 - CMSIS Pack Vendor :STMicroelectronics X-CUBE-NFC7 2.0.0
2025-10-28 21:16:01,881 [INFO] ThirdParty:1030 - CMSIS Pack Vendor :STMicroelectronics X-CUBE-TCPP 4.2.0
2025-10-28 21:16:01,881 [INFO] ThirdParty:1030 - CMSIS Pack Vendor :RealThread X-CUBE-RT-Thread_Nano 4.1.1
2025-10-28 21:16:01,881 [INFO] ThirdParty:1030 - CMSIS Pack Vendor :STMicroelectronics FP-ATR-SIGFOX1 3.2.0
2025-10-28 21:16:01,881 [INFO] ThirdParty:1030 - CMSIS Pack Vendor :STMicroelectronics X-CUBE-NFC10 1.0.0
2025-10-28 21:16:01,881 [INFO] ThirdParty:1030 - CMSIS Pack Vendor :STMicroelectronics X-CUBE-FREERTOS 1.3.1
2025-10-28 21:16:01,881 [INFO] ThirdParty:1030 - CMSIS Pack Vendor :STMicroelectronics HAL Drivers 0.0.0
2025-10-28 21:16:01,881 [INFO] ThirdParty:1030 - CMSIS Pack Vendor :STMicroelectronics MBEDTLS 2.16.2
2025-10-28 21:16:01,881 [INFO] ThirdParty:1030 - CMSIS Pack Vendor :STMicroelectronics X-CUBE-ST60 1.1.0
2025-10-28 21:16:01,881 [INFO] ThirdParty:1030 - CMSIS Pack Vendor :STMicroelectronics X-CUBE-IPS 3.1.0
2025-10-28 21:16:01,881 [INFO] ThirdParty:1030 - CMSIS Pack Vendor :STMicroelectronics X-CUBE-ALS 1.0.2
2025-10-28 21:16:01,881 [INFO] ThirdParty:1030 - CMSIS Pack Vendor :emotas I-CUBE-CANOPEN 1.3.0
2025-10-28 21:16:01,881 [INFO] ThirdParty:1030 - CMSIS Pack Vendor :STMicroelectronics MBEDTLS 2.14.1
2025-10-28 21:16:01,881 [INFO] ThirdParty:1030 - CMSIS Pack Vendor :ITTIA_DB I-CUBE-ITTIADB 8.9.0
2025-10-28 21:16:01,881 [INFO] ThirdParty:1030 - CMSIS Pack Vendor :STMicroelectronics X-CUBE-TOUCHGFX 4.26.0
2025-10-28 21:16:01,881 [INFO] ThirdParty:1030 - CMSIS Pack Vendor :STMicroelectronics X-CUBE-STSE01 1.0.0
2025-10-28 21:16:01,881 [INFO] ThirdParty:1030 - CMSIS Pack Vendor :STMicroelectronics X-CUBE-ST67W61 1.0.0
2025-10-28 21:16:01,881 [INFO] ThirdParty:1030 - CMSIS Pack Vendor :STMicroelectronics FP-SNS-STBOX1 2.1.0
2025-10-28 21:16:01,881 [INFO] ThirdParty:1030 - CMSIS Pack Vendor :STMicroelectronics X-CUBE-AI 10.2.0
2025-10-28 21:16:01,881 [INFO] ThirdParty:1030 - CMSIS Pack Vendor :STMicroelectronics FP-SNS-STAIOTCFT 1.0.0
2025-10-28 21:16:01,881 [INFO] ThirdParty:1030 - CMSIS Pack Vendor :STMicroelectronics ThreadX 1.0.0
2025-10-28 21:16:01,881 [INFO] ThirdParty:1030 - CMSIS Pack Vendor :STMicroelectronics FP-SNS-SMARTAG2 1.2.0
2025-10-28 21:16:01,881 [INFO] ThirdParty:1030 - CMSIS Pack Vendor :STMicroelectronics FP-SNS-FLIGHT1 5.1.0
2025-10-28 21:16:01,881 [INFO] ThirdParty:1030 - CMSIS Pack Vendor :STMicroelectronics X-CUBE-AZRTOS-WL 2.0.0
2025-10-28 21:16:01,881 [INFO] ThirdParty:1030 - CMSIS Pack Vendor :SEGGER I-CUBE-embOS 1.3.1
2025-10-28 21:16:01,881 [INFO] ThirdParty:1030 - CMSIS Pack Vendor :STMicroelectronics X-CUBE-ALGOBUILD 1.4.0
2025-10-28 21:16:01,881 [INFO] ThirdParty:1030 - CMSIS Pack Vendor :STMicroelectronics X-CUBE-DPower 1.3.0
2025-10-28 21:16:01,881 [INFO] ThirdParty:1030 - CMSIS Pack Vendor :STMicroelectronics X-CUBE-MEMS1 11.3.0
2025-10-28 21:16:01,881 [INFO] ThirdParty:1030 - CMSIS Pack Vendor :STMicroelectronics FP-SNS-MOTENV1 5.0.0
2025-10-28 21:16:01,881 [INFO] ThirdParty:1030 - CMSIS Pack Vendor :STMicroelectronics USB_DEVICE 1.0.0
2025-10-28 21:16:01,881 [INFO] ThirdParty:1030 - CMSIS Pack Vendor :STMicroelectronics X-CUBE-AZRTOS-L4 2.0.0
2025-10-28 21:16:01,881 [INFO] ThirdParty:1030 - CMSIS Pack Vendor :STMicroelectronics ThreadX 0.0.2
2025-10-28 21:16:01,881 [INFO] ThirdParty:1030 - CMSIS Pack Vendor :WES I-CUBE-Cesium 1.3.0
2025-10-28 21:16:01,881 [INFO] ThirdParty:1030 - CMSIS Pack Vendor :STMicroelectronics lwIP 2.1.2
2025-10-28 21:16:01,881 [INFO] ThirdParty:1030 - CMSIS Pack Vendor :STMicroelectronics X-CUBE-SFXS2LP1 4.0.0
2025-10-28 21:16:01,882 [INFO] ThirdParty:1030 - CMSIS Pack Vendor :STMicroelectronics X-CUBE-BLE2 3.3.0
2025-10-28 21:16:01,882 [INFO] ThirdParty:1030 - CMSIS Pack Vendor :STMicroelectronics X-CUBE-TOF1 3.4.3
2025-10-28 21:16:01,882 [INFO] ThirdParty:1030 - CMSIS Pack Vendor :STMicroelectronics PDM2PCM 3.2.0
2025-10-28 21:16:01,882 [INFO] ThirdParty:841 - exiting critical section [change project]
2025-10-28 21:16:01,996 [INFO] PinOutPanel:1589 - setPackage(No Configuration,No Configuration)
2025-10-28 21:16:02,006 [INFO] PinOutPanel:1589 - setPackage(STM32F103C8Tx,LQFP48)
2025-10-28 21:16:02,821 [INFO] UtilMem:75 - Before build in PCC Used Memory: 371935616 Bytes (1073741824)
2025-10-28 21:16:02,979 [INFO] UtilMem:75 - After build in PCC Used Memory: 413878656 Bytes (1073741824)
2025-10-28 21:16:02,990 [INFO] IPUIPlugin:80 - create IPUIPlugin
2025-10-28 21:16:02,990 [INFO] IPUIPlugin:80 - create IPUIPlugin
2025-10-28 21:16:02,990 [INFO] IPUIPlugin:80 - create IPUIPlugin
2025-10-28 21:16:02,990 [INFO] IPUIPlugin:80 - create IPUIPlugin
2025-10-28 21:16:02,990 [INFO] IPUIPlugin:80 - create IPUIPlugin
2025-10-28 21:16:02,990 [INFO] IPUIPlugin:80 - create IPUIPlugin
2025-10-28 21:16:02,990 [INFO] IPUIPlugin:80 - create IPUIPlugin
2025-10-28 21:16:02,990 [INFO] IPUIPlugin:80 - create IPUIPlugin
2025-10-28 21:16:02,990 [INFO] IPUIPlugin:80 - create IPUIPlugin
2025-10-28 21:16:02,990 [INFO] IPUIPlugin:80 - create IPUIPlugin
2025-10-28 21:16:02,990 [INFO] IPUIPlugin:80 - create IPUIPlugin
2025-10-28 21:16:02,990 [INFO] IPUIPlugin:80 - create IPUIPlugin
2025-10-28 21:16:02,990 [INFO] IPUIPlugin:80 - create IPUIPlugin
2025-10-28 21:16:02,990 [INFO] IPUIPlugin:80 - create IPUIPlugin
2025-10-28 21:16:02,990 [INFO] IPUIPlugin:80 - create IPUIPlugin
2025-10-28 21:16:02,990 [INFO] IPUIPlugin:80 - create IPUIPlugin
2025-10-28 21:16:02,990 [INFO] IPUIPlugin:80 - create IPUIPlugin
2025-10-28 21:16:02,990 [INFO] IPUIPlugin:80 - create IPUIPlugin
2025-10-28 21:16:02,991 [INFO] IPUIPlugin:80 - create IPUIPlugin
2025-10-28 21:16:02,991 [INFO] IPUIPlugin:80 - create IPUIPlugin
2025-10-28 21:16:02,991 [INFO] IPUIPlugin:80 - create IPUIPlugin
2025-10-28 21:16:02,991 [INFO] IPUIPlugin:80 - create IPUIPlugin
2025-10-28 21:16:02,991 [INFO] IPUIPlugin:80 - create IPUIPlugin
2025-10-28 21:16:02,991 [INFO] IPUIPlugin:80 - create IPUIPlugin
2025-10-28 21:16:02,991 [INFO] IPUIPlugin:80 - create IPUIPlugin
2025-10-28 21:16:02,991 [INFO] IPUIPlugin:80 - create IPUIPlugin
2025-10-28 21:16:02,991 [INFO] IPUIPlugin:80 - create IPUIPlugin
2025-10-28 21:16:02,992 [WARN] IP:2250 - I2C_Coeff_DF not found: check if there is a RefParameter without a condition.
2025-10-28 21:16:02,992 [WARN] IP:2250 - Analog_Filter not found: check if there is a RefParameter without a condition.
2025-10-28 21:16:02,992 [WARN] IP:2250 - I2C_Coeff_DF not found: check if there is a RefParameter without a condition.
2025-10-28 21:16:02,992 [WARN] IP:2250 - Analog_Filter not found: check if there is a RefParameter without a condition.
2025-10-28 21:16:03,031 [INFO] CADModel:165 - CPN selected for project levelSTM32F103C8T6
2025-10-28 21:16:03,031 [INFO] CADModel:114 - Register for checkConnection events
2025-10-28 21:16:03,082 [INFO] OpenFileManager:386 - Restore cursor
2025-10-28 21:16:03,181 [WARN] IP:2250 - I2C_Coeff_DF not found: check if there is a RefParameter without a condition.
2025-10-28 21:16:03,181 [WARN] IP:2250 - Analog_Filter not found: check if there is a RefParameter without a condition.
2025-10-28 21:16:03,181 [WARN] IP:2250 - I2C_Coeff_DF not found: check if there is a RefParameter without a condition.
2025-10-28 21:16:03,181 [WARN] IP:2250 - Analog_Filter not found: check if there is a RefParameter without a condition.
2025-10-28 21:16:03,182 [WARN] IP:2250 - I2C_Coeff_DF not found: check if there is a RefParameter without a condition.
2025-10-28 21:16:03,182 [WARN] IP:2250 - Analog_Filter not found: check if there is a RefParameter without a condition.
2025-10-28 21:16:03,183 [WARN] IP:2250 - I2C_Coeff_DF not found: check if there is a RefParameter without a condition.
2025-10-28 21:16:03,183 [WARN] IP:2250 - Analog_Filter not found: check if there is a RefParameter without a condition.
2025-10-28 21:16:10,625 [WARN] IP:2250 - I2C_Coeff_DF not found: check if there is a RefParameter without a condition.
2025-10-28 21:16:10,625 [WARN] IP:2250 - Analog_Filter not found: check if there is a RefParameter without a condition.
2025-10-28 21:16:17,199 [INFO] UtilMem:75 - End SaveConfig() Used Memory: 750471552 Bytes (1073741824)
2025-10-28 21:16:19,344 [INFO] UtilMem:75 - End SaveConfig() Used Memory: 768823680 Bytes (1073741824)
2025-10-28 21:16:23,730 [INFO] UtilMem:75 - End SaveConfig() Used Memory: 810766720 Bytes (1073741824)
2025-10-28 21:16:23,985 [INFO] BlockDiagram:2775 - set Specific Code input for plugin: RTC
2025-10-28 21:16:23,985 [INFO] BlockDiagram:2775 - set Specific Code input for plugin: NVIC
2025-10-28 21:16:23,985 [INFO] BlockDiagram:2775 - set Specific Code input for plugin: TIM1_8F1
2025-10-28 21:16:23,986 [INFO] BlockDiagram:2775 - set Specific Code input for plugin: SYS
2025-10-28 21:16:23,986 [INFO] BlockDiagram:2775 - set Specific Code input for plugin: GPIO
2025-10-28 21:16:23,986 [INFO] BlockDiagram:2775 - set Specific Code input for plugin: RCC
2025-10-28 21:16:23,986 [INFO] BlockDiagram:2775 - set Specific Code input for plugin: I2C
2025-10-28 21:16:23,986 [INFO] CodeGenerator:892 - code generatio: config db path: C:\ST\STM32CubeIDE_1.19.0\STM32CubeIDE\plugins\com.st.stm32cube.common.mx_6.15.0.202507011659\\db\
2025-10-28 21:16:24,059 [WARN] IP:2250 - I2C_Coeff_DF not found: check if there is a RefParameter without a condition.
2025-10-28 21:16:24,059 [WARN] IP:2250 - Analog_Filter not found: check if there is a RefParameter without a condition.
2025-10-28 21:16:24,127 [INFO] CodeEngine:265 - oldGeneratedFile, C:\Users\nico2\OneDrive\Desktop\EMBEBIDOS\COMEDERO_RTC\MXTmpFiles\license.tmp_save
2025-10-28 21:16:24,676 [INFO] CodeEngine:289 - Generated code: C:\Users\nico2\OneDrive\Desktop\EMBEBIDOS\COMEDERO_RTC\MXTmpFiles\license.tmp
2025-10-28 21:16:24,774 [INFO] CodeEngine:265 - oldGeneratedFile, C:\Users\nico2\OneDrive\Desktop\EMBEBIDOS\COMEDERO_RTC\MXTmpFiles\gpio.tmp_save
2025-10-28 21:16:25,030 [INFO] CodeEngine:289 - Generated code: C:\Users\nico2\OneDrive\Desktop\EMBEBIDOS\COMEDERO_RTC\MXTmpFiles\gpio.tmp
2025-10-28 21:16:26,577 [INFO] CodeEngine:265 - oldGeneratedFile, C:\Users\nico2\OneDrive\Desktop\EMBEBIDOS\COMEDERO_RTC\Core\Src\stm32f1xx_it.c_save
2025-10-28 21:16:26,776 [INFO] CodeEngine:289 - Generated code: C:\Users\nico2\OneDrive\Desktop\EMBEBIDOS\COMEDERO_RTC\Core\Src\stm32f1xx_it.c
2025-10-28 21:16:26,812 [INFO] CodeEngine:265 - oldGeneratedFile, C:\Users\nico2\OneDrive\Desktop\EMBEBIDOS\COMEDERO_RTC\Core\Inc\stm32f1xx_it.h_save
2025-10-28 21:16:26,947 [INFO] CodeEngine:289 - Generated code: C:\Users\nico2\OneDrive\Desktop\EMBEBIDOS\COMEDERO_RTC\Core\Inc\stm32f1xx_it.h
2025-10-28 21:16:26,957 [INFO] CodeEngine:265 - oldGeneratedFile, C:\Users\nico2\OneDrive\Desktop\EMBEBIDOS\COMEDERO_RTC\Core\Src\stm32f1xx_hal_msp.c_save
2025-10-28 21:16:27,209 [INFO] CodeEngine:289 - Generated code: C:\Users\nico2\OneDrive\Desktop\EMBEBIDOS\COMEDERO_RTC\Core\Src\stm32f1xx_hal_msp.c
2025-10-28 21:16:27,245 [INFO] CodeEngine:265 - oldGeneratedFile, C:\Users\nico2\OneDrive\Desktop\EMBEBIDOS\COMEDERO_RTC\MXTmpFiles\system.tmp_save
2025-10-28 21:16:27,382 [INFO] CodeEngine:289 - Generated code: C:\Users\nico2\OneDrive\Desktop\EMBEBIDOS\COMEDERO_RTC\MXTmpFiles\system.tmp
2025-10-28 21:16:27,387 [INFO] CodeEngine:321 - oldGeneratedFile, C:\Users\nico2\OneDrive\Desktop\EMBEBIDOS\COMEDERO_RTC\Core\Inc\stm32f1xx_hal_conf.h_save
2025-10-28 21:16:27,475 [INFO] CodeEngine:345 - Generated code: C:\Users\nico2\OneDrive\Desktop\EMBEBIDOS\COMEDERO_RTC\Core\Inc\stm32f1xx_hal_conf.h
2025-10-28 21:16:27,537 [INFO] ApiDbMcu:532 - Load IP Config File for I2C1
2025-10-28 21:16:27,539 [INFO] ApiDbMcu:532 - Load IP Config File for RTC
2025-10-28 21:16:27,566 [INFO] ApiDbMcu:532 - Load IP Config File for TIM2
2025-10-28 21:16:27,568 [INFO] ApiDbMcu:532 - Load IP Config File for RCC
2025-10-28 21:16:27,569 [WARN] IPConfigManager:3811 - IP not found : TIM
2025-10-28 21:16:27,569 [WARN] CodeGenerator:4259 - IP not found : null
2025-10-28 21:16:27,573 [INFO] CodeEngine:265 - oldGeneratedFile, C:\Users\nico2\OneDrive\Desktop\EMBEBIDOS\COMEDERO_RTC\Core\Inc\main.h_save
2025-10-28 21:16:27,761 [INFO] CodeEngine:289 - Generated code: C:\Users\nico2\OneDrive\Desktop\EMBEBIDOS\COMEDERO_RTC\Core\Inc\main.h
2025-10-28 21:16:27,766 [INFO] CodeEngine:265 - oldGeneratedFile, C:\Users\nico2\OneDrive\Desktop\EMBEBIDOS\COMEDERO_RTC\Core\Src\main.c_save
2025-10-28 21:16:27,895 [INFO] CodeEngine:289 - Generated code: C:\Users\nico2\OneDrive\Desktop\EMBEBIDOS\COMEDERO_RTC\Core\Src\main.c
2025-10-28 21:16:28,156 [INFO] ProjectBuilder:3606 - Time for Copy HAL[1] : 102mS.
2025-10-28 21:16:28,158 [INFO] ProjectBuilder:5216 - Project Generator version: 4.7.0-B52
2025-10-28 21:16:28,310 [INFO] ConfigFileManager:1595 - The Die is : DIE410
2025-10-28 21:16:28,312 [INFO] ApiDbMcu:532 - Load IP Config File for FATFS
2025-10-28 21:16:28,328 [INFO] ApiDbMcu:532 - Load IP Config File for FREERTOS
2025-10-28 21:16:28,334 [INFO] ApiDbMcu:532 - Load IP Config File for USB_DEVICE
2025-10-28 21:16:32,287 [INFO] ProjectBuilder:5496 - Time for Generating toolchain IDE Files: 4129mS.
2025-10-28 21:16:32,288 [INFO] ProjectBuilder:3463 - Time for Copy CMSIS : 0mS.
2025-10-28 21:16:32,290 [INFO] ProjectBuilder:3463 - Time for Copy CMSIS : 0mS.
2025-10-28 21:33:49,145 [INFO] MainUpdater:2872 - connection check result : 10
2025-10-28 21:33:49,146 [INFO] MainUpdater:2872 - connection check result : 10
2025-10-28 21:33:50,974 [INFO] MicroXplorer:468 - Change Database Path : 
2025-10-28 21:33:50,975 [INFO] MicroXplorer:498 - Change Database Version : DB.6.0.150
2025-10-28 21:33:51,039 [ERROR] ProjectManagerView:395 - 
java.lang.NullPointerException: Cannot invoke "javax.swing.JTextField.getText()" because the return value of "java.util.List.get(int)" is null
	at com.st.microxplorer.plugins.projectmanager.gui.ProjectChoiceTab$9.caretUpdate(ProjectChoiceTab.java:2706) ~[filemanager.jar:?]
	at javax.swing.text.JTextComponent.fireCaretUpdate(JTextComponent.java:408) ~[?:?]
	at javax.swing.text.JTextComponent$MutableCaretEvent.fire(JTextComponent.java:4484) ~[?:?]
	at javax.swing.text.JTextComponent$MutableCaretEvent.stateChanged(JTextComponent.java:4506) ~[?:?]
	at javax.swing.text.DefaultCaret.fireStateChanged(DefaultCaret.java:857) ~[?:?]
	at javax.swing.text.DefaultCaret.changeCaretPosition(DefaultCaret.java:1343) ~[?:?]
	at javax.swing.text.DefaultCaret.handleSetDot(DefaultCaret.java:1242) ~[?:?]
	at javax.swing.text.DefaultCaret.setDot(DefaultCaret.java:1223) ~[?:?]
	at javax.swing.text.DefaultCaret$Handler.insertUpdate(DefaultCaret.java:1819) ~[?:?]
	at javax.swing.text.AbstractDocument.fireInsertUpdate(AbstractDocument.java:227) ~[?:?]
	at javax.swing.text.AbstractDocument.handleInsertString(AbstractDocument.java:781) ~[?:?]
	at javax.swing.text.AbstractDocument.insertString(AbstractDocument.java:740) ~[?:?]
	at javax.swing.text.PlainDocument.insertString(PlainDocument.java:131) ~[?:?]
	at javax.swing.text.AbstractDocument.replace(AbstractDocument.java:699) ~[?:?]
	at javax.swing.text.JTextComponent.setText(JTextComponent.java:1725) ~[?:?]
	at com.st.microxplorer.plugins.projectmanager.gui.ProjectChoiceTab.createHeapStackFields(ProjectChoiceTab.java:993) ~[filemanager.jar:?]
	at com.st.microxplorer.plugins.projectmanager.gui.ProjectChoiceTab.buildLinkSettingsPanel(ProjectChoiceTab.java:3813) ~[filemanager.jar:?]
	at com.st.microxplorer.plugins.projectmanager.gui.ProjectChoiceTab.defineWindowsFields(ProjectChoiceTab.java:1987) ~[filemanager.jar:?]
	at com.st.microxplorer.plugins.projectmanager.gui.ProjectChoiceTab.updateSettings(ProjectChoiceTab.java:558) ~[filemanager.jar:?]
	at com.st.microxplorer.plugins.projectmanager.gui.ProjectSettingsPanel.UpdateDialog(ProjectSettingsPanel.java:247) ~[filemanager.jar:?]
	at com.st.microxplorer.plugins.projectmanager.ProjectManagerView.propertyChange(ProjectManagerView.java:392) ~[filemanager.jar:?]
	at java.beans.PropertyChangeSupport.fire(PropertyChangeSupport.java:343) ~[?:?]
	at java.beans.PropertyChangeSupport.firePropertyChange(PropertyChangeSupport.java:335) ~[?:?]
	at java.beans.PropertyChangeSupport.firePropertyChange(PropertyChangeSupport.java:268) ~[?:?]
	at com.st.microxplorer.util.MXPropertyChangeSupport.firePropertyChange(MXPropertyChangeSupport.java:54) ~[STM32CubeMX.jar:?]
	at com.st.microxplorer.mxsystem.MxSystem.closeConfig(MxSystem.java:899) ~[STM32CubeMX.jar:?]
	at com.st.microxplorer.maingui.MainPanel.closeConfig(MainPanel.java:792) ~[STM32CubeMX.jar:?]
	at com.st.microxplorer.plugins.filemanager.engine.OpenFileManager.loadConfigurationFile(OpenFileManager.java:288) ~[filemanager.jar:?]
	at com.st.microxplorer.plugins.filemanager.engine.MainFileManager.userLoadConfig(MainFileManager.java:364) ~[filemanager.jar:?]
	at com.st.microxplorer.plugins.filemanager.engine.MainFileManager.userLoadConfig(MainFileManager.java:342) ~[filemanager.jar:?]
	at com.st.microxplorer.plugins.filemanager.FileManagerView.getSpecificTask(FileManagerView.java:264) ~[filemanager.jar:?]
	at com.st.stm32cube.common.mx.editor.CubeMxEditor.getMxTabbedPaneInstance(CubeMxEditor.java:1198) ~[com.st.stm32cube.common.mx_6.15.0.202507011659/:?]
	at com.st.stm32cube.common.mx.editor.CubeMxEditor$12$1.createSwingComponent(CubeMxEditor.java:1068) ~[com.st.stm32cube.common.mx_6.15.0.202507011659/:?]
	at com.st.stm32cube.common.mx.oss.core.awtswtbridge.EmbeddedSwingComposite.doComponentCreation(EmbeddedSwingComposite.java:492) ~[com.st.stm32cube.common.mx.oss_6.15.0.202507011659/:?]
	at com.st.stm32cube.common.mx.oss.core.awtswtbridge.EmbeddedSwingComposite$4.run(EmbeddedSwingComposite.java:291) ~[com.st.stm32cube.common.mx.oss_6.15.0.202507011659/:?]
	at com.st.stm32cube.common.mx.oss.core.awtswtbridge.AwtEnvironment$2.run(AwtEnvironment.java:166) ~[com.st.stm32cube.common.mx.oss_6.15.0.202507011659/:?]
	at java.awt.event.InvocationEvent.dispatch(InvocationEvent.java:318) ~[?:?]
	at java.awt.EventQueue.dispatchEventImpl(EventQueue.java:773) ~[?:?]
	at java.awt.EventQueue$4.run(EventQueue.java:720) ~[?:?]
	at java.awt.EventQueue$4.run(EventQueue.java:714) ~[?:?]
	at java.security.AccessController.doPrivileged(AccessController.java:400) ~[?:?]
	at java.security.ProtectionDomain$JavaSecurityAccessImpl.doIntersectionPrivilege(ProtectionDomain.java:87) ~[?:?]
	at java.awt.EventQueue.dispatchEvent(EventQueue.java:742) ~[?:?]
	at java.awt.EventDispatchThread.pumpOneEventForFilters(EventDispatchThread.java:203) ~[?:?]
	at java.awt.EventDispatchThread.pumpEventsForFilter(EventDispatchThread.java:124) ~[?:?]
	at java.awt.EventDispatchThread.pumpEventsForHierarchy(EventDispatchThread.java:113) ~[?:?]
	at java.awt.EventDispatchThread.pumpEvents(EventDispatchThread.java:109) ~[?:?]
	at java.awt.EventDispatchThread.pumpEvents(EventDispatchThread.java:101) ~[?:?]
	at java.awt.EventDispatchThread.run(EventDispatchThread.java:90) ~[?:?]
2025-10-28 21:33:51,040 [WARN] ThirdParty:871 - waiting for thirdparty lock release [close project]
2025-10-28 21:33:51,040 [INFO] ThirdParty:873 - entering critical section [close project]
2025-10-28 21:33:51,040 [INFO] ThirdParty:883 - exiting critical section [close project]
2025-10-28 21:33:51,041 [INFO] PinOutPanel:1589 - setPackage(No Configuration,No Configuration)
2025-10-28 21:33:51,044 [INFO] UtilMem:75 - Begin LoadConfig() Used Memory: 349175808 Bytes (972029952)
2025-10-28 21:33:51,044 [INFO] MicroXplorer:468 - Change Database Path : 
2025-10-28 21:33:51,044 [INFO] MicroXplorer:498 - Change Database Version : DB.6.0.150
2025-10-28 21:33:51,044 [INFO] OpenFileManager:355 - Change cursor
2025-10-28 21:33:51,373 [INFO] RulesReader:64 - Compatibility file has been processed (317 Rules)
2025-10-28 21:33:51,377 [INFO] Mcu:2029 - Initializing MCU STM32F103C(8-B)Tx STM32F103C8Tx STM32F103C8T6
2025-10-28 21:33:55,939 [INFO] Context:786 - Trying to add GPIOservice into a context  which must be forbidden
2025-10-28 21:33:56,970 [INFO] ImportTextPane:234 - (OptionalMessage_ERROR) Pin17 (VP_RIF_VS_RIF1) cannot be retrieved for this MCU
2025-10-28 21:33:57,303 [INFO] RtosManager:558 - Registered RTOS mode: class=CMSIS, group=RTOS, mode=CMSIS_V1, owner=FREERTOS
2025-10-28 21:33:57,303 [INFO] RtosManager:558 - Registered RTOS mode: class=CMSIS, group=RTOS2, mode=CMSIS_V2, owner=FREERTOS
2025-10-28 21:33:57,304 [INFO] RtosManager:558 - Registered RTOS mode: class=RTOS, group=Core, mode=CMSIS_V1, owner=FREERTOS
2025-10-28 21:33:57,304 [INFO] RtosManager:558 - Registered RTOS mode: class=RTOS, group=Core, mode=CMSIS_V2, owner=FREERTOS
2025-10-28 21:33:57,304 [WARN] ModelIntegratedComponent:184 - Missing modes for component STMicroelectronics:FreeRTOS:0.0.1:STMicroelectronics:RTOS:FreeRTOS:Core:::10.2.0:
2025-10-28 21:33:57,408 [WARN] ModelIntegratedComponent:63 - No mode defined for component null
2025-10-28 21:33:57,408 [WARN] ModelIntegratedComponent:63 - No mode defined for component null
2025-10-28 21:33:57,408 [WARN] ModelIntegratedComponent:63 - No mode defined for component null
2025-10-28 21:33:57,408 [WARN] ModelIntegratedComponent:63 - No mode defined for component null
2025-10-28 21:33:57,408 [WARN] ModelIntegratedComponent:63 - No mode defined for component null
2025-10-28 21:33:57,409 [WARN] ModelIntegratedComponent:63 - No mode defined for component null
2025-10-28 21:33:57,409 [WARN] ModelIntegratedComponent:63 - No mode defined for component null
2025-10-28 21:33:57,410 [WARN] ModelIntegratedComponent:63 - No mode defined for component null
2025-10-28 21:33:57,410 [WARN] ModelIntegratedComponent:63 - No mode defined for component null
2025-10-28 21:33:57,410 [WARN] ModelIntegratedComponent:63 - No mode defined for component null
2025-10-28 21:33:57,410 [WARN] ModelIntegratedComponent:63 - No mode defined for component null
2025-10-28 21:33:57,410 [WARN] ModelIntegratedComponent:63 - No mode defined for component null
2025-10-28 21:33:57,410 [WARN] ModelIntegratedComponent:63 - No mode defined for component null
2025-10-28 21:33:57,410 [WARN] ModelIntegratedComponent:63 - No mode defined for component null
2025-10-28 21:33:57,410 [WARN] ModelIntegratedComponent:63 - No mode defined for component null
2025-10-28 21:33:57,410 [WARN] ModelIntegratedComponent:63 - No mode defined for component null
2025-10-28 21:33:57,410 [WARN] ModelIntegratedComponent:63 - No mode defined for component null
2025-10-28 21:33:57,410 [WARN] ModelIntegratedComponent:63 - No mode defined for component null
2025-10-28 21:33:57,411 [WARN] ModelIntegratedComponent:63 - No mode defined for component null
2025-10-28 21:33:57,411 [WARN] ModelIntegratedComponent:63 - No mode defined for component null
2025-10-28 21:33:57,411 [WARN] ModelIntegratedComponent:63 - No mode defined for component null
2025-10-28 21:33:57,411 [WARN] ModelIntegratedComponent:63 - No mode defined for component null
2025-10-28 21:33:57,411 [WARN] ModelIntegratedComponent:63 - No mode defined for component null
2025-10-28 21:33:57,411 [WARN] ModelIntegratedComponent:63 - No mode defined for component null
2025-10-28 21:33:57,411 [WARN] ModelIntegratedComponent:63 - No mode defined for component null
2025-10-28 21:33:57,412 [WARN] ModelIntegratedComponent:63 - No mode defined for component null
2025-10-28 21:33:57,412 [WARN] ModelIntegratedComponent:63 - No mode defined for component null
2025-10-28 21:33:57,412 [WARN] ModelIntegratedComponent:63 - No mode defined for component null
2025-10-28 21:33:57,413 [WARN] ModelIntegratedComponent:63 - No mode defined for component null
2025-10-28 21:33:57,413 [WARN] ModelIntegratedComponent:63 - No mode defined for component null
2025-10-28 21:33:57,413 [WARN] ModelIntegratedComponent:63 - No mode defined for component null
2025-10-28 21:33:57,413 [WARN] ModelIntegratedComponent:63 - No mode defined for component null
2025-10-28 21:33:57,413 [WARN] ModelIntegratedComponent:63 - No mode defined for component null
2025-10-28 21:33:57,413 [WARN] ModelIntegratedComponent:63 - No mode defined for component null
2025-10-28 21:33:57,413 [WARN] ModelIntegratedComponent:63 - No mode defined for component null
2025-10-28 21:33:57,413 [WARN] ModelPack:524 - Component already loaded: STMicroelectronics:HAL Drivers:0.0.0:STMicroelectronics:Device:STMicro_Driver:XSPI:HAL::0.0.1:HAL_XSPI
2025-10-28 21:33:57,745 [INFO] ThirdPartyModel:298 - Start build external matchings
2025-10-28 21:33:58,130 [INFO] ThirdPartyModel:316 - End build external matchings
2025-10-28 21:33:58,176 [INFO] ImportTextPane:234 - (OptionalMessage_ERROR) IP (RCC) : Invalid parameter (FamilyName)
2025-10-28 21:33:58,177 [INFO] ImportTextPane:234 - (OptionalMessage_ERROR) IP (RCC) : Parameter (USBFreq_Value) has invalid value (16000000)
2025-10-28 21:34:05,328 [INFO] UtilMem:75 - End LoadConfig() Used Memory: 406852192 Bytes (972029952)
2025-10-28 21:34:05,387 [WARN] ThirdParty:833 - waiting for thirdparty lock release [change project]
2025-10-28 21:34:05,388 [INFO] ThirdParty:835 - entering critical section [change project]
2025-10-28 21:34:05,388 [INFO] ThirdParty:1030 - CMSIS Pack Vendor :STMicroelectronics X-CUBE-PM33A1 1.0.0
2025-10-28 21:34:05,388 [INFO] ThirdParty:1030 - CMSIS Pack Vendor :STMicroelectronics USBPD 4.1
2025-10-28 21:34:05,388 [INFO] ThirdParty:1030 - CMSIS Pack Vendor :STMicroelectronics X-CUBE-NFC9 1.0.0
2025-10-28 21:34:05,392 [INFO] ThirdParty:1030 - CMSIS Pack Vendor :STMicroelectronics USB_HOST 2.0.0
2025-10-28 21:34:05,392 [INFO] ThirdParty:1030 - CMSIS Pack Vendor :STMicroelectronics FP-SNS-MOTENVWB1 1.4.0
2025-10-28 21:34:05,392 [INFO] ThirdParty:1030 - CMSIS Pack Vendor :STMicroelectronics X-CUBE-AZRTOS-F4 1.1.0
2025-10-28 21:34:05,392 [INFO] ThirdParty:1030 - CMSIS Pack Vendor :STMicroelectronics LIBJPEG 8.0.0
2025-10-28 21:34:05,392 [INFO] ThirdParty:1030 - CMSIS Pack Vendor :STMicroelectronics FP-ATR-ASTRA1 2.0.2
2025-10-28 21:34:05,392 [INFO] ThirdParty:1030 - CMSIS Pack Vendor :STMicroelectronics X-CUBE-BLE1 7.1.0
2025-10-28 21:34:05,392 [INFO] ThirdParty:1030 - CMSIS Pack Vendor :STMicroelectronics X-CUBE-SMBUS 2.1.0
2025-10-28 21:34:05,392 [INFO] ThirdParty:1030 - CMSIS Pack Vendor :STMicroelectronics USB_DEVICE 3.0.0
2025-10-28 21:34:05,392 [INFO] ThirdParty:1030 - CMSIS Pack Vendor :STMicroelectronics X-CUBE-ISPU 2.1.0
2025-10-28 21:34:05,393 [INFO] ThirdParty:1030 - CMSIS Pack Vendor :STMicroelectronics X-CUBE-EEPRMA1 5.2.0
2025-10-28 21:34:05,393 [INFO] ThirdParty:1030 - CMSIS Pack Vendor :STMicroelectronics X-CUBE-IPS 3.2.0
2025-10-28 21:34:05,393 [INFO] ThirdParty:1030 - CMSIS Pack Vendor :STMicroelectronics X-CUBE-BLEMGR 4.1.0
2025-10-28 21:34:05,393 [INFO] ThirdParty:1030 - CMSIS Pack Vendor :STMicroelectronics X-CUBE-AZRTOS-WB 2.0.0
2025-10-28 21:34:05,393 [INFO] ThirdParty:1030 - CMSIS Pack Vendor :STMicroelectronics X-CUBE-ST60 1.0.0
2025-10-28 21:34:05,393 [INFO] ThirdParty:1030 - CMSIS Pack Vendor :STMicroelectronics X-CUBE-GNSS1 7.0.1
2025-10-28 21:34:05,395 [INFO] ThirdParty:1030 - CMSIS Pack Vendor :STMicroelectronics X-CUBE-NFC12 1.0.0
2025-10-28 21:34:05,395 [INFO] ThirdParty:1030 - CMSIS Pack Vendor :STMicroelectronics X-CUBE-AZRTOS-F7 1.1.0
2025-10-28 21:34:05,396 [INFO] ThirdParty:1030 - CMSIS Pack Vendor :STMicroelectronics X-CUBE-AZRTOS-L5 2.0.0
2025-10-28 21:34:05,396 [INFO] ThirdParty:1030 - CMSIS Pack Vendor :STMicroelectronics X-CUBE-TOUCHGFX 4.25.0
2025-10-28 21:34:05,397 [INFO] ThirdParty:1030 - CMSIS Pack Vendor :STMicroelectronics USB_DEVICE 2.0.0
2025-10-28 21:34:05,401 [INFO] ThirdParty:1030 - CMSIS Pack Vendor :STMicroelectronics X-CUBE-NFC6 3.1.0
2025-10-28 21:34:05,405 [INFO] ThirdParty:1030 - CMSIS Pack Vendor :STMicroelectronics X-CUBE-ST67W61 1.1.0
2025-10-28 21:34:05,413 [INFO] ThirdParty:1030 - CMSIS Pack Vendor :Cesanta I-CUBE-Mongoose 7.19.0
2025-10-28 21:34:05,419 [INFO] ThirdParty:1030 - CMSIS Pack Vendor :quantropi X-CUBE-qispace-sdk-base 2.1.0
2025-10-28 21:34:05,420 [INFO] ThirdParty:1030 - CMSIS Pack Vendor :STMicroelectronics FreeRTOS 0.0.1
2025-10-28 21:34:05,420 [INFO] ThirdParty:1030 - CMSIS Pack Vendor :STMicroelectronics X-CUBE-AZRTOS-G0 1.1.0
2025-10-28 21:34:05,421 [INFO] ThirdParty:1030 - CMSIS Pack Vendor :STMicroelectronics X-CUBE-SAFEA1 1.2.2
2025-10-28 21:34:05,421 [INFO] ThirdParty:1030 - CMSIS Pack Vendor :STMicroelectronics X-CUBE-NFC4 3.0.0
2025-10-28 21:34:05,421 [INFO] ThirdParty:1030 - CMSIS Pack Vendor :STMicroelectronics X-CUBE-SUBG2 5.0.0
2025-10-28 21:34:05,421 [INFO] ThirdParty:1030 - CMSIS Pack Vendor :STMicroelectronics X-CUBE-AZRTOS-H7RS 1.1.0
2025-10-28 21:34:05,421 [INFO] ThirdParty:1030 - CMSIS Pack Vendor :STMicroelectronics STM32_WPAN 1.0.0
2025-10-28 21:34:05,421 [INFO] ThirdParty:1030 - CMSIS Pack Vendor :EmbeddedOffice I-CUBE-FS-RTOS 1.0.1
2025-10-28 21:34:05,421 [INFO] ThirdParty:1030 - CMSIS Pack Vendor :STMicroelectronics lwIP 2.0.3
2025-10-28 21:34:05,421 [INFO] ThirdParty:1030 - CMSIS Pack Vendor :STMicroelectronics USB_HOST 1.0.0
2025-10-28 21:34:05,421 [INFO] ThirdParty:1030 - CMSIS Pack Vendor :Infineon AIROC-Wi-Fi-Bluetooth-STM32 1.7.1
2025-10-28 21:34:05,421 [INFO] ThirdParty:1030 - CMSIS Pack Vendor :STMicroelectronics X-CUBE-AZRTOS-G4 2.0.0
2025-10-28 21:34:05,421 [INFO] ThirdParty:1030 - CMSIS Pack Vendor :STMicroelectronics X-CUBE-WB05N 2.0.0
2025-10-28 21:34:05,421 [INFO] ThirdParty:1030 - CMSIS Pack Vendor :STMicroelectronics PDM2PCM 3.1.0
2025-10-28 21:34:05,421 [INFO] ThirdParty:1030 - CMSIS Pack Vendor :STMicroelectronics PDM2PCM 3.3.0
2025-10-28 21:34:05,421 [INFO] ThirdParty:1030 - CMSIS Pack Vendor :STMicroelectronics X-CUBE-AZRTOS-H7 3.4.0
2025-10-28 21:34:05,421 [INFO] ThirdParty:1030 - CMSIS Pack Vendor :STMicroelectronics X-CUBE-DISPLAY 3.0.0
2025-10-28 21:34:05,421 [INFO] ThirdParty:1030 - CMSIS Pack Vendor :STMicroelectronics X-CUBE-NFC7 2.0.0
2025-10-28 21:34:05,421 [INFO] ThirdParty:1030 - CMSIS Pack Vendor :STMicroelectronics X-CUBE-TCPP 4.2.0
2025-10-28 21:34:05,421 [INFO] ThirdParty:1030 - CMSIS Pack Vendor :RealThread X-CUBE-RT-Thread_Nano 4.1.1
2025-10-28 21:34:05,421 [INFO] ThirdParty:1030 - CMSIS Pack Vendor :STMicroelectronics FP-ATR-SIGFOX1 3.2.0
2025-10-28 21:34:05,421 [INFO] ThirdParty:1030 - CMSIS Pack Vendor :STMicroelectronics X-CUBE-NFC10 1.0.0
2025-10-28 21:34:05,421 [INFO] ThirdParty:1030 - CMSIS Pack Vendor :STMicroelectronics X-CUBE-FREERTOS 1.3.1
2025-10-28 21:34:05,421 [INFO] ThirdParty:1030 - CMSIS Pack Vendor :STMicroelectronics HAL Drivers 0.0.0
2025-10-28 21:34:05,421 [INFO] ThirdParty:1030 - CMSIS Pack Vendor :STMicroelectronics MBEDTLS 2.16.2
2025-10-28 21:34:05,421 [INFO] ThirdParty:1030 - CMSIS Pack Vendor :STMicroelectronics X-CUBE-ST60 1.1.0
2025-10-28 21:34:05,421 [INFO] ThirdParty:1030 - CMSIS Pack Vendor :STMicroelectronics X-CUBE-IPS 3.1.0
2025-10-28 21:34:05,421 [INFO] ThirdParty:1030 - CMSIS Pack Vendor :STMicroelectronics X-CUBE-ALS 1.0.2
2025-10-28 21:34:05,421 [INFO] ThirdParty:1030 - CMSIS Pack Vendor :emotas I-CUBE-CANOPEN 1.3.0
2025-10-28 21:34:05,421 [INFO] ThirdParty:1030 - CMSIS Pack Vendor :STMicroelectronics MBEDTLS 2.14.1
2025-10-28 21:34:05,421 [INFO] ThirdParty:1030 - CMSIS Pack Vendor :ITTIA_DB I-CUBE-ITTIADB 8.9.0
2025-10-28 21:34:05,421 [INFO] ThirdParty:1030 - CMSIS Pack Vendor :STMicroelectronics X-CUBE-TOUCHGFX 4.26.0
2025-10-28 21:34:05,421 [INFO] ThirdParty:1030 - CMSIS Pack Vendor :STMicroelectronics X-CUBE-STSE01 1.0.0
2025-10-28 21:34:05,421 [INFO] ThirdParty:1030 - CMSIS Pack Vendor :STMicroelectronics X-CUBE-ST67W61 1.0.0
2025-10-28 21:34:05,421 [INFO] ThirdParty:1030 - CMSIS Pack Vendor :STMicroelectronics FP-SNS-STBOX1 2.1.0
2025-10-28 21:34:05,422 [INFO] ThirdParty:1030 - CMSIS Pack Vendor :STMicroelectronics X-CUBE-AI 10.2.0
2025-10-28 21:34:05,423 [INFO] ThirdParty:1030 - CMSIS Pack Vendor :STMicroelectronics FP-SNS-STAIOTCFT 1.0.0
2025-10-28 21:34:05,423 [INFO] ThirdParty:1030 - CMSIS Pack Vendor :STMicroelectronics ThreadX 1.0.0
2025-10-28 21:34:05,423 [INFO] ThirdParty:1030 - CMSIS Pack Vendor :STMicroelectronics FP-SNS-SMARTAG2 1.2.0
2025-10-28 21:34:05,423 [INFO] ThirdParty:1030 - CMSIS Pack Vendor :STMicroelectronics FP-SNS-FLIGHT1 5.1.0
2025-10-28 21:34:05,423 [INFO] ThirdParty:1030 - CMSIS Pack Vendor :STMicroelectronics X-CUBE-AZRTOS-WL 2.0.0
2025-10-28 21:34:05,423 [INFO] ThirdParty:1030 - CMSIS Pack Vendor :SEGGER I-CUBE-embOS 1.3.1
2025-10-28 21:34:05,424 [INFO] ThirdParty:1030 - CMSIS Pack Vendor :STMicroelectronics X-CUBE-ALGOBUILD 1.4.0
2025-10-28 21:34:05,424 [INFO] ThirdParty:1030 - CMSIS Pack Vendor :STMicroelectronics X-CUBE-DPower 1.3.0
2025-10-28 21:34:05,424 [INFO] ThirdParty:1030 - CMSIS Pack Vendor :STMicroelectronics X-CUBE-MEMS1 11.3.0
2025-10-28 21:34:05,424 [INFO] ThirdParty:1030 - CMSIS Pack Vendor :STMicroelectronics FP-SNS-MOTENV1 5.0.0
2025-10-28 21:34:05,424 [INFO] ThirdParty:1030 - CMSIS Pack Vendor :STMicroelectronics USB_DEVICE 1.0.0
2025-10-28 21:34:05,424 [INFO] ThirdParty:1030 - CMSIS Pack Vendor :STMicroelectronics X-CUBE-AZRTOS-L4 2.0.0
2025-10-28 21:34:05,424 [INFO] ThirdParty:1030 - CMSIS Pack Vendor :STMicroelectronics ThreadX 0.0.2
2025-10-28 21:34:05,424 [INFO] ThirdParty:1030 - CMSIS Pack Vendor :WES I-CUBE-Cesium 1.3.0
2025-10-28 21:34:05,424 [INFO] ThirdParty:1030 - CMSIS Pack Vendor :STMicroelectronics lwIP 2.1.2
2025-10-28 21:34:05,424 [INFO] ThirdParty:1030 - CMSIS Pack Vendor :STMicroelectronics X-CUBE-SFXS2LP1 4.0.0
2025-10-28 21:34:05,424 [INFO] ThirdParty:1030 - CMSIS Pack Vendor :STMicroelectronics X-CUBE-BLE2 3.3.0
2025-10-28 21:34:05,424 [INFO] ThirdParty:1030 - CMSIS Pack Vendor :STMicroelectronics X-CUBE-TOF1 3.4.3
2025-10-28 21:34:05,424 [INFO] ThirdParty:1030 - CMSIS Pack Vendor :STMicroelectronics PDM2PCM 3.2.0
2025-10-28 21:34:05,424 [INFO] ThirdParty:841 - exiting critical section [change project]
2025-10-28 21:34:07,524 [INFO] PinOutPanel:1589 - setPackage(No Configuration,No Configuration)
2025-10-28 21:34:07,626 [INFO] PinOutPanel:1589 - setPackage(STM32F103C8Tx,LQFP48)
2025-10-28 21:34:09,450 [INFO] UtilMem:75 - Before build in PCC Used Memory: 344457216 Bytes (972029952)
2025-10-28 21:34:11,429 [INFO] UtilMem:75 - After build in PCC Used Memory: 387448832 Bytes (972029952)
2025-10-28 21:34:11,665 [INFO] IPUIPlugin:80 - create IPUIPlugin
2025-10-28 21:34:11,665 [INFO] IPUIPlugin:80 - create IPUIPlugin
2025-10-28 21:34:11,665 [INFO] IPUIPlugin:80 - create IPUIPlugin
2025-10-28 21:34:11,666 [INFO] IPUIPlugin:80 - create IPUIPlugin
2025-10-28 21:34:11,666 [INFO] IPUIPlugin:80 - create IPUIPlugin
2025-10-28 21:34:11,666 [INFO] IPUIPlugin:80 - create IPUIPlugin
2025-10-28 21:34:11,666 [INFO] IPUIPlugin:80 - create IPUIPlugin
2025-10-28 21:34:11,666 [INFO] IPUIPlugin:80 - create IPUIPlugin
2025-10-28 21:34:11,666 [INFO] IPUIPlugin:80 - create IPUIPlugin
2025-10-28 21:34:11,667 [INFO] IPUIPlugin:80 - create IPUIPlugin
2025-10-28 21:34:11,667 [INFO] IPUIPlugin:80 - create IPUIPlugin
2025-10-28 21:34:11,667 [INFO] IPUIPlugin:80 - create IPUIPlugin
2025-10-28 21:34:11,667 [INFO] IPUIPlugin:80 - create IPUIPlugin
2025-10-28 21:34:11,667 [INFO] IPUIPlugin:80 - create IPUIPlugin
2025-10-28 21:34:11,667 [INFO] IPUIPlugin:80 - create IPUIPlugin
2025-10-28 21:34:11,667 [INFO] IPUIPlugin:80 - create IPUIPlugin
2025-10-28 21:34:11,668 [INFO] IPUIPlugin:80 - create IPUIPlugin
2025-10-28 21:34:11,668 [INFO] IPUIPlugin:80 - create IPUIPlugin
2025-10-28 21:34:11,668 [INFO] IPUIPlugin:80 - create IPUIPlugin
2025-10-28 21:34:11,668 [INFO] IPUIPlugin:80 - create IPUIPlugin
2025-10-28 21:34:11,668 [INFO] IPUIPlugin:80 - create IPUIPlugin
2025-10-28 21:34:11,668 [INFO] IPUIPlugin:80 - create IPUIPlugin
2025-10-28 21:34:11,668 [INFO] IPUIPlugin:80 - create IPUIPlugin
2025-10-28 21:34:11,668 [INFO] IPUIPlugin:80 - create IPUIPlugin
2025-10-28 21:34:11,668 [INFO] IPUIPlugin:80 - create IPUIPlugin
2025-10-28 21:34:11,669 [INFO] IPUIPlugin:80 - create IPUIPlugin
2025-10-28 21:34:11,669 [INFO] IPUIPlugin:80 - create IPUIPlugin
2025-10-28 21:34:11,672 [WARN] IP:2250 - I2C_Coeff_DF not found: check if there is a RefParameter without a condition.
2025-10-28 21:34:11,672 [WARN] IP:2250 - Analog_Filter not found: check if there is a RefParameter without a condition.
2025-10-28 21:34:11,924 [INFO] CADModel:165 - CPN selected for project levelSTM32F103C8T6
2025-10-28 21:34:11,924 [INFO] CADModel:114 - Register for checkConnection events
2025-10-28 21:34:11,983 [INFO] OpenFileManager:386 - Restore cursor
2025-10-28 21:34:12,282 [WARN] IP:2250 - I2C_Coeff_DF not found: check if there is a RefParameter without a condition.
2025-10-28 21:34:12,282 [WARN] IP:2250 - Analog_Filter not found: check if there is a RefParameter without a condition.
2025-10-28 21:34:12,282 [WARN] IP:2250 - I2C_Coeff_DF not found: check if there is a RefParameter without a condition.
2025-10-28 21:34:12,282 [WARN] IP:2250 - Analog_Filter not found: check if there is a RefParameter without a condition.
2025-10-28 22:28:19,316 [INFO] Gpio:278 - dependency for GPIO [I2C1, RCC, SYS, TIM2]
2025-10-28 22:28:50,965 [INFO] UtilMem:75 - End SaveConfig() Used Memory: 469635520 Bytes (919601152)
2025-10-28 22:28:53,152 [INFO] UtilMem:75 - End SaveConfig() Used Memory: 490084800 Bytes (919601152)
2025-10-28 22:28:55,521 [INFO] UtilMem:75 - End SaveConfig() Used Memory: 567153088 Bytes (919601152)
2025-10-28 22:28:56,879 [INFO] BlockDiagram:2775 - set Specific Code input for plugin: RTC
2025-10-28 22:28:56,879 [INFO] BlockDiagram:2775 - set Specific Code input for plugin: NVIC
2025-10-28 22:28:56,879 [INFO] BlockDiagram:2775 - set Specific Code input for plugin: TIM1_8F1
2025-10-28 22:28:56,879 [INFO] BlockDiagram:2775 - set Specific Code input for plugin: SYS
2025-10-28 22:28:56,879 [INFO] BlockDiagram:2775 - set Specific Code input for plugin: GPIO
2025-10-28 22:28:56,879 [INFO] BlockDiagram:2775 - set Specific Code input for plugin: RCC
2025-10-28 22:28:56,879 [INFO] BlockDiagram:2775 - set Specific Code input for plugin: I2C
2025-10-28 22:28:56,879 [INFO] CodeGenerator:892 - code generatio: config db path: C:\ST\STM32CubeIDE_1.19.0\STM32CubeIDE\plugins\com.st.stm32cube.common.mx_6.15.0.202507011659\\db\
2025-10-28 22:28:56,880 [WARN] IP:2250 - I2C_Coeff_DF not found: check if there is a RefParameter without a condition.
2025-10-28 22:28:56,880 [WARN] IP:2250 - Analog_Filter not found: check if there is a RefParameter without a condition.
2025-10-28 22:28:57,365 [INFO] CodeEngine:265 - oldGeneratedFile, C:\Users\nico2\OneDrive\Desktop\EMBEBIDOS\COMEDERO_INTEGRACION\MXTmpFiles\license.tmp_save
2025-10-28 22:28:58,243 [INFO] CodeEngine:289 - Generated code: C:\Users\nico2\OneDrive\Desktop\EMBEBIDOS\COMEDERO_INTEGRACION\MXTmpFiles\license.tmp
2025-10-28 22:28:58,441 [INFO] CodeEngine:265 - oldGeneratedFile, C:\Users\nico2\OneDrive\Desktop\EMBEBIDOS\COMEDERO_INTEGRACION\MXTmpFiles\gpio.tmp_save
2025-10-28 22:28:59,014 [INFO] CodeEngine:289 - Generated code: C:\Users\nico2\OneDrive\Desktop\EMBEBIDOS\COMEDERO_INTEGRACION\MXTmpFiles\gpio.tmp
2025-10-28 22:28:59,676 [INFO] CodeEngine:265 - oldGeneratedFile, C:\Users\nico2\OneDrive\Desktop\EMBEBIDOS\COMEDERO_INTEGRACION\Core\Src\stm32f1xx_it.c_save
2025-10-28 22:29:02,419 [INFO] CodeEngine:289 - Generated code: C:\Users\nico2\OneDrive\Desktop\EMBEBIDOS\COMEDERO_INTEGRACION\Core\Src\stm32f1xx_it.c
2025-10-28 22:29:02,425 [INFO] CodeEngine:265 - oldGeneratedFile, C:\Users\nico2\OneDrive\Desktop\EMBEBIDOS\COMEDERO_INTEGRACION\Core\Inc\stm32f1xx_it.h_save
2025-10-28 22:29:02,576 [INFO] CodeEngine:289 - Generated code: C:\Users\nico2\OneDrive\Desktop\EMBEBIDOS\COMEDERO_INTEGRACION\Core\Inc\stm32f1xx_it.h
2025-10-28 22:29:02,588 [INFO] CodeEngine:265 - oldGeneratedFile, C:\Users\nico2\OneDrive\Desktop\EMBEBIDOS\COMEDERO_INTEGRACION\Core\Src\stm32f1xx_hal_msp.c_save
2025-10-28 22:29:02,883 [INFO] CodeEngine:289 - Generated code: C:\Users\nico2\OneDrive\Desktop\EMBEBIDOS\COMEDERO_INTEGRACION\Core\Src\stm32f1xx_hal_msp.c
2025-10-28 22:29:02,886 [INFO] CodeEngine:265 - oldGeneratedFile, C:\Users\nico2\OneDrive\Desktop\EMBEBIDOS\COMEDERO_INTEGRACION\MXTmpFiles\system.tmp_save
2025-10-28 22:29:02,953 [INFO] CodeEngine:289 - Generated code: C:\Users\nico2\OneDrive\Desktop\EMBEBIDOS\COMEDERO_INTEGRACION\MXTmpFiles\system.tmp
2025-10-28 22:29:02,961 [INFO] CodeEngine:321 - oldGeneratedFile, C:\Users\nico2\OneDrive\Desktop\EMBEBIDOS\COMEDERO_INTEGRACION\Core\Inc\stm32f1xx_hal_conf.h_save
2025-10-28 22:29:03,077 [INFO] CodeEngine:345 - Generated code: C:\Users\nico2\OneDrive\Desktop\EMBEBIDOS\COMEDERO_INTEGRACION\Core\Inc\stm32f1xx_hal_conf.h
2025-10-28 22:29:03,168 [INFO] ApiDbMcu:532 - Load IP Config File for I2C1
2025-10-28 22:29:03,173 [INFO] ApiDbMcu:532 - Load IP Config File for RTC
2025-10-28 22:29:03,178 [INFO] ApiDbMcu:532 - Load IP Config File for TIM2
2025-10-28 22:29:03,180 [INFO] ApiDbMcu:532 - Load IP Config File for RCC
2025-10-28 22:29:03,181 [WARN] IPConfigManager:3811 - IP not found : TIM
2025-10-28 22:29:03,181 [WARN] CodeGenerator:4259 - IP not found : null
2025-10-28 22:29:03,186 [INFO] CodeEngine:265 - oldGeneratedFile, C:\Users\nico2\OneDrive\Desktop\EMBEBIDOS\COMEDERO_INTEGRACION\Core\Inc\main.h_save
2025-10-28 22:29:03,439 [INFO] CodeEngine:289 - Generated code: C:\Users\nico2\OneDrive\Desktop\EMBEBIDOS\COMEDERO_INTEGRACION\Core\Inc\main.h
2025-10-28 22:29:03,445 [INFO] CodeEngine:265 - oldGeneratedFile, C:\Users\nico2\OneDrive\Desktop\EMBEBIDOS\COMEDERO_INTEGRACION\Core\Src\main.c_save
2025-10-28 22:29:03,717 [INFO] CodeEngine:289 - Generated code: C:\Users\nico2\OneDrive\Desktop\EMBEBIDOS\COMEDERO_INTEGRACION\Core\Src\main.c
2025-10-28 22:29:04,219 [INFO] ProjectBuilder:3606 - Time for Copy HAL[1] : 149mS.
2025-10-28 22:29:04,223 [INFO] ProjectBuilder:5216 - Project Generator version: 4.7.0-B52
2025-10-28 22:29:04,320 [INFO] ConfigFileManager:1595 - The Die is : DIE410
2025-10-28 22:29:04,325 [INFO] ApiDbMcu:532 - Load IP Config File for FATFS
2025-10-28 22:29:04,331 [INFO] ApiDbMcu:532 - Load IP Config File for FREERTOS
2025-10-28 22:29:04,337 [INFO] ApiDbMcu:532 - Load IP Config File for USB_DEVICE
2025-10-28 22:29:10,245 [INFO] ProjectBuilder:5496 - Time for Generating toolchain IDE Files: 6022mS.
2025-10-28 22:29:10,246 [INFO] ProjectBuilder:3463 - Time for Copy CMSIS : 0mS.
2025-10-28 22:29:10,248 [INFO] ProjectBuilder:3463 - Time for Copy CMSIS : 0mS.
2025-10-29 18:08:15,697 [INFO] Activator:176 - 


2025-10-29 18:08:15,699 [INFO] Activator:177 - !SESSION log4j initialized
2025-10-29 18:08:40,303 [INFO] LogOutputStream:77 - [STDOUT_REDIRECT] 
2025-10-29 18:08:43,683 [INFO] ApplicationProperties:184 - Using Application install path: C:\ST\STM32CubeIDE_1.19.0\STM32CubeIDE\plugins\com.st.stm32cube.common.mx_6.15.0.202507011659
2025-10-29 18:08:43,712 [INFO] DbMcusXml:78 - Set database path to: C:\ST\STM32CubeIDE_1.19.0\STM32CubeIDE\plugins\com.st.stm32cube.common.mx_6.15.0.202507011659\\db\/mcu/
2025-10-29 18:08:43,712 [INFO] ApiDb:274 - Set plugin database path to: C:\ST\STM32CubeIDE_1.19.0\STM32CubeIDE\plugins\com.st.stm32cube.common.mx_6.15.0.202507011659\\db\/plugins/boardmanager/
2025-10-29 18:08:43,712 [WARN] ApiDb:259 - Overriding images path with different value:  => C:\ST\STM32CubeIDE_1.19.0\STM32CubeIDE\plugins\com.st.stm32cube.common.mx_6.15.0.202507011659\\db\/plugins/mcufinder/images/
2025-10-29 18:08:43,730 [INFO] ApiDb:250 - Set database path to: C:\Users\nico2\.stmcufinder\plugins\mcufinder//mcu/
2025-10-29 18:08:43,731 [INFO] DbMcusAds:125 - Set database path to: C:\Users\nico2\.stmcufinder\plugins\mcufinder//mcu/
2025-10-29 18:08:43,735 [INFO] CrossReferenceDbSqlite:203 - Set database path to: C:\Users\nico2\.stmcufinder\plugins\mcufinder//mcu/cs/
2025-10-29 18:08:43,935 [INFO] RulesReader:64 - Compatibility file has been processed (317 Rules)
2025-10-29 18:08:44,104 [INFO] DbMcusXml:78 - Set database path to: C:\ST\STM32CubeIDE_1.19.0\STM32CubeIDE\plugins\com.st.stm32cube.common.mx_6.15.0.202507011659\\db\/mcu/
2025-10-29 18:08:44,104 [INFO] ApiDb:274 - Set plugin database path to: C:\ST\STM32CubeIDE_1.19.0\STM32CubeIDE\plugins\com.st.stm32cube.common.mx_6.15.0.202507011659\\db\/plugins/boardmanager/
2025-10-29 18:08:44,104 [INFO] ApiDb:261 - Set plugin images path to: C:\ST\STM32CubeIDE_1.19.0\STM32CubeIDE\plugins\com.st.stm32cube.common.mx_6.15.0.202507011659\\db\/plugins/mcufinder/images/
2025-10-29 18:08:44,105 [WARN] DbFile:41 - Overriding database path with different value: C:\Users\nico2\.stmcufinder\plugins\mcufinder/ => C:\Users\nico2\.stmcufinder\plugins\mcufinder
2025-10-29 18:08:44,106 [INFO] ApiDb:250 - Set database path to: C:\Users\nico2\.stmcufinder\plugins\mcufinder//mcu/
2025-10-29 18:08:44,106 [WARN] DbFile:41 - Overriding database path with different value: C:\Users\nico2\.stmcufinder\plugins\mcufinder/ => C:\Users\nico2\.stmcufinder\plugins\mcufinder
2025-10-29 18:08:44,106 [INFO] DbMcusAds:125 - Set database path to: C:\Users\nico2\.stmcufinder\plugins\mcufinder//mcu/
2025-10-29 18:08:44,106 [WARN] DbFile:41 - Overriding database path with different value: C:\Users\nico2\.stmcufinder\plugins\mcufinder/ => C:\Users\nico2\.stmcufinder\plugins\mcufinder
2025-10-29 18:08:44,106 [WARN] DbFile:41 - Overriding database path with different value: C:\Users\nico2\.stmcufinder\plugins\mcufinder/ => C:\Users\nico2\.stmcufinder\plugins\mcufinder
2025-10-29 18:08:44,106 [INFO] CrossReferenceDbSqlite:203 - Set database path to: C:\Users\nico2\.stmcufinder\plugins\mcufinder//mcu/cs/
2025-10-29 18:08:44,264 [INFO] MainPanel:274 - HeapMemory: 268435456
2025-10-29 18:08:44,448 [INFO] DbMcusXml:78 - Set database path to: C:\ST\STM32CubeIDE_1.19.0\STM32CubeIDE\plugins\com.st.stm32cube.common.mx_6.15.0.202507011659\\db\/mcu/
2025-10-29 18:08:44,448 [INFO] ApiDb:274 - Set plugin database path to: C:\ST\STM32CubeIDE_1.19.0\STM32CubeIDE\plugins\com.st.stm32cube.common.mx_6.15.0.202507011659\\db\/plugins/boardmanager/
2025-10-29 18:08:44,453 [INFO] ApiDb:261 - Set plugin images path to: C:\ST\STM32CubeIDE_1.19.0\STM32CubeIDE\plugins\com.st.stm32cube.common.mx_6.15.0.202507011659\\db\/plugins/mcufinder/images/
2025-10-29 18:08:44,454 [WARN] DbFile:41 - Overriding database path with different value: C:\Users\nico2\.stmcufinder\plugins\mcufinder/ => C:\Users\nico2\.stmcufinder\plugins\mcufinder
2025-10-29 18:08:44,454 [INFO] ApiDb:250 - Set database path to: C:\Users\nico2\.stmcufinder\plugins\mcufinder//mcu/
2025-10-29 18:08:44,454 [WARN] DbFile:41 - Overriding database path with different value: C:\Users\nico2\.stmcufinder\plugins\mcufinder/ => C:\Users\nico2\.stmcufinder\plugins\mcufinder
2025-10-29 18:08:44,454 [INFO] DbMcusAds:125 - Set database path to: C:\Users\nico2\.stmcufinder\plugins\mcufinder//mcu/
2025-10-29 18:08:44,454 [WARN] DbFile:41 - Overriding database path with different value: C:\Users\nico2\.stmcufinder\plugins\mcufinder/ => C:\Users\nico2\.stmcufinder\plugins\mcufinder
2025-10-29 18:08:44,454 [WARN] DbFile:41 - Overriding database path with different value: C:\Users\nico2\.stmcufinder\plugins\mcufinder/ => C:\Users\nico2\.stmcufinder\plugins\mcufinder
2025-10-29 18:08:44,454 [INFO] CrossReferenceDbSqlite:203 - Set database path to: C:\Users\nico2\.stmcufinder\plugins\mcufinder//mcu/cs/
2025-10-29 18:08:44,500 [INFO] ApplicationProperties:184 - Using Application install path: C:\ST\STM32CubeIDE_1.19.0\STM32CubeIDE\plugins\com.st.stm32cube.common.mx_6.15.0.202507011659
2025-10-29 18:08:44,501 [INFO] PluginManage:196 - Search for loadable plugins [exclusion list=, ]
2025-10-29 18:08:44,504 [INFO] PluginManage:310 - Check plugin analytics
2025-10-29 18:08:44,915 [INFO] AnalyticsPlugin:253 - Accepted Software Licenses: 
2025-10-29 18:08:44,916 [INFO] AnalyticsPlugin:255 - Accepted CMSIS Pack Licenses: 
2025-10-29 18:08:44,916 [INFO] AnalyticsPlugin:257 - Accepted Firmware Licenses: 
2025-10-29 18:08:44,919 [INFO] PluginManage:359 - Loaded plugin analytics (category:tool,tabindex:-1)
2025-10-29 18:08:44,919 [INFO] PluginManage:310 - Check plugin cadmodel
2025-10-29 18:08:44,928 [INFO] CADModel:105 - Init CAD model plugin
2025-10-29 18:08:44,928 [INFO] PluginManage:359 - Loaded plugin cadmodel (category:power,tabindex:5)
2025-10-29 18:08:44,929 [INFO] PluginManage:310 - Check plugin clock
2025-10-29 18:08:44,948 [INFO] PluginManage:359 - Loaded plugin clock (category:base,tabindex:2)
2025-10-29 18:08:44,948 [INFO] PluginManage:310 - Check plugin ddr
2025-10-29 18:08:44,950 [INFO] PluginManage:359 - Loaded plugin ddr (category:tool,tabindex:6)
2025-10-29 18:08:44,950 [INFO] PluginManage:310 - Check plugin filemanager
2025-10-29 18:08:45,388 [INFO] PluginManage:359 - Loaded plugin filemanager (category:base,tabindex:10)
2025-10-29 18:08:45,389 [INFO] PluginManage:310 - Check plugin ipmanager
2025-10-29 18:08:45,398 [INFO] PluginManage:359 - Loaded plugin ipmanager (category:base,tabindex:5)
2025-10-29 18:08:45,398 [INFO] PluginManage:310 - Check plugin lpbam
2025-10-29 18:08:45,411 [INFO] PluginManage:359 - Loaded plugin lpbam (category:base,tabindex:0)
2025-10-29 18:08:45,411 [INFO] PluginManage:310 - Check plugin memorymap
2025-10-29 18:08:45,458 [INFO] PluginManage:359 - Loaded plugin memorymap (category:base,tabindex:4)
2025-10-29 18:08:45,458 [INFO] PluginManage:310 - Check plugin pinoutandconfiguration
2025-10-29 18:08:45,472 [INFO] PluginManage:359 - Loaded plugin pinoutandconfiguration (category:base,tabindex:1)
2025-10-29 18:08:45,473 [INFO] PluginManage:310 - Check plugin pinoutconfig
2025-10-29 18:08:45,640 [WARN] SupportedApi:132 - Cannot load RTOS API schema: s4s-elt-must-match.1: The content of 'definitions' must match (annotation?, (simpleType | complexType)?, (unique | key | keyref)*)). A problem was found starting at: attribute.
2025-10-29 18:08:45,851 [INFO] PluginManage:359 - Loaded plugin pinoutconfig (category:base,tabindex:0)
2025-10-29 18:08:45,852 [INFO] PluginManage:310 - Check plugin power
2025-10-29 18:08:45,877 [INFO] PluginManage:359 - Loaded plugin power (category:power,tabindex:4)
2025-10-29 18:08:45,877 [INFO] PluginManage:310 - Check plugin projectmanager
2025-10-29 18:08:45,963 [INFO] PluginManage:359 - Loaded plugin projectmanager (category:projectmanager,tabindex:4)
2025-10-29 18:08:45,963 [INFO] PluginManage:310 - Check plugin rif
2025-10-29 18:08:46,013 [INFO] PluginManage:359 - Loaded plugin rif (category:base,tabindex:3)
2025-10-29 18:08:46,014 [INFO] PluginManage:310 - Check plugin thirdparty
2025-10-29 18:08:46,464 [INFO] PluginManage:359 - Loaded plugin thirdparty (category:base,tabindex:-1)
2025-10-29 18:08:46,464 [INFO] PluginManage:310 - Check plugin tools
2025-10-29 18:08:46,467 [INFO] PluginManage:359 - Loaded plugin tools (category:base,tabindex:7)
2025-10-29 18:08:46,467 [INFO] PluginManage:310 - Check plugin tutovideos
2025-10-29 18:08:46,467 [WARN] IntegrityCheckThread:84 - waiting for thirdparty lock release [integrity check]
2025-10-29 18:08:46,476 [INFO] IntegrityCheckThread:86 - entering critical section [integrity check]
2025-10-29 18:08:46,481 [INFO] ThirdPartyUpdaterWithRetryManager:70 - Updater plugin not ready yet. [1/15]
2025-10-29 18:08:46,947 [INFO] PluginManage:359 - Loaded plugin tutovideos (category:base,tabindex:-1)
2025-10-29 18:08:46,947 [INFO] PluginManage:310 - Check plugin updater
2025-10-29 18:08:47,126 [INFO] PluginManage:359 - Loaded plugin updater (category:base,tabindex:12)
2025-10-29 18:08:47,126 [INFO] PluginManage:310 - Check plugin userauth
2025-10-29 18:08:47,132 [INFO] UserAuth:118 - Init User Auth plugin
2025-10-29 18:08:47,133 [INFO] PluginManage:359 - Loaded plugin userauth (category:base,tabindex:14)
2025-10-29 18:08:47,133 [INFO] PluginManage:283 - PluginManage : Loaded plugins [18]
2025-10-29 18:08:47,437 [INFO] PinOutPanel:1589 - setPackage(No Configuration,No Configuration)
2025-10-29 18:08:47,571 [INFO] CADModel:165 - CPN selected for project level
2025-10-29 18:08:47,571 [INFO] CADModel:114 - Register for checkConnection events
2025-10-29 18:08:47,685 [INFO] IPUIPlugin:80 - create IPUIPlugin
2025-10-29 18:08:47,685 [INFO] PluginManager:220 - loadIPPluginJar : add adc
2025-10-29 18:08:47,689 [INFO] IPUIPlugin:80 - create IPUIPlugin
2025-10-29 18:08:47,689 [INFO] PluginManager:220 - loadIPPluginJar : add aes
2025-10-29 18:08:47,692 [INFO] IPUIPlugin:80 - create IPUIPlugin
2025-10-29 18:08:47,692 [INFO] PluginManager:220 - loadIPPluginJar : add can
2025-10-29 18:08:47,694 [INFO] IPUIPlugin:80 - create IPUIPlugin
2025-10-29 18:08:47,694 [INFO] PluginManager:220 - loadIPPluginJar : add comp
2025-10-29 18:08:47,696 [INFO] IPUIPlugin:80 - create IPUIPlugin
2025-10-29 18:08:47,696 [INFO] PluginManager:220 - loadIPPluginJar : add cryp
2025-10-29 18:08:47,701 [INFO] IPUIPlugin:80 - create IPUIPlugin
2025-10-29 18:08:47,701 [INFO] PluginManager:220 - loadIPPluginJar : add ddr_ctrl_phy
2025-10-29 18:08:47,704 [INFO] IPUIPlugin:80 - create IPUIPlugin
2025-10-29 18:08:47,704 [INFO] PluginManager:220 - loadIPPluginJar : add dfsdm
2025-10-29 18:08:47,709 [INFO] IPUIPlugin:80 - create IPUIPlugin
2025-10-29 18:08:47,710 [INFO] PluginManager:220 - loadIPPluginJar : add dma
2025-10-29 18:08:47,712 [INFO] IPUIPlugin:80 - create IPUIPlugin
2025-10-29 18:08:47,712 [INFO] PluginManager:220 - loadIPPluginJar : add dma3
2025-10-29 18:08:47,715 [INFO] IPUIPlugin:80 - create IPUIPlugin
2025-10-29 18:08:47,715 [INFO] PluginManager:220 - loadIPPluginJar : add extmemmanager
2025-10-29 18:08:47,716 [INFO] IPUIPlugin:80 - create IPUIPlugin
2025-10-29 18:08:47,716 [INFO] PluginManager:220 - loadIPPluginJar : add fatfs
2025-10-29 18:08:47,721 [INFO] IPUIPlugin:80 - create IPUIPlugin
2025-10-29 18:08:47,721 [INFO] PluginManager:220 - loadIPPluginJar : add fmc
2025-10-29 18:08:47,728 [INFO] IPUIPlugin:80 - create IPUIPlugin
2025-10-29 18:08:47,728 [INFO] PluginManager:220 - loadIPPluginJar : add freertos
2025-10-29 18:08:47,749 [INFO] IPUIPlugin:80 - create IPUIPlugin
2025-10-29 18:08:47,749 [INFO] PluginManager:220 - loadIPPluginJar : add genericplugin
2025-10-29 18:08:47,752 [INFO] IPUIPlugin:80 - create IPUIPlugin
2025-10-29 18:08:47,752 [INFO] PluginManager:220 - loadIPPluginJar : add gfxmmu
2025-10-29 18:08:47,756 [INFO] IPUIPlugin:80 - create IPUIPlugin
2025-10-29 18:08:47,756 [INFO] PluginManager:220 - loadIPPluginJar : add gic
2025-10-29 18:08:47,760 [INFO] IPUIPlugin:80 - create IPUIPlugin
2025-10-29 18:08:47,760 [INFO] PluginManager:220 - loadIPPluginJar : add gpio
2025-10-29 18:08:47,763 [INFO] IPUIPlugin:80 - create IPUIPlugin
2025-10-29 18:08:47,764 [INFO] PluginManager:220 - loadIPPluginJar : add gtzc
2025-10-29 18:08:47,766 [INFO] IPUIPlugin:80 - create IPUIPlugin
2025-10-29 18:08:47,766 [INFO] PluginManager:220 - loadIPPluginJar : add hash
2025-10-29 18:08:47,769 [INFO] IPUIPlugin:80 - create IPUIPlugin
2025-10-29 18:08:47,769 [INFO] PluginManager:220 - loadIPPluginJar : add i2c
2025-10-29 18:08:47,772 [INFO] IPUIPlugin:80 - create IPUIPlugin
2025-10-29 18:08:47,773 [INFO] PluginManager:220 - loadIPPluginJar : add i2s
2025-10-29 18:08:47,775 [INFO] IPUIPlugin:80 - create IPUIPlugin
2025-10-29 18:08:47,775 [INFO] PluginManager:220 - loadIPPluginJar : add i3c
2025-10-29 18:08:47,778 [INFO] IPUIPlugin:80 - create IPUIPlugin
2025-10-29 18:08:47,779 [INFO] PluginManager:220 - loadIPPluginJar : add ipddr
2025-10-29 18:08:47,813 [INFO] IPUIPlugin:80 - create IPUIPlugin
2025-10-29 18:08:47,814 [INFO] PluginManager:220 - loadIPPluginJar : add linkedlist
2025-10-29 18:08:47,817 [INFO] IPUIPlugin:80 - create IPUIPlugin
2025-10-29 18:08:47,818 [INFO] PluginManager:220 - loadIPPluginJar : add lorawan
2025-10-29 18:08:47,822 [INFO] IPUIPlugin:80 - create IPUIPlugin
2025-10-29 18:08:47,823 [INFO] PluginManager:220 - loadIPPluginJar : add ltdc
2025-10-29 18:08:47,837 [INFO] IPUIPlugin:80 - create IPUIPlugin
2025-10-29 18:08:47,837 [INFO] PluginManager:220 - loadIPPluginJar : add mdma
2025-10-29 18:08:47,841 [INFO] IPUIPlugin:80 - create IPUIPlugin
2025-10-29 18:08:47,842 [INFO] PluginManager:220 - loadIPPluginJar : add nvic
2025-10-29 18:08:47,846 [INFO] IPUIPlugin:80 - create IPUIPlugin
2025-10-29 18:08:47,846 [INFO] PluginManager:220 - loadIPPluginJar : add opamp
2025-10-29 18:08:47,849 [INFO] IPUIPlugin:80 - create IPUIPlugin
2025-10-29 18:08:47,849 [INFO] PluginManager:220 - loadIPPluginJar : add openamp
2025-10-29 18:08:47,852 [INFO] IPUIPlugin:80 - create IPUIPlugin
2025-10-29 18:08:47,852 [INFO] PluginManager:220 - loadIPPluginJar : add pdm2pcm
2025-10-29 18:08:47,857 [INFO] IPUIPlugin:80 - create IPUIPlugin
2025-10-29 18:08:47,859 [INFO] PluginManager:220 - loadIPPluginJar : add plateformsettings
2025-10-29 18:08:47,862 [INFO] IPUIPlugin:80 - create IPUIPlugin
2025-10-29 18:08:47,862 [INFO] PluginManager:220 - loadIPPluginJar : add quadspi
2025-10-29 18:08:47,864 [INFO] IPUIPlugin:80 - create IPUIPlugin
2025-10-29 18:08:47,864 [INFO] PluginManager:220 - loadIPPluginJar : add radio
2025-10-29 18:08:47,869 [INFO] IPUIPlugin:80 - create IPUIPlugin
2025-10-29 18:08:47,869 [INFO] PluginManager:220 - loadIPPluginJar : add resmgrutility
2025-10-29 18:08:47,874 [INFO] IPUIPlugin:80 - create IPUIPlugin
2025-10-29 18:08:47,874 [INFO] PluginManager:220 - loadIPPluginJar : add sai
2025-10-29 18:08:47,876 [INFO] IPUIPlugin:80 - create IPUIPlugin
2025-10-29 18:08:47,876 [INFO] PluginManager:220 - loadIPPluginJar : add spi
2025-10-29 18:08:47,881 [INFO] IPUIPlugin:80 - create IPUIPlugin
2025-10-29 18:08:47,882 [INFO] PluginManager:220 - loadIPPluginJar : add stm32_wpan
2025-10-29 18:08:47,884 [INFO] IPUIPlugin:80 - create IPUIPlugin
2025-10-29 18:08:47,884 [INFO] PluginManager:220 - loadIPPluginJar : add tim
2025-10-29 18:08:47,886 [INFO] IPUIPlugin:80 - create IPUIPlugin
2025-10-29 18:08:47,886 [INFO] PluginManager:220 - loadIPPluginJar : add touchsensing
2025-10-29 18:08:47,889 [INFO] IPUIPlugin:80 - create IPUIPlugin
2025-10-29 18:08:47,889 [INFO] PluginManager:220 - loadIPPluginJar : add tracer_emb
2025-10-29 18:08:47,890 [INFO] IPUIPlugin:80 - create IPUIPlugin
2025-10-29 18:08:47,890 [INFO] PluginManager:220 - loadIPPluginJar : add ts
2025-10-29 18:08:47,892 [INFO] IPUIPlugin:80 - create IPUIPlugin
2025-10-29 18:08:47,892 [INFO] PluginManager:220 - loadIPPluginJar : add tsc
2025-10-29 18:08:47,896 [INFO] IPUIPlugin:80 - create IPUIPlugin
2025-10-29 18:08:47,897 [INFO] PluginManager:220 - loadIPPluginJar : add ucpd
2025-10-29 18:08:47,899 [INFO] IPUIPlugin:80 - create IPUIPlugin
2025-10-29 18:08:47,899 [INFO] PluginManager:220 - loadIPPluginJar : add usart
2025-10-29 18:08:47,903 [INFO] IPUIPlugin:80 - create IPUIPlugin
2025-10-29 18:08:47,903 [INFO] PluginManager:220 - loadIPPluginJar : add usbx
2025-10-29 18:08:48,121 [FATAL] Updater:351 - Updater called before beeing initialized
2025-10-29 18:08:48,240 [INFO] RulesReader:64 - Compatibility file has been processed (317 Rules)
2025-10-29 18:08:48,246 [INFO] RulesReader:64 - Compatibility file has been processed (317 Rules)
2025-10-29 18:08:48,253 [INFO] CADModel:165 - CPN selected for project level
2025-10-29 18:08:48,253 [INFO] CADModel:114 - Register for checkConnection events
2025-10-29 18:08:48,253 [FATAL] Updater:351 - Updater called before beeing initialized
2025-10-29 18:08:48,253 [ERROR] CADModel:125 - Updater not yet initialized, retry later 
2025-10-29 18:08:49,035 [FATAL] Updater:351 - Updater called before beeing initialized
2025-10-29 18:08:49,037 [INFO] CADModel:165 - CPN selected for project level
2025-10-29 18:08:49,037 [INFO] CADModel:114 - Register for checkConnection events
2025-10-29 18:08:49,038 [FATAL] Updater:351 - Updater called before beeing initialized
2025-10-29 18:08:49,038 [ERROR] CADModel:125 - Updater not yet initialized, retry later 
2025-10-29 18:08:49,040 [FATAL] Updater:351 - Updater called before beeing initialized
2025-10-29 18:08:49,488 [INFO] ThirdPartyUpdaterWithRetryManager:70 - Updater plugin not ready yet. [2/15]
2025-10-29 18:08:49,636 [FATAL] Updater:351 - Updater called before beeing initialized
2025-10-29 18:08:49,640 [INFO] DbMcusAds:53 - JSON generation date=Thu Oct 02 02:36:05 PDT 2025 (1759397765645)
2025-10-29 18:08:49,640 [FATAL] Updater:351 - Updater called before beeing initialized
2025-10-29 18:08:49,687 [WARN] DetailPanel:346 - Failed to get advertising image, set to default
2025-10-29 18:08:50,650 [FATAL] Updater:351 - Updater called before beeing initialized
2025-10-29 18:08:50,652 [FATAL] Updater:351 - Updater called before beeing initialized
2025-10-29 18:08:50,652 [FATAL] Updater:351 - Updater called before beeing initialized
2025-10-29 18:08:50,652 [WARN] DetailPanel:346 - Failed to get advertising image, set to default
2025-10-29 18:08:50,653 [FATAL] Updater:351 - Updater called before beeing initialized
2025-10-29 18:08:50,707 [ERROR] Updater:1198 - MainUpdater not yet initialized. External WinMGr cannot be set.
2025-10-29 18:08:50,710 [INFO] Updater:1134 - Updater Version found : 6.15.0
2025-10-29 18:08:50,729 [INFO] ApplicationProperties:184 - Using Application install path: C:\ST\STM32CubeIDE_1.19.0\STM32CubeIDE\plugins\com.st.stm32cube.common.mx_6.15.0.202507011659
2025-10-29 18:08:52,325 [ERROR] LogOutputStream:75 - [STDERR_REDIRECT] Oct 29, 2025 6:08:52 PM java.util.prefs.WindowsPreferences <init>
2025-10-29 18:08:52,326 [ERROR] LogOutputStream:75 - [STDERR_REDIRECT] WARNING: Could not open/create prefs root node Software\JavaSoft\Prefs at root 0xffffffff80000002. Windows RegCreateKeyEx(...) returned error code 5.
2025-10-29 18:08:52,326 [ERROR] LogOutputStream:75 - [STDERR_REDIRECT] 
2025-10-29 18:08:52,641 [FATAL] Updater:351 - Updater called before beeing initialized
2025-10-29 18:08:52,642 [ERROR] IntegrityCheckThread:130 - Cannot retrieve database content from updater: error 21
2025-10-29 18:08:52,643 [INFO] ThirdParty:978 - Integrity check success = false
2025-10-29 18:08:52,643 [INFO] IntegrityCheckThread:100 - exiting critical section [integrity check]
2025-10-29 18:08:52,643 [INFO] IntegrityCheckThread:103 - End integrity checks thread
2025-10-29 18:08:54,206 [INFO] MainUpdater:2872 - connection check result : 10
2025-10-29 18:08:54,207 [INFO] MainUpdater:289 - Updater Check For Update Now.
2025-10-29 18:08:54,207 [INFO] MicroXplorer:498 - Change Database Version : DB.6.0.150
2025-10-29 18:08:54,223 [INFO] McuFinderGlobals:63 - Set McuFinder mode to 2 (CubeIDE integrated)
2025-10-29 18:08:54,224 [INFO] UserAuth:487 - Internet connection configuration mode: 1
2025-10-29 18:08:54,319 [INFO] JxBrowserEngine:152 - Initiate JxBrowser Engine with user profile folder
2025-10-29 18:08:54,872 [INFO] CheckServerUpdateThread:120 - End of CheckServer Thread
2025-10-29 18:09:03,342 [INFO] WebApp:169 - Instantiating new browser for Auth
2025-10-29 18:09:04,830 [INFO] WebApp:463 - Apply proxy settings
2025-10-29 18:09:04,831 [INFO] WebApp:548 - Chromium requires no authentication
2025-10-29 18:09:04,838 [INFO] WebApp:491 - Direct internet connection detected
2025-10-29 18:09:04,862 [INFO] WebApp:900 - Register for checkConnection events
2025-10-29 18:09:04,862 [INFO] WebApp:463 - Apply proxy settings
2025-10-29 18:09:04,862 [INFO] WebApp:548 - Chromium requires no authentication
2025-10-29 18:09:04,863 [INFO] WebApp:491 - Direct internet connection detected
2025-10-29 18:09:05,108 [INFO] WebApp:225 - Starting web application
2025-10-29 18:09:05,109 [INFO] WebApp:593 - Web application path used C:\ST\STM32CubeIDE_1.19.0\STM32CubeIDE\plugins\com.st.stm32cube.common.mx_6.15.0.202507011659\db\plugins\mcufinder\reactClient1\index.html
2025-10-29 18:09:05,347 [INFO] UserAuth:487 - Internet connection configuration mode: 1
2025-10-29 18:09:05,816 [INFO] WebApp:191 - Connection restablished
2025-10-29 14:17:14,231 [INFO] McuFinderGlobals:63 - Set McuFinder mode to 2 (CubeIDE integrated)
2025-10-29 14:17:14,234 [INFO] MainUpdater:2872 - connection check result : 10
2025-10-29 14:17:14,235 [INFO] MainUpdater:2872 - connection check result : 10
2025-10-29 14:17:14,451 [INFO] MicroXplorer:468 - Change Database Path : 
2025-10-29 14:17:14,451 [INFO] MicroXplorer:498 - Change Database Version : DB.6.0.150
2025-10-29 14:17:14,456 [WARN] ThirdParty:871 - waiting for thirdparty lock release [close project]
2025-10-29 14:17:14,457 [INFO] ThirdParty:873 - entering critical section [close project]
2025-10-29 14:17:14,459 [INFO] ThirdParty:883 - exiting critical section [close project]
2025-10-29 14:17:14,460 [INFO] PinOutPanel:1589 - setPackage(No Configuration,No Configuration)
2025-10-29 14:17:14,463 [INFO] UtilMem:75 - Begin LoadConfig() Used Memory: 514561520 Bytes (896532480)
2025-10-29 14:17:14,463 [INFO] MicroXplorer:468 - Change Database Path : 
2025-10-29 14:17:14,463 [INFO] MicroXplorer:498 - Change Database Version : DB.6.0.150
2025-10-29 14:17:14,463 [INFO] OpenFileManager:355 - Change cursor
2025-10-29 14:17:14,472 [WARN] IntegrityCheckThread:84 - waiting for thirdparty lock release [integrity check]
2025-10-29 14:17:14,472 [INFO] IntegrityCheckThread:86 - entering critical section [integrity check]
2025-10-29 14:17:15,020 [WARN] PackLoader:240 - Cannot read IP mode file for STMicroelectronics.FP-SNS-MOTENVWB1.1.4.0
2025-10-29 14:17:15,042 [WARN] PackLoader:240 - Cannot read IP mode file for STMicroelectronics.FP-ATR-ASTRA1.2.0.2
2025-10-29 14:17:15,051 [WARN] PackLoader:240 - Cannot read IP mode file for STMicroelectronics.X-CUBE-SMBUS.2.1.0
2025-10-29 14:17:15,057 [WARN] PackLoader:240 - Cannot read IP mode file for STMicroelectronics.X-CUBE-ST60.1.0.0
2025-10-29 14:17:15,140 [WARN] PackLoader:240 - Cannot read IP mode file for STMicroelectronics.X-CUBE-AZRTOS-F7.1.1.0
2025-10-29 14:17:15,177 [WARN] PackLoader:240 - Cannot read IP mode file for Cesanta.I-CUBE-Mongoose.7.19.0
2025-10-29 14:17:15,259 [WARN] PackLoader:240 - Cannot read IP mode file for Infineon.AIROC-Wi-Fi-Bluetooth-STM32.1.7.1
2025-10-29 14:17:15,335 [WARN] PackLoader:240 - Cannot read IP mode file for STMicroelectronics.X-CUBE-AZRTOS-H7.3.4.0
2025-10-29 14:17:15,390 [WARN] PackLoader:240 - Cannot read IP mode file for STMicroelectronics.X-CUBE-DISPLAY.3.0.0
2025-10-29 14:17:15,402 [WARN] PackLoader:240 - Cannot read IP mode file for STMicroelectronics.X-CUBE-NFC10.1.0.0
2025-10-29 14:17:15,406 [WARN] PackLoader:240 - Cannot read IP mode file for STMicroelectronics.X-CUBE-ST60.1.1.0
2025-10-29 14:17:15,410 [WARN] PackLoader:240 - Cannot read IP mode file for emotas.I-CUBE-CANOPEN.1.3.0
2025-10-29 14:17:15,415 [WARN] PackLoader:240 - Cannot read IP mode file for STMicroelectronics.FP-SNS-STBOX1.2.1.0
2025-10-29 14:17:15,425 [WARN] PackLoader:240 - Cannot read IP mode file for STMicroelectronics.FP-SNS-SMARTAG2.1.2.0
2025-10-29 14:17:15,428 [WARN] PackLoader:240 - Cannot read IP mode file for STMicroelectronics.FP-SNS-FLIGHT1.5.1.0
2025-10-29 14:17:15,472 [INFO] LogOutputStream:77 - [STDOUT_REDIRECT] 1 : Invalid condition id : UX_CORESTACK_Condition cause : null
2025-10-29 14:17:15,472 [INFO] LogOutputStream:77 - [STDOUT_REDIRECT] 1 : Invalid condition id : UX_CORESTACK_Condition cause : null
2025-10-29 14:17:15,473 [INFO] LogOutputStream:77 - [STDOUT_REDIRECT] 1 : Invalid condition id : UX_CORESTACK_Condition cause : null
2025-10-29 14:17:15,473 [INFO] LogOutputStream:77 - [STDOUT_REDIRECT] 1 : Invalid condition id : UX_CORESTACK_Condition cause : null
2025-10-29 14:17:15,474 [INFO] LogOutputStream:77 - [STDOUT_REDIRECT] 1 : Invalid condition id : UX_CORESTACK_Condition cause : null
2025-10-29 14:17:15,520 [WARN] PackLoader:240 - Cannot read IP mode file for STMicroelectronics.X-CUBE-AZRTOS-WL.2.0.0
2025-10-29 14:17:15,528 [WARN] PackLoader:240 - Cannot read IP mode file for STMicroelectronics.FP-SNS-MOTENV1.5.0.0
2025-10-29 14:17:15,532 [WARN] PackLoader:240 - Cannot read IP mode file for WES.I-CUBE-Cesium.1.3.0
2025-10-29 14:17:15,539 [WARN] PackLoader:240 - Cannot read IP mode file for STMicroelectronics.X-CUBE-BLE2.3.3.0
2025-10-29 14:17:15,609 [WARN] PackLoader:240 - Cannot read IP mode file for STMicroelectronics.X-CUBE-NFC9.1.0.0
2025-10-29 14:17:15,615 [WARN] PackLoader:240 - Cannot read IP mode file for STMicroelectronics.X-CUBE-BLE1.7.1.0
2025-10-29 14:17:15,659 [WARN] PackLoader:240 - Cannot read IP mode file for STMicroelectronics.X-CUBE-EEPRMA1.5.2.0
2025-10-29 14:17:15,664 [WARN] PackLoader:240 - Cannot read IP mode file for STMicroelectronics.X-CUBE-ST67W61.1.1.0
2025-10-29 14:17:15,670 [WARN] PackLoader:240 - Cannot read IP mode file for STMicroelectronics.X-CUBE-AZRTOS-G0.1.1.0
2025-10-29 14:17:15,754 [WARN] PackLoader:240 - Cannot read IP mode file for STMicroelectronics.X-CUBE-SAFEA1.1.2.2
2025-10-29 14:17:15,772 [WARN] PackLoader:240 - Cannot read IP mode file for STMicroelectronics.X-CUBE-NFC4.3.0.0
2025-10-29 14:17:15,776 [WARN] PackLoader:240 - Cannot read IP mode file for EmbeddedOffice.I-CUBE-FS-RTOS.1.0.1
2025-10-29 14:17:15,782 [WARN] PackLoader:240 - Cannot read IP mode file for STMicroelectronics.X-CUBE-WB05N.2.0.0
2025-10-29 14:17:15,798 [WARN] PackLoader:240 - Cannot read IP mode file for STMicroelectronics.X-CUBE-TCPP.4.2.0
2025-10-29 14:17:15,802 [WARN] PackLoader:240 - Cannot read IP mode file for RealThread.X-CUBE-RT-Thread_Nano.4.1.1
2025-10-29 14:17:15,804 [WARN] PackLoader:240 - Cannot read IP mode file for STMicroelectronics.FP-ATR-SIGFOX1.3.2.0
2025-10-29 14:17:15,875 [WARN] PackLoader:240 - Cannot read IP mode file for ITTIA_DB.I-CUBE-ITTIADB.8.9.0
2025-10-29 14:17:15,878 [WARN] PackLoader:240 - Cannot read IP mode file for STMicroelectronics.X-CUBE-ST67W61.1.0.0
2025-10-29 14:17:15,895 [WARN] PackLoader:240 - Cannot read IP mode file for STMicroelectronics.X-CUBE-AI.10.2.0
2025-10-29 14:17:16,008 [WARN] PackLoader:240 - Cannot read IP mode file for SEGGER.I-CUBE-embOS.1.3.1
2025-10-29 14:17:16,120 [WARN] PackLoader:240 - Cannot read IP mode file for STMicroelectronics.X-CUBE-ALGOBUILD.1.4.0
2025-10-29 14:17:16,234 [WARN] PackLoader:240 - Cannot read IP mode file for STMicroelectronics.X-CUBE-MEMS1.11.3.0
2025-10-29 14:17:16,565 [WARN] PackLoader:240 - Cannot read IP mode file for STMicroelectronics.X-CUBE-PM33A1.1.0.0
2025-10-29 14:17:16,670 [WARN] PackLoader:240 - Cannot read IP mode file for STMicroelectronics.X-CUBE-AZRTOS-F4.1.1.0
2025-10-29 14:17:16,701 [WARN] PackLoader:240 - Cannot read IP mode file for STMicroelectronics.X-CUBE-ISPU.2.1.0
2025-10-29 14:17:16,790 [WARN] PackLoader:240 - Cannot read IP mode file for STMicroelectronics.X-CUBE-IPS.3.2.0
2025-10-29 14:17:16,799 [WARN] PackLoader:240 - Cannot read IP mode file for STMicroelectronics.X-CUBE-NFC12.1.0.0
2025-10-29 14:17:16,805 [WARN] PackLoader:240 - Cannot read IP mode file for STMicroelectronics.X-CUBE-AZRTOS-L5.2.0.0
2025-10-29 14:17:16,903 [WARN] PackLoader:240 - Cannot read IP mode file for STMicroelectronics.X-CUBE-NFC6.3.1.0
2025-10-29 14:17:16,909 [WARN] PackLoader:240 - Cannot read IP mode file for STMicroelectronics.X-CUBE-FREERTOS.1.3.1
2025-10-29 14:17:16,913 [WARN] PackLoader:240 - Cannot read IP mode file for STMicroelectronics.X-CUBE-TOUCHGFX.4.26.0
2025-10-29 14:17:16,915 [WARN] PackLoader:240 - Cannot read IP mode file for STMicroelectronics.FP-SNS-STAIOTCFT.1.0.0
2025-10-29 14:17:16,919 [WARN] PackLoader:240 - Cannot read IP mode file for STMicroelectronics.X-CUBE-DPower.1.3.0
2025-10-29 14:17:17,022 [WARN] ConditionMgr:438 - getConditionDescription Invalid condition id : LAN8742 Phy interface Condition cause : null
2025-10-29 14:17:17,023 [WARN] PackLoader:240 - Cannot read IP mode file for STMicroelectronics.X-CUBE-AZRTOS-L4.2.0.0
2025-10-29 14:17:17,023 [WARN] ConditionMgr:1044 - genDependencies : Invalid condition id : LAN8742 Phy interface Condition cause : null
2025-10-29 14:17:17,023 [WARN] ConditionMgr:1044 - genDependencies : Invalid condition id : LAN8742 Phy interface Condition cause : null
2025-10-29 14:17:17,023 [WARN] ConditionMgr:1044 - genDependencies : Invalid condition id : LAN8742 Phy interface Condition cause : null
2025-10-29 14:17:17,123 [WARN] PackLoader:240 - Cannot read IP mode file for STMicroelectronics.X-CUBE-SFXS2LP1.4.0.0
2025-10-29 14:17:17,128 [WARN] PackLoader:240 - Cannot read IP mode file for STMicroelectronics.X-CUBE-BLEMGR.4.1.0
2025-10-29 14:17:17,585 [WARN] ConditionMgr:438 - getConditionDescription Invalid condition id : UX DEVICE CLASS RTOS Condition cause : null
2025-10-29 14:17:17,586 [WARN] ConditionMgr:438 - getConditionDescription Invalid condition id : UX DEVICE CLASS RTOS Condition cause : null
2025-10-29 14:17:17,586 [WARN] PackLoader:240 - Cannot read IP mode file for STMicroelectronics.X-CUBE-AZRTOS-WB.2.0.0
2025-10-29 14:17:17,587 [WARN] ConditionMgr:1044 - genDependencies : Invalid condition id : UX DEVICE CLASS RTOS Condition cause : null
2025-10-29 14:17:17,587 [WARN] ConditionMgr:1044 - genDependencies : Invalid condition id : UX DEVICE CLASS RTOS Condition cause : null
2025-10-29 14:17:17,587 [WARN] ConditionMgr:1044 - genDependencies : Invalid condition id : UX DEVICE CLASS RTOS Condition cause : null
2025-10-29 14:17:17,587 [WARN] ConditionMgr:1044 - genDependencies : Invalid condition id : UX DEVICE CLASS RTOS Condition cause : null
2025-10-29 14:17:17,587 [WARN] ConditionMgr:1044 - genDependencies : Invalid condition id : UX DEVICE CLASS RTOS Condition cause : null
2025-10-29 14:17:17,593 [WARN] PackLoader:240 - Cannot read IP mode file for STMicroelectronics.X-CUBE-GNSS1.7.0.1
2025-10-29 14:17:17,611 [WARN] PackLoader:240 - Cannot read IP mode file for STMicroelectronics.X-CUBE-TOUCHGFX.4.25.0
2025-10-29 14:17:17,613 [WARN] ConditionMgr:438 - getConditionDescription Invalid condition id : Cortex-A Device cause : null
2025-10-29 14:17:17,634 [WARN] ConditionMgr:1044 - genDependencies : Invalid condition id : Cortex-A Device cause : null
2025-10-29 14:17:17,634 [WARN] ConditionMgr:1044 - genDependencies : Invalid condition id : Cortex-A Device cause : null
2025-10-29 14:17:17,634 [WARN] ConditionMgr:1044 - genDependencies : Invalid condition id : Cortex-A Device cause : null
2025-10-29 14:17:17,638 [WARN] PackLoader:240 - Cannot read IP mode file for STMicroelectronics.X-CUBE-SUBG2.5.0.0
2025-10-29 14:17:17,698 [WARN] PackLoader:240 - Cannot read IP mode file for STMicroelectronics.X-CUBE-AZRTOS-H7RS.1.1.0
2025-10-29 14:17:17,706 [WARN] PackLoader:240 - Cannot read IP mode file for STMicroelectronics.X-CUBE-AZRTOS-G4.2.0.0
2025-10-29 14:17:17,710 [WARN] PackLoader:240 - Cannot read IP mode file for STMicroelectronics.X-CUBE-NFC7.2.0.0
2025-10-29 14:17:17,835 [WARN] PackLoader:240 - Cannot read IP mode file for STMicroelectronics.X-CUBE-IPS.3.1.0
2025-10-29 14:17:17,840 [WARN] PackLoader:240 - Cannot read IP mode file for STMicroelectronics.X-CUBE-ALS.1.0.2
2025-10-29 14:17:17,843 [WARN] PackLoader:240 - Cannot read IP mode file for STMicroelectronics.X-CUBE-STSE01.1.0.0
2025-10-29 14:17:17,899 [WARN] PackLoader:240 - Cannot read IP mode file for STMicroelectronics.X-CUBE-TOF1.3.4.3
2025-10-29 14:17:17,949 [INFO] ThirdParty:978 - Integrity check success = true
2025-10-29 14:17:17,949 [INFO] IntegrityCheckThread:100 - exiting critical section [integrity check]
2025-10-29 14:17:17,949 [INFO] IntegrityCheckThread:103 - End integrity checks thread
2025-10-29 14:17:18,307 [INFO] Mcu:2029 - Initializing MCU STM32F103C(8-B)Tx STM32F103C8Tx STM32F103C8T6
2025-10-29 14:17:20,761 [INFO] Context:786 - Trying to add GPIOservice into a context  which must be forbidden
2025-10-29 14:17:21,529 [INFO] ImportTextPane:234 - (OptionalMessage_ERROR) Pin17 (VP_RIF_VS_RIF1) cannot be retrieved for this MCU
2025-10-29 14:17:21,747 [INFO] RtosManager:558 - Registered RTOS mode: class=CMSIS, group=RTOS, mode=CMSIS_V1, owner=FREERTOS
2025-10-29 14:17:21,747 [INFO] RtosManager:558 - Registered RTOS mode: class=CMSIS, group=RTOS2, mode=CMSIS_V2, owner=FREERTOS
2025-10-29 14:17:21,747 [INFO] RtosManager:558 - Registered RTOS mode: class=RTOS, group=Core, mode=CMSIS_V1, owner=FREERTOS
2025-10-29 14:17:21,747 [INFO] RtosManager:558 - Registered RTOS mode: class=RTOS, group=Core, mode=CMSIS_V2, owner=FREERTOS
2025-10-29 14:17:21,747 [WARN] ModelIntegratedComponent:184 - Missing modes for component STMicroelectronics:FreeRTOS:0.0.1:STMicroelectronics:RTOS:FreeRTOS:Core:::10.2.0:
2025-10-29 14:17:21,802 [WARN] ModelIntegratedComponent:63 - No mode defined for component null
2025-10-29 14:17:21,802 [WARN] ModelIntegratedComponent:63 - No mode defined for component null
2025-10-29 14:17:21,802 [WARN] ModelIntegratedComponent:63 - No mode defined for component null
2025-10-29 14:17:21,802 [WARN] ModelIntegratedComponent:63 - No mode defined for component null
2025-10-29 14:17:21,802 [WARN] ModelIntegratedComponent:63 - No mode defined for component null
2025-10-29 14:17:21,802 [WARN] ModelIntegratedComponent:63 - No mode defined for component null
2025-10-29 14:17:21,802 [WARN] ModelIntegratedComponent:63 - No mode defined for component null
2025-10-29 14:17:21,802 [WARN] ModelIntegratedComponent:63 - No mode defined for component null
2025-10-29 14:17:21,802 [WARN] ModelIntegratedComponent:63 - No mode defined for component null
2025-10-29 14:17:21,802 [WARN] ModelIntegratedComponent:63 - No mode defined for component null
2025-10-29 14:17:21,802 [WARN] ModelIntegratedComponent:63 - No mode defined for component null
2025-10-29 14:17:21,802 [WARN] ModelIntegratedComponent:63 - No mode defined for component null
2025-10-29 14:17:21,802 [WARN] ModelIntegratedComponent:63 - No mode defined for component null
2025-10-29 14:17:21,802 [WARN] ModelIntegratedComponent:63 - No mode defined for component null
2025-10-29 14:17:21,802 [WARN] ModelIntegratedComponent:63 - No mode defined for component null
2025-10-29 14:17:21,802 [WARN] ModelIntegratedComponent:63 - No mode defined for component null
2025-10-29 14:17:21,802 [WARN] ModelIntegratedComponent:63 - No mode defined for component null
2025-10-29 14:17:21,802 [WARN] ModelIntegratedComponent:63 - No mode defined for component null
2025-10-29 14:17:21,803 [WARN] ModelIntegratedComponent:63 - No mode defined for component null
2025-10-29 14:17:21,803 [WARN] ModelIntegratedComponent:63 - No mode defined for component null
2025-10-29 14:17:21,803 [WARN] ModelIntegratedComponent:63 - No mode defined for component null
2025-10-29 14:17:21,803 [WARN] ModelIntegratedComponent:63 - No mode defined for component null
2025-10-29 14:17:21,803 [WARN] ModelIntegratedComponent:63 - No mode defined for component null
2025-10-29 14:17:21,803 [WARN] ModelIntegratedComponent:63 - No mode defined for component null
2025-10-29 14:17:21,803 [WARN] ModelIntegratedComponent:63 - No mode defined for component null
2025-10-29 14:17:21,803 [WARN] ModelIntegratedComponent:63 - No mode defined for component null
2025-10-29 14:17:21,803 [WARN] ModelIntegratedComponent:63 - No mode defined for component null
2025-10-29 14:17:21,803 [WARN] ModelIntegratedComponent:63 - No mode defined for component null
2025-10-29 14:17:21,803 [WARN] ModelIntegratedComponent:63 - No mode defined for component null
2025-10-29 14:17:21,803 [WARN] ModelIntegratedComponent:63 - No mode defined for component null
2025-10-29 14:17:21,803 [WARN] ModelIntegratedComponent:63 - No mode defined for component null
2025-10-29 14:17:21,803 [WARN] ModelIntegratedComponent:63 - No mode defined for component null
2025-10-29 14:17:21,803 [WARN] ModelIntegratedComponent:63 - No mode defined for component null
2025-10-29 14:17:21,803 [WARN] ModelIntegratedComponent:63 - No mode defined for component null
2025-10-29 14:17:21,803 [WARN] ModelIntegratedComponent:63 - No mode defined for component null
2025-10-29 14:17:21,803 [WARN] ModelPack:524 - Component already loaded: STMicroelectronics:HAL Drivers:0.0.0:STMicroelectronics:Device:STMicro_Driver:XSPI:HAL::0.0.1:HAL_XSPI
2025-10-29 14:17:21,963 [INFO] ThirdPartyModel:298 - Start build external matchings
2025-10-29 14:17:22,220 [INFO] ThirdPartyModel:316 - End build external matchings
2025-10-29 14:17:22,246 [INFO] ImportTextPane:234 - (OptionalMessage_ERROR) IP (RCC) : Invalid parameter (FamilyName)
2025-10-29 14:17:22,250 [INFO] ImportTextPane:234 - (OptionalMessage_ERROR) IP (RCC) : Parameter (USBFreq_Value) has invalid value (16000000)
2025-10-29 14:17:23,003 [INFO] ApiDb:581 - Connected to CubeFinder SQLite database (C:\Users\nico2\.stmcufinder\plugins\mcufinder\mcu\cube-finder-db.db)
2025-10-29 14:17:23,115 [INFO] ApiDb:668 - CubeFinder database Data Model version=2.1
2025-10-29 14:17:23,115 [INFO] ApiDb:669 - CubeFinder database Configuration version=3.0.39
2025-10-29 14:17:23,116 [INFO] ApiDb:670 - CubeFinder database generation date=2025-08-25 (1756130511)
2025-10-29 14:17:23,116 [INFO] ApiDb:671 - CubeFinder database FW Pack versions=[FP-ATR-ASTRA1_V2.0.0, FP-SNS-FLIGHT1_V5.1.0, FP-SNS-MOTENV1_V5.0.0, FP-SNS-MOTENVWB1_V1.4.0, FP-SNS-SMARTAG2_V1.2.0, FP-SNS-STBOX1_V2.1.0, STM32Cube_FW_C0_V1.4.0, STM32Cube_FW_F4_V1.28.3, STM32Cube_FW_F7_V1.17.4, STM32Cube_FW_G0_V1.6.2, STM32Cube_FW_G4_V1.6.1, STM32Cube_FW_H5_V1.5.0, STM32Cube_FW_H7RS_V1.2.0, STM32Cube_FW_H7_V1.12.1, STM32Cube_FW_L0_V1.12.2, STM32Cube_FW_L4_V1.18.1, STM32Cube_FW_L5_V1.5.1, STM32Cube_FW_N6_V1.2.0, STM32Cube_FW_U0_V1.3.0, STM32Cube_FW_U3_V1.2.0, STM32Cube_FW_U5_V1.8.0, STM32Cube_FW_WB0_V1.3.0, STM32Cube_FW_WBA_V1.7.0, STM32Cube_FW_WB_V1.23.0, STM32Cube_FW_WL3_V1.2.0, STM32Cube_FW_WL_V1.3.1, X-CUBE-ALGOBUILD_V1.4.0, X-CUBE-ALS_V1.0.2, X-CUBE-AZRTOS-F4_V1.1.0, X-CUBE-AZRTOS-F7_V1.1.0, X-CUBE-AZRTOS-G0_V1.1.0, X-CUBE-AZRTOS-G4_V2.0.0, X-CUBE-AZRTOS-H7RS_V1.1.0, X-CUBE-AZRTOS-H7_V3.4.0, X-CUBE-AZRTOS-L4_V2.0.0, X-CUBE-AZRTOS-L5_V2.0.0, X-CUBE-AZRTOS-WB_V2.0.0, X-CUBE-AZRTOS-WL_V2.0.0, X-CUBE-BLE1_V7.1.0, X-CUBE-BLE2_V3.3.0, X-CUBE-BLEMGR_V4.1.0, X-CUBE-EEPRMA1_V5.2.0, X-CUBE-FREERTOS_V1.3.1, X-CUBE-GNSS1_V6.0.0, X-CUBE-MEMS1_V11.3.0, X-CUBE-NFC4_V3.0.0, X-CUBE-NFC7_V2.0.0, X-CUBE-SFXS2LP1_V4.0.0, X-CUBE-ST67W61_V1.0.0, X-CUBE-SUBG2_V5.0.0, X-CUBE-TOF1_V3.4.3]
2025-10-29 14:17:23,291 [INFO] DbBoardsSqlite:226 - include board P-NUCLEO-WB55-NUCLEO as a kit item of type 'Nucleo-64'
2025-10-29 14:17:23,291 [INFO] DbBoardsSqlite:226 - include board P-NUCLEO-WB55-USBDONGLE as a kit item of type 'Nucleo USB Dongle'
2025-10-29 14:17:23,293 [INFO] DbBoardsSqlite:226 - include board STEVAL-IDP005V1 as a kit item of type 'Evaluation Board'
2025-10-29 14:17:23,293 [INFO] DbBoardsSqlite:226 - include board STEVAL-IDP005V2 as a kit item of type 'Evaluation Board'
2025-10-29 14:17:23,944 [INFO] ApiDb:240 - Found 880 in-development CPN: [B-G473E-ZEST1S, B-WB1M-WPAN1, B-WBA5M-WPAN, B-WL5M-SUBG1, NUCLEO-C031C6, NUCLEO-C051C8, NUCLEO-C071RB, NUCLEO-C092RC, NUCLEO-H503RB, NUCLEO-H533RE, NUCLEO-H563ZI, NUCLEO-H7S3L8, NUCLEO-N657X0-Q, NUCLEO-U031R8, NUCLEO-U083RC, NUCLEO-U385RG-Q, NUCLEO-U545RE-Q, NUCLEO-U5A5ZJ-Q, NUCLEO-WB05KZ, NUCLEO-WB07CC, NUCLEO-WB09KE, NUCLEO-WBA52CG, NUCLEO-WBA55CG, NUCLEO-WL33CC1, NUCLEO-WL33CC2, STEVAL-PROTEUS1, STEVAL-SMARTAG2, STEVAL-STWINBX1, STM320518-EVAL, STM32C0116-DK, STM32C011D6Y3TR, STM32C011D6Y6TR, STM32C011F4P3, STM32C011F4P6, STM32C011F4U3, STM32C011F4U6TR, STM32C011F6P3, STM32C011F6P6, STM32C011F6U3, STM32C011F6U6TR, STM32C011J4M3, STM32C011J4M6, STM32C011J6M3, STM32C011J6M6, STM32C0316-DK, STM32C031C4T3, STM32C031C4T6, STM32C031C4U3, STM32C031C4U6, STM32C031C6T3, STM32C031C6T6, STM32C031C6U3, STM32C031C6U6, STM32C031F4P3, STM32C031F4P6, STM32C031F6P3, STM32C031F6P6, STM32C031G4U3, STM32C031G4U6, STM32C031G6U3, STM32C031G6U6, STM32C031K4T3, STM32C031K4T6, STM32C031K4U3, STM32C031K4U6, STM32C031K6T3, STM32C031K6T6, STM32C031K6U3, STM32C031K6U6, STM32C051C6T6, STM32C051C6U6, STM32C051C8T6, STM32C051C8U6, STM32C051D8Y6TR, STM32C051F6P6, STM32C051F8P6, STM32C051G6U6, STM32C051G8U6, STM32C051K6T6, STM32C051K6U6, STM32C051K8T6, STM32C071C8T6, STM32C071C8T6N, STM32C071C8U6, STM32C071C8U6N, STM32C071CBT6, STM32C071CBT6N, STM32C071CBU6, STM32C071CBU6N, STM32C071F8P6, STM32C071F8P6N, STM32C071FBP6, STM32C071FBP6N, STM32C071FBY6TR, STM32C071G8U6, STM32C071G8U6N, STM32C071GBU6, STM32C071GBU6N, STM32C071K8T6, STM32C071K8T6N, STM32C071K8U6, STM32C071K8U6N, STM32C071KBT6, STM32C071KBT6N, STM32C071KBU6, STM32C071KBU6N, STM32C071R8T6, STM32C071R8T6N, STM32C071RBI6N, STM32C071RBT6, STM32C071RBT6N, STM32C091CBT6, STM32C091CBU6, STM32C091CCT6, STM32C091CCU6, STM32C091ECY6TR, STM32C091FBP6, STM32C091FCP6, STM32C091GBU6, STM32C091GCU6, STM32C091KBT6, STM32C091KBU6, STM32C091KCT6, STM32C091KCU6, STM32C091RBT6, STM32C091RCI6, STM32C091RCT6, STM32C092CBT6, STM32C092CBU6, STM32C092CCT6, STM32C092CCU6, STM32C092ECY6TR, STM32C092FBP6, STM32C092FCP6, STM32C092GBU6, STM32C092GCU6, STM32C092KBT6, STM32C092KBU6, STM32C092KCT6, STM32C092KCU6, STM32C092RBT6, STM32C092RCI6, STM32C092RCT6, STM32G071K8TXN, STM32G071K8UXN, STM32G081GBU6N, STM32G081KBT6N, STM32G081KBUXN, STM32G0B1CCT6N, STM32G0B1KCT6, STM32G0B1NEY6TR, STM32G0B1RCT6N, STM32G0C1CCT6, STM32G0C1CCT6N, STM32G0C1CCU6N, STM32G0C1CET6N, STM32G0C1CEU6N, STM32G0C1KCT6, STM32G0C1NEY6TR, STM32G0C1RCI6N, STM32G0C1RCT6N, STM32G0C1REI6N, STM32G0C1RET6N, STM32G0C1VCI6, STM32G0C1VEI6, STM32G411C6T3, STM32G411C6T6, STM32G411C6U3, STM32G411C6U6, STM32G411C8T3, STM32G411C8T6, STM32G411C8U3, STM32G411C8U6, STM32G411CBT3, STM32G411CBT6, STM32G411CBU3, STM32G411CBU6, STM32G411K6T3, STM32G411K6T6, STM32G411K6U3, STM32G411K6U6, STM32G411K8T3, STM32G411K8T6, STM32G411K8U3, STM32G411K8U6, STM32G411KBT3, STM32G411KBT6, STM32G411KBU3, STM32G411KBU6, STM32G411M6T3, STM32G411M6T6, STM32G411M8T3, STM32G411M8T6, STM32G411MBT3, STM32G411MBT6, STM32G411R6T3, STM32G411R6T6, STM32G411R8T3, STM32G411R8T6, STM32G411RBT3, STM32G411RBT6, STM32G414CBT3, STM32G414CBT6, STM32G414CBU3, STM32G414CBU6, STM32G414CCT3, STM32G414CCT6, STM32G414CCU3, STM32G414CCU6, STM32G414MBT3, STM32G414MBT6, STM32G414MCT3, STM32G414MCT6, STM32G414RBT3, STM32G414RBT6, STM32G414RCT3, STM32G414RCT6, STM32G414VBT3, STM32G414VBT6, STM32G414VCT3, STM32G414VCT6, STM32G431CBT3Z, STM32G431RBT3Z, STM32G471CCT6, STM32G471CCU6, STM32G471CET3, STM32G471CET6, STM32G471CEU3, STM32G471CEU6, STM32G471MCT6, STM32G471MET3, STM32G471MET6, STM32G471MEY6TR, STM32G471QCT6, STM32G471QET3, STM32G471RCT6, STM32G471RET3, STM32G471RET6, STM32G471VCH6, STM32G471VCI6, STM32G471VCT6, STM32G471VEH3, STM32G471VEH6, STM32G471VEI3, STM32G471VEI6, STM32G471VET3, STM32G471VET6, STM32G473QET3Z, STM32G473RET3Z, STM32G474CCT6, STM32G491RET3Z, STM32H503CBT6, STM32H503CBU6, STM32H503EBY6TR, STM32H503KBU6, STM32H503RBT6, STM32H523CCT6, STM32H523CCU6, STM32H523CET6, STM32H523CEU6, STM32H523HEY6TR, STM32H523RCT6, STM32H523RET6, STM32H523VCI6, STM32H523VCT6, STM32H523VEI6, STM32H523VET6, STM32H523ZCJ6, STM32H523ZCT6, STM32H523ZEJ6, STM32H523ZET6, STM32H533CET6, STM32H533CEU6, STM32H533HEY6TR, STM32H533RET6, STM32H533VEI6, STM32H533VET6, STM32H533ZEJ6, STM32H533ZET6, STM32H562AGI6, STM32H562AII6, STM32H562IGK6, STM32H562IGT6, STM32H562IIK6, STM32H562IIT6, STM32H562RGT6, STM32H562RGV6, STM32H562RIT6, STM32H562RIV6, STM32H562VGT6, STM32H562VIT6, STM32H562ZGT6, STM32H562ZIT6, STM32H563AGI6, STM32H563AII3Q, STM32H563AII6, STM32H563IGK6, STM32H563IGT6, STM32H563IIK3Q, STM32H563IIK6, STM32H563IIT3Q, STM32H563IIT6, STM32H563MIY3QTR, STM32H563RGT6, STM32H563RGV6, STM32H563RIT6, STM32H563RIV6, STM32H563VGT6, STM32H563VIT3Q, STM32H563VIT6, STM32H563ZGT6, STM32H563ZIT3Q, STM32H563ZIT6, STM32H573AII3Q, STM32H573AII6, STM32H573I-DK, STM32H573IIK3Q, STM32H573IIK6, STM32H573IIT3Q, STM32H573IIT6, STM32H573MIY3QTR, STM32H573RIT6, STM32H573RIV6, STM32H573VIT3Q, STM32H573VIT6, STM32H573ZIT3Q, STM32H573ZIT6, STM32H7R3A8I6, STM32H7R3I8K6, STM32H7R3I8T6, STM32H7R3L8H6, STM32H7R3L8H6H, STM32H7R3R8V6, STM32H7R3V8H6, STM32H7R3V8T6, STM32H7R3V8Y6TR, STM32H7R3Z8J6, STM32H7R3Z8T6, STM32H7R7A8I6, STM32H7R7I8K6, STM32H7R7I8T6, STM32H7R7L8H6, STM32H7R7L8H6H, STM32H7R7Z8J6, STM32H7S3A8I6, STM32H7S3I8K6, STM32H7S3I8T6, STM32H7S3L8H6, STM32H7S3L8H6H, STM32H7S3R8V6, STM32H7S3V8H6, STM32H7S3V8T6, STM32H7S3V8Y6TR, STM32H7S3Z8J6, STM32H7S3Z8T6, STM32H7S78-DK, STM32H7S7A8I6, STM32H7S7I8K6, STM32H7S7I8T6, STM32H7S7L8H6, STM32H7S7L8H6H, STM32H7S7Z8J6, STM32L4R5QGI6STR, STM32MP131AAE3, STM32MP131AAF3, STM32MP131AAG3, STM32MP131CAE3, STM32MP131CAF3, STM32MP131CAG3, STM32MP131DAE7, STM32MP131DAF7, STM32MP131DAG7, STM32MP131FAE7, STM32MP131FAF7, STM32MP131FAG7, STM32MP133AAE3, STM32MP133AAF3, STM32MP133AAG3, STM32MP133CAE3, STM32MP133CAF3, STM32MP133CAG3, STM32MP133DAE7, STM32MP133DAF7, STM32MP133DAG7, STM32MP133FAE7, STM32MP133FAF7, STM32MP133FAG7, STM32MP135AAE3, STM32MP135AAF3, STM32MP135AAG3, STM32MP135CAE3, STM32MP135CAF3, STM32MP135CAG3, STM32MP135DAE7, STM32MP135DAF7, STM32MP135DAG7, STM32MP135F-DK, STM32MP135FAE7, STM32MP135FAF7, STM32MP135FAF7T, STM32MP135FAF7U, STM32MP135FAG7, STM32MP211AAL3, STM32MP211AAM3, STM32MP211AAN3, STM32MP211AAO3, STM32MP211CAL3, STM32MP211CAM3, STM32MP211CAN3, STM32MP211CAO3, STM32MP211DAL3, STM32MP211DAM3, STM32MP211DAN3, STM32MP211DAO3, STM32MP211FAL3, STM32MP211FAM3, STM32MP211FAN3, STM32MP211FAO3, STM32MP213AAL3, STM32MP213AAM3, STM32MP213AAN3, STM32MP213AAO3, STM32MP213CAL3, STM32MP213CAM3, STM32MP213CAN3, STM32MP213CAO3, STM32MP213DAL3, STM32MP213DAM3, STM32MP213DAN3, STM32MP213DAO3, STM32MP213FAL3, STM32MP213FAM3, STM32MP213FAN3, STM32MP213FAO3, STM32MP215AAL3, STM32MP215AAM3, STM32MP215AAN3, STM32MP215AAO3, STM32MP215CAL3, STM32MP215CAM3, STM32MP215CAN3, STM32MP215CAO3, STM32MP215DAL3, STM32MP215DAM3, STM32MP215DAN3, STM32MP215DAO3, STM32MP215F-DK, STM32MP215FAL3, STM32MP215FAM3, STM32MP215FAN3, STM32MP215FAO3, STM32MP231AAJ3, STM32MP231AAK3, STM32MP231AAL3, STM32MP231CAJ3, STM32MP231CAK3, STM32MP231CAL3, STM32MP231DAJ3, STM32MP231DAK3, STM32MP231DAL3, STM32MP231FAJ3, STM32MP231FAK3, STM32MP231FAL3, STM32MP233AAJ3, STM32MP233AAK3, STM32MP233AAL3, STM32MP233CAJ3, STM32MP233CAK3, STM32MP233CAL3, STM32MP233DAJ3, STM32MP233DAK3, STM32MP233DAL3, STM32MP233FAJ3, STM32MP233FAK3, STM32MP233FAL3, STM32MP235AAJ3, STM32MP235AAK3, STM32MP235AAL3, STM32MP235CAJ3, STM32MP235CAK3, STM32MP235CAL3, STM32MP235DAJ3, STM32MP235DAK3, STM32MP235DAL3, STM32MP235FAJ3, STM32MP235FAK3, STM32MP235FAL3, STM32MP251AAI3, STM32MP251AAK3, STM32MP251AAL3, STM32MP251CAI3, STM32MP251CAK3, STM32MP251CAL3, STM32MP251DAI3, STM32MP251DAK3, STM32MP251DAL3, STM32MP251FAI3, STM32MP251FAK3, STM32MP251FAL3, STM32MP253AAI3, STM32MP253AAK3, STM32MP253AAL3, STM32MP253CAI3, STM32MP253CAK3, STM32MP253CAL3, STM32MP253DAI3, STM32MP253DAK3, STM32MP253DAL3, STM32MP253FAI3, STM32MP253FAK3, STM32MP253FAL3, STM32MP255AAI3, STM32MP255AAK3, STM32MP255AAL3, STM32MP255CAI3, STM32MP255CAK3, STM32MP255CAL3, STM32MP255DAI3, STM32MP255DAK3, STM32MP255DAL3, STM32MP255FAI3, STM32MP255FAK3, STM32MP255FAL3, STM32MP257AAI3, STM32MP257AAK3, STM32MP257AAL3, STM32MP257CAI3, STM32MP257CAK3, STM32MP257CAL3, STM32MP257DAI3, STM32MP257DAK3, STM32MP257DAL3, STM32MP257F-DK, STM32MP257F-EV1, STM32MP257FAI3, STM32MP257FAK3, STM32MP257FAL3, STM32N645A0H3Q, STM32N645B0H3Q, STM32N645I0H3Q, STM32N645L0H3Q, STM32N645X0H3Q, STM32N645Z0H3Q, STM32N647A0H3Q, STM32N647B0H3Q, STM32N647I0H3Q, STM32N647L0H3Q, STM32N647X0H3Q, STM32N647Z0H3Q, STM32N655A0H3Q, STM32N655B0H3Q, STM32N655I0H3Q, STM32N655L0H3Q, STM32N655X0H3Q, STM32N655Z0H3Q, STM32N6570-DK, STM32N657A0H3Q, STM32N657B0H3Q, STM32N657I0H3Q, STM32N657L0H3Q, STM32N657X0H3Q, STM32N657Z0H3Q, STM32U031C6T6, STM32U031C6U6, STM32U031C8T6, STM32U031C8U6, STM32U031F4P6, STM32U031F6P6, STM32U031F8P6, STM32U031G6Y6TR, STM32U031G8Y6TR, STM32U031K4U6, STM32U031K6U6, STM32U031K8U6, STM32U031R6I6, STM32U031R6T6, STM32U031R8I6, STM32U031R8T6, STM32U073C8T6, STM32U073C8U6, STM32U073CBT6, STM32U073CBU6, STM32U073CCT6, STM32U073CCU6, STM32U073H8Y6TR, STM32U073HBY6TR, STM32U073HCY6TR, STM32U073K8U6, STM32U073KBU6, STM32U073KCU6, STM32U073M8I6, STM32U073M8T6, STM32U073MBI6, STM32U073MBT6, STM32U073MCI6, STM32U073MCT6, STM32U073R8I6, STM32U073R8T6, STM32U073RBI6, STM32U073RBT6, STM32U073RCI6, STM32U073RCT6, STM32U083C-DK, STM32U083CCT6, STM32U083CCU6, STM32U083HCY6TR, STM32U083KCU6, STM32U083MCI6, STM32U083MCT6, STM32U083RCI6, STM32U083RCT6, STM32U375CET6, STM32U375CET6Q, STM32U375CEU6, STM32U375CEU6Q, STM32U375CEY6QTR, STM32U375CGT6, STM32U375CGT6Q, STM32U375CGU6, STM32U375CGU6Q, STM32U375CGY6QTR, STM32U375KEU6, STM32U375KGU6, STM32U375REI6, STM32U375REI6Q, STM32U375RET6, STM32U375RET6Q, STM32U375REY6GTR, STM32U375REY6QTR, STM32U375RGI6, STM32U375RGI6Q, STM32U375RGT6, STM32U375RGT6Q, STM32U375RGY6GTR, STM32U375RGY6QTR, STM32U375VEI6, STM32U375VEI6Q, STM32U375VET6, STM32U375VET6Q, STM32U375VGI6, STM32U375VGI6Q, STM32U375VGT6, STM32U375VGT6Q, STM32U385CGT6, STM32U385CGT6Q, STM32U385CGU6, STM32U385CGU6Q, STM32U385CGY6QTR, STM32U385KGU6, STM32U385RGI6, STM32U385RGI6Q, STM32U385RGT6, STM32U385RGT6Q, STM32U385RGY6GTR, STM32U385RGY6QTR, STM32U385VGI6, STM32U385VGI6Q, STM32U385VGT6, STM32U385VGT6Q, STM32U535CBT6, STM32U535CBT6Q, STM32U535CBU6, STM32U535CBU6Q, STM32U535CCT6, STM32U535CCT6Q, STM32U535CCU6, STM32U535CCU6Q, STM32U535CET6, STM32U535CET6Q, STM32U535CEU6, STM32U535CEU6Q, STM32U535JEY6QTR, STM32U535NCY6QTR, STM32U535NEY6QTR, STM32U535RBI6, STM32U535RBI6Q, STM32U535RBT6, STM32U535RBT6Q, STM32U535RCI6, STM32U535RCI6Q, STM32U535RCT6, STM32U535RCT6Q, STM32U535REI6, STM32U535REI6Q, STM32U535RET6, STM32U535RET6Q, STM32U535VCI6, STM32U535VCI6Q, STM32U535VCT6, STM32U535VCT6Q, STM32U535VEI6, STM32U535VEI6Q, STM32U535VET6, STM32U535VET6Q, STM32U545CET6, STM32U545CET6Q, STM32U545CEU6, STM32U545CEU6Q, STM32U545JEY6QTR, STM32U545NEY6QTR, STM32U545REI6, STM32U545REI6Q, STM32U545RET6, STM32U545RET6Q, STM32U545VEI6, STM32U545VEI6Q, STM32U545VET6, STM32U545VET6Q, STM32U595AIH6, STM32U595AIH6Q, STM32U595AJH6, STM32U595AJH6Q, STM32U595QII6, STM32U595QII6Q, STM32U595QJI6, STM32U595QJI6Q, STM32U595RIT6, STM32U595RIT6Q, STM32U595RJT6, STM32U595RJT6Q, STM32U595VIT6, STM32U595VIT6Q, STM32U595VJT6, STM32U595VJT6Q, STM32U595ZIT6, STM32U595ZIT6Q, STM32U595ZIY6QTR, STM32U595ZJT6, STM32U595ZJT6Q, STM32U595ZJY6QTR, STM32U599BJY6QTR, STM32U599NIH6Q, STM32U599NJH6Q, STM32U599VIT6Q, STM32U599VJT6, STM32U599VJT6Q, STM32U599ZIT6Q, STM32U599ZIY6QTR, STM32U599ZJT6Q, STM32U599ZJY6QTR, STM32U5A5AJH6, STM32U5A5AJH6Q, STM32U5A5QII3Q , STM32U5A5QJI6, STM32U5A5QJI6Q, STM32U5A5RJT6, STM32U5A5RJT6Q, STM32U5A5VJT6, STM32U5A5VJT6Q, STM32U5A5ZJT6, STM32U5A5ZJT6Q, STM32U5A5ZJY6QTR, STM32U5A9BJY6QTR, STM32U5A9J-DK, STM32U5A9NJH6Q, STM32U5A9VJT6Q, STM32U5A9ZJT6Q, STM32U5A9ZJY6QTR, STM32U5F7VIT6, STM32U5F7VIT6Q, STM32U5F7VJT6, STM32U5F7VJT6Q, STM32U5F9BJY6QTR, STM32U5F9NJH6Q, STM32U5F9VIT6Q, STM32U5F9VJT6Q, STM32U5F9ZIJ6QTR, STM32U5F9ZIT6Q, STM32U5F9ZJJ6QTR, STM32U5F9ZJT6Q, STM32U5G7VJT6, STM32U5G7VJT6Q, STM32U5G9BJY6QTR, STM32U5G9J-DK1, STM32U5G9J-DK2, STM32U5G9NJH6Q, STM32U5G9VJT6Q, STM32U5G9ZJJ6QTR, STM32U5G9ZJT6Q, STM32WB05KZV6TR, STM32WB05KZV7TR, STM32WB05TZF6TR, STM32WB05TZF7TR, STM32WB06CCF6TR, STM32WB06CCF7TR, STM32WB06CCV6TR, STM32WB06CCV7TR, STM32WB06KCV6TR, STM32WB06KCV7TR, STM32WB07CCF6TR, STM32WB07CCF7TR, STM32WB07CCV6TR, STM32WB07CCV7TR, STM32WB07KCV6TR, STM32WB07KCV7TR, STM32WB09KEV6TR, STM32WB09KEV7TR, STM32WB09TEF6TR, STM32WB09TEF7TR, STM32WB1MMCH6, STM32WBA50KGU6, STM32WBA50KGU6TR, STM32WBA52CEU6, STM32WBA52CEU6TR, STM32WBA52CEU7, STM32WBA52CEU7TR, STM32WBA52CGU6, STM32WBA52CGU6TR, STM32WBA52CGU6U, STM32WBA52CGU7, STM32WBA52CGU7TR, STM32WBA52KEU6, STM32WBA52KEU6TR, STM32WBA52KGU6, STM32WBA52KGU6TR, STM32WBA54CEU6, STM32WBA54CEU6TR, STM32WBA54CEU7, STM32WBA54CEU7TR, STM32WBA54CGU6, STM32WBA54CGU6TR, STM32WBA54CGU7, STM32WBA54CGU7TR, STM32WBA54KEU6, STM32WBA54KEU6TR, STM32WBA54KEU7, STM32WBA54KEU7TR, STM32WBA54KGU6, STM32WBA54KGU6TR, STM32WBA54KGU7, STM32WBA54KGU7TR, STM32WBA55CEU6, STM32WBA55CEU6TR, STM32WBA55CEU7, STM32WBA55CEU7TR, STM32WBA55CGU6, STM32WBA55CGU6TR, STM32WBA55CGU6U, STM32WBA55CGU7, STM32WBA55CGU7TR, STM32WBA55G-DK1, STM32WBA55HEF6, STM32WBA55HEF7, STM32WBA55HGF6, STM32WBA55HGF7, STM32WBA55UEI6, STM32WBA55UEI6TR, STM32WBA55UEI7, STM32WBA55UEI7TR, STM32WBA55UGI6, STM32WBA55UGI6TR, STM32WBA55UGI7, STM32WBA55UGI7TR, STM32WBA5MMGH6TR, STM32WBA62MGF6, STM32WBA62MIF6, STM32WBA65MGF7, STM32WBA65MIF6, STM32WBA65MIF7, STM32WL30K8V6, STM32WL30KBV6, STM32WL31C8V6, STM32WL31CBV6, STM32WL31K8V6, STM32WL31KBV6, STM32WL33C8V6, STM32WL33C8V6X, STM32WL33CBV6, STM32WL33CBV6X, STM32WL33CCV6, STM32WL33CCV6A, STM32WL33CCV6X, STM32WL33K8V7, STM32WL33K8V7X, STM32WL33KBV7 , STM32WL33KBV7X, STM32WL33KCV7, STM32WL33KCV7X, STM32WL5MOCH6, STM32WL5MOCH6TR]
2025-10-29 14:17:24,319 [INFO] BoardInfo:889 - No configuration file found for board P-NUCLEO-WB55
2025-10-29 14:17:24,320 [INFO] DbBoards:161 - Kit is not supported: P-NUCLEO-WB55
2025-10-29 14:17:24,325 [INFO] BoardInfo:889 - No configuration file found for board STEVAL-BFA001V1B
2025-10-29 14:17:24,326 [INFO] DbBoards:161 - Kit is not supported: STEVAL-BFA001V1B
2025-10-29 14:17:24,326 [INFO] BoardInfo:889 - No configuration file found for board STEVAL-BFA001V2B
2025-10-29 14:17:24,328 [INFO] DbBoards:161 - Kit is not supported: STEVAL-BFA001V2B
2025-10-29 14:17:24,520 [INFO] DbBoards:168 - Found 212 boards, 209 are supported
2025-10-29 14:17:24,525 [INFO] DbBoards:169 - Found 212 boards, 43 of them is supported for  Bsp
2025-10-29 14:17:24,532 [INFO] ApiDb:668 - CubeFinder database Data Model version=2.1
2025-10-29 14:17:24,532 [INFO] ApiDb:669 - CubeFinder database Configuration version=3.0.39
2025-10-29 14:17:24,533 [INFO] ApiDb:670 - CubeFinder database generation date=2025-08-25 (1756130511)
2025-10-29 14:17:24,533 [INFO] ApiDb:671 - CubeFinder database FW Pack versions=[FP-ATR-ASTRA1_V2.0.0, FP-SNS-FLIGHT1_V5.1.0, FP-SNS-MOTENV1_V5.0.0, FP-SNS-MOTENVWB1_V1.4.0, FP-SNS-SMARTAG2_V1.2.0, FP-SNS-STBOX1_V2.1.0, STM32Cube_FW_C0_V1.4.0, STM32Cube_FW_F4_V1.28.3, STM32Cube_FW_F7_V1.17.4, STM32Cube_FW_G0_V1.6.2, STM32Cube_FW_G4_V1.6.1, STM32Cube_FW_H5_V1.5.0, STM32Cube_FW_H7RS_V1.2.0, STM32Cube_FW_H7_V1.12.1, STM32Cube_FW_L0_V1.12.2, STM32Cube_FW_L4_V1.18.1, STM32Cube_FW_L5_V1.5.1, STM32Cube_FW_N6_V1.2.0, STM32Cube_FW_U0_V1.3.0, STM32Cube_FW_U3_V1.2.0, STM32Cube_FW_U5_V1.8.0, STM32Cube_FW_WB0_V1.3.0, STM32Cube_FW_WBA_V1.7.0, STM32Cube_FW_WB_V1.23.0, STM32Cube_FW_WL3_V1.2.0, STM32Cube_FW_WL_V1.3.1, X-CUBE-ALGOBUILD_V1.4.0, X-CUBE-ALS_V1.0.2, X-CUBE-AZRTOS-F4_V1.1.0, X-CUBE-AZRTOS-F7_V1.1.0, X-CUBE-AZRTOS-G0_V1.1.0, X-CUBE-AZRTOS-G4_V2.0.0, X-CUBE-AZRTOS-H7RS_V1.1.0, X-CUBE-AZRTOS-H7_V3.4.0, X-CUBE-AZRTOS-L4_V2.0.0, X-CUBE-AZRTOS-L5_V2.0.0, X-CUBE-AZRTOS-WB_V2.0.0, X-CUBE-AZRTOS-WL_V2.0.0, X-CUBE-BLE1_V7.1.0, X-CUBE-BLE2_V3.3.0, X-CUBE-BLEMGR_V4.1.0, X-CUBE-EEPRMA1_V5.2.0, X-CUBE-FREERTOS_V1.3.1, X-CUBE-GNSS1_V6.0.0, X-CUBE-MEMS1_V11.3.0, X-CUBE-NFC4_V3.0.0, X-CUBE-NFC7_V2.0.0, X-CUBE-SFXS2LP1_V4.0.0, X-CUBE-ST67W61_V1.0.0, X-CUBE-SUBG2_V5.0.0, X-CUBE-TOF1_V3.4.3]
2025-10-29 14:17:26,449 [INFO] ApiDb:240 - Found 880 in-development CPN: [B-G473E-ZEST1S, B-WB1M-WPAN1, B-WBA5M-WPAN, B-WL5M-SUBG1, NUCLEO-C031C6, NUCLEO-C051C8, NUCLEO-C071RB, NUCLEO-C092RC, NUCLEO-H503RB, NUCLEO-H533RE, NUCLEO-H563ZI, NUCLEO-H7S3L8, NUCLEO-N657X0-Q, NUCLEO-U031R8, NUCLEO-U083RC, NUCLEO-U385RG-Q, NUCLEO-U545RE-Q, NUCLEO-U5A5ZJ-Q, NUCLEO-WB05KZ, NUCLEO-WB07CC, NUCLEO-WB09KE, NUCLEO-WBA52CG, NUCLEO-WBA55CG, NUCLEO-WL33CC1, NUCLEO-WL33CC2, STEVAL-PROTEUS1, STEVAL-SMARTAG2, STEVAL-STWINBX1, STM320518-EVAL, STM32C0116-DK, STM32C011D6Y3TR, STM32C011D6Y6TR, STM32C011F4P3, STM32C011F4P6, STM32C011F4U3, STM32C011F4U6TR, STM32C011F6P3, STM32C011F6P6, STM32C011F6U3, STM32C011F6U6TR, STM32C011J4M3, STM32C011J4M6, STM32C011J6M3, STM32C011J6M6, STM32C0316-DK, STM32C031C4T3, STM32C031C4T6, STM32C031C4U3, STM32C031C4U6, STM32C031C6T3, STM32C031C6T6, STM32C031C6U3, STM32C031C6U6, STM32C031F4P3, STM32C031F4P6, STM32C031F6P3, STM32C031F6P6, STM32C031G4U3, STM32C031G4U6, STM32C031G6U3, STM32C031G6U6, STM32C031K4T3, STM32C031K4T6, STM32C031K4U3, STM32C031K4U6, STM32C031K6T3, STM32C031K6T6, STM32C031K6U3, STM32C031K6U6, STM32C051C6T6, STM32C051C6U6, STM32C051C8T6, STM32C051C8U6, STM32C051D8Y6TR, STM32C051F6P6, STM32C051F8P6, STM32C051G6U6, STM32C051G8U6, STM32C051K6T6, STM32C051K6U6, STM32C051K8T6, STM32C071C8T6, STM32C071C8T6N, STM32C071C8U6, STM32C071C8U6N, STM32C071CBT6, STM32C071CBT6N, STM32C071CBU6, STM32C071CBU6N, STM32C071F8P6, STM32C071F8P6N, STM32C071FBP6, STM32C071FBP6N, STM32C071FBY6TR, STM32C071G8U6, STM32C071G8U6N, STM32C071GBU6, STM32C071GBU6N, STM32C071K8T6, STM32C071K8T6N, STM32C071K8U6, STM32C071K8U6N, STM32C071KBT6, STM32C071KBT6N, STM32C071KBU6, STM32C071KBU6N, STM32C071R8T6, STM32C071R8T6N, STM32C071RBI6N, STM32C071RBT6, STM32C071RBT6N, STM32C091CBT6, STM32C091CBU6, STM32C091CCT6, STM32C091CCU6, STM32C091ECY6TR, STM32C091FBP6, STM32C091FCP6, STM32C091GBU6, STM32C091GCU6, STM32C091KBT6, STM32C091KBU6, STM32C091KCT6, STM32C091KCU6, STM32C091RBT6, STM32C091RCI6, STM32C091RCT6, STM32C092CBT6, STM32C092CBU6, STM32C092CCT6, STM32C092CCU6, STM32C092ECY6TR, STM32C092FBP6, STM32C092FCP6, STM32C092GBU6, STM32C092GCU6, STM32C092KBT6, STM32C092KBU6, STM32C092KCT6, STM32C092KCU6, STM32C092RBT6, STM32C092RCI6, STM32C092RCT6, STM32G071K8TXN, STM32G071K8UXN, STM32G081GBU6N, STM32G081KBT6N, STM32G081KBUXN, STM32G0B1CCT6N, STM32G0B1KCT6, STM32G0B1NEY6TR, STM32G0B1RCT6N, STM32G0C1CCT6, STM32G0C1CCT6N, STM32G0C1CCU6N, STM32G0C1CET6N, STM32G0C1CEU6N, STM32G0C1KCT6, STM32G0C1NEY6TR, STM32G0C1RCI6N, STM32G0C1RCT6N, STM32G0C1REI6N, STM32G0C1RET6N, STM32G0C1VCI6, STM32G0C1VEI6, STM32G411C6T3, STM32G411C6T6, STM32G411C6U3, STM32G411C6U6, STM32G411C8T3, STM32G411C8T6, STM32G411C8U3, STM32G411C8U6, STM32G411CBT3, STM32G411CBT6, STM32G411CBU3, STM32G411CBU6, STM32G411K6T3, STM32G411K6T6, STM32G411K6U3, STM32G411K6U6, STM32G411K8T3, STM32G411K8T6, STM32G411K8U3, STM32G411K8U6, STM32G411KBT3, STM32G411KBT6, STM32G411KBU3, STM32G411KBU6, STM32G411M6T3, STM32G411M6T6, STM32G411M8T3, STM32G411M8T6, STM32G411MBT3, STM32G411MBT6, STM32G411R6T3, STM32G411R6T6, STM32G411R8T3, STM32G411R8T6, STM32G411RBT3, STM32G411RBT6, STM32G414CBT3, STM32G414CBT6, STM32G414CBU3, STM32G414CBU6, STM32G414CCT3, STM32G414CCT6, STM32G414CCU3, STM32G414CCU6, STM32G414MBT3, STM32G414MBT6, STM32G414MCT3, STM32G414MCT6, STM32G414RBT3, STM32G414RBT6, STM32G414RCT3, STM32G414RCT6, STM32G414VBT3, STM32G414VBT6, STM32G414VCT3, STM32G414VCT6, STM32G431CBT3Z, STM32G431RBT3Z, STM32G471CCT6, STM32G471CCU6, STM32G471CET3, STM32G471CET6, STM32G471CEU3, STM32G471CEU6, STM32G471MCT6, STM32G471MET3, STM32G471MET6, STM32G471MEY6TR, STM32G471QCT6, STM32G471QET3, STM32G471RCT6, STM32G471RET3, STM32G471RET6, STM32G471VCH6, STM32G471VCI6, STM32G471VCT6, STM32G471VEH3, STM32G471VEH6, STM32G471VEI3, STM32G471VEI6, STM32G471VET3, STM32G471VET6, STM32G473QET3Z, STM32G473RET3Z, STM32G474CCT6, STM32G491RET3Z, STM32H503CBT6, STM32H503CBU6, STM32H503EBY6TR, STM32H503KBU6, STM32H503RBT6, STM32H523CCT6, STM32H523CCU6, STM32H523CET6, STM32H523CEU6, STM32H523HEY6TR, STM32H523RCT6, STM32H523RET6, STM32H523VCI6, STM32H523VCT6, STM32H523VEI6, STM32H523VET6, STM32H523ZCJ6, STM32H523ZCT6, STM32H523ZEJ6, STM32H523ZET6, STM32H533CET6, STM32H533CEU6, STM32H533HEY6TR, STM32H533RET6, STM32H533VEI6, STM32H533VET6, STM32H533ZEJ6, STM32H533ZET6, STM32H562AGI6, STM32H562AII6, STM32H562IGK6, STM32H562IGT6, STM32H562IIK6, STM32H562IIT6, STM32H562RGT6, STM32H562RGV6, STM32H562RIT6, STM32H562RIV6, STM32H562VGT6, STM32H562VIT6, STM32H562ZGT6, STM32H562ZIT6, STM32H563AGI6, STM32H563AII3Q, STM32H563AII6, STM32H563IGK6, STM32H563IGT6, STM32H563IIK3Q, STM32H563IIK6, STM32H563IIT3Q, STM32H563IIT6, STM32H563MIY3QTR, STM32H563RGT6, STM32H563RGV6, STM32H563RIT6, STM32H563RIV6, STM32H563VGT6, STM32H563VIT3Q, STM32H563VIT6, STM32H563ZGT6, STM32H563ZIT3Q, STM32H563ZIT6, STM32H573AII3Q, STM32H573AII6, STM32H573I-DK, STM32H573IIK3Q, STM32H573IIK6, STM32H573IIT3Q, STM32H573IIT6, STM32H573MIY3QTR, STM32H573RIT6, STM32H573RIV6, STM32H573VIT3Q, STM32H573VIT6, STM32H573ZIT3Q, STM32H573ZIT6, STM32H7R3A8I6, STM32H7R3I8K6, STM32H7R3I8T6, STM32H7R3L8H6, STM32H7R3L8H6H, STM32H7R3R8V6, STM32H7R3V8H6, STM32H7R3V8T6, STM32H7R3V8Y6TR, STM32H7R3Z8J6, STM32H7R3Z8T6, STM32H7R7A8I6, STM32H7R7I8K6, STM32H7R7I8T6, STM32H7R7L8H6, STM32H7R7L8H6H, STM32H7R7Z8J6, STM32H7S3A8I6, STM32H7S3I8K6, STM32H7S3I8T6, STM32H7S3L8H6, STM32H7S3L8H6H, STM32H7S3R8V6, STM32H7S3V8H6, STM32H7S3V8T6, STM32H7S3V8Y6TR, STM32H7S3Z8J6, STM32H7S3Z8T6, STM32H7S78-DK, STM32H7S7A8I6, STM32H7S7I8K6, STM32H7S7I8T6, STM32H7S7L8H6, STM32H7S7L8H6H, STM32H7S7Z8J6, STM32L4R5QGI6STR, STM32MP131AAE3, STM32MP131AAF3, STM32MP131AAG3, STM32MP131CAE3, STM32MP131CAF3, STM32MP131CAG3, STM32MP131DAE7, STM32MP131DAF7, STM32MP131DAG7, STM32MP131FAE7, STM32MP131FAF7, STM32MP131FAG7, STM32MP133AAE3, STM32MP133AAF3, STM32MP133AAG3, STM32MP133CAE3, STM32MP133CAF3, STM32MP133CAG3, STM32MP133DAE7, STM32MP133DAF7, STM32MP133DAG7, STM32MP133FAE7, STM32MP133FAF7, STM32MP133FAG7, STM32MP135AAE3, STM32MP135AAF3, STM32MP135AAG3, STM32MP135CAE3, STM32MP135CAF3, STM32MP135CAG3, STM32MP135DAE7, STM32MP135DAF7, STM32MP135DAG7, STM32MP135F-DK, STM32MP135FAE7, STM32MP135FAF7, STM32MP135FAF7T, STM32MP135FAF7U, STM32MP135FAG7, STM32MP211AAL3, STM32MP211AAM3, STM32MP211AAN3, STM32MP211AAO3, STM32MP211CAL3, STM32MP211CAM3, STM32MP211CAN3, STM32MP211CAO3, STM32MP211DAL3, STM32MP211DAM3, STM32MP211DAN3, STM32MP211DAO3, STM32MP211FAL3, STM32MP211FAM3, STM32MP211FAN3, STM32MP211FAO3, STM32MP213AAL3, STM32MP213AAM3, STM32MP213AAN3, STM32MP213AAO3, STM32MP213CAL3, STM32MP213CAM3, STM32MP213CAN3, STM32MP213CAO3, STM32MP213DAL3, STM32MP213DAM3, STM32MP213DAN3, STM32MP213DAO3, STM32MP213FAL3, STM32MP213FAM3, STM32MP213FAN3, STM32MP213FAO3, STM32MP215AAL3, STM32MP215AAM3, STM32MP215AAN3, STM32MP215AAO3, STM32MP215CAL3, STM32MP215CAM3, STM32MP215CAN3, STM32MP215CAO3, STM32MP215DAL3, STM32MP215DAM3, STM32MP215DAN3, STM32MP215DAO3, STM32MP215F-DK, STM32MP215FAL3, STM32MP215FAM3, STM32MP215FAN3, STM32MP215FAO3, STM32MP231AAJ3, STM32MP231AAK3, STM32MP231AAL3, STM32MP231CAJ3, STM32MP231CAK3, STM32MP231CAL3, STM32MP231DAJ3, STM32MP231DAK3, STM32MP231DAL3, STM32MP231FAJ3, STM32MP231FAK3, STM32MP231FAL3, STM32MP233AAJ3, STM32MP233AAK3, STM32MP233AAL3, STM32MP233CAJ3, STM32MP233CAK3, STM32MP233CAL3, STM32MP233DAJ3, STM32MP233DAK3, STM32MP233DAL3, STM32MP233FAJ3, STM32MP233FAK3, STM32MP233FAL3, STM32MP235AAJ3, STM32MP235AAK3, STM32MP235AAL3, STM32MP235CAJ3, STM32MP235CAK3, STM32MP235CAL3, STM32MP235DAJ3, STM32MP235DAK3, STM32MP235DAL3, STM32MP235FAJ3, STM32MP235FAK3, STM32MP235FAL3, STM32MP251AAI3, STM32MP251AAK3, STM32MP251AAL3, STM32MP251CAI3, STM32MP251CAK3, STM32MP251CAL3, STM32MP251DAI3, STM32MP251DAK3, STM32MP251DAL3, STM32MP251FAI3, STM32MP251FAK3, STM32MP251FAL3, STM32MP253AAI3, STM32MP253AAK3, STM32MP253AAL3, STM32MP253CAI3, STM32MP253CAK3, STM32MP253CAL3, STM32MP253DAI3, STM32MP253DAK3, STM32MP253DAL3, STM32MP253FAI3, STM32MP253FAK3, STM32MP253FAL3, STM32MP255AAI3, STM32MP255AAK3, STM32MP255AAL3, STM32MP255CAI3, STM32MP255CAK3, STM32MP255CAL3, STM32MP255DAI3, STM32MP255DAK3, STM32MP255DAL3, STM32MP255FAI3, STM32MP255FAK3, STM32MP255FAL3, STM32MP257AAI3, STM32MP257AAK3, STM32MP257AAL3, STM32MP257CAI3, STM32MP257CAK3, STM32MP257CAL3, STM32MP257DAI3, STM32MP257DAK3, STM32MP257DAL3, STM32MP257F-DK, STM32MP257F-EV1, STM32MP257FAI3, STM32MP257FAK3, STM32MP257FAL3, STM32N645A0H3Q, STM32N645B0H3Q, STM32N645I0H3Q, STM32N645L0H3Q, STM32N645X0H3Q, STM32N645Z0H3Q, STM32N647A0H3Q, STM32N647B0H3Q, STM32N647I0H3Q, STM32N647L0H3Q, STM32N647X0H3Q, STM32N647Z0H3Q, STM32N655A0H3Q, STM32N655B0H3Q, STM32N655I0H3Q, STM32N655L0H3Q, STM32N655X0H3Q, STM32N655Z0H3Q, STM32N6570-DK, STM32N657A0H3Q, STM32N657B0H3Q, STM32N657I0H3Q, STM32N657L0H3Q, STM32N657X0H3Q, STM32N657Z0H3Q, STM32U031C6T6, STM32U031C6U6, STM32U031C8T6, STM32U031C8U6, STM32U031F4P6, STM32U031F6P6, STM32U031F8P6, STM32U031G6Y6TR, STM32U031G8Y6TR, STM32U031K4U6, STM32U031K6U6, STM32U031K8U6, STM32U031R6I6, STM32U031R6T6, STM32U031R8I6, STM32U031R8T6, STM32U073C8T6, STM32U073C8U6, STM32U073CBT6, STM32U073CBU6, STM32U073CCT6, STM32U073CCU6, STM32U073H8Y6TR, STM32U073HBY6TR, STM32U073HCY6TR, STM32U073K8U6, STM32U073KBU6, STM32U073KCU6, STM32U073M8I6, STM32U073M8T6, STM32U073MBI6, STM32U073MBT6, STM32U073MCI6, STM32U073MCT6, STM32U073R8I6, STM32U073R8T6, STM32U073RBI6, STM32U073RBT6, STM32U073RCI6, STM32U073RCT6, STM32U083C-DK, STM32U083CCT6, STM32U083CCU6, STM32U083HCY6TR, STM32U083KCU6, STM32U083MCI6, STM32U083MCT6, STM32U083RCI6, STM32U083RCT6, STM32U375CET6, STM32U375CET6Q, STM32U375CEU6, STM32U375CEU6Q, STM32U375CEY6QTR, STM32U375CGT6, STM32U375CGT6Q, STM32U375CGU6, STM32U375CGU6Q, STM32U375CGY6QTR, STM32U375KEU6, STM32U375KGU6, STM32U375REI6, STM32U375REI6Q, STM32U375RET6, STM32U375RET6Q, STM32U375REY6GTR, STM32U375REY6QTR, STM32U375RGI6, STM32U375RGI6Q, STM32U375RGT6, STM32U375RGT6Q, STM32U375RGY6GTR, STM32U375RGY6QTR, STM32U375VEI6, STM32U375VEI6Q, STM32U375VET6, STM32U375VET6Q, STM32U375VGI6, STM32U375VGI6Q, STM32U375VGT6, STM32U375VGT6Q, STM32U385CGT6, STM32U385CGT6Q, STM32U385CGU6, STM32U385CGU6Q, STM32U385CGY6QTR, STM32U385KGU6, STM32U385RGI6, STM32U385RGI6Q, STM32U385RGT6, STM32U385RGT6Q, STM32U385RGY6GTR, STM32U385RGY6QTR, STM32U385VGI6, STM32U385VGI6Q, STM32U385VGT6, STM32U385VGT6Q, STM32U535CBT6, STM32U535CBT6Q, STM32U535CBU6, STM32U535CBU6Q, STM32U535CCT6, STM32U535CCT6Q, STM32U535CCU6, STM32U535CCU6Q, STM32U535CET6, STM32U535CET6Q, STM32U535CEU6, STM32U535CEU6Q, STM32U535JEY6QTR, STM32U535NCY6QTR, STM32U535NEY6QTR, STM32U535RBI6, STM32U535RBI6Q, STM32U535RBT6, STM32U535RBT6Q, STM32U535RCI6, STM32U535RCI6Q, STM32U535RCT6, STM32U535RCT6Q, STM32U535REI6, STM32U535REI6Q, STM32U535RET6, STM32U535RET6Q, STM32U535VCI6, STM32U535VCI6Q, STM32U535VCT6, STM32U535VCT6Q, STM32U535VEI6, STM32U535VEI6Q, STM32U535VET6, STM32U535VET6Q, STM32U545CET6, STM32U545CET6Q, STM32U545CEU6, STM32U545CEU6Q, STM32U545JEY6QTR, STM32U545NEY6QTR, STM32U545REI6, STM32U545REI6Q, STM32U545RET6, STM32U545RET6Q, STM32U545VEI6, STM32U545VEI6Q, STM32U545VET6, STM32U545VET6Q, STM32U595AIH6, STM32U595AIH6Q, STM32U595AJH6, STM32U595AJH6Q, STM32U595QII6, STM32U595QII6Q, STM32U595QJI6, STM32U595QJI6Q, STM32U595RIT6, STM32U595RIT6Q, STM32U595RJT6, STM32U595RJT6Q, STM32U595VIT6, STM32U595VIT6Q, STM32U595VJT6, STM32U595VJT6Q, STM32U595ZIT6, STM32U595ZIT6Q, STM32U595ZIY6QTR, STM32U595ZJT6, STM32U595ZJT6Q, STM32U595ZJY6QTR, STM32U599BJY6QTR, STM32U599NIH6Q, STM32U599NJH6Q, STM32U599VIT6Q, STM32U599VJT6, STM32U599VJT6Q, STM32U599ZIT6Q, STM32U599ZIY6QTR, STM32U599ZJT6Q, STM32U599ZJY6QTR, STM32U5A5AJH6, STM32U5A5AJH6Q, STM32U5A5QII3Q , STM32U5A5QJI6, STM32U5A5QJI6Q, STM32U5A5RJT6, STM32U5A5RJT6Q, STM32U5A5VJT6, STM32U5A5VJT6Q, STM32U5A5ZJT6, STM32U5A5ZJT6Q, STM32U5A5ZJY6QTR, STM32U5A9BJY6QTR, STM32U5A9J-DK, STM32U5A9NJH6Q, STM32U5A9VJT6Q, STM32U5A9ZJT6Q, STM32U5A9ZJY6QTR, STM32U5F7VIT6, STM32U5F7VIT6Q, STM32U5F7VJT6, STM32U5F7VJT6Q, STM32U5F9BJY6QTR, STM32U5F9NJH6Q, STM32U5F9VIT6Q, STM32U5F9VJT6Q, STM32U5F9ZIJ6QTR, STM32U5F9ZIT6Q, STM32U5F9ZJJ6QTR, STM32U5F9ZJT6Q, STM32U5G7VJT6, STM32U5G7VJT6Q, STM32U5G9BJY6QTR, STM32U5G9J-DK1, STM32U5G9J-DK2, STM32U5G9NJH6Q, STM32U5G9VJT6Q, STM32U5G9ZJJ6QTR, STM32U5G9ZJT6Q, STM32WB05KZV6TR, STM32WB05KZV7TR, STM32WB05TZF6TR, STM32WB05TZF7TR, STM32WB06CCF6TR, STM32WB06CCF7TR, STM32WB06CCV6TR, STM32WB06CCV7TR, STM32WB06KCV6TR, STM32WB06KCV7TR, STM32WB07CCF6TR, STM32WB07CCF7TR, STM32WB07CCV6TR, STM32WB07CCV7TR, STM32WB07KCV6TR, STM32WB07KCV7TR, STM32WB09KEV6TR, STM32WB09KEV7TR, STM32WB09TEF6TR, STM32WB09TEF7TR, STM32WB1MMCH6, STM32WBA50KGU6, STM32WBA50KGU6TR, STM32WBA52CEU6, STM32WBA52CEU6TR, STM32WBA52CEU7, STM32WBA52CEU7TR, STM32WBA52CGU6, STM32WBA52CGU6TR, STM32WBA52CGU6U, STM32WBA52CGU7, STM32WBA52CGU7TR, STM32WBA52KEU6, STM32WBA52KEU6TR, STM32WBA52KGU6, STM32WBA52KGU6TR, STM32WBA54CEU6, STM32WBA54CEU6TR, STM32WBA54CEU7, STM32WBA54CEU7TR, STM32WBA54CGU6, STM32WBA54CGU6TR, STM32WBA54CGU7, STM32WBA54CGU7TR, STM32WBA54KEU6, STM32WBA54KEU6TR, STM32WBA54KEU7, STM32WBA54KEU7TR, STM32WBA54KGU6, STM32WBA54KGU6TR, STM32WBA54KGU7, STM32WBA54KGU7TR, STM32WBA55CEU6, STM32WBA55CEU6TR, STM32WBA55CEU7, STM32WBA55CEU7TR, STM32WBA55CGU6, STM32WBA55CGU6TR, STM32WBA55CGU6U, STM32WBA55CGU7, STM32WBA55CGU7TR, STM32WBA55G-DK1, STM32WBA55HEF6, STM32WBA55HEF7, STM32WBA55HGF6, STM32WBA55HGF7, STM32WBA55UEI6, STM32WBA55UEI6TR, STM32WBA55UEI7, STM32WBA55UEI7TR, STM32WBA55UGI6, STM32WBA55UGI6TR, STM32WBA55UGI7, STM32WBA55UGI7TR, STM32WBA5MMGH6TR, STM32WBA62MGF6, STM32WBA62MIF6, STM32WBA65MGF7, STM32WBA65MIF6, STM32WBA65MIF7, STM32WL30K8V6, STM32WL30KBV6, STM32WL31C8V6, STM32WL31CBV6, STM32WL31K8V6, STM32WL31KBV6, STM32WL33C8V6, STM32WL33C8V6X, STM32WL33CBV6, STM32WL33CBV6X, STM32WL33CCV6, STM32WL33CCV6A, STM32WL33CCV6X, STM32WL33K8V7, STM32WL33K8V7X, STM32WL33KBV7 , STM32WL33KBV7X, STM32WL33KCV7, STM32WL33KCV7X, STM32WL5MOCH6, STM32WL5MOCH6TR]
2025-10-29 14:17:26,464 [INFO] DbMcus:218 - Found 4801 MCUs, 4801 are supported
2025-10-29 14:17:26,467 [INFO] ApiDb:423 - Load user favorites file C:\Users\nico2/.stm32cubeide/favorites.mcus.txt: 1 item(s)
2025-10-29 14:17:26,468 [INFO] ApiDb:427 - User favorites MCUs=[STM32F103C8T6]
2025-10-29 14:17:26,468 [INFO] DbMcus:224 - Set 1 / 1 favorites MCUs
2025-10-29 14:17:27,081 [INFO] ApiDb:423 - Load user favorites file C:\Users\nico2/.stm32cubeide/favorites.boards.txt: 0 item(s)
2025-10-29 14:17:27,081 [INFO] ApiDb:427 - User favorites Boards=[]
2025-10-29 14:17:27,081 [INFO] DbBoards:198 - Set 0 / 0 favorites Boards
2025-10-29 14:17:27,182 [INFO] UtilMem:75 - End LoadConfig() Used Memory: 556882696 Bytes (896532480)
2025-10-29 14:17:27,387 [WARN] ThirdParty:833 - waiting for thirdparty lock release [change project]
2025-10-29 14:17:27,387 [INFO] ThirdParty:835 - entering critical section [change project]
2025-10-29 14:17:27,388 [INFO] ThirdParty:1030 - CMSIS Pack Vendor :STMicroelectronics X-CUBE-PM33A1 1.0.0
2025-10-29 14:17:27,388 [INFO] ThirdParty:1030 - CMSIS Pack Vendor :STMicroelectronics USBPD 4.1
2025-10-29 14:17:27,388 [INFO] ThirdParty:1030 - CMSIS Pack Vendor :STMicroelectronics X-CUBE-NFC9 1.0.0
2025-10-29 14:17:27,388 [INFO] ThirdParty:1030 - CMSIS Pack Vendor :STMicroelectronics USB_HOST 2.0.0
2025-10-29 14:17:27,388 [INFO] ThirdParty:1030 - CMSIS Pack Vendor :STMicroelectronics FP-SNS-MOTENVWB1 1.4.0
2025-10-29 14:17:27,388 [INFO] ThirdParty:1030 - CMSIS Pack Vendor :STMicroelectronics X-CUBE-AZRTOS-F4 1.1.0
2025-10-29 14:17:27,388 [INFO] ThirdParty:1030 - CMSIS Pack Vendor :STMicroelectronics LIBJPEG 8.0.0
2025-10-29 14:17:27,388 [INFO] ThirdParty:1030 - CMSIS Pack Vendor :STMicroelectronics FP-ATR-ASTRA1 2.0.2
2025-10-29 14:17:27,388 [INFO] ThirdParty:1030 - CMSIS Pack Vendor :STMicroelectronics X-CUBE-BLE1 7.1.0
2025-10-29 14:17:27,388 [INFO] ThirdParty:1030 - CMSIS Pack Vendor :STMicroelectronics X-CUBE-SMBUS 2.1.0
2025-10-29 14:17:27,388 [INFO] ThirdParty:1030 - CMSIS Pack Vendor :STMicroelectronics USB_DEVICE 3.0.0
2025-10-29 14:17:27,388 [INFO] ThirdParty:1030 - CMSIS Pack Vendor :STMicroelectronics X-CUBE-ISPU 2.1.0
2025-10-29 14:17:27,388 [INFO] ThirdParty:1030 - CMSIS Pack Vendor :STMicroelectronics X-CUBE-EEPRMA1 5.2.0
2025-10-29 14:17:27,388 [INFO] ThirdParty:1030 - CMSIS Pack Vendor :STMicroelectronics X-CUBE-IPS 3.2.0
2025-10-29 14:17:27,388 [INFO] ThirdParty:1030 - CMSIS Pack Vendor :STMicroelectronics X-CUBE-BLEMGR 4.1.0
2025-10-29 14:17:27,388 [INFO] ThirdParty:1030 - CMSIS Pack Vendor :STMicroelectronics X-CUBE-AZRTOS-WB 2.0.0
2025-10-29 14:17:27,388 [INFO] ThirdParty:1030 - CMSIS Pack Vendor :STMicroelectronics X-CUBE-ST60 1.0.0
2025-10-29 14:17:27,388 [INFO] ThirdParty:1030 - CMSIS Pack Vendor :STMicroelectronics X-CUBE-GNSS1 7.0.1
2025-10-29 14:17:27,388 [INFO] ThirdParty:1030 - CMSIS Pack Vendor :STMicroelectronics X-CUBE-NFC12 1.0.0
2025-10-29 14:17:27,388 [INFO] ThirdParty:1030 - CMSIS Pack Vendor :STMicroelectronics X-CUBE-AZRTOS-F7 1.1.0
2025-10-29 14:17:27,388 [INFO] ThirdParty:1030 - CMSIS Pack Vendor :STMicroelectronics X-CUBE-AZRTOS-L5 2.0.0
2025-10-29 14:17:27,388 [INFO] ThirdParty:1030 - CMSIS Pack Vendor :STMicroelectronics X-CUBE-TOUCHGFX 4.25.0
2025-10-29 14:17:27,388 [INFO] ThirdParty:1030 - CMSIS Pack Vendor :STMicroelectronics USB_DEVICE 2.0.0
2025-10-29 14:17:27,388 [INFO] ThirdParty:1030 - CMSIS Pack Vendor :STMicroelectronics X-CUBE-NFC6 3.1.0
2025-10-29 14:17:27,388 [INFO] ThirdParty:1030 - CMSIS Pack Vendor :STMicroelectronics X-CUBE-ST67W61 1.1.0
2025-10-29 14:17:27,388 [INFO] ThirdParty:1030 - CMSIS Pack Vendor :Cesanta I-CUBE-Mongoose 7.19.0
2025-10-29 14:17:27,388 [INFO] ThirdParty:1030 - CMSIS Pack Vendor :quantropi X-CUBE-qispace-sdk-base 2.1.0
2025-10-29 14:17:27,388 [INFO] ThirdParty:1030 - CMSIS Pack Vendor :STMicroelectronics FreeRTOS 0.0.1
2025-10-29 14:17:27,388 [INFO] ThirdParty:1030 - CMSIS Pack Vendor :STMicroelectronics X-CUBE-AZRTOS-G0 1.1.0
2025-10-29 14:17:27,388 [INFO] ThirdParty:1030 - CMSIS Pack Vendor :STMicroelectronics X-CUBE-SAFEA1 1.2.2
2025-10-29 14:17:27,388 [INFO] ThirdParty:1030 - CMSIS Pack Vendor :STMicroelectronics X-CUBE-NFC4 3.0.0
2025-10-29 14:17:27,388 [INFO] ThirdParty:1030 - CMSIS Pack Vendor :STMicroelectronics X-CUBE-SUBG2 5.0.0
2025-10-29 14:17:27,388 [INFO] ThirdParty:1030 - CMSIS Pack Vendor :STMicroelectronics X-CUBE-AZRTOS-H7RS 1.1.0
2025-10-29 14:17:27,388 [INFO] ThirdParty:1030 - CMSIS Pack Vendor :STMicroelectronics STM32_WPAN 1.0.0
2025-10-29 14:17:27,388 [INFO] ThirdParty:1030 - CMSIS Pack Vendor :EmbeddedOffice I-CUBE-FS-RTOS 1.0.1
2025-10-29 14:17:27,388 [INFO] ThirdParty:1030 - CMSIS Pack Vendor :STMicroelectronics lwIP 2.0.3
2025-10-29 14:17:27,388 [INFO] ThirdParty:1030 - CMSIS Pack Vendor :STMicroelectronics USB_HOST 1.0.0
2025-10-29 14:17:27,388 [INFO] ThirdParty:1030 - CMSIS Pack Vendor :Infineon AIROC-Wi-Fi-Bluetooth-STM32 1.7.1
2025-10-29 14:17:27,388 [INFO] ThirdParty:1030 - CMSIS Pack Vendor :STMicroelectronics X-CUBE-AZRTOS-G4 2.0.0
2025-10-29 14:17:27,388 [INFO] ThirdParty:1030 - CMSIS Pack Vendor :STMicroelectronics X-CUBE-WB05N 2.0.0
2025-10-29 14:17:27,388 [INFO] ThirdParty:1030 - CMSIS Pack Vendor :STMicroelectronics PDM2PCM 3.1.0
2025-10-29 14:17:27,388 [INFO] ThirdParty:1030 - CMSIS Pack Vendor :STMicroelectronics PDM2PCM 3.3.0
2025-10-29 14:17:27,388 [INFO] ThirdParty:1030 - CMSIS Pack Vendor :STMicroelectronics X-CUBE-AZRTOS-H7 3.4.0
2025-10-29 14:17:27,388 [INFO] ThirdParty:1030 - CMSIS Pack Vendor :STMicroelectronics X-CUBE-DISPLAY 3.0.0
2025-10-29 14:17:27,388 [INFO] ThirdParty:1030 - CMSIS Pack Vendor :STMicroelectronics X-CUBE-NFC7 2.0.0
2025-10-29 14:17:27,388 [INFO] ThirdParty:1030 - CMSIS Pack Vendor :STMicroelectronics X-CUBE-TCPP 4.2.0
2025-10-29 14:17:27,388 [INFO] ThirdParty:1030 - CMSIS Pack Vendor :RealThread X-CUBE-RT-Thread_Nano 4.1.1
2025-10-29 14:17:27,388 [INFO] ThirdParty:1030 - CMSIS Pack Vendor :STMicroelectronics FP-ATR-SIGFOX1 3.2.0
2025-10-29 14:17:27,388 [INFO] ThirdParty:1030 - CMSIS Pack Vendor :STMicroelectronics X-CUBE-NFC10 1.0.0
2025-10-29 14:17:27,388 [INFO] ThirdParty:1030 - CMSIS Pack Vendor :STMicroelectronics X-CUBE-FREERTOS 1.3.1
2025-10-29 14:17:27,388 [INFO] ThirdParty:1030 - CMSIS Pack Vendor :STMicroelectronics HAL Drivers 0.0.0
2025-10-29 14:17:27,388 [INFO] ThirdParty:1030 - CMSIS Pack Vendor :STMicroelectronics MBEDTLS 2.16.2
2025-10-29 14:17:27,388 [INFO] ThirdParty:1030 - CMSIS Pack Vendor :STMicroelectronics X-CUBE-ST60 1.1.0
2025-10-29 14:17:27,388 [INFO] ThirdParty:1030 - CMSIS Pack Vendor :STMicroelectronics X-CUBE-IPS 3.1.0
2025-10-29 14:17:27,388 [INFO] ThirdParty:1030 - CMSIS Pack Vendor :STMicroelectronics X-CUBE-ALS 1.0.2
2025-10-29 14:17:27,388 [INFO] ThirdParty:1030 - CMSIS Pack Vendor :emotas I-CUBE-CANOPEN 1.3.0
2025-10-29 14:17:27,389 [INFO] ThirdParty:1030 - CMSIS Pack Vendor :STMicroelectronics MBEDTLS 2.14.1
2025-10-29 14:17:27,389 [INFO] ThirdParty:1030 - CMSIS Pack Vendor :ITTIA_DB I-CUBE-ITTIADB 8.9.0
2025-10-29 14:17:27,389 [INFO] ThirdParty:1030 - CMSIS Pack Vendor :STMicroelectronics X-CUBE-TOUCHGFX 4.26.0
2025-10-29 14:17:27,389 [INFO] ThirdParty:1030 - CMSIS Pack Vendor :STMicroelectronics X-CUBE-STSE01 1.0.0
2025-10-29 14:17:27,389 [INFO] ThirdParty:1030 - CMSIS Pack Vendor :STMicroelectronics X-CUBE-ST67W61 1.0.0
2025-10-29 14:17:27,389 [INFO] ThirdParty:1030 - CMSIS Pack Vendor :STMicroelectronics FP-SNS-STBOX1 2.1.0
2025-10-29 14:17:27,389 [INFO] ThirdParty:1030 - CMSIS Pack Vendor :STMicroelectronics X-CUBE-AI 10.2.0
2025-10-29 14:17:27,389 [INFO] ThirdParty:1030 - CMSIS Pack Vendor :STMicroelectronics FP-SNS-STAIOTCFT 1.0.0
2025-10-29 14:17:27,389 [INFO] ThirdParty:1030 - CMSIS Pack Vendor :STMicroelectronics ThreadX 1.0.0
2025-10-29 14:17:27,389 [INFO] ThirdParty:1030 - CMSIS Pack Vendor :STMicroelectronics FP-SNS-SMARTAG2 1.2.0
2025-10-29 14:17:27,389 [INFO] ThirdParty:1030 - CMSIS Pack Vendor :STMicroelectronics FP-SNS-FLIGHT1 5.1.0
2025-10-29 14:17:27,389 [INFO] ThirdParty:1030 - CMSIS Pack Vendor :STMicroelectronics X-CUBE-AZRTOS-WL 2.0.0
2025-10-29 14:17:27,389 [INFO] ThirdParty:1030 - CMSIS Pack Vendor :SEGGER I-CUBE-embOS 1.3.1
2025-10-29 14:17:27,389 [INFO] ThirdParty:1030 - CMSIS Pack Vendor :STMicroelectronics X-CUBE-ALGOBUILD 1.4.0
2025-10-29 14:17:27,389 [INFO] ThirdParty:1030 - CMSIS Pack Vendor :STMicroelectronics X-CUBE-DPower 1.3.0
2025-10-29 14:17:27,389 [INFO] ThirdParty:1030 - CMSIS Pack Vendor :STMicroelectronics X-CUBE-MEMS1 11.3.0
2025-10-29 14:17:27,389 [INFO] ThirdParty:1030 - CMSIS Pack Vendor :STMicroelectronics FP-SNS-MOTENV1 5.0.0
2025-10-29 14:17:27,389 [INFO] ThirdParty:1030 - CMSIS Pack Vendor :STMicroelectronics USB_DEVICE 1.0.0
2025-10-29 14:17:27,389 [INFO] ThirdParty:1030 - CMSIS Pack Vendor :STMicroelectronics X-CUBE-AZRTOS-L4 2.0.0
2025-10-29 14:17:27,389 [INFO] ThirdParty:1030 - CMSIS Pack Vendor :STMicroelectronics ThreadX 0.0.2
2025-10-29 14:17:27,389 [INFO] ThirdParty:1030 - CMSIS Pack Vendor :WES I-CUBE-Cesium 1.3.0
2025-10-29 14:17:27,389 [INFO] ThirdParty:1030 - CMSIS Pack Vendor :STMicroelectronics lwIP 2.1.2
2025-10-29 14:17:27,389 [INFO] ThirdParty:1030 - CMSIS Pack Vendor :STMicroelectronics X-CUBE-SFXS2LP1 4.0.0
2025-10-29 14:17:27,389 [INFO] ThirdParty:1030 - CMSIS Pack Vendor :STMicroelectronics X-CUBE-BLE2 3.3.0
2025-10-29 14:17:27,389 [INFO] ThirdParty:1030 - CMSIS Pack Vendor :STMicroelectronics X-CUBE-TOF1 3.4.3
2025-10-29 14:17:27,389 [INFO] ThirdParty:1030 - CMSIS Pack Vendor :STMicroelectronics PDM2PCM 3.2.0
2025-10-29 14:17:27,389 [INFO] ThirdParty:841 - exiting critical section [change project]
2025-10-29 14:17:28,349 [INFO] PinOutPanel:1589 - setPackage(No Configuration,No Configuration)
2025-10-29 14:17:28,351 [INFO] PinOutPanel:1589 - setPackage(STM32F103C8Tx,LQFP48)
2025-10-29 14:17:31,821 [INFO] UtilMem:75 - Before build in PCC Used Memory: 598738944 Bytes (979369984)
2025-10-29 14:17:34,772 [INFO] UtilMem:75 - After build in PCC Used Memory: 822085632 Bytes (979369984)
2025-10-29 14:17:34,982 [INFO] IPUIPlugin:80 - create IPUIPlugin
2025-10-29 14:17:34,982 [INFO] IPUIPlugin:80 - create IPUIPlugin
2025-10-29 14:17:34,982 [INFO] IPUIPlugin:80 - create IPUIPlugin
2025-10-29 14:17:34,993 [INFO] IPUIPlugin:80 - create IPUIPlugin
2025-10-29 14:17:34,993 [INFO] IPUIPlugin:80 - create IPUIPlugin
2025-10-29 14:17:34,993 [INFO] IPUIPlugin:80 - create IPUIPlugin
2025-10-29 14:17:34,995 [INFO] IPUIPlugin:80 - create IPUIPlugin
2025-10-29 14:17:34,995 [INFO] IPUIPlugin:80 - create IPUIPlugin
2025-10-29 14:17:34,995 [INFO] IPUIPlugin:80 - create IPUIPlugin
2025-10-29 14:17:34,995 [INFO] IPUIPlugin:80 - create IPUIPlugin
2025-10-29 14:17:34,995 [INFO] IPUIPlugin:80 - create IPUIPlugin
2025-10-29 14:17:34,995 [INFO] IPUIPlugin:80 - create IPUIPlugin
2025-10-29 14:17:34,996 [INFO] IPUIPlugin:80 - create IPUIPlugin
2025-10-29 14:17:34,996 [INFO] IPUIPlugin:80 - create IPUIPlugin
2025-10-29 14:17:34,996 [INFO] IPUIPlugin:80 - create IPUIPlugin
2025-10-29 14:17:34,997 [INFO] IPUIPlugin:80 - create IPUIPlugin
2025-10-29 14:17:34,997 [INFO] IPUIPlugin:80 - create IPUIPlugin
2025-10-29 14:17:34,997 [INFO] IPUIPlugin:80 - create IPUIPlugin
2025-10-29 14:17:34,997 [INFO] IPUIPlugin:80 - create IPUIPlugin
2025-10-29 14:17:34,997 [INFO] IPUIPlugin:80 - create IPUIPlugin
2025-10-29 14:17:34,997 [INFO] IPUIPlugin:80 - create IPUIPlugin
2025-10-29 14:17:34,997 [INFO] IPUIPlugin:80 - create IPUIPlugin
2025-10-29 14:17:34,997 [INFO] IPUIPlugin:80 - create IPUIPlugin
2025-10-29 14:17:34,997 [INFO] IPUIPlugin:80 - create IPUIPlugin
2025-10-29 14:17:34,997 [INFO] IPUIPlugin:80 - create IPUIPlugin
2025-10-29 14:17:34,997 [INFO] IPUIPlugin:80 - create IPUIPlugin
2025-10-29 14:17:34,998 [INFO] IPUIPlugin:80 - create IPUIPlugin
2025-10-29 14:17:35,003 [WARN] IP:2250 - I2C_Coeff_DF not found: check if there is a RefParameter without a condition.
2025-10-29 14:17:35,003 [WARN] IP:2250 - Analog_Filter not found: check if there is a RefParameter without a condition.
2025-10-29 14:17:37,468 [INFO] CADModel:165 - CPN selected for project levelSTM32F103C8T6
2025-10-29 14:17:37,468 [INFO] CADModel:114 - Register for checkConnection events
2025-10-29 14:17:37,552 [INFO] OpenFileManager:386 - Restore cursor
2025-10-29 14:17:37,670 [WARN] IP:2250 - I2C_Coeff_DF not found: check if there is a RefParameter without a condition.
2025-10-29 14:17:37,670 [WARN] IP:2250 - Analog_Filter not found: check if there is a RefParameter without a condition.
2025-10-29 14:17:37,670 [WARN] IP:2250 - I2C_Coeff_DF not found: check if there is a RefParameter without a condition.
2025-10-29 14:17:37,670 [WARN] IP:2250 - Analog_Filter not found: check if there is a RefParameter without a condition.
2025-10-29 14:17:49,024 [WARN] IP:2250 - I2C_Coeff_DF not found: check if there is a RefParameter without a condition.
2025-10-29 14:17:49,024 [WARN] IP:2250 - Analog_Filter not found: check if there is a RefParameter without a condition.
2025-10-29 14:17:49,024 [WARN] IP:2250 - I2C_Coeff_DF not found: check if there is a RefParameter without a condition.
2025-10-29 14:17:49,024 [WARN] IP:2250 - Analog_Filter not found: check if there is a RefParameter without a condition.
2025-10-29 14:17:49,112 [WARN] IP:2250 - I2C_Coeff_DF not found: check if there is a RefParameter without a condition.
2025-10-29 14:17:49,112 [WARN] IP:2250 - Analog_Filter not found: check if there is a RefParameter without a condition.
2025-10-29 14:17:49,173 [WARN] IP:2250 - I2C_Coeff_DF not found: check if there is a RefParameter without a condition.
2025-10-29 14:17:49,173 [WARN] IP:2250 - Analog_Filter not found: check if there is a RefParameter without a condition.
2025-10-29 14:20:42,520 [INFO] UtilMem:75 - End SaveConfig() Used Memory: 638805040 Bytes (979369984)
2025-10-29 14:20:49,327 [INFO] UtilMem:75 - End SaveConfig() Used Memory: 665637368 Bytes (979369984)
2025-10-29 14:20:51,857 [INFO] UtilMem:75 - End SaveConfig() Used Memory: 726981112 Bytes (979369984)
2025-10-29 14:20:53,278 [INFO] BlockDiagram:2775 - set Specific Code input for plugin: RTC
2025-10-29 14:20:53,279 [INFO] BlockDiagram:2775 - set Specific Code input for plugin: NVIC
2025-10-29 14:20:53,279 [INFO] BlockDiagram:2775 - set Specific Code input for plugin: TIM1_8F1
2025-10-29 14:20:53,279 [INFO] BlockDiagram:2775 - set Specific Code input for plugin: SYS
2025-10-29 14:20:53,279 [INFO] BlockDiagram:2775 - set Specific Code input for plugin: GPIO
2025-10-29 14:20:53,279 [INFO] BlockDiagram:2775 - set Specific Code input for plugin: RCC
2025-10-29 14:20:53,279 [INFO] BlockDiagram:2775 - set Specific Code input for plugin: I2C
2025-10-29 14:20:53,280 [INFO] CodeGenerator:892 - code generatio: config db path: C:\ST\STM32CubeIDE_1.19.0\STM32CubeIDE\plugins\com.st.stm32cube.common.mx_6.15.0.202507011659\\db\
2025-10-29 14:20:53,288 [WARN] IP:2250 - I2C_Coeff_DF not found: check if there is a RefParameter without a condition.
2025-10-29 14:20:53,288 [WARN] IP:2250 - Analog_Filter not found: check if there is a RefParameter without a condition.
2025-10-29 14:20:53,584 [INFO] CodeEngine:265 - oldGeneratedFile, C:\Users\nico2\OneDrive\Desktop\EMBEBIDOS\COMEDERO_INTEGRACION\MXTmpFiles\license.tmp_save
2025-10-29 14:20:54,757 [INFO] CodeEngine:289 - Generated code: C:\Users\nico2\OneDrive\Desktop\EMBEBIDOS\COMEDERO_INTEGRACION\MXTmpFiles\license.tmp
2025-10-29 14:20:54,981 [INFO] CodeEngine:265 - oldGeneratedFile, C:\Users\nico2\OneDrive\Desktop\EMBEBIDOS\COMEDERO_INTEGRACION\MXTmpFiles\gpio.tmp_save
2025-10-29 14:20:55,556 [INFO] CodeEngine:289 - Generated code: C:\Users\nico2\OneDrive\Desktop\EMBEBIDOS\COMEDERO_INTEGRACION\MXTmpFiles\gpio.tmp
2025-10-29 14:20:56,293 [INFO] CodeEngine:265 - oldGeneratedFile, C:\Users\nico2\OneDrive\Desktop\EMBEBIDOS\COMEDERO_INTEGRACION\Core\Src\stm32f1xx_it.c_save
2025-10-29 14:20:56,692 [INFO] CodeEngine:289 - Generated code: C:\Users\nico2\OneDrive\Desktop\EMBEBIDOS\COMEDERO_INTEGRACION\Core\Src\stm32f1xx_it.c
2025-10-29 14:20:56,713 [INFO] CodeEngine:265 - oldGeneratedFile, C:\Users\nico2\OneDrive\Desktop\EMBEBIDOS\COMEDERO_INTEGRACION\Core\Inc\stm32f1xx_it.h_save
2025-10-29 14:20:56,883 [INFO] CodeEngine:289 - Generated code: C:\Users\nico2\OneDrive\Desktop\EMBEBIDOS\COMEDERO_INTEGRACION\Core\Inc\stm32f1xx_it.h
2025-10-29 14:20:56,929 [INFO] CodeEngine:265 - oldGeneratedFile, C:\Users\nico2\OneDrive\Desktop\EMBEBIDOS\COMEDERO_INTEGRACION\Core\Src\stm32f1xx_hal_msp.c_save
2025-10-29 14:20:57,207 [INFO] CodeEngine:289 - Generated code: C:\Users\nico2\OneDrive\Desktop\EMBEBIDOS\COMEDERO_INTEGRACION\Core\Src\stm32f1xx_hal_msp.c
2025-10-29 14:20:57,216 [INFO] CodeEngine:265 - oldGeneratedFile, C:\Users\nico2\OneDrive\Desktop\EMBEBIDOS\COMEDERO_INTEGRACION\MXTmpFiles\system.tmp_save
2025-10-29 14:20:57,352 [INFO] CodeEngine:289 - Generated code: C:\Users\nico2\OneDrive\Desktop\EMBEBIDOS\COMEDERO_INTEGRACION\MXTmpFiles\system.tmp
2025-10-29 14:20:57,391 [INFO] CodeEngine:321 - oldGeneratedFile, C:\Users\nico2\OneDrive\Desktop\EMBEBIDOS\COMEDERO_INTEGRACION\Core\Inc\stm32f1xx_hal_conf.h_save
2025-10-29 14:20:57,445 [INFO] CodeEngine:345 - Generated code: C:\Users\nico2\OneDrive\Desktop\EMBEBIDOS\COMEDERO_INTEGRACION\Core\Inc\stm32f1xx_hal_conf.h
2025-10-29 14:20:57,491 [INFO] ApiDbMcu:532 - Load IP Config File for I2C1
2025-10-29 14:20:57,529 [INFO] ApiDbMcu:532 - Load IP Config File for RTC
2025-10-29 14:20:57,551 [INFO] ApiDbMcu:532 - Load IP Config File for TIM2
2025-10-29 14:20:57,556 [INFO] ApiDbMcu:532 - Load IP Config File for RCC
2025-10-29 14:20:57,646 [WARN] IPConfigManager:3811 - IP not found : TIM
2025-10-29 14:20:57,647 [WARN] CodeGenerator:4259 - IP not found : null
2025-10-29 14:20:57,678 [INFO] CodeEngine:265 - oldGeneratedFile, C:\Users\nico2\OneDrive\Desktop\EMBEBIDOS\COMEDERO_INTEGRACION\Core\Inc\main.h_save
2025-10-29 14:20:57,794 [INFO] CodeEngine:289 - Generated code: C:\Users\nico2\OneDrive\Desktop\EMBEBIDOS\COMEDERO_INTEGRACION\Core\Inc\main.h
2025-10-29 14:20:57,802 [INFO] CodeEngine:265 - oldGeneratedFile, C:\Users\nico2\OneDrive\Desktop\EMBEBIDOS\COMEDERO_INTEGRACION\Core\Src\main.c_save
2025-10-29 14:20:58,196 [INFO] CodeEngine:289 - Generated code: C:\Users\nico2\OneDrive\Desktop\EMBEBIDOS\COMEDERO_INTEGRACION\Core\Src\main.c
2025-10-29 14:20:59,473 [INFO] ProjectBuilder:3606 - Time for Copy HAL[1] : 155mS.
2025-10-29 14:20:59,483 [INFO] ProjectBuilder:5216 - Project Generator version: 4.7.0-B52
2025-10-29 14:20:59,657 [INFO] ConfigFileManager:1595 - The Die is : DIE410
2025-10-29 14:20:59,665 [INFO] ApiDbMcu:532 - Load IP Config File for FATFS
2025-10-29 14:20:59,669 [INFO] ApiDbMcu:532 - Load IP Config File for FREERTOS
2025-10-29 14:20:59,682 [INFO] ApiDbMcu:532 - Load IP Config File for USB_DEVICE
2025-10-29 14:21:00,526 [INFO] LogOutputStream:77 - [STDOUT_REDIRECT] 
2025-10-29 14:21:03,711 [INFO] ProjectBuilder:5496 - Time for Generating toolchain IDE Files: 4228mS.
2025-10-29 14:21:03,711 [INFO] ProjectBuilder:3463 - Time for Copy CMSIS : 0mS.
2025-10-29 14:21:03,713 [INFO] ProjectBuilder:3463 - Time for Copy CMSIS : 0mS.
2025-10-29 21:12:11,351 [INFO] Activator:176 - 


2025-10-29 21:12:11,356 [INFO] Activator:177 - !SESSION log4j initialized
2025-10-29 21:12:54,860 [INFO] LogOutputStream:77 - [STDOUT_REDIRECT] 
2025-10-29 21:12:57,593 [INFO] ApplicationProperties:184 - Using Application install path: C:\ST\STM32CubeIDE_1.19.0\STM32CubeIDE\plugins\com.st.stm32cube.common.mx_6.15.0.202507011659
2025-10-29 21:12:57,613 [INFO] DbMcusXml:78 - Set database path to: C:\ST\STM32CubeIDE_1.19.0\STM32CubeIDE\plugins\com.st.stm32cube.common.mx_6.15.0.202507011659\\db\/mcu/
2025-10-29 21:12:57,614 [INFO] ApiDb:274 - Set plugin database path to: C:\ST\STM32CubeIDE_1.19.0\STM32CubeIDE\plugins\com.st.stm32cube.common.mx_6.15.0.202507011659\\db\/plugins/boardmanager/
2025-10-29 21:12:57,615 [WARN] ApiDb:259 - Overriding images path with different value:  => C:\ST\STM32CubeIDE_1.19.0\STM32CubeIDE\plugins\com.st.stm32cube.common.mx_6.15.0.202507011659\\db\/plugins/mcufinder/images/
2025-10-29 21:12:57,628 [INFO] ApiDb:250 - Set database path to: C:\Users\nico2\.stmcufinder\plugins\mcufinder//mcu/
2025-10-29 21:12:57,630 [INFO] DbMcusAds:125 - Set database path to: C:\Users\nico2\.stmcufinder\plugins\mcufinder//mcu/
2025-10-29 21:12:57,635 [INFO] CrossReferenceDbSqlite:203 - Set database path to: C:\Users\nico2\.stmcufinder\plugins\mcufinder//mcu/cs/
2025-10-29 21:12:57,857 [INFO] RulesReader:64 - Compatibility file has been processed (317 Rules)
2025-10-29 21:12:57,961 [INFO] DbMcusXml:78 - Set database path to: C:\ST\STM32CubeIDE_1.19.0\STM32CubeIDE\plugins\com.st.stm32cube.common.mx_6.15.0.202507011659\\db\/mcu/
2025-10-29 21:12:57,962 [INFO] ApiDb:274 - Set plugin database path to: C:\ST\STM32CubeIDE_1.19.0\STM32CubeIDE\plugins\com.st.stm32cube.common.mx_6.15.0.202507011659\\db\/plugins/boardmanager/
2025-10-29 21:12:57,962 [INFO] ApiDb:261 - Set plugin images path to: C:\ST\STM32CubeIDE_1.19.0\STM32CubeIDE\plugins\com.st.stm32cube.common.mx_6.15.0.202507011659\\db\/plugins/mcufinder/images/
2025-10-29 21:12:57,962 [WARN] DbFile:41 - Overriding database path with different value: C:\Users\nico2\.stmcufinder\plugins\mcufinder/ => C:\Users\nico2\.stmcufinder\plugins\mcufinder
2025-10-29 21:12:57,962 [INFO] ApiDb:250 - Set database path to: C:\Users\nico2\.stmcufinder\plugins\mcufinder//mcu/
2025-10-29 21:12:57,962 [WARN] DbFile:41 - Overriding database path with different value: C:\Users\nico2\.stmcufinder\plugins\mcufinder/ => C:\Users\nico2\.stmcufinder\plugins\mcufinder
2025-10-29 21:12:57,962 [INFO] DbMcusAds:125 - Set database path to: C:\Users\nico2\.stmcufinder\plugins\mcufinder//mcu/
2025-10-29 21:12:57,962 [WARN] DbFile:41 - Overriding database path with different value: C:\Users\nico2\.stmcufinder\plugins\mcufinder/ => C:\Users\nico2\.stmcufinder\plugins\mcufinder
2025-10-29 21:12:57,962 [WARN] DbFile:41 - Overriding database path with different value: C:\Users\nico2\.stmcufinder\plugins\mcufinder/ => C:\Users\nico2\.stmcufinder\plugins\mcufinder
2025-10-29 21:12:57,962 [INFO] CrossReferenceDbSqlite:203 - Set database path to: C:\Users\nico2\.stmcufinder\plugins\mcufinder//mcu/cs/
2025-10-29 21:12:58,162 [INFO] MainPanel:274 - HeapMemory: 268435456
2025-10-29 21:12:58,337 [INFO] DbMcusXml:78 - Set database path to: C:\ST\STM32CubeIDE_1.19.0\STM32CubeIDE\plugins\com.st.stm32cube.common.mx_6.15.0.202507011659\\db\/mcu/
2025-10-29 21:12:58,337 [INFO] ApiDb:274 - Set plugin database path to: C:\ST\STM32CubeIDE_1.19.0\STM32CubeIDE\plugins\com.st.stm32cube.common.mx_6.15.0.202507011659\\db\/plugins/boardmanager/
2025-10-29 21:12:58,338 [INFO] ApiDb:261 - Set plugin images path to: C:\ST\STM32CubeIDE_1.19.0\STM32CubeIDE\plugins\com.st.stm32cube.common.mx_6.15.0.202507011659\\db\/plugins/mcufinder/images/
2025-10-29 21:12:58,338 [WARN] DbFile:41 - Overriding database path with different value: C:\Users\nico2\.stmcufinder\plugins\mcufinder/ => C:\Users\nico2\.stmcufinder\plugins\mcufinder
2025-10-29 21:12:58,338 [INFO] ApiDb:250 - Set database path to: C:\Users\nico2\.stmcufinder\plugins\mcufinder//mcu/
2025-10-29 21:12:58,338 [WARN] DbFile:41 - Overriding database path with different value: C:\Users\nico2\.stmcufinder\plugins\mcufinder/ => C:\Users\nico2\.stmcufinder\plugins\mcufinder
2025-10-29 21:12:58,338 [INFO] DbMcusAds:125 - Set database path to: C:\Users\nico2\.stmcufinder\plugins\mcufinder//mcu/
2025-10-29 21:12:58,338 [WARN] DbFile:41 - Overriding database path with different value: C:\Users\nico2\.stmcufinder\plugins\mcufinder/ => C:\Users\nico2\.stmcufinder\plugins\mcufinder
2025-10-29 21:12:58,338 [WARN] DbFile:41 - Overriding database path with different value: C:\Users\nico2\.stmcufinder\plugins\mcufinder/ => C:\Users\nico2\.stmcufinder\plugins\mcufinder
2025-10-29 21:12:58,338 [INFO] CrossReferenceDbSqlite:203 - Set database path to: C:\Users\nico2\.stmcufinder\plugins\mcufinder//mcu/cs/
2025-10-29 21:12:58,492 [INFO] ApplicationProperties:184 - Using Application install path: C:\ST\STM32CubeIDE_1.19.0\STM32CubeIDE\plugins\com.st.stm32cube.common.mx_6.15.0.202507011659
2025-10-29 21:12:58,493 [INFO] PluginManage:196 - Search for loadable plugins [exclusion list=, ]
2025-10-29 21:12:58,567 [INFO] PluginManage:310 - Check plugin analytics
2025-10-29 21:12:59,032 [INFO] AnalyticsPlugin:253 - Accepted Software Licenses: 
2025-10-29 21:12:59,033 [INFO] AnalyticsPlugin:255 - Accepted CMSIS Pack Licenses: 
2025-10-29 21:12:59,033 [INFO] AnalyticsPlugin:257 - Accepted Firmware Licenses: 
2025-10-29 21:12:59,034 [INFO] PluginManage:359 - Loaded plugin analytics (category:tool,tabindex:-1)
2025-10-29 21:12:59,035 [INFO] PluginManage:310 - Check plugin cadmodel
2025-10-29 21:12:59,042 [INFO] CADModel:105 - Init CAD model plugin
2025-10-29 21:12:59,042 [INFO] PluginManage:359 - Loaded plugin cadmodel (category:power,tabindex:5)
2025-10-29 21:12:59,042 [INFO] PluginManage:310 - Check plugin clock
2025-10-29 21:12:59,059 [INFO] PluginManage:359 - Loaded plugin clock (category:base,tabindex:2)
2025-10-29 21:12:59,059 [INFO] PluginManage:310 - Check plugin ddr
2025-10-29 21:12:59,063 [INFO] PluginManage:359 - Loaded plugin ddr (category:tool,tabindex:6)
2025-10-29 21:12:59,063 [INFO] PluginManage:310 - Check plugin filemanager
2025-10-29 21:12:59,296 [INFO] PluginManage:359 - Loaded plugin filemanager (category:base,tabindex:10)
2025-10-29 21:12:59,297 [INFO] PluginManage:310 - Check plugin ipmanager
2025-10-29 21:12:59,304 [INFO] PluginManage:359 - Loaded plugin ipmanager (category:base,tabindex:5)
2025-10-29 21:12:59,304 [INFO] PluginManage:310 - Check plugin lpbam
2025-10-29 21:12:59,312 [INFO] PluginManage:359 - Loaded plugin lpbam (category:base,tabindex:0)
2025-10-29 21:12:59,315 [INFO] PluginManage:310 - Check plugin memorymap
2025-10-29 21:12:59,333 [INFO] PluginManage:359 - Loaded plugin memorymap (category:base,tabindex:4)
2025-10-29 21:12:59,333 [INFO] PluginManage:310 - Check plugin pinoutandconfiguration
2025-10-29 21:12:59,343 [INFO] PluginManage:359 - Loaded plugin pinoutandconfiguration (category:base,tabindex:1)
2025-10-29 21:12:59,344 [INFO] PluginManage:310 - Check plugin pinoutconfig
2025-10-29 21:12:59,459 [WARN] SupportedApi:132 - Cannot load RTOS API schema: s4s-elt-must-match.1: The content of 'definitions' must match (annotation?, (simpleType | complexType)?, (unique | key | keyref)*)). A problem was found starting at: attribute.
2025-10-29 21:12:59,655 [INFO] PluginManage:359 - Loaded plugin pinoutconfig (category:base,tabindex:0)
2025-10-29 21:12:59,655 [INFO] PluginManage:310 - Check plugin power
2025-10-29 21:12:59,666 [INFO] PluginManage:359 - Loaded plugin power (category:power,tabindex:4)
2025-10-29 21:12:59,666 [INFO] PluginManage:310 - Check plugin projectmanager
2025-10-29 21:12:59,724 [INFO] PluginManage:359 - Loaded plugin projectmanager (category:projectmanager,tabindex:4)
2025-10-29 21:12:59,725 [INFO] PluginManage:310 - Check plugin rif
2025-10-29 21:12:59,737 [INFO] PluginManage:359 - Loaded plugin rif (category:base,tabindex:3)
2025-10-29 21:12:59,737 [INFO] PluginManage:310 - Check plugin thirdparty
2025-10-29 21:13:00,148 [INFO] PluginManage:359 - Loaded plugin thirdparty (category:base,tabindex:-1)
2025-10-29 21:13:00,148 [INFO] PluginManage:310 - Check plugin tools
2025-10-29 21:13:00,151 [INFO] PluginManage:359 - Loaded plugin tools (category:base,tabindex:7)
2025-10-29 21:13:00,151 [INFO] PluginManage:310 - Check plugin tutovideos
2025-10-29 21:13:00,153 [WARN] IntegrityCheckThread:84 - waiting for thirdparty lock release [integrity check]
2025-10-29 21:13:00,158 [INFO] IntegrityCheckThread:86 - entering critical section [integrity check]
2025-10-29 21:13:00,159 [INFO] ThirdPartyUpdaterWithRetryManager:70 - Updater plugin not ready yet. [1/15]
2025-10-29 21:13:00,391 [INFO] PluginManage:359 - Loaded plugin tutovideos (category:base,tabindex:-1)
2025-10-29 21:13:00,391 [INFO] PluginManage:310 - Check plugin updater
2025-10-29 21:13:00,562 [INFO] PluginManage:359 - Loaded plugin updater (category:base,tabindex:12)
2025-10-29 21:13:00,562 [INFO] PluginManage:310 - Check plugin userauth
2025-10-29 21:13:00,569 [INFO] UserAuth:118 - Init User Auth plugin
2025-10-29 21:13:00,570 [INFO] PluginManage:359 - Loaded plugin userauth (category:base,tabindex:14)
2025-10-29 21:13:00,570 [INFO] PluginManage:283 - PluginManage : Loaded plugins [18]
2025-10-29 21:13:00,829 [INFO] PinOutPanel:1589 - setPackage(No Configuration,No Configuration)
2025-10-29 21:13:00,951 [INFO] CADModel:165 - CPN selected for project level
2025-10-29 21:13:00,951 [INFO] CADModel:114 - Register for checkConnection events
2025-10-29 21:13:01,086 [INFO] IPUIPlugin:80 - create IPUIPlugin
2025-10-29 21:13:01,087 [INFO] PluginManager:220 - loadIPPluginJar : add adc
2025-10-29 21:13:01,090 [INFO] IPUIPlugin:80 - create IPUIPlugin
2025-10-29 21:13:01,090 [INFO] PluginManager:220 - loadIPPluginJar : add aes
2025-10-29 21:13:01,093 [INFO] IPUIPlugin:80 - create IPUIPlugin
2025-10-29 21:13:01,094 [INFO] PluginManager:220 - loadIPPluginJar : add can
2025-10-29 21:13:01,096 [INFO] IPUIPlugin:80 - create IPUIPlugin
2025-10-29 21:13:01,096 [INFO] PluginManager:220 - loadIPPluginJar : add comp
2025-10-29 21:13:01,099 [INFO] IPUIPlugin:80 - create IPUIPlugin
2025-10-29 21:13:01,099 [INFO] PluginManager:220 - loadIPPluginJar : add cryp
2025-10-29 21:13:01,103 [INFO] IPUIPlugin:80 - create IPUIPlugin
2025-10-29 21:13:01,103 [INFO] PluginManager:220 - loadIPPluginJar : add ddr_ctrl_phy
2025-10-29 21:13:01,225 [INFO] IPUIPlugin:80 - create IPUIPlugin
2025-10-29 21:13:01,226 [INFO] PluginManager:220 - loadIPPluginJar : add dfsdm
2025-10-29 21:13:01,231 [INFO] IPUIPlugin:80 - create IPUIPlugin
2025-10-29 21:13:01,231 [INFO] PluginManager:220 - loadIPPluginJar : add dma
2025-10-29 21:13:01,234 [INFO] IPUIPlugin:80 - create IPUIPlugin
2025-10-29 21:13:01,235 [INFO] PluginManager:220 - loadIPPluginJar : add dma3
2025-10-29 21:13:01,237 [INFO] IPUIPlugin:80 - create IPUIPlugin
2025-10-29 21:13:01,237 [INFO] PluginManager:220 - loadIPPluginJar : add extmemmanager
2025-10-29 21:13:01,239 [INFO] IPUIPlugin:80 - create IPUIPlugin
2025-10-29 21:13:01,239 [INFO] PluginManager:220 - loadIPPluginJar : add fatfs
2025-10-29 21:13:01,247 [INFO] IPUIPlugin:80 - create IPUIPlugin
2025-10-29 21:13:01,247 [INFO] PluginManager:220 - loadIPPluginJar : add fmc
2025-10-29 21:13:01,254 [INFO] IPUIPlugin:80 - create IPUIPlugin
2025-10-29 21:13:01,254 [INFO] PluginManager:220 - loadIPPluginJar : add freertos
2025-10-29 21:13:01,256 [INFO] IPUIPlugin:80 - create IPUIPlugin
2025-10-29 21:13:01,261 [INFO] PluginManager:220 - loadIPPluginJar : add genericplugin
2025-10-29 21:13:01,264 [INFO] IPUIPlugin:80 - create IPUIPlugin
2025-10-29 21:13:01,264 [INFO] PluginManager:220 - loadIPPluginJar : add gfxmmu
2025-10-29 21:13:01,268 [INFO] IPUIPlugin:80 - create IPUIPlugin
2025-10-29 21:13:01,268 [INFO] PluginManager:220 - loadIPPluginJar : add gic
2025-10-29 21:13:01,271 [INFO] IPUIPlugin:80 - create IPUIPlugin
2025-10-29 21:13:01,272 [INFO] PluginManager:220 - loadIPPluginJar : add gpio
2025-10-29 21:13:01,275 [INFO] IPUIPlugin:80 - create IPUIPlugin
2025-10-29 21:13:01,275 [INFO] PluginManager:220 - loadIPPluginJar : add gtzc
2025-10-29 21:13:01,314 [INFO] IPUIPlugin:80 - create IPUIPlugin
2025-10-29 21:13:01,314 [INFO] PluginManager:220 - loadIPPluginJar : add hash
2025-10-29 21:13:01,318 [INFO] IPUIPlugin:80 - create IPUIPlugin
2025-10-29 21:13:01,318 [INFO] PluginManager:220 - loadIPPluginJar : add i2c
2025-10-29 21:13:01,321 [INFO] IPUIPlugin:80 - create IPUIPlugin
2025-10-29 21:13:01,321 [INFO] PluginManager:220 - loadIPPluginJar : add i2s
2025-10-29 21:13:01,332 [INFO] IPUIPlugin:80 - create IPUIPlugin
2025-10-29 21:13:01,332 [INFO] PluginManager:220 - loadIPPluginJar : add i3c
2025-10-29 21:13:01,336 [INFO] IPUIPlugin:80 - create IPUIPlugin
2025-10-29 21:13:01,336 [INFO] PluginManager:220 - loadIPPluginJar : add ipddr
2025-10-29 21:13:01,342 [INFO] IPUIPlugin:80 - create IPUIPlugin
2025-10-29 21:13:01,343 [INFO] PluginManager:220 - loadIPPluginJar : add linkedlist
2025-10-29 21:13:01,346 [INFO] IPUIPlugin:80 - create IPUIPlugin
2025-10-29 21:13:01,346 [INFO] PluginManager:220 - loadIPPluginJar : add lorawan
2025-10-29 21:13:01,348 [INFO] IPUIPlugin:80 - create IPUIPlugin
2025-10-29 21:13:01,348 [INFO] PluginManager:220 - loadIPPluginJar : add ltdc
2025-10-29 21:13:01,358 [INFO] IPUIPlugin:80 - create IPUIPlugin
2025-10-29 21:13:01,358 [INFO] PluginManager:220 - loadIPPluginJar : add mdma
2025-10-29 21:13:01,361 [INFO] IPUIPlugin:80 - create IPUIPlugin
2025-10-29 21:13:01,361 [INFO] PluginManager:220 - loadIPPluginJar : add nvic
2025-10-29 21:13:01,364 [INFO] IPUIPlugin:80 - create IPUIPlugin
2025-10-29 21:13:01,364 [INFO] PluginManager:220 - loadIPPluginJar : add opamp
2025-10-29 21:13:01,367 [INFO] IPUIPlugin:80 - create IPUIPlugin
2025-10-29 21:13:01,367 [INFO] PluginManager:220 - loadIPPluginJar : add openamp
2025-10-29 21:13:01,370 [INFO] IPUIPlugin:80 - create IPUIPlugin
2025-10-29 21:13:01,370 [INFO] PluginManager:220 - loadIPPluginJar : add pdm2pcm
2025-10-29 21:13:01,375 [INFO] IPUIPlugin:80 - create IPUIPlugin
2025-10-29 21:13:01,388 [INFO] PluginManager:220 - loadIPPluginJar : add plateformsettings
2025-10-29 21:13:01,390 [INFO] IPUIPlugin:80 - create IPUIPlugin
2025-10-29 21:13:01,390 [INFO] PluginManager:220 - loadIPPluginJar : add quadspi
2025-10-29 21:13:01,392 [INFO] IPUIPlugin:80 - create IPUIPlugin
2025-10-29 21:13:01,393 [INFO] PluginManager:220 - loadIPPluginJar : add radio
2025-10-29 21:13:01,397 [INFO] IPUIPlugin:80 - create IPUIPlugin
2025-10-29 21:13:01,397 [INFO] PluginManager:220 - loadIPPluginJar : add resmgrutility
2025-10-29 21:13:01,401 [INFO] IPUIPlugin:80 - create IPUIPlugin
2025-10-29 21:13:01,402 [INFO] PluginManager:220 - loadIPPluginJar : add sai
2025-10-29 21:13:01,405 [INFO] IPUIPlugin:80 - create IPUIPlugin
2025-10-29 21:13:01,405 [INFO] PluginManager:220 - loadIPPluginJar : add spi
2025-10-29 21:13:01,415 [INFO] IPUIPlugin:80 - create IPUIPlugin
2025-10-29 21:13:01,415 [INFO] PluginManager:220 - loadIPPluginJar : add stm32_wpan
2025-10-29 21:13:01,417 [INFO] IPUIPlugin:80 - create IPUIPlugin
2025-10-29 21:13:01,418 [INFO] PluginManager:220 - loadIPPluginJar : add tim
2025-10-29 21:13:01,450 [INFO] IPUIPlugin:80 - create IPUIPlugin
2025-10-29 21:13:01,450 [INFO] PluginManager:220 - loadIPPluginJar : add touchsensing
2025-10-29 21:13:01,452 [INFO] IPUIPlugin:80 - create IPUIPlugin
2025-10-29 21:13:01,452 [INFO] PluginManager:220 - loadIPPluginJar : add tracer_emb
2025-10-29 21:13:01,454 [INFO] IPUIPlugin:80 - create IPUIPlugin
2025-10-29 21:13:01,455 [INFO] PluginManager:220 - loadIPPluginJar : add ts
2025-10-29 21:13:01,457 [INFO] IPUIPlugin:80 - create IPUIPlugin
2025-10-29 21:13:01,457 [INFO] PluginManager:220 - loadIPPluginJar : add tsc
2025-10-29 21:13:01,460 [INFO] IPUIPlugin:80 - create IPUIPlugin
2025-10-29 21:13:01,460 [INFO] PluginManager:220 - loadIPPluginJar : add ucpd
2025-10-29 21:13:01,463 [INFO] IPUIPlugin:80 - create IPUIPlugin
2025-10-29 21:13:01,463 [INFO] PluginManager:220 - loadIPPluginJar : add usart
2025-10-29 21:13:01,466 [INFO] IPUIPlugin:80 - create IPUIPlugin
2025-10-29 21:13:01,466 [INFO] PluginManager:220 - loadIPPluginJar : add usbx
2025-10-29 21:13:01,619 [FATAL] Updater:351 - Updater called before beeing initialized
2025-10-29 21:13:01,706 [INFO] RulesReader:64 - Compatibility file has been processed (317 Rules)
2025-10-29 21:13:01,712 [INFO] RulesReader:64 - Compatibility file has been processed (317 Rules)
2025-10-29 21:13:01,717 [INFO] CADModel:165 - CPN selected for project level
2025-10-29 21:13:01,717 [INFO] CADModel:114 - Register for checkConnection events
2025-10-29 21:13:01,717 [FATAL] Updater:351 - Updater called before beeing initialized
2025-10-29 21:13:01,717 [ERROR] CADModel:125 - Updater not yet initialized, retry later 
2025-10-29 21:13:01,905 [FATAL] Updater:351 - Updater called before beeing initialized
2025-10-29 21:13:01,907 [INFO] CADModel:165 - CPN selected for project level
2025-10-29 21:13:01,907 [INFO] CADModel:114 - Register for checkConnection events
2025-10-29 21:13:01,907 [FATAL] Updater:351 - Updater called before beeing initialized
2025-10-29 21:13:01,907 [ERROR] CADModel:125 - Updater not yet initialized, retry later 
2025-10-29 21:13:01,910 [FATAL] Updater:351 - Updater called before beeing initialized
2025-10-29 21:13:02,094 [FATAL] Updater:351 - Updater called before beeing initialized
2025-10-29 21:13:02,100 [INFO] DbMcusAds:53 - JSON generation date=Thu Oct 02 02:36:05 PDT 2025 (1759397765645)
2025-10-29 21:13:02,100 [FATAL] Updater:351 - Updater called before beeing initialized
2025-10-29 21:13:02,145 [WARN] DetailPanel:346 - Failed to get advertising image, set to default
2025-10-29 21:13:03,055 [FATAL] Updater:351 - Updater called before beeing initialized
2025-10-29 21:13:03,059 [FATAL] Updater:351 - Updater called before beeing initialized
2025-10-29 21:13:03,059 [FATAL] Updater:351 - Updater called before beeing initialized
2025-10-29 21:13:03,059 [WARN] DetailPanel:346 - Failed to get advertising image, set to default
2025-10-29 21:13:03,067 [FATAL] Updater:351 - Updater called before beeing initialized
2025-10-29 21:13:03,137 [ERROR] Updater:1198 - MainUpdater not yet initialized. External WinMGr cannot be set.
2025-10-29 21:13:03,140 [INFO] Updater:1134 - Updater Version found : 6.15.0
2025-10-29 21:13:03,158 [INFO] ApplicationProperties:184 - Using Application install path: C:\ST\STM32CubeIDE_1.19.0\STM32CubeIDE\plugins\com.st.stm32cube.common.mx_6.15.0.202507011659
2025-10-29 21:13:03,161 [INFO] ThirdPartyUpdaterWithRetryManager:70 - Updater plugin not ready yet. [2/15]
2025-10-29 21:13:04,750 [ERROR] LogOutputStream:75 - [STDERR_REDIRECT] Oct 29, 2025 9:13:04 PM java.util.prefs.WindowsPreferences <init>
2025-10-29 21:13:04,751 [ERROR] LogOutputStream:75 - [STDERR_REDIRECT] WARNING: Could not open/create prefs root node Software\JavaSoft\Prefs at root 0xffffffff80000002. Windows RegCreateKeyEx(...) returned error code 5.
2025-10-29 21:13:04,751 [ERROR] LogOutputStream:75 - [STDERR_REDIRECT] 
2025-10-29 21:13:05,419 [INFO] MainUpdater:2872 - connection check result : 10
2025-10-29 21:13:05,419 [INFO] MainUpdater:289 - Updater Check For Update Now.
2025-10-29 21:13:05,419 [INFO] MicroXplorer:498 - Change Database Version : DB.6.0.150
2025-10-29 21:13:05,424 [INFO] McuFinderGlobals:63 - Set McuFinder mode to 2 (CubeIDE integrated)
2025-10-29 21:13:05,425 [INFO] UserAuth:487 - Internet connection configuration mode: 1
2025-10-29 21:13:05,577 [INFO] JxBrowserEngine:152 - Initiate JxBrowser Engine with user profile folder
2025-10-29 21:13:06,051 [INFO] CheckServerUpdateThread:120 - End of CheckServer Thread
2025-10-29 21:13:06,643 [WARN] PackLoader:240 - Cannot read IP mode file for STMicroelectronics.FP-SNS-MOTENVWB1.1.4.0
2025-10-29 21:13:06,660 [WARN] PackLoader:240 - Cannot read IP mode file for STMicroelectronics.FP-ATR-ASTRA1.2.0.2
2025-10-29 21:13:06,667 [WARN] PackLoader:240 - Cannot read IP mode file for STMicroelectronics.X-CUBE-SMBUS.2.1.0
2025-10-29 21:13:06,684 [WARN] PackLoader:240 - Cannot read IP mode file for STMicroelectronics.X-CUBE-ST60.1.0.0
2025-10-29 21:13:06,868 [WARN] PackLoader:240 - Cannot read IP mode file for STMicroelectronics.X-CUBE-AZRTOS-F7.1.1.0
2025-10-29 21:13:06,886 [WARN] PackLoader:240 - Cannot read IP mode file for Cesanta.I-CUBE-Mongoose.7.19.0
2025-10-29 21:13:07,044 [WARN] PackLoader:240 - Cannot read IP mode file for Infineon.AIROC-Wi-Fi-Bluetooth-STM32.1.7.1
2025-10-29 21:13:07,140 [WARN] PackLoader:240 - Cannot read IP mode file for STMicroelectronics.X-CUBE-AZRTOS-H7.3.4.0
2025-10-29 21:13:07,195 [WARN] PackLoader:240 - Cannot read IP mode file for STMicroelectronics.X-CUBE-DISPLAY.3.0.0
2025-10-29 21:13:07,207 [WARN] PackLoader:240 - Cannot read IP mode file for STMicroelectronics.X-CUBE-NFC10.1.0.0
2025-10-29 21:13:07,211 [WARN] PackLoader:240 - Cannot read IP mode file for STMicroelectronics.X-CUBE-ST60.1.1.0
2025-10-29 21:13:07,215 [WARN] PackLoader:240 - Cannot read IP mode file for emotas.I-CUBE-CANOPEN.1.3.0
2025-10-29 21:13:07,220 [WARN] PackLoader:240 - Cannot read IP mode file for STMicroelectronics.FP-SNS-STBOX1.2.1.0
2025-10-29 21:13:07,235 [WARN] PackLoader:240 - Cannot read IP mode file for STMicroelectronics.FP-SNS-SMARTAG2.1.2.0
2025-10-29 21:13:07,239 [WARN] PackLoader:240 - Cannot read IP mode file for STMicroelectronics.FP-SNS-FLIGHT1.5.1.0
2025-10-29 21:13:07,281 [INFO] LogOutputStream:77 - [STDOUT_REDIRECT] 1 : Invalid condition id : UX_CORESTACK_Condition cause : null
2025-10-29 21:13:07,281 [INFO] LogOutputStream:77 - [STDOUT_REDIRECT] 1 : Invalid condition id : UX_CORESTACK_Condition cause : null
2025-10-29 21:13:07,282 [INFO] LogOutputStream:77 - [STDOUT_REDIRECT] 1 : Invalid condition id : UX_CORESTACK_Condition cause : null
2025-10-29 21:13:07,282 [INFO] LogOutputStream:77 - [STDOUT_REDIRECT] 1 : Invalid condition id : UX_CORESTACK_Condition cause : null
2025-10-29 21:13:07,283 [INFO] LogOutputStream:77 - [STDOUT_REDIRECT] 1 : Invalid condition id : UX_CORESTACK_Condition cause : null
2025-10-29 21:13:07,284 [WARN] PackLoader:240 - Cannot read IP mode file for STMicroelectronics.X-CUBE-AZRTOS-WL.2.0.0
2025-10-29 21:13:07,341 [WARN] PackLoader:240 - Cannot read IP mode file for STMicroelectronics.FP-SNS-MOTENV1.5.0.0
2025-10-29 21:13:07,346 [WARN] PackLoader:240 - Cannot read IP mode file for WES.I-CUBE-Cesium.1.3.0
2025-10-29 21:13:07,351 [WARN] PackLoader:240 - Cannot read IP mode file for STMicroelectronics.X-CUBE-BLE2.3.3.0
2025-10-29 21:13:07,458 [WARN] PackLoader:240 - Cannot read IP mode file for STMicroelectronics.X-CUBE-NFC9.1.0.0
2025-10-29 21:13:07,462 [WARN] PackLoader:240 - Cannot read IP mode file for STMicroelectronics.X-CUBE-BLE1.7.1.0
2025-10-29 21:13:07,535 [WARN] PackLoader:240 - Cannot read IP mode file for STMicroelectronics.X-CUBE-EEPRMA1.5.2.0
2025-10-29 21:13:07,565 [WARN] PackLoader:240 - Cannot read IP mode file for STMicroelectronics.X-CUBE-ST67W61.1.1.0
2025-10-29 21:13:07,582 [WARN] PackLoader:240 - Cannot read IP mode file for STMicroelectronics.X-CUBE-AZRTOS-G0.1.1.0
2025-10-29 21:13:07,592 [WARN] PackLoader:240 - Cannot read IP mode file for STMicroelectronics.X-CUBE-SAFEA1.1.2.2
2025-10-29 21:13:07,618 [WARN] PackLoader:240 - Cannot read IP mode file for STMicroelectronics.X-CUBE-NFC4.3.0.0
2025-10-29 21:13:07,666 [WARN] PackLoader:240 - Cannot read IP mode file for EmbeddedOffice.I-CUBE-FS-RTOS.1.0.1
2025-10-29 21:13:07,679 [WARN] PackLoader:240 - Cannot read IP mode file for STMicroelectronics.X-CUBE-WB05N.2.0.0
2025-10-29 21:13:07,683 [WARN] PackLoader:240 - Cannot read IP mode file for STMicroelectronics.X-CUBE-TCPP.4.2.0
2025-10-29 21:13:07,688 [WARN] PackLoader:240 - Cannot read IP mode file for RealThread.X-CUBE-RT-Thread_Nano.4.1.1
2025-10-29 21:13:07,692 [WARN] PackLoader:240 - Cannot read IP mode file for STMicroelectronics.FP-ATR-SIGFOX1.3.2.0
2025-10-29 21:13:07,695 [WARN] PackLoader:240 - Cannot read IP mode file for ITTIA_DB.I-CUBE-ITTIADB.8.9.0
2025-10-29 21:13:07,699 [WARN] PackLoader:240 - Cannot read IP mode file for STMicroelectronics.X-CUBE-ST67W61.1.0.0
2025-10-29 21:13:07,717 [WARN] PackLoader:240 - Cannot read IP mode file for STMicroelectronics.X-CUBE-AI.10.2.0
2025-10-29 21:13:07,983 [WARN] PackLoader:240 - Cannot read IP mode file for SEGGER.I-CUBE-embOS.1.3.1
2025-10-29 21:13:08,095 [WARN] PackLoader:240 - Cannot read IP mode file for STMicroelectronics.X-CUBE-ALGOBUILD.1.4.0
2025-10-29 21:13:08,208 [WARN] PackLoader:240 - Cannot read IP mode file for STMicroelectronics.X-CUBE-MEMS1.11.3.0
2025-10-29 21:13:09,438 [WARN] PackLoader:240 - Cannot read IP mode file for STMicroelectronics.X-CUBE-PM33A1.1.0.0
2025-10-29 21:13:09,476 [WARN] PackLoader:240 - Cannot read IP mode file for STMicroelectronics.X-CUBE-AZRTOS-F4.1.1.0
2025-10-29 21:13:09,482 [WARN] PackLoader:240 - Cannot read IP mode file for STMicroelectronics.X-CUBE-ISPU.2.1.0
2025-10-29 21:13:09,492 [WARN] PackLoader:240 - Cannot read IP mode file for STMicroelectronics.X-CUBE-IPS.3.2.0
2025-10-29 21:13:09,593 [WARN] PackLoader:240 - Cannot read IP mode file for STMicroelectronics.X-CUBE-NFC12.1.0.0
2025-10-29 21:13:09,601 [WARN] PackLoader:240 - Cannot read IP mode file for STMicroelectronics.X-CUBE-AZRTOS-L5.2.0.0
2025-10-29 21:13:09,702 [WARN] PackLoader:240 - Cannot read IP mode file for STMicroelectronics.X-CUBE-NFC6.3.1.0
2025-10-29 21:13:09,709 [WARN] PackLoader:240 - Cannot read IP mode file for STMicroelectronics.X-CUBE-FREERTOS.1.3.1
2025-10-29 21:13:09,715 [WARN] PackLoader:240 - Cannot read IP mode file for STMicroelectronics.X-CUBE-TOUCHGFX.4.26.0
2025-10-29 21:13:09,718 [WARN] PackLoader:240 - Cannot read IP mode file for STMicroelectronics.FP-SNS-STAIOTCFT.1.0.0
2025-10-29 21:13:09,792 [WARN] PackLoader:240 - Cannot read IP mode file for STMicroelectronics.X-CUBE-DPower.1.3.0
2025-10-29 21:13:09,830 [WARN] ConditionMgr:438 - getConditionDescription Invalid condition id : LAN8742 Phy interface Condition cause : null
2025-10-29 21:13:09,831 [WARN] PackLoader:240 - Cannot read IP mode file for STMicroelectronics.X-CUBE-AZRTOS-L4.2.0.0
2025-10-29 21:13:09,836 [WARN] ConditionMgr:1044 - genDependencies : Invalid condition id : LAN8742 Phy interface Condition cause : null
2025-10-29 21:13:09,846 [WARN] ConditionMgr:1044 - genDependencies : Invalid condition id : LAN8742 Phy interface Condition cause : null
2025-10-29 21:13:09,846 [WARN] ConditionMgr:1044 - genDependencies : Invalid condition id : LAN8742 Phy interface Condition cause : null
2025-10-29 21:13:09,951 [WARN] PackLoader:240 - Cannot read IP mode file for STMicroelectronics.X-CUBE-SFXS2LP1.4.0.0
2025-10-29 21:13:10,272 [WARN] PackLoader:240 - Cannot read IP mode file for STMicroelectronics.X-CUBE-BLEMGR.4.1.0
2025-10-29 21:13:10,288 [WARN] ConditionMgr:438 - getConditionDescription Invalid condition id : UX DEVICE CLASS RTOS Condition cause : null
2025-10-29 21:13:10,289 [WARN] ConditionMgr:438 - getConditionDescription Invalid condition id : UX DEVICE CLASS RTOS Condition cause : null
2025-10-29 21:13:10,289 [WARN] PackLoader:240 - Cannot read IP mode file for STMicroelectronics.X-CUBE-AZRTOS-WB.2.0.0
2025-10-29 21:13:10,290 [WARN] ConditionMgr:1044 - genDependencies : Invalid condition id : UX DEVICE CLASS RTOS Condition cause : null
2025-10-29 21:13:10,290 [WARN] ConditionMgr:1044 - genDependencies : Invalid condition id : UX DEVICE CLASS RTOS Condition cause : null
2025-10-29 21:13:10,290 [WARN] ConditionMgr:1044 - genDependencies : Invalid condition id : UX DEVICE CLASS RTOS Condition cause : null
2025-10-29 21:13:10,290 [WARN] ConditionMgr:1044 - genDependencies : Invalid condition id : UX DEVICE CLASS RTOS Condition cause : null
2025-10-29 21:13:10,290 [WARN] ConditionMgr:1044 - genDependencies : Invalid condition id : UX DEVICE CLASS RTOS Condition cause : null
2025-10-29 21:13:10,294 [WARN] PackLoader:240 - Cannot read IP mode file for STMicroelectronics.X-CUBE-GNSS1.7.0.1
2025-10-29 21:13:10,320 [WARN] PackLoader:240 - Cannot read IP mode file for STMicroelectronics.X-CUBE-TOUCHGFX.4.25.0
2025-10-29 21:13:10,323 [WARN] ConditionMgr:438 - getConditionDescription Invalid condition id : Cortex-A Device cause : null
2025-10-29 21:13:10,353 [WARN] ConditionMgr:1044 - genDependencies : Invalid condition id : Cortex-A Device cause : null
2025-10-29 21:13:10,353 [WARN] ConditionMgr:1044 - genDependencies : Invalid condition id : Cortex-A Device cause : null
2025-10-29 21:13:10,353 [WARN] ConditionMgr:1044 - genDependencies : Invalid condition id : Cortex-A Device cause : null
2025-10-29 21:13:10,363 [WARN] PackLoader:240 - Cannot read IP mode file for STMicroelectronics.X-CUBE-SUBG2.5.0.0
2025-10-29 21:13:10,422 [WARN] PackLoader:240 - Cannot read IP mode file for STMicroelectronics.X-CUBE-AZRTOS-H7RS.1.1.0
2025-10-29 21:13:10,432 [WARN] PackLoader:240 - Cannot read IP mode file for STMicroelectronics.X-CUBE-AZRTOS-G4.2.0.0
2025-10-29 21:13:10,436 [WARN] PackLoader:240 - Cannot read IP mode file for STMicroelectronics.X-CUBE-NFC7.2.0.0
2025-10-29 21:13:10,538 [WARN] PackLoader:240 - Cannot read IP mode file for STMicroelectronics.X-CUBE-IPS.3.1.0
2025-10-29 21:13:10,543 [WARN] PackLoader:240 - Cannot read IP mode file for STMicroelectronics.X-CUBE-ALS.1.0.2
2025-10-29 21:13:10,547 [WARN] PackLoader:240 - Cannot read IP mode file for STMicroelectronics.X-CUBE-STSE01.1.0.0
2025-10-29 21:13:10,645 [WARN] PackLoader:240 - Cannot read IP mode file for STMicroelectronics.X-CUBE-TOF1.3.4.3
2025-10-29 21:13:10,649 [INFO] ThirdParty:978 - Integrity check success = true
2025-10-29 21:13:10,649 [INFO] IntegrityCheckThread:100 - exiting critical section [integrity check]
2025-10-29 21:13:10,649 [INFO] IntegrityCheckThread:103 - End integrity checks thread
2025-10-29 21:13:17,940 [INFO] WebApp:169 - Instantiating new browser for Auth
2025-10-29 21:13:20,147 [INFO] WebApp:463 - Apply proxy settings
2025-10-29 21:13:20,148 [INFO] WebApp:548 - Chromium requires no authentication
2025-10-29 21:13:20,160 [INFO] WebApp:491 - Direct internet connection detected
2025-10-29 21:13:20,184 [INFO] WebApp:900 - Register for checkConnection events
2025-10-29 21:13:20,184 [INFO] WebApp:463 - Apply proxy settings
2025-10-29 21:13:20,185 [INFO] WebApp:548 - Chromium requires no authentication
2025-10-29 21:13:20,185 [INFO] WebApp:491 - Direct internet connection detected
2025-10-29 21:13:20,454 [INFO] WebApp:225 - Starting web application
2025-10-29 21:13:20,454 [INFO] WebApp:593 - Web application path used C:\ST\STM32CubeIDE_1.19.0\STM32CubeIDE\plugins\com.st.stm32cube.common.mx_6.15.0.202507011659\db\plugins\mcufinder\reactClient1\index.html
2025-10-29 21:13:20,632 [INFO] UserAuth:487 - Internet connection configuration mode: 1
2025-10-29 21:13:21,125 [INFO] WebApp:191 - Connection restablished
