2025-11-01 00:18:03,461 [INFO] Activator:176 - 


2025-11-01 00:18:03,465 [INFO] Activator:177 - !SESSION log4j initialized
2025-11-01 00:18:20,878 [INFO] LogOutputStream:77 - [STDOUT_REDIRECT] 
2025-11-01 00:18:24,403 [INFO] ApplicationProperties:184 - Using Application install path: C:\ST\STM32CubeIDE_1.19.0\STM32CubeIDE\plugins\com.st.stm32cube.common.mx_6.15.0.202507011659
2025-11-01 00:18:24,420 [INFO] DbMcusXml:78 - Set database path to: C:\ST\STM32CubeIDE_1.19.0\STM32CubeIDE\plugins\com.st.stm32cube.common.mx_6.15.0.202507011659\\db\/mcu/
2025-11-01 00:18:24,420 [INFO] ApiDb:274 - Set plugin database path to: C:\ST\STM32CubeIDE_1.19.0\STM32CubeIDE\plugins\com.st.stm32cube.common.mx_6.15.0.202507011659\\db\/plugins/boardmanager/
2025-11-01 00:18:24,421 [WARN] ApiDb:259 - Overriding images path with different value:  => C:\ST\STM32CubeIDE_1.19.0\STM32CubeIDE\plugins\com.st.stm32cube.common.mx_6.15.0.202507011659\\db\/plugins/mcufinder/images/
2025-11-01 00:18:24,429 [INFO] ApiDb:250 - Set database path to: C:\Users\nico2\.stmcufinder\plugins\mcufinder//mcu/
2025-11-01 00:18:24,430 [INFO] DbMcusAds:125 - Set database path to: C:\Users\nico2\.stmcufinder\plugins\mcufinder//mcu/
2025-11-01 00:18:24,432 [INFO] CrossReferenceDbSqlite:203 - Set database path to: C:\Users\nico2\.stmcufinder\plugins\mcufinder//mcu/cs/
2025-11-01 00:18:24,605 [INFO] RulesReader:64 - Compatibility file has been processed (317 Rules)
2025-11-01 00:18:24,740 [INFO] DbMcusXml:78 - Set database path to: C:\ST\STM32CubeIDE_1.19.0\STM32CubeIDE\plugins\com.st.stm32cube.common.mx_6.15.0.202507011659\\db\/mcu/
2025-11-01 00:18:24,740 [INFO] ApiDb:274 - Set plugin database path to: C:\ST\STM32CubeIDE_1.19.0\STM32CubeIDE\plugins\com.st.stm32cube.common.mx_6.15.0.202507011659\\db\/plugins/boardmanager/
2025-11-01 00:18:24,741 [INFO] ApiDb:261 - Set plugin images path to: C:\ST\STM32CubeIDE_1.19.0\STM32CubeIDE\plugins\com.st.stm32cube.common.mx_6.15.0.202507011659\\db\/plugins/mcufinder/images/
2025-11-01 00:18:24,741 [WARN] DbFile:41 - Overriding database path with different value: C:\Users\nico2\.stmcufinder\plugins\mcufinder/ => C:\Users\nico2\.stmcufinder\plugins\mcufinder
2025-11-01 00:18:24,741 [INFO] ApiDb:250 - Set database path to: C:\Users\nico2\.stmcufinder\plugins\mcufinder//mcu/
2025-11-01 00:18:24,741 [WARN] DbFile:41 - Overriding database path with different value: C:\Users\nico2\.stmcufinder\plugins\mcufinder/ => C:\Users\nico2\.stmcufinder\plugins\mcufinder
2025-11-01 00:18:24,741 [INFO] DbMcusAds:125 - Set database path to: C:\Users\nico2\.stmcufinder\plugins\mcufinder//mcu/
2025-11-01 00:18:24,741 [WARN] DbFile:41 - Overriding database path with different value: C:\Users\nico2\.stmcufinder\plugins\mcufinder/ => C:\Users\nico2\.stmcufinder\plugins\mcufinder
2025-11-01 00:18:24,741 [WARN] DbFile:41 - Overriding database path with different value: C:\Users\nico2\.stmcufinder\plugins\mcufinder/ => C:\Users\nico2\.stmcufinder\plugins\mcufinder
2025-11-01 00:18:24,741 [INFO] CrossReferenceDbSqlite:203 - Set database path to: C:\Users\nico2\.stmcufinder\plugins\mcufinder//mcu/cs/
2025-11-01 00:18:24,839 [INFO] MainPanel:274 - HeapMemory: 268435456
2025-11-01 00:18:24,978 [INFO] DbMcusXml:78 - Set database path to: C:\ST\STM32CubeIDE_1.19.0\STM32CubeIDE\plugins\com.st.stm32cube.common.mx_6.15.0.202507011659\\db\/mcu/
2025-11-01 00:18:24,978 [INFO] ApiDb:274 - Set plugin database path to: C:\ST\STM32CubeIDE_1.19.0\STM32CubeIDE\plugins\com.st.stm32cube.common.mx_6.15.0.202507011659\\db\/plugins/boardmanager/
2025-11-01 00:18:24,978 [INFO] ApiDb:261 - Set plugin images path to: C:\ST\STM32CubeIDE_1.19.0\STM32CubeIDE\plugins\com.st.stm32cube.common.mx_6.15.0.202507011659\\db\/plugins/mcufinder/images/
2025-11-01 00:18:24,979 [WARN] DbFile:41 - Overriding database path with different value: C:\Users\nico2\.stmcufinder\plugins\mcufinder/ => C:\Users\nico2\.stmcufinder\plugins\mcufinder
2025-11-01 00:18:24,979 [INFO] ApiDb:250 - Set database path to: C:\Users\nico2\.stmcufinder\plugins\mcufinder//mcu/
2025-11-01 00:18:24,979 [WARN] DbFile:41 - Overriding database path with different value: C:\Users\nico2\.stmcufinder\plugins\mcufinder/ => C:\Users\nico2\.stmcufinder\plugins\mcufinder
2025-11-01 00:18:24,979 [INFO] DbMcusAds:125 - Set database path to: C:\Users\nico2\.stmcufinder\plugins\mcufinder//mcu/
2025-11-01 00:18:24,979 [WARN] DbFile:41 - Overriding database path with different value: C:\Users\nico2\.stmcufinder\plugins\mcufinder/ => C:\Users\nico2\.stmcufinder\plugins\mcufinder
2025-11-01 00:18:24,979 [WARN] DbFile:41 - Overriding database path with different value: C:\Users\nico2\.stmcufinder\plugins\mcufinder/ => C:\Users\nico2\.stmcufinder\plugins\mcufinder
2025-11-01 00:18:24,979 [INFO] CrossReferenceDbSqlite:203 - Set database path to: C:\Users\nico2\.stmcufinder\plugins\mcufinder//mcu/cs/
2025-11-01 00:18:25,003 [INFO] ApplicationProperties:184 - Using Application install path: C:\ST\STM32CubeIDE_1.19.0\STM32CubeIDE\plugins\com.st.stm32cube.common.mx_6.15.0.202507011659
2025-11-01 00:18:25,004 [INFO] PluginManage:196 - Search for loadable plugins [exclusion list=, ]
2025-11-01 00:18:25,005 [INFO] PluginManage:310 - Check plugin analytics
2025-11-01 00:18:25,234 [INFO] AnalyticsPlugin:253 - Accepted Software Licenses: 
2025-11-01 00:18:25,234 [INFO] AnalyticsPlugin:255 - Accepted CMSIS Pack Licenses: 
2025-11-01 00:18:25,234 [INFO] AnalyticsPlugin:257 - Accepted Firmware Licenses: 
2025-11-01 00:18:25,236 [INFO] PluginManage:359 - Loaded plugin analytics (category:tool,tabindex:-1)
2025-11-01 00:18:25,236 [INFO] PluginManage:310 - Check plugin cadmodel
2025-11-01 00:18:25,245 [INFO] CADModel:105 - Init CAD model plugin
2025-11-01 00:18:25,245 [INFO] PluginManage:359 - Loaded plugin cadmodel (category:power,tabindex:5)
2025-11-01 00:18:25,245 [INFO] PluginManage:310 - Check plugin clock
2025-11-01 00:18:25,263 [INFO] PluginManage:359 - Loaded plugin clock (category:base,tabindex:2)
2025-11-01 00:18:25,263 [INFO] PluginManage:310 - Check plugin ddr
2025-11-01 00:18:25,265 [INFO] PluginManage:359 - Loaded plugin ddr (category:tool,tabindex:6)
2025-11-01 00:18:25,265 [INFO] PluginManage:310 - Check plugin filemanager
2025-11-01 00:18:25,618 [INFO] PluginManage:359 - Loaded plugin filemanager (category:base,tabindex:10)
2025-11-01 00:18:25,619 [INFO] PluginManage:310 - Check plugin ipmanager
2025-11-01 00:18:25,629 [INFO] PluginManage:359 - Loaded plugin ipmanager (category:base,tabindex:5)
2025-11-01 00:18:25,629 [INFO] PluginManage:310 - Check plugin lpbam
2025-11-01 00:18:25,636 [INFO] PluginManage:359 - Loaded plugin lpbam (category:base,tabindex:0)
2025-11-01 00:18:25,639 [INFO] PluginManage:310 - Check plugin memorymap
2025-11-01 00:18:25,653 [INFO] PluginManage:359 - Loaded plugin memorymap (category:base,tabindex:4)
2025-11-01 00:18:25,653 [INFO] PluginManage:310 - Check plugin pinoutandconfiguration
2025-11-01 00:18:25,661 [INFO] PluginManage:359 - Loaded plugin pinoutandconfiguration (category:base,tabindex:1)
2025-11-01 00:18:25,661 [INFO] PluginManage:310 - Check plugin pinoutconfig
2025-11-01 00:18:25,732 [WARN] SupportedApi:132 - Cannot load RTOS API schema: s4s-elt-must-match.1: The content of 'definitions' must match (annotation?, (simpleType | complexType)?, (unique | key | keyref)*)). A problem was found starting at: attribute.
2025-11-01 00:18:25,969 [INFO] PluginManage:359 - Loaded plugin pinoutconfig (category:base,tabindex:0)
2025-11-01 00:18:25,969 [INFO] PluginManage:310 - Check plugin power
2025-11-01 00:18:25,982 [INFO] PluginManage:359 - Loaded plugin power (category:power,tabindex:4)
2025-11-01 00:18:25,982 [INFO] PluginManage:310 - Check plugin projectmanager
2025-11-01 00:18:26,011 [INFO] PluginManage:359 - Loaded plugin projectmanager (category:projectmanager,tabindex:4)
2025-11-01 00:18:26,012 [INFO] PluginManage:310 - Check plugin rif
2025-11-01 00:18:26,020 [INFO] PluginManage:359 - Loaded plugin rif (category:base,tabindex:3)
2025-11-01 00:18:26,020 [INFO] PluginManage:310 - Check plugin thirdparty
2025-11-01 00:18:26,531 [INFO] PluginManage:359 - Loaded plugin thirdparty (category:base,tabindex:-1)
2025-11-01 00:18:26,532 [INFO] PluginManage:310 - Check plugin tools
2025-11-01 00:18:26,534 [INFO] PluginManage:359 - Loaded plugin tools (category:base,tabindex:7)
2025-11-01 00:18:26,535 [INFO] PluginManage:310 - Check plugin tutovideos
2025-11-01 00:18:26,625 [WARN] IntegrityCheckThread:84 - waiting for thirdparty lock release [integrity check]
2025-11-01 00:18:26,634 [INFO] IntegrityCheckThread:86 - entering critical section [integrity check]
2025-11-01 00:18:26,647 [INFO] ThirdPartyUpdaterWithRetryManager:70 - Updater plugin not ready yet. [1/15]
2025-11-01 00:18:26,821 [INFO] PluginManage:359 - Loaded plugin tutovideos (category:base,tabindex:-1)
2025-11-01 00:18:26,821 [INFO] PluginManage:310 - Check plugin updater
2025-11-01 00:18:27,072 [INFO] PluginManage:359 - Loaded plugin updater (category:base,tabindex:12)
2025-11-01 00:18:27,072 [INFO] PluginManage:310 - Check plugin userauth
2025-11-01 00:18:27,079 [INFO] UserAuth:118 - Init User Auth plugin
2025-11-01 00:18:27,079 [INFO] PluginManage:359 - Loaded plugin userauth (category:base,tabindex:14)
2025-11-01 00:18:27,080 [INFO] PluginManage:283 - PluginManage : Loaded plugins [18]
2025-11-01 00:18:27,360 [INFO] PinOutPanel:1589 - setPackage(No Configuration,No Configuration)
2025-11-01 00:18:27,604 [INFO] CADModel:165 - CPN selected for project level
2025-11-01 00:18:27,604 [INFO] CADModel:114 - Register for checkConnection events
2025-11-01 00:18:27,663 [INFO] IPUIPlugin:80 - create IPUIPlugin
2025-11-01 00:18:27,663 [INFO] PluginManager:220 - loadIPPluginJar : add adc
2025-11-01 00:18:27,668 [INFO] IPUIPlugin:80 - create IPUIPlugin
2025-11-01 00:18:27,668 [INFO] PluginManager:220 - loadIPPluginJar : add aes
2025-11-01 00:18:27,670 [INFO] IPUIPlugin:80 - create IPUIPlugin
2025-11-01 00:18:27,671 [INFO] PluginManager:220 - loadIPPluginJar : add can
2025-11-01 00:18:27,711 [INFO] IPUIPlugin:80 - create IPUIPlugin
2025-11-01 00:18:27,711 [INFO] PluginManager:220 - loadIPPluginJar : add comp
2025-11-01 00:18:27,733 [INFO] IPUIPlugin:80 - create IPUIPlugin
2025-11-01 00:18:27,733 [INFO] PluginManager:220 - loadIPPluginJar : add cryp
2025-11-01 00:18:27,736 [INFO] IPUIPlugin:80 - create IPUIPlugin
2025-11-01 00:18:27,736 [INFO] PluginManager:220 - loadIPPluginJar : add ddr_ctrl_phy
2025-11-01 00:18:27,738 [INFO] IPUIPlugin:80 - create IPUIPlugin
2025-11-01 00:18:27,738 [INFO] PluginManager:220 - loadIPPluginJar : add dfsdm
2025-11-01 00:18:27,743 [INFO] IPUIPlugin:80 - create IPUIPlugin
2025-11-01 00:18:27,743 [INFO] PluginManager:220 - loadIPPluginJar : add dma
2025-11-01 00:18:27,745 [INFO] IPUIPlugin:80 - create IPUIPlugin
2025-11-01 00:18:27,745 [INFO] PluginManager:220 - loadIPPluginJar : add dma3
2025-11-01 00:18:27,747 [INFO] IPUIPlugin:80 - create IPUIPlugin
2025-11-01 00:18:27,747 [INFO] PluginManager:220 - loadIPPluginJar : add extmemmanager
2025-11-01 00:18:27,748 [INFO] IPUIPlugin:80 - create IPUIPlugin
2025-11-01 00:18:27,748 [INFO] PluginManager:220 - loadIPPluginJar : add fatfs
2025-11-01 00:18:27,752 [INFO] IPUIPlugin:80 - create IPUIPlugin
2025-11-01 00:18:27,752 [INFO] PluginManager:220 - loadIPPluginJar : add fmc
2025-11-01 00:18:27,757 [INFO] IPUIPlugin:80 - create IPUIPlugin
2025-11-01 00:18:27,757 [INFO] PluginManager:220 - loadIPPluginJar : add freertos
2025-11-01 00:18:27,758 [INFO] IPUIPlugin:80 - create IPUIPlugin
2025-11-01 00:18:27,758 [INFO] PluginManager:220 - loadIPPluginJar : add genericplugin
2025-11-01 00:18:27,759 [INFO] IPUIPlugin:80 - create IPUIPlugin
2025-11-01 00:18:27,760 [INFO] PluginManager:220 - loadIPPluginJar : add gfxmmu
2025-11-01 00:18:27,839 [INFO] IPUIPlugin:80 - create IPUIPlugin
2025-11-01 00:18:27,839 [INFO] PluginManager:220 - loadIPPluginJar : add gic
2025-11-01 00:18:27,843 [INFO] IPUIPlugin:80 - create IPUIPlugin
2025-11-01 00:18:27,843 [INFO] PluginManager:220 - loadIPPluginJar : add gpio
2025-11-01 00:18:27,846 [INFO] IPUIPlugin:80 - create IPUIPlugin
2025-11-01 00:18:27,846 [INFO] PluginManager:220 - loadIPPluginJar : add gtzc
2025-11-01 00:18:27,848 [INFO] IPUIPlugin:80 - create IPUIPlugin
2025-11-01 00:18:27,848 [INFO] PluginManager:220 - loadIPPluginJar : add hash
2025-11-01 00:18:27,850 [INFO] IPUIPlugin:80 - create IPUIPlugin
2025-11-01 00:18:27,850 [INFO] PluginManager:220 - loadIPPluginJar : add i2c
2025-11-01 00:18:27,852 [INFO] IPUIPlugin:80 - create IPUIPlugin
2025-11-01 00:18:27,853 [INFO] PluginManager:220 - loadIPPluginJar : add i2s
2025-11-01 00:18:27,855 [INFO] IPUIPlugin:80 - create IPUIPlugin
2025-11-01 00:18:27,855 [INFO] PluginManager:220 - loadIPPluginJar : add i3c
2025-11-01 00:18:27,858 [INFO] IPUIPlugin:80 - create IPUIPlugin
2025-11-01 00:18:27,858 [INFO] PluginManager:220 - loadIPPluginJar : add ipddr
2025-11-01 00:18:27,863 [INFO] IPUIPlugin:80 - create IPUIPlugin
2025-11-01 00:18:27,864 [INFO] PluginManager:220 - loadIPPluginJar : add linkedlist
2025-11-01 00:18:27,867 [INFO] IPUIPlugin:80 - create IPUIPlugin
2025-11-01 00:18:27,867 [INFO] PluginManager:220 - loadIPPluginJar : add lorawan
2025-11-01 00:18:27,868 [INFO] IPUIPlugin:80 - create IPUIPlugin
2025-11-01 00:18:27,868 [INFO] PluginManager:220 - loadIPPluginJar : add ltdc
2025-11-01 00:18:27,877 [INFO] IPUIPlugin:80 - create IPUIPlugin
2025-11-01 00:18:27,877 [INFO] PluginManager:220 - loadIPPluginJar : add mdma
2025-11-01 00:18:27,880 [INFO] IPUIPlugin:80 - create IPUIPlugin
2025-11-01 00:18:27,880 [INFO] PluginManager:220 - loadIPPluginJar : add nvic
2025-11-01 00:18:27,882 [INFO] IPUIPlugin:80 - create IPUIPlugin
2025-11-01 00:18:27,882 [INFO] PluginManager:220 - loadIPPluginJar : add opamp
2025-11-01 00:18:27,884 [INFO] IPUIPlugin:80 - create IPUIPlugin
2025-11-01 00:18:27,885 [INFO] PluginManager:220 - loadIPPluginJar : add openamp
2025-11-01 00:18:27,887 [INFO] IPUIPlugin:80 - create IPUIPlugin
2025-11-01 00:18:27,887 [INFO] PluginManager:220 - loadIPPluginJar : add pdm2pcm
2025-11-01 00:18:27,891 [INFO] IPUIPlugin:80 - create IPUIPlugin
2025-11-01 00:18:27,893 [INFO] PluginManager:220 - loadIPPluginJar : add plateformsettings
2025-11-01 00:18:27,895 [INFO] IPUIPlugin:80 - create IPUIPlugin
2025-11-01 00:18:27,895 [INFO] PluginManager:220 - loadIPPluginJar : add quadspi
2025-11-01 00:18:27,911 [INFO] IPUIPlugin:80 - create IPUIPlugin
2025-11-01 00:18:27,912 [INFO] PluginManager:220 - loadIPPluginJar : add radio
2025-11-01 00:18:27,915 [INFO] IPUIPlugin:80 - create IPUIPlugin
2025-11-01 00:18:27,915 [INFO] PluginManager:220 - loadIPPluginJar : add resmgrutility
2025-11-01 00:18:27,918 [INFO] IPUIPlugin:80 - create IPUIPlugin
2025-11-01 00:18:27,918 [INFO] PluginManager:220 - loadIPPluginJar : add sai
2025-11-01 00:18:27,920 [INFO] IPUIPlugin:80 - create IPUIPlugin
2025-11-01 00:18:27,920 [INFO] PluginManager:220 - loadIPPluginJar : add spi
2025-11-01 00:18:27,957 [INFO] IPUIPlugin:80 - create IPUIPlugin
2025-11-01 00:18:27,957 [INFO] PluginManager:220 - loadIPPluginJar : add stm32_wpan
2025-11-01 00:18:28,024 [INFO] IPUIPlugin:80 - create IPUIPlugin
2025-11-01 00:18:28,025 [INFO] PluginManager:220 - loadIPPluginJar : add tim
2025-11-01 00:18:28,135 [INFO] IPUIPlugin:80 - create IPUIPlugin
2025-11-01 00:18:28,135 [INFO] PluginManager:220 - loadIPPluginJar : add touchsensing
2025-11-01 00:18:28,138 [INFO] IPUIPlugin:80 - create IPUIPlugin
2025-11-01 00:18:28,138 [INFO] PluginManager:220 - loadIPPluginJar : add tracer_emb
2025-11-01 00:18:28,140 [INFO] IPUIPlugin:80 - create IPUIPlugin
2025-11-01 00:18:28,140 [INFO] PluginManager:220 - loadIPPluginJar : add ts
2025-11-01 00:18:28,141 [INFO] IPUIPlugin:80 - create IPUIPlugin
2025-11-01 00:18:28,141 [INFO] PluginManager:220 - loadIPPluginJar : add tsc
2025-11-01 00:18:28,144 [INFO] IPUIPlugin:80 - create IPUIPlugin
2025-11-01 00:18:28,144 [INFO] PluginManager:220 - loadIPPluginJar : add ucpd
2025-11-01 00:18:28,146 [INFO] IPUIPlugin:80 - create IPUIPlugin
2025-11-01 00:18:28,147 [INFO] PluginManager:220 - loadIPPluginJar : add usart
2025-11-01 00:18:28,150 [INFO] IPUIPlugin:80 - create IPUIPlugin
2025-11-01 00:18:28,150 [INFO] PluginManager:220 - loadIPPluginJar : add usbx
2025-11-01 00:18:29,135 [FATAL] Updater:351 - Updater called before beeing initialized
2025-11-01 00:18:29,242 [INFO] RulesReader:64 - Compatibility file has been processed (317 Rules)
2025-11-01 00:18:29,248 [INFO] RulesReader:64 - Compatibility file has been processed (317 Rules)
2025-11-01 00:18:29,253 [INFO] CADModel:165 - CPN selected for project level
2025-11-01 00:18:29,253 [INFO] CADModel:114 - Register for checkConnection events
2025-11-01 00:18:29,253 [FATAL] Updater:351 - Updater called before beeing initialized
2025-11-01 00:18:29,253 [ERROR] CADModel:125 - Updater not yet initialized, retry later 
2025-11-01 00:18:29,653 [INFO] ThirdPartyUpdaterWithRetryManager:70 - Updater plugin not ready yet. [2/15]
2025-11-01 00:18:30,502 [FATAL] Updater:351 - Updater called before beeing initialized
2025-11-01 00:18:30,505 [INFO] CADModel:165 - CPN selected for project level
2025-11-01 00:18:30,505 [INFO] CADModel:114 - Register for checkConnection events
2025-11-01 00:18:30,505 [FATAL] Updater:351 - Updater called before beeing initialized
2025-11-01 00:18:30,505 [ERROR] CADModel:125 - Updater not yet initialized, retry later 
2025-11-01 00:18:30,508 [FATAL] Updater:351 - Updater called before beeing initialized
2025-11-01 00:18:30,905 [FATAL] Updater:351 - Updater called before beeing initialized
2025-11-01 00:18:30,909 [INFO] DbMcusAds:53 - JSON generation date=Thu Oct 02 02:36:05 PDT 2025 (1759397765645)
2025-11-01 00:18:30,909 [FATAL] Updater:351 - Updater called before beeing initialized
2025-11-01 00:18:30,952 [WARN] DetailPanel:346 - Failed to get advertising image, set to default
2025-11-01 00:18:31,052 [FATAL] Updater:351 - Updater called before beeing initialized
2025-11-01 00:18:31,054 [FATAL] Updater:351 - Updater called before beeing initialized
2025-11-01 00:18:31,054 [FATAL] Updater:351 - Updater called before beeing initialized
2025-11-01 00:18:31,054 [WARN] DetailPanel:346 - Failed to get advertising image, set to default
2025-11-01 00:18:31,055 [FATAL] Updater:351 - Updater called before beeing initialized
2025-11-01 00:18:31,108 [ERROR] Updater:1198 - MainUpdater not yet initialized. External WinMGr cannot be set.
2025-11-01 00:18:31,110 [INFO] Updater:1134 - Updater Version found : 6.15.0
2025-11-01 00:18:31,123 [INFO] ApplicationProperties:184 - Using Application install path: C:\ST\STM32CubeIDE_1.19.0\STM32CubeIDE\plugins\com.st.stm32cube.common.mx_6.15.0.202507011659
2025-11-01 00:18:31,162 [ERROR] ConfigurationRetriever:142 - IOException on connection: Read timed out
2025-11-01 00:18:32,655 [FATAL] Updater:351 - Updater called before beeing initialized
2025-11-01 00:18:32,656 [ERROR] IntegrityCheckThread:130 - Cannot retrieve database content from updater: error 21
2025-11-01 00:18:32,656 [INFO] ThirdParty:978 - Integrity check success = false
2025-11-01 00:18:32,656 [INFO] IntegrityCheckThread:100 - exiting critical section [integrity check]
2025-11-01 00:18:32,656 [INFO] IntegrityCheckThread:103 - End integrity checks thread
2025-11-01 00:18:32,738 [ERROR] LogOutputStream:75 - [STDERR_REDIRECT] Nov 01, 2025 12:18:32 AM java.util.prefs.WindowsPreferences <init>
2025-11-01 00:18:32,739 [ERROR] LogOutputStream:75 - [STDERR_REDIRECT] WARNING: Could not open/create prefs root node Software\JavaSoft\Prefs at root 0xffffffff80000002. Windows RegCreateKeyEx(...) returned error code 5.
2025-11-01 00:18:32,739 [ERROR] LogOutputStream:75 - [STDERR_REDIRECT] 
2025-11-01 00:18:36,165 [ERROR] ConfigurationRetriever:142 - IOException on connection: Connect timed out
2025-11-01 00:18:37,202 [WARN] CheckConnectionManager:291 - Warning during Server Connection :  timeout Connect to sw-center.st.com:443 [sw-center.st.com/200.42.122.16, sw-center.st.com/200.42.122.18] failed: Connect timed out
2025-11-01 00:18:45,408 [WARN] CheckConnectionManager:291 - Warning during Server Connection :  timeout Connect to sw-center.st.com:443 [sw-center.st.com/200.42.122.16, sw-center.st.com/200.42.122.18] failed: Connect timed out
2025-11-01 00:18:45,412 [INFO] MainUpdater:2872 - connection check result : 22
2025-11-01 00:18:45,413 [INFO] MainUpdater:289 - Updater Check For Update Now.
2025-11-01 00:18:45,413 [INFO] MicroXplorer:498 - Change Database Version : DB.6.0.150
2025-11-01 00:18:45,422 [INFO] McuFinderGlobals:63 - Set McuFinder mode to 2 (CubeIDE integrated)
2025-11-01 00:18:45,423 [INFO] UserAuth:487 - Internet connection configuration mode: 2
2025-11-01 00:18:45,426 [INFO] UserAuth:487 - Internet connection configuration mode: 2
2025-11-01 00:18:46,352 [INFO] CheckServerUpdateThread:120 - End of CheckServer Thread
2025-11-01 00:20:05,107 [INFO] McuFinderGlobals:63 - Set McuFinder mode to 2 (CubeIDE integrated)
2025-11-01 00:20:05,110 [INFO] MainUpdater:2872 - connection check result : 22
2025-11-01 00:20:05,111 [INFO] MainUpdater:2872 - connection check result : 22
2025-11-01 00:20:19,025 [INFO] MainUpdater:2872 - connection check result : 10
2025-11-01 00:20:19,224 [INFO] MicroXplorer:468 - Change Database Path : 
2025-11-01 00:20:19,224 [INFO] MicroXplorer:498 - Change Database Version : DB.6.0.150
2025-11-01 00:20:19,229 [WARN] ThirdParty:871 - waiting for thirdparty lock release [close project]
2025-11-01 00:20:19,229 [INFO] ThirdParty:873 - entering critical section [close project]
2025-11-01 00:20:19,229 [INFO] ThirdParty:883 - exiting critical section [close project]
2025-11-01 00:20:19,231 [INFO] PinOutPanel:1589 - setPackage(No Configuration,No Configuration)
2025-11-01 00:20:19,231 [INFO] UtilMem:75 - Begin LoadConfig() Used Memory: 469173376 Bytes (586153984)
2025-11-01 00:20:19,232 [INFO] MicroXplorer:468 - Change Database Path : 
2025-11-01 00:20:19,232 [INFO] MicroXplorer:498 - Change Database Version : DB.6.0.150
2025-11-01 00:20:19,232 [INFO] OpenFileManager:355 - Change cursor
2025-11-01 00:20:19,241 [WARN] IntegrityCheckThread:84 - waiting for thirdparty lock release [integrity check]
2025-11-01 00:20:19,241 [INFO] IntegrityCheckThread:86 - entering critical section [integrity check]
2025-11-01 00:20:19,671 [WARN] PackLoader:240 - Cannot read IP mode file for STMicroelectronics.FP-SNS-MOTENVWB1.1.4.0
2025-11-01 00:20:19,716 [WARN] PackLoader:240 - Cannot read IP mode file for STMicroelectronics.FP-ATR-ASTRA1.2.0.2
2025-11-01 00:20:19,728 [WARN] PackLoader:240 - Cannot read IP mode file for STMicroelectronics.X-CUBE-SMBUS.2.1.0
2025-11-01 00:20:19,777 [WARN] PackLoader:240 - Cannot read IP mode file for STMicroelectronics.X-CUBE-ST60.1.0.0
2025-11-01 00:20:20,144 [WARN] PackLoader:240 - Cannot read IP mode file for STMicroelectronics.X-CUBE-AZRTOS-F7.1.1.0
2025-11-01 00:20:20,213 [WARN] PackLoader:240 - Cannot read IP mode file for Cesanta.I-CUBE-Mongoose.7.19.0
2025-11-01 00:20:20,220 [WARN] PackLoader:240 - Cannot read IP mode file for STMicroelectronics.FP-SNS-MOTENV1.5.1.0
2025-11-01 00:20:20,336 [WARN] PackLoader:240 - Cannot read IP mode file for Infineon.AIROC-Wi-Fi-Bluetooth-STM32.1.7.1
2025-11-01 00:20:20,448 [WARN] PackLoader:240 - Cannot read IP mode file for STMicroelectronics.X-CUBE-AZRTOS-H7.3.4.0
2025-11-01 00:20:20,459 [WARN] PackLoader:240 - Cannot read IP mode file for STMicroelectronics.X-CUBE-DISPLAY.3.0.0
2025-11-01 00:20:20,469 [WARN] PackLoader:240 - Cannot read IP mode file for STMicroelectronics.X-CUBE-NFC10.1.0.0
2025-11-01 00:20:20,472 [WARN] PackLoader:240 - Cannot read IP mode file for STMicroelectronics.X-CUBE-ST60.1.1.0
2025-11-01 00:20:20,477 [WARN] PackLoader:240 - Cannot read IP mode file for emotas.I-CUBE-CANOPEN.1.3.0
2025-11-01 00:20:20,528 [WARN] PackLoader:240 - Cannot read IP mode file for STMicroelectronics.X-CUBE-GNSS1.7.1.0
2025-11-01 00:20:20,587 [WARN] PackLoader:240 - Cannot read IP mode file for STMicroelectronics.FP-SNS-STBOX1.2.1.0
2025-11-01 00:20:20,592 [WARN] PackLoader:240 - Cannot read IP mode file for STMicroelectronics.FP-SNS-SMARTAG2.1.2.0
2025-11-01 00:20:20,594 [WARN] PackLoader:240 - Cannot read IP mode file for STMicroelectronics.FP-SNS-FLIGHT1.5.1.0
2025-11-01 00:20:20,698 [INFO] LogOutputStream:77 - [STDOUT_REDIRECT] 1 : Invalid condition id : UX_CORESTACK_Condition cause : null
2025-11-01 00:20:20,699 [INFO] LogOutputStream:77 - [STDOUT_REDIRECT] 1 : Invalid condition id : UX_CORESTACK_Condition cause : null
2025-11-01 00:20:20,700 [INFO] LogOutputStream:77 - [STDOUT_REDIRECT] 1 : Invalid condition id : UX_CORESTACK_Condition cause : null
2025-11-01 00:20:20,700 [INFO] LogOutputStream:77 - [STDOUT_REDIRECT] 1 : Invalid condition id : UX_CORESTACK_Condition cause : null
2025-11-01 00:20:20,701 [INFO] LogOutputStream:77 - [STDOUT_REDIRECT] 1 : Invalid condition id : UX_CORESTACK_Condition cause : null
2025-11-01 00:20:20,702 [WARN] PackLoader:240 - Cannot read IP mode file for STMicroelectronics.X-CUBE-AZRTOS-WL.2.0.0
2025-11-01 00:20:20,707 [WARN] PackLoader:240 - Cannot read IP mode file for STMicroelectronics.FP-SNS-MOTENV1.5.0.0
2025-11-01 00:20:20,711 [WARN] PackLoader:240 - Cannot read IP mode file for WES.I-CUBE-Cesium.1.3.0
2025-11-01 00:20:20,715 [WARN] PackLoader:240 - Cannot read IP mode file for STMicroelectronics.X-CUBE-BLE2.3.3.0
2025-11-01 00:20:20,818 [WARN] PackLoader:240 - Cannot read IP mode file for STMicroelectronics.X-CUBE-NFC9.1.0.0
2025-11-01 00:20:20,822 [WARN] PackLoader:240 - Cannot read IP mode file for STMicroelectronics.X-CUBE-BLE1.7.1.0
2025-11-01 00:20:20,826 [WARN] PackLoader:240 - Cannot read IP mode file for STMicroelectronics.X-CUBE-EEPRMA1.5.2.0
2025-11-01 00:20:20,830 [WARN] PackLoader:240 - Cannot read IP mode file for STMicroelectronics.X-CUBE-ST67W61.1.1.0
2025-11-01 00:20:21,039 [WARN] PackLoader:240 - Cannot read IP mode file for STMicroelectronics.X-CUBE-AZRTOS-G0.1.1.0
2025-11-01 00:20:21,052 [WARN] PackLoader:240 - Cannot read IP mode file for STMicroelectronics.X-CUBE-SAFEA1.1.2.2
2025-11-01 00:20:21,091 [WARN] PackLoader:240 - Cannot read IP mode file for STMicroelectronics.X-CUBE-NFC4.3.0.0
2025-11-01 00:20:21,100 [WARN] PackLoader:240 - Cannot read IP mode file for EmbeddedOffice.I-CUBE-FS-RTOS.1.0.1
2025-11-01 00:20:21,105 [WARN] PackLoader:240 - Cannot read IP mode file for STMicroelectronics.X-CUBE-WB05N.2.0.0
2025-11-01 00:20:21,108 [WARN] PackLoader:240 - Cannot read IP mode file for STMicroelectronics.X-CUBE-TCPP.4.2.0
2025-11-01 00:20:21,123 [WARN] PackLoader:240 - Cannot read IP mode file for RealThread.X-CUBE-RT-Thread_Nano.4.1.1
2025-11-01 00:20:21,125 [WARN] PackLoader:240 - Cannot read IP mode file for STMicroelectronics.FP-ATR-SIGFOX1.3.2.0
2025-11-01 00:20:21,128 [WARN] PackLoader:240 - Cannot read IP mode file for ITTIA_DB.I-CUBE-ITTIADB.8.9.0
2025-11-01 00:20:21,130 [WARN] PackLoader:240 - Cannot read IP mode file for STMicroelectronics.X-CUBE-ST67W61.1.0.0
2025-11-01 00:20:21,133 [WARN] PackLoader:240 - Cannot read IP mode file for STMicroelectronics.X-CUBE-AI.10.2.0
2025-11-01 00:20:21,270 [WARN] PackLoader:240 - Cannot read IP mode file for SEGGER.I-CUBE-embOS.1.3.1
2025-11-01 00:20:21,501 [WARN] PackLoader:240 - Cannot read IP mode file for STMicroelectronics.X-CUBE-ALGOBUILD.1.4.0
2025-11-01 00:20:21,623 [WARN] PackLoader:240 - Cannot read IP mode file for STMicroelectronics.X-CUBE-MEMS1.11.3.0
2025-11-01 00:20:23,022 [WARN] PackLoader:240 - Cannot read IP mode file for STMicroelectronics.X-CUBE-PM33A1.1.0.0
2025-11-01 00:20:23,033 [WARN] PackLoader:240 - Cannot read IP mode file for STMicroelectronics.X-CUBE-AZRTOS-F4.1.1.0
2025-11-01 00:20:23,043 [WARN] PackLoader:240 - Cannot read IP mode file for STMicroelectronics.X-CUBE-ISPU.2.1.0
2025-11-01 00:20:23,140 [WARN] PackLoader:240 - Cannot read IP mode file for STMicroelectronics.X-CUBE-IPS.3.2.0
2025-11-01 00:20:23,145 [WARN] PackLoader:240 - Cannot read IP mode file for STMicroelectronics.X-CUBE-NFC12.1.0.0
2025-11-01 00:20:23,152 [WARN] PackLoader:240 - Cannot read IP mode file for STMicroelectronics.X-CUBE-AZRTOS-L5.2.0.0
2025-11-01 00:20:23,228 [WARN] PackLoader:240 - Cannot read IP mode file for STMicroelectronics.X-CUBE-NFC6.3.1.0
2025-11-01 00:20:23,258 [WARN] PackLoader:240 - Cannot read IP mode file for STMicroelectronics.X-CUBE-FREERTOS.1.3.1
2025-11-01 00:20:23,262 [WARN] PackLoader:240 - Cannot read IP mode file for STMicroelectronics.X-CUBE-TOUCHGFX.4.26.0
2025-11-01 00:20:23,264 [WARN] PackLoader:240 - Cannot read IP mode file for STMicroelectronics.FP-SNS-STAIOTCFT.1.0.0
2025-11-01 00:20:23,268 [WARN] PackLoader:240 - Cannot read IP mode file for STMicroelectronics.X-CUBE-DPower.1.3.0
2025-11-01 00:20:23,274 [WARN] ConditionMgr:438 - getConditionDescription Invalid condition id : LAN8742 Phy interface Condition cause : null
2025-11-01 00:20:23,274 [WARN] PackLoader:240 - Cannot read IP mode file for STMicroelectronics.X-CUBE-AZRTOS-L4.2.0.0
2025-11-01 00:20:23,275 [WARN] ConditionMgr:1044 - genDependencies : Invalid condition id : LAN8742 Phy interface Condition cause : null
2025-11-01 00:20:23,275 [WARN] ConditionMgr:1044 - genDependencies : Invalid condition id : LAN8742 Phy interface Condition cause : null
2025-11-01 00:20:23,275 [WARN] ConditionMgr:1044 - genDependencies : Invalid condition id : LAN8742 Phy interface Condition cause : null
2025-11-01 00:20:23,279 [WARN] PackLoader:240 - Cannot read IP mode file for STMicroelectronics.X-CUBE-SFXS2LP1.4.0.0
2025-11-01 00:20:23,378 [WARN] PackLoader:240 - Cannot read IP mode file for STMicroelectronics.X-CUBE-BLEMGR.4.1.0
2025-11-01 00:20:23,385 [WARN] ConditionMgr:438 - getConditionDescription Invalid condition id : UX DEVICE CLASS RTOS Condition cause : null
2025-11-01 00:20:23,385 [WARN] ConditionMgr:438 - getConditionDescription Invalid condition id : UX DEVICE CLASS RTOS Condition cause : null
2025-11-01 00:20:23,385 [WARN] PackLoader:240 - Cannot read IP mode file for STMicroelectronics.X-CUBE-AZRTOS-WB.2.0.0
2025-11-01 00:20:23,385 [WARN] ConditionMgr:1044 - genDependencies : Invalid condition id : UX DEVICE CLASS RTOS Condition cause : null
2025-11-01 00:20:23,386 [WARN] ConditionMgr:1044 - genDependencies : Invalid condition id : UX DEVICE CLASS RTOS Condition cause : null
2025-11-01 00:20:23,386 [WARN] ConditionMgr:1044 - genDependencies : Invalid condition id : UX DEVICE CLASS RTOS Condition cause : null
2025-11-01 00:20:23,386 [WARN] ConditionMgr:1044 - genDependencies : Invalid condition id : UX DEVICE CLASS RTOS Condition cause : null
2025-11-01 00:20:23,386 [WARN] ConditionMgr:1044 - genDependencies : Invalid condition id : UX DEVICE CLASS RTOS Condition cause : null
2025-11-01 00:20:23,388 [WARN] PackLoader:240 - Cannot read IP mode file for STMicroelectronics.X-CUBE-GNSS1.7.0.1
2025-11-01 00:20:23,391 [WARN] PackLoader:240 - Cannot read IP mode file for STMicroelectronics.X-CUBE-TOUCHGFX.4.25.0
2025-11-01 00:20:23,393 [WARN] ConditionMgr:438 - getConditionDescription Invalid condition id : Cortex-A Device cause : null
2025-11-01 00:20:23,499 [WARN] ConditionMgr:1044 - genDependencies : Invalid condition id : Cortex-A Device cause : null
2025-11-01 00:20:23,499 [WARN] ConditionMgr:1044 - genDependencies : Invalid condition id : Cortex-A Device cause : null
2025-11-01 00:20:23,499 [WARN] ConditionMgr:1044 - genDependencies : Invalid condition id : Cortex-A Device cause : null
2025-11-01 00:20:23,504 [WARN] PackLoader:240 - Cannot read IP mode file for STMicroelectronics.X-CUBE-SUBG2.5.0.0
2025-11-01 00:20:23,616 [WARN] PackLoader:240 - Cannot read IP mode file for STMicroelectronics.X-CUBE-AZRTOS-H7RS.1.1.0
2025-11-01 00:20:23,624 [WARN] PackLoader:240 - Cannot read IP mode file for STMicroelectronics.X-CUBE-AZRTOS-G4.2.0.0
2025-11-01 00:20:23,627 [WARN] PackLoader:240 - Cannot read IP mode file for STMicroelectronics.X-CUBE-NFC7.2.0.0
2025-11-01 00:20:23,631 [WARN] PackLoader:240 - Cannot read IP mode file for STMicroelectronics.X-CUBE-IPS.3.1.0
2025-11-01 00:20:23,731 [WARN] PackLoader:240 - Cannot read IP mode file for STMicroelectronics.X-CUBE-ALS.1.0.2
2025-11-01 00:20:23,734 [WARN] PackLoader:240 - Cannot read IP mode file for STMicroelectronics.X-CUBE-STSE01.1.0.0
2025-11-01 00:20:23,739 [WARN] PackLoader:240 - Cannot read IP mode file for STMicroelectronics.X-CUBE-TOF1.3.4.3
2025-11-01 00:20:23,742 [INFO] ThirdParty:978 - Integrity check success = true
2025-11-01 00:20:23,742 [INFO] IntegrityCheckThread:100 - exiting critical section [integrity check]
2025-11-01 00:20:23,742 [INFO] IntegrityCheckThread:103 - End integrity checks thread
2025-11-01 00:20:23,988 [INFO] Mcu:2029 - Initializing MCU STM32F103C(8-B)Tx STM32F103C8Tx STM32F103C8T6
2025-11-01 00:20:31,163 [INFO] Context:786 - Trying to add GPIOservice into a context  which must be forbidden
2025-11-01 00:20:31,796 [INFO] ImportTextPane:234 - (OptionalMessage_ERROR) Pin20 (VP_RIF_VS_RIF1) cannot be retrieved for this MCU
2025-11-01 00:20:31,976 [INFO] RtosManager:558 - Registered RTOS mode: class=CMSIS, group=RTOS, mode=CMSIS_V1, owner=FREERTOS
2025-11-01 00:20:31,976 [INFO] RtosManager:558 - Registered RTOS mode: class=CMSIS, group=RTOS2, mode=CMSIS_V2, owner=FREERTOS
2025-11-01 00:20:31,976 [INFO] RtosManager:558 - Registered RTOS mode: class=RTOS, group=Core, mode=CMSIS_V1, owner=FREERTOS
2025-11-01 00:20:31,976 [INFO] RtosManager:558 - Registered RTOS mode: class=RTOS, group=Core, mode=CMSIS_V2, owner=FREERTOS
2025-11-01 00:20:31,976 [WARN] ModelIntegratedComponent:184 - Missing modes for component STMicroelectronics:FreeRTOS:0.0.1:STMicroelectronics:RTOS:FreeRTOS:Core:::10.2.0:
2025-11-01 00:20:32,042 [WARN] ModelIntegratedComponent:63 - No mode defined for component null
2025-11-01 00:20:32,042 [WARN] ModelIntegratedComponent:63 - No mode defined for component null
2025-11-01 00:20:32,042 [WARN] ModelIntegratedComponent:63 - No mode defined for component null
2025-11-01 00:20:32,042 [WARN] ModelIntegratedComponent:63 - No mode defined for component null
2025-11-01 00:20:32,042 [WARN] ModelIntegratedComponent:63 - No mode defined for component null
2025-11-01 00:20:32,042 [WARN] ModelIntegratedComponent:63 - No mode defined for component null
2025-11-01 00:20:32,042 [WARN] ModelIntegratedComponent:63 - No mode defined for component null
2025-11-01 00:20:32,043 [WARN] ModelIntegratedComponent:63 - No mode defined for component null
2025-11-01 00:20:32,043 [WARN] ModelIntegratedComponent:63 - No mode defined for component null
2025-11-01 00:20:32,043 [WARN] ModelIntegratedComponent:63 - No mode defined for component null
2025-11-01 00:20:32,043 [WARN] ModelIntegratedComponent:63 - No mode defined for component null
2025-11-01 00:20:32,043 [WARN] ModelIntegratedComponent:63 - No mode defined for component null
2025-11-01 00:20:32,043 [WARN] ModelIntegratedComponent:63 - No mode defined for component null
2025-11-01 00:20:32,043 [WARN] ModelIntegratedComponent:63 - No mode defined for component null
2025-11-01 00:20:32,043 [WARN] ModelIntegratedComponent:63 - No mode defined for component null
2025-11-01 00:20:32,043 [WARN] ModelIntegratedComponent:63 - No mode defined for component null
2025-11-01 00:20:32,043 [WARN] ModelIntegratedComponent:63 - No mode defined for component null
2025-11-01 00:20:32,043 [WARN] ModelIntegratedComponent:63 - No mode defined for component null
2025-11-01 00:20:32,043 [WARN] ModelIntegratedComponent:63 - No mode defined for component null
2025-11-01 00:20:32,043 [WARN] ModelIntegratedComponent:63 - No mode defined for component null
2025-11-01 00:20:32,043 [WARN] ModelIntegratedComponent:63 - No mode defined for component null
2025-11-01 00:20:32,043 [WARN] ModelIntegratedComponent:63 - No mode defined for component null
2025-11-01 00:20:32,043 [WARN] ModelIntegratedComponent:63 - No mode defined for component null
2025-11-01 00:20:32,043 [WARN] ModelIntegratedComponent:63 - No mode defined for component null
2025-11-01 00:20:32,043 [WARN] ModelIntegratedComponent:63 - No mode defined for component null
2025-11-01 00:20:32,043 [WARN] ModelIntegratedComponent:63 - No mode defined for component null
2025-11-01 00:20:32,043 [WARN] ModelIntegratedComponent:63 - No mode defined for component null
2025-11-01 00:20:32,043 [WARN] ModelIntegratedComponent:63 - No mode defined for component null
2025-11-01 00:20:32,043 [WARN] ModelIntegratedComponent:63 - No mode defined for component null
2025-11-01 00:20:32,043 [WARN] ModelIntegratedComponent:63 - No mode defined for component null
2025-11-01 00:20:32,043 [WARN] ModelIntegratedComponent:63 - No mode defined for component null
2025-11-01 00:20:32,043 [WARN] ModelIntegratedComponent:63 - No mode defined for component null
2025-11-01 00:20:32,043 [WARN] ModelIntegratedComponent:63 - No mode defined for component null
2025-11-01 00:20:32,044 [WARN] ModelIntegratedComponent:63 - No mode defined for component null
2025-11-01 00:20:32,044 [WARN] ModelIntegratedComponent:63 - No mode defined for component null
2025-11-01 00:20:32,044 [WARN] ModelPack:524 - Component already loaded: STMicroelectronics:HAL Drivers:0.0.0:STMicroelectronics:Device:STMicro_Driver:XSPI:HAL::0.0.1:HAL_XSPI
2025-11-01 00:20:32,170 [INFO] ThirdPartyModel:298 - Start build external matchings
2025-11-01 00:20:32,461 [INFO] ThirdPartyModel:316 - End build external matchings
2025-11-01 00:20:32,487 [INFO] ImportTextPane:234 - (OptionalMessage_ERROR) IP (RCC) : Invalid parameter (FamilyName)
2025-11-01 00:20:32,493 [INFO] ImportTextPane:234 - (OptionalMessage_ERROR) IP (RCC) : Parameter (USBFreq_Value) has invalid value (16000000)
2025-11-01 00:20:35,286 [INFO] ApiDb:581 - Connected to CubeFinder SQLite database (C:\Users\nico2\.stmcufinder\plugins\mcufinder\mcu\cube-finder-db.db)
2025-11-01 00:20:35,372 [INFO] ApiDb:668 - CubeFinder database Data Model version=2.1
2025-11-01 00:20:35,372 [INFO] ApiDb:669 - CubeFinder database Configuration version=3.0.39
2025-11-01 00:20:35,372 [INFO] ApiDb:670 - CubeFinder database generation date=2025-08-25 (1756130511)
2025-11-01 00:20:35,372 [INFO] ApiDb:671 - CubeFinder database FW Pack versions=[FP-ATR-ASTRA1_V2.0.0, FP-SNS-FLIGHT1_V5.1.0, FP-SNS-MOTENV1_V5.0.0, FP-SNS-MOTENVWB1_V1.4.0, FP-SNS-SMARTAG2_V1.2.0, FP-SNS-STBOX1_V2.1.0, STM32Cube_FW_C0_V1.4.0, STM32Cube_FW_F4_V1.28.3, STM32Cube_FW_F7_V1.17.4, STM32Cube_FW_G0_V1.6.2, STM32Cube_FW_G4_V1.6.1, STM32Cube_FW_H5_V1.5.0, STM32Cube_FW_H7RS_V1.2.0, STM32Cube_FW_H7_V1.12.1, STM32Cube_FW_L0_V1.12.2, STM32Cube_FW_L4_V1.18.1, STM32Cube_FW_L5_V1.5.1, STM32Cube_FW_N6_V1.2.0, STM32Cube_FW_U0_V1.3.0, STM32Cube_FW_U3_V1.2.0, STM32Cube_FW_U5_V1.8.0, STM32Cube_FW_WB0_V1.3.0, STM32Cube_FW_WBA_V1.7.0, STM32Cube_FW_WB_V1.23.0, STM32Cube_FW_WL3_V1.2.0, STM32Cube_FW_WL_V1.3.1, X-CUBE-ALGOBUILD_V1.4.0, X-CUBE-ALS_V1.0.2, X-CUBE-AZRTOS-F4_V1.1.0, X-CUBE-AZRTOS-F7_V1.1.0, X-CUBE-AZRTOS-G0_V1.1.0, X-CUBE-AZRTOS-G4_V2.0.0, X-CUBE-AZRTOS-H7RS_V1.1.0, X-CUBE-AZRTOS-H7_V3.4.0, X-CUBE-AZRTOS-L4_V2.0.0, X-CUBE-AZRTOS-L5_V2.0.0, X-CUBE-AZRTOS-WB_V2.0.0, X-CUBE-AZRTOS-WL_V2.0.0, X-CUBE-BLE1_V7.1.0, X-CUBE-BLE2_V3.3.0, X-CUBE-BLEMGR_V4.1.0, X-CUBE-EEPRMA1_V5.2.0, X-CUBE-FREERTOS_V1.3.1, X-CUBE-GNSS1_V6.0.0, X-CUBE-MEMS1_V11.3.0, X-CUBE-NFC4_V3.0.0, X-CUBE-NFC7_V2.0.0, X-CUBE-SFXS2LP1_V4.0.0, X-CUBE-ST67W61_V1.0.0, X-CUBE-SUBG2_V5.0.0, X-CUBE-TOF1_V3.4.3]
2025-11-01 00:20:35,673 [INFO] DbBoardsSqlite:226 - include board P-NUCLEO-WB55-NUCLEO as a kit item of type 'Nucleo-64'
2025-11-01 00:20:35,673 [INFO] DbBoardsSqlite:226 - include board P-NUCLEO-WB55-USBDONGLE as a kit item of type 'Nucleo USB Dongle'
2025-11-01 00:20:35,675 [INFO] DbBoardsSqlite:226 - include board STEVAL-IDP005V1 as a kit item of type 'Evaluation Board'
2025-11-01 00:20:35,675 [INFO] DbBoardsSqlite:226 - include board STEVAL-IDP005V2 as a kit item of type 'Evaluation Board'
2025-11-01 00:20:36,572 [INFO] ApiDb:240 - Found 880 in-development CPN: [B-G473E-ZEST1S, B-WB1M-WPAN1, B-WBA5M-WPAN, B-WL5M-SUBG1, NUCLEO-C031C6, NUCLEO-C051C8, NUCLEO-C071RB, NUCLEO-C092RC, NUCLEO-H503RB, NUCLEO-H533RE, NUCLEO-H563ZI, NUCLEO-H7S3L8, NUCLEO-N657X0-Q, NUCLEO-U031R8, NUCLEO-U083RC, NUCLEO-U385RG-Q, NUCLEO-U545RE-Q, NUCLEO-U5A5ZJ-Q, NUCLEO-WB05KZ, NUCLEO-WB07CC, NUCLEO-WB09KE, NUCLEO-WBA52CG, NUCLEO-WBA55CG, NUCLEO-WL33CC1, NUCLEO-WL33CC2, STEVAL-PROTEUS1, STEVAL-SMARTAG2, STEVAL-STWINBX1, STM320518-EVAL, STM32C0116-DK, STM32C011D6Y3TR, STM32C011D6Y6TR, STM32C011F4P3, STM32C011F4P6, STM32C011F4U3, STM32C011F4U6TR, STM32C011F6P3, STM32C011F6P6, STM32C011F6U3, STM32C011F6U6TR, STM32C011J4M3, STM32C011J4M6, STM32C011J6M3, STM32C011J6M6, STM32C0316-DK, STM32C031C4T3, STM32C031C4T6, STM32C031C4U3, STM32C031C4U6, STM32C031C6T3, STM32C031C6T6, STM32C031C6U3, STM32C031C6U6, STM32C031F4P3, STM32C031F4P6, STM32C031F6P3, STM32C031F6P6, STM32C031G4U3, STM32C031G4U6, STM32C031G6U3, STM32C031G6U6, STM32C031K4T3, STM32C031K4T6, STM32C031K4U3, STM32C031K4U6, STM32C031K6T3, STM32C031K6T6, STM32C031K6U3, STM32C031K6U6, STM32C051C6T6, STM32C051C6U6, STM32C051C8T6, STM32C051C8U6, STM32C051D8Y6TR, STM32C051F6P6, STM32C051F8P6, STM32C051G6U6, STM32C051G8U6, STM32C051K6T6, STM32C051K6U6, STM32C051K8T6, STM32C071C8T6, STM32C071C8T6N, STM32C071C8U6, STM32C071C8U6N, STM32C071CBT6, STM32C071CBT6N, STM32C071CBU6, STM32C071CBU6N, STM32C071F8P6, STM32C071F8P6N, STM32C071FBP6, STM32C071FBP6N, STM32C071FBY6TR, STM32C071G8U6, STM32C071G8U6N, STM32C071GBU6, STM32C071GBU6N, STM32C071K8T6, STM32C071K8T6N, STM32C071K8U6, STM32C071K8U6N, STM32C071KBT6, STM32C071KBT6N, STM32C071KBU6, STM32C071KBU6N, STM32C071R8T6, STM32C071R8T6N, STM32C071RBI6N, STM32C071RBT6, STM32C071RBT6N, STM32C091CBT6, STM32C091CBU6, STM32C091CCT6, STM32C091CCU6, STM32C091ECY6TR, STM32C091FBP6, STM32C091FCP6, STM32C091GBU6, STM32C091GCU6, STM32C091KBT6, STM32C091KBU6, STM32C091KCT6, STM32C091KCU6, STM32C091RBT6, STM32C091RCI6, STM32C091RCT6, STM32C092CBT6, STM32C092CBU6, STM32C092CCT6, STM32C092CCU6, STM32C092ECY6TR, STM32C092FBP6, STM32C092FCP6, STM32C092GBU6, STM32C092GCU6, STM32C092KBT6, STM32C092KBU6, STM32C092KCT6, STM32C092KCU6, STM32C092RBT6, STM32C092RCI6, STM32C092RCT6, STM32G071K8TXN, STM32G071K8UXN, STM32G081GBU6N, STM32G081KBT6N, STM32G081KBUXN, STM32G0B1CCT6N, STM32G0B1KCT6, STM32G0B1NEY6TR, STM32G0B1RCT6N, STM32G0C1CCT6, STM32G0C1CCT6N, STM32G0C1CCU6N, STM32G0C1CET6N, STM32G0C1CEU6N, STM32G0C1KCT6, STM32G0C1NEY6TR, STM32G0C1RCI6N, STM32G0C1RCT6N, STM32G0C1REI6N, STM32G0C1RET6N, STM32G0C1VCI6, STM32G0C1VEI6, STM32G411C6T3, STM32G411C6T6, STM32G411C6U3, STM32G411C6U6, STM32G411C8T3, STM32G411C8T6, STM32G411C8U3, STM32G411C8U6, STM32G411CBT3, STM32G411CBT6, STM32G411CBU3, STM32G411CBU6, STM32G411K6T3, STM32G411K6T6, STM32G411K6U3, STM32G411K6U6, STM32G411K8T3, STM32G411K8T6, STM32G411K8U3, STM32G411K8U6, STM32G411KBT3, STM32G411KBT6, STM32G411KBU3, STM32G411KBU6, STM32G411M6T3, STM32G411M6T6, STM32G411M8T3, STM32G411M8T6, STM32G411MBT3, STM32G411MBT6, STM32G411R6T3, STM32G411R6T6, STM32G411R8T3, STM32G411R8T6, STM32G411RBT3, STM32G411RBT6, STM32G414CBT3, STM32G414CBT6, STM32G414CBU3, STM32G414CBU6, STM32G414CCT3, STM32G414CCT6, STM32G414CCU3, STM32G414CCU6, STM32G414MBT3, STM32G414MBT6, STM32G414MCT3, STM32G414MCT6, STM32G414RBT3, STM32G414RBT6, STM32G414RCT3, STM32G414RCT6, STM32G414VBT3, STM32G414VBT6, STM32G414VCT3, STM32G414VCT6, STM32G431CBT3Z, STM32G431RBT3Z, STM32G471CCT6, STM32G471CCU6, STM32G471CET3, STM32G471CET6, STM32G471CEU3, STM32G471CEU6, STM32G471MCT6, STM32G471MET3, STM32G471MET6, STM32G471MEY6TR, STM32G471QCT6, STM32G471QET3, STM32G471RCT6, STM32G471RET3, STM32G471RET6, STM32G471VCH6, STM32G471VCI6, STM32G471VCT6, STM32G471VEH3, STM32G471VEH6, STM32G471VEI3, STM32G471VEI6, STM32G471VET3, STM32G471VET6, STM32G473QET3Z, STM32G473RET3Z, STM32G474CCT6, STM32G491RET3Z, STM32H503CBT6, STM32H503CBU6, STM32H503EBY6TR, STM32H503KBU6, STM32H503RBT6, STM32H523CCT6, STM32H523CCU6, STM32H523CET6, STM32H523CEU6, STM32H523HEY6TR, STM32H523RCT6, STM32H523RET6, STM32H523VCI6, STM32H523VCT6, STM32H523VEI6, STM32H523VET6, STM32H523ZCJ6, STM32H523ZCT6, STM32H523ZEJ6, STM32H523ZET6, STM32H533CET6, STM32H533CEU6, STM32H533HEY6TR, STM32H533RET6, STM32H533VEI6, STM32H533VET6, STM32H533ZEJ6, STM32H533ZET6, STM32H562AGI6, STM32H562AII6, STM32H562IGK6, STM32H562IGT6, STM32H562IIK6, STM32H562IIT6, STM32H562RGT6, STM32H562RGV6, STM32H562RIT6, STM32H562RIV6, STM32H562VGT6, STM32H562VIT6, STM32H562ZGT6, STM32H562ZIT6, STM32H563AGI6, STM32H563AII3Q, STM32H563AII6, STM32H563IGK6, STM32H563IGT6, STM32H563IIK3Q, STM32H563IIK6, STM32H563IIT3Q, STM32H563IIT6, STM32H563MIY3QTR, STM32H563RGT6, STM32H563RGV6, STM32H563RIT6, STM32H563RIV6, STM32H563VGT6, STM32H563VIT3Q, STM32H563VIT6, STM32H563ZGT6, STM32H563ZIT3Q, STM32H563ZIT6, STM32H573AII3Q, STM32H573AII6, STM32H573I-DK, STM32H573IIK3Q, STM32H573IIK6, STM32H573IIT3Q, STM32H573IIT6, STM32H573MIY3QTR, STM32H573RIT6, STM32H573RIV6, STM32H573VIT3Q, STM32H573VIT6, STM32H573ZIT3Q, STM32H573ZIT6, STM32H7R3A8I6, STM32H7R3I8K6, STM32H7R3I8T6, STM32H7R3L8H6, STM32H7R3L8H6H, STM32H7R3R8V6, STM32H7R3V8H6, STM32H7R3V8T6, STM32H7R3V8Y6TR, STM32H7R3Z8J6, STM32H7R3Z8T6, STM32H7R7A8I6, STM32H7R7I8K6, STM32H7R7I8T6, STM32H7R7L8H6, STM32H7R7L8H6H, STM32H7R7Z8J6, STM32H7S3A8I6, STM32H7S3I8K6, STM32H7S3I8T6, STM32H7S3L8H6, STM32H7S3L8H6H, STM32H7S3R8V6, STM32H7S3V8H6, STM32H7S3V8T6, STM32H7S3V8Y6TR, STM32H7S3Z8J6, STM32H7S3Z8T6, STM32H7S78-DK, STM32H7S7A8I6, STM32H7S7I8K6, STM32H7S7I8T6, STM32H7S7L8H6, STM32H7S7L8H6H, STM32H7S7Z8J6, STM32L4R5QGI6STR, STM32MP131AAE3, STM32MP131AAF3, STM32MP131AAG3, STM32MP131CAE3, STM32MP131CAF3, STM32MP131CAG3, STM32MP131DAE7, STM32MP131DAF7, STM32MP131DAG7, STM32MP131FAE7, STM32MP131FAF7, STM32MP131FAG7, STM32MP133AAE3, STM32MP133AAF3, STM32MP133AAG3, STM32MP133CAE3, STM32MP133CAF3, STM32MP133CAG3, STM32MP133DAE7, STM32MP133DAF7, STM32MP133DAG7, STM32MP133FAE7, STM32MP133FAF7, STM32MP133FAG7, STM32MP135AAE3, STM32MP135AAF3, STM32MP135AAG3, STM32MP135CAE3, STM32MP135CAF3, STM32MP135CAG3, STM32MP135DAE7, STM32MP135DAF7, STM32MP135DAG7, STM32MP135F-DK, STM32MP135FAE7, STM32MP135FAF7, STM32MP135FAF7T, STM32MP135FAF7U, STM32MP135FAG7, STM32MP211AAL3, STM32MP211AAM3, STM32MP211AAN3, STM32MP211AAO3, STM32MP211CAL3, STM32MP211CAM3, STM32MP211CAN3, STM32MP211CAO3, STM32MP211DAL3, STM32MP211DAM3, STM32MP211DAN3, STM32MP211DAO3, STM32MP211FAL3, STM32MP211FAM3, STM32MP211FAN3, STM32MP211FAO3, STM32MP213AAL3, STM32MP213AAM3, STM32MP213AAN3, STM32MP213AAO3, STM32MP213CAL3, STM32MP213CAM3, STM32MP213CAN3, STM32MP213CAO3, STM32MP213DAL3, STM32MP213DAM3, STM32MP213DAN3, STM32MP213DAO3, STM32MP213FAL3, STM32MP213FAM3, STM32MP213FAN3, STM32MP213FAO3, STM32MP215AAL3, STM32MP215AAM3, STM32MP215AAN3, STM32MP215AAO3, STM32MP215CAL3, STM32MP215CAM3, STM32MP215CAN3, STM32MP215CAO3, STM32MP215DAL3, STM32MP215DAM3, STM32MP215DAN3, STM32MP215DAO3, STM32MP215F-DK, STM32MP215FAL3, STM32MP215FAM3, STM32MP215FAN3, STM32MP215FAO3, STM32MP231AAJ3, STM32MP231AAK3, STM32MP231AAL3, STM32MP231CAJ3, STM32MP231CAK3, STM32MP231CAL3, STM32MP231DAJ3, STM32MP231DAK3, STM32MP231DAL3, STM32MP231FAJ3, STM32MP231FAK3, STM32MP231FAL3, STM32MP233AAJ3, STM32MP233AAK3, STM32MP233AAL3, STM32MP233CAJ3, STM32MP233CAK3, STM32MP233CAL3, STM32MP233DAJ3, STM32MP233DAK3, STM32MP233DAL3, STM32MP233FAJ3, STM32MP233FAK3, STM32MP233FAL3, STM32MP235AAJ3, STM32MP235AAK3, STM32MP235AAL3, STM32MP235CAJ3, STM32MP235CAK3, STM32MP235CAL3, STM32MP235DAJ3, STM32MP235DAK3, STM32MP235DAL3, STM32MP235FAJ3, STM32MP235FAK3, STM32MP235FAL3, STM32MP251AAI3, STM32MP251AAK3, STM32MP251AAL3, STM32MP251CAI3, STM32MP251CAK3, STM32MP251CAL3, STM32MP251DAI3, STM32MP251DAK3, STM32MP251DAL3, STM32MP251FAI3, STM32MP251FAK3, STM32MP251FAL3, STM32MP253AAI3, STM32MP253AAK3, STM32MP253AAL3, STM32MP253CAI3, STM32MP253CAK3, STM32MP253CAL3, STM32MP253DAI3, STM32MP253DAK3, STM32MP253DAL3, STM32MP253FAI3, STM32MP253FAK3, STM32MP253FAL3, STM32MP255AAI3, STM32MP255AAK3, STM32MP255AAL3, STM32MP255CAI3, STM32MP255CAK3, STM32MP255CAL3, STM32MP255DAI3, STM32MP255DAK3, STM32MP255DAL3, STM32MP255FAI3, STM32MP255FAK3, STM32MP255FAL3, STM32MP257AAI3, STM32MP257AAK3, STM32MP257AAL3, STM32MP257CAI3, STM32MP257CAK3, STM32MP257CAL3, STM32MP257DAI3, STM32MP257DAK3, STM32MP257DAL3, STM32MP257F-DK, STM32MP257F-EV1, STM32MP257FAI3, STM32MP257FAK3, STM32MP257FAL3, STM32N645A0H3Q, STM32N645B0H3Q, STM32N645I0H3Q, STM32N645L0H3Q, STM32N645X0H3Q, STM32N645Z0H3Q, STM32N647A0H3Q, STM32N647B0H3Q, STM32N647I0H3Q, STM32N647L0H3Q, STM32N647X0H3Q, STM32N647Z0H3Q, STM32N655A0H3Q, STM32N655B0H3Q, STM32N655I0H3Q, STM32N655L0H3Q, STM32N655X0H3Q, STM32N655Z0H3Q, STM32N6570-DK, STM32N657A0H3Q, STM32N657B0H3Q, STM32N657I0H3Q, STM32N657L0H3Q, STM32N657X0H3Q, STM32N657Z0H3Q, STM32U031C6T6, STM32U031C6U6, STM32U031C8T6, STM32U031C8U6, STM32U031F4P6, STM32U031F6P6, STM32U031F8P6, STM32U031G6Y6TR, STM32U031G8Y6TR, STM32U031K4U6, STM32U031K6U6, STM32U031K8U6, STM32U031R6I6, STM32U031R6T6, STM32U031R8I6, STM32U031R8T6, STM32U073C8T6, STM32U073C8U6, STM32U073CBT6, STM32U073CBU6, STM32U073CCT6, STM32U073CCU6, STM32U073H8Y6TR, STM32U073HBY6TR, STM32U073HCY6TR, STM32U073K8U6, STM32U073KBU6, STM32U073KCU6, STM32U073M8I6, STM32U073M8T6, STM32U073MBI6, STM32U073MBT6, STM32U073MCI6, STM32U073MCT6, STM32U073R8I6, STM32U073R8T6, STM32U073RBI6, STM32U073RBT6, STM32U073RCI6, STM32U073RCT6, STM32U083C-DK, STM32U083CCT6, STM32U083CCU6, STM32U083HCY6TR, STM32U083KCU6, STM32U083MCI6, STM32U083MCT6, STM32U083RCI6, STM32U083RCT6, STM32U375CET6, STM32U375CET6Q, STM32U375CEU6, STM32U375CEU6Q, STM32U375CEY6QTR, STM32U375CGT6, STM32U375CGT6Q, STM32U375CGU6, STM32U375CGU6Q, STM32U375CGY6QTR, STM32U375KEU6, STM32U375KGU6, STM32U375REI6, STM32U375REI6Q, STM32U375RET6, STM32U375RET6Q, STM32U375REY6GTR, STM32U375REY6QTR, STM32U375RGI6, STM32U375RGI6Q, STM32U375RGT6, STM32U375RGT6Q, STM32U375RGY6GTR, STM32U375RGY6QTR, STM32U375VEI6, STM32U375VEI6Q, STM32U375VET6, STM32U375VET6Q, STM32U375VGI6, STM32U375VGI6Q, STM32U375VGT6, STM32U375VGT6Q, STM32U385CGT6, STM32U385CGT6Q, STM32U385CGU6, STM32U385CGU6Q, STM32U385CGY6QTR, STM32U385KGU6, STM32U385RGI6, STM32U385RGI6Q, STM32U385RGT6, STM32U385RGT6Q, STM32U385RGY6GTR, STM32U385RGY6QTR, STM32U385VGI6, STM32U385VGI6Q, STM32U385VGT6, STM32U385VGT6Q, STM32U535CBT6, STM32U535CBT6Q, STM32U535CBU6, STM32U535CBU6Q, STM32U535CCT6, STM32U535CCT6Q, STM32U535CCU6, STM32U535CCU6Q, STM32U535CET6, STM32U535CET6Q, STM32U535CEU6, STM32U535CEU6Q, STM32U535JEY6QTR, STM32U535NCY6QTR, STM32U535NEY6QTR, STM32U535RBI6, STM32U535RBI6Q, STM32U535RBT6, STM32U535RBT6Q, STM32U535RCI6, STM32U535RCI6Q, STM32U535RCT6, STM32U535RCT6Q, STM32U535REI6, STM32U535REI6Q, STM32U535RET6, STM32U535RET6Q, STM32U535VCI6, STM32U535VCI6Q, STM32U535VCT6, STM32U535VCT6Q, STM32U535VEI6, STM32U535VEI6Q, STM32U535VET6, STM32U535VET6Q, STM32U545CET6, STM32U545CET6Q, STM32U545CEU6, STM32U545CEU6Q, STM32U545JEY6QTR, STM32U545NEY6QTR, STM32U545REI6, STM32U545REI6Q, STM32U545RET6, STM32U545RET6Q, STM32U545VEI6, STM32U545VEI6Q, STM32U545VET6, STM32U545VET6Q, STM32U595AIH6, STM32U595AIH6Q, STM32U595AJH6, STM32U595AJH6Q, STM32U595QII6, STM32U595QII6Q, STM32U595QJI6, STM32U595QJI6Q, STM32U595RIT6, STM32U595RIT6Q, STM32U595RJT6, STM32U595RJT6Q, STM32U595VIT6, STM32U595VIT6Q, STM32U595VJT6, STM32U595VJT6Q, STM32U595ZIT6, STM32U595ZIT6Q, STM32U595ZIY6QTR, STM32U595ZJT6, STM32U595ZJT6Q, STM32U595ZJY6QTR, STM32U599BJY6QTR, STM32U599NIH6Q, STM32U599NJH6Q, STM32U599VIT6Q, STM32U599VJT6, STM32U599VJT6Q, STM32U599ZIT6Q, STM32U599ZIY6QTR, STM32U599ZJT6Q, STM32U599ZJY6QTR, STM32U5A5AJH6, STM32U5A5AJH6Q, STM32U5A5QII3Q , STM32U5A5QJI6, STM32U5A5QJI6Q, STM32U5A5RJT6, STM32U5A5RJT6Q, STM32U5A5VJT6, STM32U5A5VJT6Q, STM32U5A5ZJT6, STM32U5A5ZJT6Q, STM32U5A5ZJY6QTR, STM32U5A9BJY6QTR, STM32U5A9J-DK, STM32U5A9NJH6Q, STM32U5A9VJT6Q, STM32U5A9ZJT6Q, STM32U5A9ZJY6QTR, STM32U5F7VIT6, STM32U5F7VIT6Q, STM32U5F7VJT6, STM32U5F7VJT6Q, STM32U5F9BJY6QTR, STM32U5F9NJH6Q, STM32U5F9VIT6Q, STM32U5F9VJT6Q, STM32U5F9ZIJ6QTR, STM32U5F9ZIT6Q, STM32U5F9ZJJ6QTR, STM32U5F9ZJT6Q, STM32U5G7VJT6, STM32U5G7VJT6Q, STM32U5G9BJY6QTR, STM32U5G9J-DK1, STM32U5G9J-DK2, STM32U5G9NJH6Q, STM32U5G9VJT6Q, STM32U5G9ZJJ6QTR, STM32U5G9ZJT6Q, STM32WB05KZV6TR, STM32WB05KZV7TR, STM32WB05TZF6TR, STM32WB05TZF7TR, STM32WB06CCF6TR, STM32WB06CCF7TR, STM32WB06CCV6TR, STM32WB06CCV7TR, STM32WB06KCV6TR, STM32WB06KCV7TR, STM32WB07CCF6TR, STM32WB07CCF7TR, STM32WB07CCV6TR, STM32WB07CCV7TR, STM32WB07KCV6TR, STM32WB07KCV7TR, STM32WB09KEV6TR, STM32WB09KEV7TR, STM32WB09TEF6TR, STM32WB09TEF7TR, STM32WB1MMCH6, STM32WBA50KGU6, STM32WBA50KGU6TR, STM32WBA52CEU6, STM32WBA52CEU6TR, STM32WBA52CEU7, STM32WBA52CEU7TR, STM32WBA52CGU6, STM32WBA52CGU6TR, STM32WBA52CGU6U, STM32WBA52CGU7, STM32WBA52CGU7TR, STM32WBA52KEU6, STM32WBA52KEU6TR, STM32WBA52KGU6, STM32WBA52KGU6TR, STM32WBA54CEU6, STM32WBA54CEU6TR, STM32WBA54CEU7, STM32WBA54CEU7TR, STM32WBA54CGU6, STM32WBA54CGU6TR, STM32WBA54CGU7, STM32WBA54CGU7TR, STM32WBA54KEU6, STM32WBA54KEU6TR, STM32WBA54KEU7, STM32WBA54KEU7TR, STM32WBA54KGU6, STM32WBA54KGU6TR, STM32WBA54KGU7, STM32WBA54KGU7TR, STM32WBA55CEU6, STM32WBA55CEU6TR, STM32WBA55CEU7, STM32WBA55CEU7TR, STM32WBA55CGU6, STM32WBA55CGU6TR, STM32WBA55CGU6U, STM32WBA55CGU7, STM32WBA55CGU7TR, STM32WBA55G-DK1, STM32WBA55HEF6, STM32WBA55HEF7, STM32WBA55HGF6, STM32WBA55HGF7, STM32WBA55UEI6, STM32WBA55UEI6TR, STM32WBA55UEI7, STM32WBA55UEI7TR, STM32WBA55UGI6, STM32WBA55UGI6TR, STM32WBA55UGI7, STM32WBA55UGI7TR, STM32WBA5MMGH6TR, STM32WBA62MGF6, STM32WBA62MIF6, STM32WBA65MGF7, STM32WBA65MIF6, STM32WBA65MIF7, STM32WL30K8V6, STM32WL30KBV6, STM32WL31C8V6, STM32WL31CBV6, STM32WL31K8V6, STM32WL31KBV6, STM32WL33C8V6, STM32WL33C8V6X, STM32WL33CBV6, STM32WL33CBV6X, STM32WL33CCV6, STM32WL33CCV6A, STM32WL33CCV6X, STM32WL33K8V7, STM32WL33K8V7X, STM32WL33KBV7 , STM32WL33KBV7X, STM32WL33KCV7, STM32WL33KCV7X, STM32WL5MOCH6, STM32WL5MOCH6TR]
2025-11-01 00:20:36,787 [INFO] BoardInfo:889 - No configuration file found for board P-NUCLEO-WB55
2025-11-01 00:20:36,788 [INFO] DbBoards:161 - Kit is not supported: P-NUCLEO-WB55
2025-11-01 00:20:36,793 [INFO] BoardInfo:889 - No configuration file found for board STEVAL-BFA001V1B
2025-11-01 00:20:36,793 [INFO] DbBoards:161 - Kit is not supported: STEVAL-BFA001V1B
2025-11-01 00:20:36,794 [INFO] BoardInfo:889 - No configuration file found for board STEVAL-BFA001V2B
2025-11-01 00:20:36,795 [INFO] DbBoards:161 - Kit is not supported: STEVAL-BFA001V2B
2025-11-01 00:20:37,145 [INFO] DbBoards:168 - Found 212 boards, 209 are supported
2025-11-01 00:20:37,146 [INFO] DbBoards:169 - Found 212 boards, 43 of them is supported for  Bsp
2025-11-01 00:20:37,149 [INFO] ApiDb:668 - CubeFinder database Data Model version=2.1
2025-11-01 00:20:37,149 [INFO] ApiDb:669 - CubeFinder database Configuration version=3.0.39
2025-11-01 00:20:37,149 [INFO] ApiDb:670 - CubeFinder database generation date=2025-08-25 (1756130511)
2025-11-01 00:20:37,150 [INFO] ApiDb:671 - CubeFinder database FW Pack versions=[FP-ATR-ASTRA1_V2.0.0, FP-SNS-FLIGHT1_V5.1.0, FP-SNS-MOTENV1_V5.0.0, FP-SNS-MOTENVWB1_V1.4.0, FP-SNS-SMARTAG2_V1.2.0, FP-SNS-STBOX1_V2.1.0, STM32Cube_FW_C0_V1.4.0, STM32Cube_FW_F4_V1.28.3, STM32Cube_FW_F7_V1.17.4, STM32Cube_FW_G0_V1.6.2, STM32Cube_FW_G4_V1.6.1, STM32Cube_FW_H5_V1.5.0, STM32Cube_FW_H7RS_V1.2.0, STM32Cube_FW_H7_V1.12.1, STM32Cube_FW_L0_V1.12.2, STM32Cube_FW_L4_V1.18.1, STM32Cube_FW_L5_V1.5.1, STM32Cube_FW_N6_V1.2.0, STM32Cube_FW_U0_V1.3.0, STM32Cube_FW_U3_V1.2.0, STM32Cube_FW_U5_V1.8.0, STM32Cube_FW_WB0_V1.3.0, STM32Cube_FW_WBA_V1.7.0, STM32Cube_FW_WB_V1.23.0, STM32Cube_FW_WL3_V1.2.0, STM32Cube_FW_WL_V1.3.1, X-CUBE-ALGOBUILD_V1.4.0, X-CUBE-ALS_V1.0.2, X-CUBE-AZRTOS-F4_V1.1.0, X-CUBE-AZRTOS-F7_V1.1.0, X-CUBE-AZRTOS-G0_V1.1.0, X-CUBE-AZRTOS-G4_V2.0.0, X-CUBE-AZRTOS-H7RS_V1.1.0, X-CUBE-AZRTOS-H7_V3.4.0, X-CUBE-AZRTOS-L4_V2.0.0, X-CUBE-AZRTOS-L5_V2.0.0, X-CUBE-AZRTOS-WB_V2.0.0, X-CUBE-AZRTOS-WL_V2.0.0, X-CUBE-BLE1_V7.1.0, X-CUBE-BLE2_V3.3.0, X-CUBE-BLEMGR_V4.1.0, X-CUBE-EEPRMA1_V5.2.0, X-CUBE-FREERTOS_V1.3.1, X-CUBE-GNSS1_V6.0.0, X-CUBE-MEMS1_V11.3.0, X-CUBE-NFC4_V3.0.0, X-CUBE-NFC7_V2.0.0, X-CUBE-SFXS2LP1_V4.0.0, X-CUBE-ST67W61_V1.0.0, X-CUBE-SUBG2_V5.0.0, X-CUBE-TOF1_V3.4.3]
2025-11-01 00:20:39,024 [INFO] ApiDb:240 - Found 880 in-development CPN: [B-G473E-ZEST1S, B-WB1M-WPAN1, B-WBA5M-WPAN, B-WL5M-SUBG1, NUCLEO-C031C6, NUCLEO-C051C8, NUCLEO-C071RB, NUCLEO-C092RC, NUCLEO-H503RB, NUCLEO-H533RE, NUCLEO-H563ZI, NUCLEO-H7S3L8, NUCLEO-N657X0-Q, NUCLEO-U031R8, NUCLEO-U083RC, NUCLEO-U385RG-Q, NUCLEO-U545RE-Q, NUCLEO-U5A5ZJ-Q, NUCLEO-WB05KZ, NUCLEO-WB07CC, NUCLEO-WB09KE, NUCLEO-WBA52CG, NUCLEO-WBA55CG, NUCLEO-WL33CC1, NUCLEO-WL33CC2, STEVAL-PROTEUS1, STEVAL-SMARTAG2, STEVAL-STWINBX1, STM320518-EVAL, STM32C0116-DK, STM32C011D6Y3TR, STM32C011D6Y6TR, STM32C011F4P3, STM32C011F4P6, STM32C011F4U3, STM32C011F4U6TR, STM32C011F6P3, STM32C011F6P6, STM32C011F6U3, STM32C011F6U6TR, STM32C011J4M3, STM32C011J4M6, STM32C011J6M3, STM32C011J6M6, STM32C0316-DK, STM32C031C4T3, STM32C031C4T6, STM32C031C4U3, STM32C031C4U6, STM32C031C6T3, STM32C031C6T6, STM32C031C6U3, STM32C031C6U6, STM32C031F4P3, STM32C031F4P6, STM32C031F6P3, STM32C031F6P6, STM32C031G4U3, STM32C031G4U6, STM32C031G6U3, STM32C031G6U6, STM32C031K4T3, STM32C031K4T6, STM32C031K4U3, STM32C031K4U6, STM32C031K6T3, STM32C031K6T6, STM32C031K6U3, STM32C031K6U6, STM32C051C6T6, STM32C051C6U6, STM32C051C8T6, STM32C051C8U6, STM32C051D8Y6TR, STM32C051F6P6, STM32C051F8P6, STM32C051G6U6, STM32C051G8U6, STM32C051K6T6, STM32C051K6U6, STM32C051K8T6, STM32C071C8T6, STM32C071C8T6N, STM32C071C8U6, STM32C071C8U6N, STM32C071CBT6, STM32C071CBT6N, STM32C071CBU6, STM32C071CBU6N, STM32C071F8P6, STM32C071F8P6N, STM32C071FBP6, STM32C071FBP6N, STM32C071FBY6TR, STM32C071G8U6, STM32C071G8U6N, STM32C071GBU6, STM32C071GBU6N, STM32C071K8T6, STM32C071K8T6N, STM32C071K8U6, STM32C071K8U6N, STM32C071KBT6, STM32C071KBT6N, STM32C071KBU6, STM32C071KBU6N, STM32C071R8T6, STM32C071R8T6N, STM32C071RBI6N, STM32C071RBT6, STM32C071RBT6N, STM32C091CBT6, STM32C091CBU6, STM32C091CCT6, STM32C091CCU6, STM32C091ECY6TR, STM32C091FBP6, STM32C091FCP6, STM32C091GBU6, STM32C091GCU6, STM32C091KBT6, STM32C091KBU6, STM32C091KCT6, STM32C091KCU6, STM32C091RBT6, STM32C091RCI6, STM32C091RCT6, STM32C092CBT6, STM32C092CBU6, STM32C092CCT6, STM32C092CCU6, STM32C092ECY6TR, STM32C092FBP6, STM32C092FCP6, STM32C092GBU6, STM32C092GCU6, STM32C092KBT6, STM32C092KBU6, STM32C092KCT6, STM32C092KCU6, STM32C092RBT6, STM32C092RCI6, STM32C092RCT6, STM32G071K8TXN, STM32G071K8UXN, STM32G081GBU6N, STM32G081KBT6N, STM32G081KBUXN, STM32G0B1CCT6N, STM32G0B1KCT6, STM32G0B1NEY6TR, STM32G0B1RCT6N, STM32G0C1CCT6, STM32G0C1CCT6N, STM32G0C1CCU6N, STM32G0C1CET6N, STM32G0C1CEU6N, STM32G0C1KCT6, STM32G0C1NEY6TR, STM32G0C1RCI6N, STM32G0C1RCT6N, STM32G0C1REI6N, STM32G0C1RET6N, STM32G0C1VCI6, STM32G0C1VEI6, STM32G411C6T3, STM32G411C6T6, STM32G411C6U3, STM32G411C6U6, STM32G411C8T3, STM32G411C8T6, STM32G411C8U3, STM32G411C8U6, STM32G411CBT3, STM32G411CBT6, STM32G411CBU3, STM32G411CBU6, STM32G411K6T3, STM32G411K6T6, STM32G411K6U3, STM32G411K6U6, STM32G411K8T3, STM32G411K8T6, STM32G411K8U3, STM32G411K8U6, STM32G411KBT3, STM32G411KBT6, STM32G411KBU3, STM32G411KBU6, STM32G411M6T3, STM32G411M6T6, STM32G411M8T3, STM32G411M8T6, STM32G411MBT3, STM32G411MBT6, STM32G411R6T3, STM32G411R6T6, STM32G411R8T3, STM32G411R8T6, STM32G411RBT3, STM32G411RBT6, STM32G414CBT3, STM32G414CBT6, STM32G414CBU3, STM32G414CBU6, STM32G414CCT3, STM32G414CCT6, STM32G414CCU3, STM32G414CCU6, STM32G414MBT3, STM32G414MBT6, STM32G414MCT3, STM32G414MCT6, STM32G414RBT3, STM32G414RBT6, STM32G414RCT3, STM32G414RCT6, STM32G414VBT3, STM32G414VBT6, STM32G414VCT3, STM32G414VCT6, STM32G431CBT3Z, STM32G431RBT3Z, STM32G471CCT6, STM32G471CCU6, STM32G471CET3, STM32G471CET6, STM32G471CEU3, STM32G471CEU6, STM32G471MCT6, STM32G471MET3, STM32G471MET6, STM32G471MEY6TR, STM32G471QCT6, STM32G471QET3, STM32G471RCT6, STM32G471RET3, STM32G471RET6, STM32G471VCH6, STM32G471VCI6, STM32G471VCT6, STM32G471VEH3, STM32G471VEH6, STM32G471VEI3, STM32G471VEI6, STM32G471VET3, STM32G471VET6, STM32G473QET3Z, STM32G473RET3Z, STM32G474CCT6, STM32G491RET3Z, STM32H503CBT6, STM32H503CBU6, STM32H503EBY6TR, STM32H503KBU6, STM32H503RBT6, STM32H523CCT6, STM32H523CCU6, STM32H523CET6, STM32H523CEU6, STM32H523HEY6TR, STM32H523RCT6, STM32H523RET6, STM32H523VCI6, STM32H523VCT6, STM32H523VEI6, STM32H523VET6, STM32H523ZCJ6, STM32H523ZCT6, STM32H523ZEJ6, STM32H523ZET6, STM32H533CET6, STM32H533CEU6, STM32H533HEY6TR, STM32H533RET6, STM32H533VEI6, STM32H533VET6, STM32H533ZEJ6, STM32H533ZET6, STM32H562AGI6, STM32H562AII6, STM32H562IGK6, STM32H562IGT6, STM32H562IIK6, STM32H562IIT6, STM32H562RGT6, STM32H562RGV6, STM32H562RIT6, STM32H562RIV6, STM32H562VGT6, STM32H562VIT6, STM32H562ZGT6, STM32H562ZIT6, STM32H563AGI6, STM32H563AII3Q, STM32H563AII6, STM32H563IGK6, STM32H563IGT6, STM32H563IIK3Q, STM32H563IIK6, STM32H563IIT3Q, STM32H563IIT6, STM32H563MIY3QTR, STM32H563RGT6, STM32H563RGV6, STM32H563RIT6, STM32H563RIV6, STM32H563VGT6, STM32H563VIT3Q, STM32H563VIT6, STM32H563ZGT6, STM32H563ZIT3Q, STM32H563ZIT6, STM32H573AII3Q, STM32H573AII6, STM32H573I-DK, STM32H573IIK3Q, STM32H573IIK6, STM32H573IIT3Q, STM32H573IIT6, STM32H573MIY3QTR, STM32H573RIT6, STM32H573RIV6, STM32H573VIT3Q, STM32H573VIT6, STM32H573ZIT3Q, STM32H573ZIT6, STM32H7R3A8I6, STM32H7R3I8K6, STM32H7R3I8T6, STM32H7R3L8H6, STM32H7R3L8H6H, STM32H7R3R8V6, STM32H7R3V8H6, STM32H7R3V8T6, STM32H7R3V8Y6TR, STM32H7R3Z8J6, STM32H7R3Z8T6, STM32H7R7A8I6, STM32H7R7I8K6, STM32H7R7I8T6, STM32H7R7L8H6, STM32H7R7L8H6H, STM32H7R7Z8J6, STM32H7S3A8I6, STM32H7S3I8K6, STM32H7S3I8T6, STM32H7S3L8H6, STM32H7S3L8H6H, STM32H7S3R8V6, STM32H7S3V8H6, STM32H7S3V8T6, STM32H7S3V8Y6TR, STM32H7S3Z8J6, STM32H7S3Z8T6, STM32H7S78-DK, STM32H7S7A8I6, STM32H7S7I8K6, STM32H7S7I8T6, STM32H7S7L8H6, STM32H7S7L8H6H, STM32H7S7Z8J6, STM32L4R5QGI6STR, STM32MP131AAE3, STM32MP131AAF3, STM32MP131AAG3, STM32MP131CAE3, STM32MP131CAF3, STM32MP131CAG3, STM32MP131DAE7, STM32MP131DAF7, STM32MP131DAG7, STM32MP131FAE7, STM32MP131FAF7, STM32MP131FAG7, STM32MP133AAE3, STM32MP133AAF3, STM32MP133AAG3, STM32MP133CAE3, STM32MP133CAF3, STM32MP133CAG3, STM32MP133DAE7, STM32MP133DAF7, STM32MP133DAG7, STM32MP133FAE7, STM32MP133FAF7, STM32MP133FAG7, STM32MP135AAE3, STM32MP135AAF3, STM32MP135AAG3, STM32MP135CAE3, STM32MP135CAF3, STM32MP135CAG3, STM32MP135DAE7, STM32MP135DAF7, STM32MP135DAG7, STM32MP135F-DK, STM32MP135FAE7, STM32MP135FAF7, STM32MP135FAF7T, STM32MP135FAF7U, STM32MP135FAG7, STM32MP211AAL3, STM32MP211AAM3, STM32MP211AAN3, STM32MP211AAO3, STM32MP211CAL3, STM32MP211CAM3, STM32MP211CAN3, STM32MP211CAO3, STM32MP211DAL3, STM32MP211DAM3, STM32MP211DAN3, STM32MP211DAO3, STM32MP211FAL3, STM32MP211FAM3, STM32MP211FAN3, STM32MP211FAO3, STM32MP213AAL3, STM32MP213AAM3, STM32MP213AAN3, STM32MP213AAO3, STM32MP213CAL3, STM32MP213CAM3, STM32MP213CAN3, STM32MP213CAO3, STM32MP213DAL3, STM32MP213DAM3, STM32MP213DAN3, STM32MP213DAO3, STM32MP213FAL3, STM32MP213FAM3, STM32MP213FAN3, STM32MP213FAO3, STM32MP215AAL3, STM32MP215AAM3, STM32MP215AAN3, STM32MP215AAO3, STM32MP215CAL3, STM32MP215CAM3, STM32MP215CAN3, STM32MP215CAO3, STM32MP215DAL3, STM32MP215DAM3, STM32MP215DAN3, STM32MP215DAO3, STM32MP215F-DK, STM32MP215FAL3, STM32MP215FAM3, STM32MP215FAN3, STM32MP215FAO3, STM32MP231AAJ3, STM32MP231AAK3, STM32MP231AAL3, STM32MP231CAJ3, STM32MP231CAK3, STM32MP231CAL3, STM32MP231DAJ3, STM32MP231DAK3, STM32MP231DAL3, STM32MP231FAJ3, STM32MP231FAK3, STM32MP231FAL3, STM32MP233AAJ3, STM32MP233AAK3, STM32MP233AAL3, STM32MP233CAJ3, STM32MP233CAK3, STM32MP233CAL3, STM32MP233DAJ3, STM32MP233DAK3, STM32MP233DAL3, STM32MP233FAJ3, STM32MP233FAK3, STM32MP233FAL3, STM32MP235AAJ3, STM32MP235AAK3, STM32MP235AAL3, STM32MP235CAJ3, STM32MP235CAK3, STM32MP235CAL3, STM32MP235DAJ3, STM32MP235DAK3, STM32MP235DAL3, STM32MP235FAJ3, STM32MP235FAK3, STM32MP235FAL3, STM32MP251AAI3, STM32MP251AAK3, STM32MP251AAL3, STM32MP251CAI3, STM32MP251CAK3, STM32MP251CAL3, STM32MP251DAI3, STM32MP251DAK3, STM32MP251DAL3, STM32MP251FAI3, STM32MP251FAK3, STM32MP251FAL3, STM32MP253AAI3, STM32MP253AAK3, STM32MP253AAL3, STM32MP253CAI3, STM32MP253CAK3, STM32MP253CAL3, STM32MP253DAI3, STM32MP253DAK3, STM32MP253DAL3, STM32MP253FAI3, STM32MP253FAK3, STM32MP253FAL3, STM32MP255AAI3, STM32MP255AAK3, STM32MP255AAL3, STM32MP255CAI3, STM32MP255CAK3, STM32MP255CAL3, STM32MP255DAI3, STM32MP255DAK3, STM32MP255DAL3, STM32MP255FAI3, STM32MP255FAK3, STM32MP255FAL3, STM32MP257AAI3, STM32MP257AAK3, STM32MP257AAL3, STM32MP257CAI3, STM32MP257CAK3, STM32MP257CAL3, STM32MP257DAI3, STM32MP257DAK3, STM32MP257DAL3, STM32MP257F-DK, STM32MP257F-EV1, STM32MP257FAI3, STM32MP257FAK3, STM32MP257FAL3, STM32N645A0H3Q, STM32N645B0H3Q, STM32N645I0H3Q, STM32N645L0H3Q, STM32N645X0H3Q, STM32N645Z0H3Q, STM32N647A0H3Q, STM32N647B0H3Q, STM32N647I0H3Q, STM32N647L0H3Q, STM32N647X0H3Q, STM32N647Z0H3Q, STM32N655A0H3Q, STM32N655B0H3Q, STM32N655I0H3Q, STM32N655L0H3Q, STM32N655X0H3Q, STM32N655Z0H3Q, STM32N6570-DK, STM32N657A0H3Q, STM32N657B0H3Q, STM32N657I0H3Q, STM32N657L0H3Q, STM32N657X0H3Q, STM32N657Z0H3Q, STM32U031C6T6, STM32U031C6U6, STM32U031C8T6, STM32U031C8U6, STM32U031F4P6, STM32U031F6P6, STM32U031F8P6, STM32U031G6Y6TR, STM32U031G8Y6TR, STM32U031K4U6, STM32U031K6U6, STM32U031K8U6, STM32U031R6I6, STM32U031R6T6, STM32U031R8I6, STM32U031R8T6, STM32U073C8T6, STM32U073C8U6, STM32U073CBT6, STM32U073CBU6, STM32U073CCT6, STM32U073CCU6, STM32U073H8Y6TR, STM32U073HBY6TR, STM32U073HCY6TR, STM32U073K8U6, STM32U073KBU6, STM32U073KCU6, STM32U073M8I6, STM32U073M8T6, STM32U073MBI6, STM32U073MBT6, STM32U073MCI6, STM32U073MCT6, STM32U073R8I6, STM32U073R8T6, STM32U073RBI6, STM32U073RBT6, STM32U073RCI6, STM32U073RCT6, STM32U083C-DK, STM32U083CCT6, STM32U083CCU6, STM32U083HCY6TR, STM32U083KCU6, STM32U083MCI6, STM32U083MCT6, STM32U083RCI6, STM32U083RCT6, STM32U375CET6, STM32U375CET6Q, STM32U375CEU6, STM32U375CEU6Q, STM32U375CEY6QTR, STM32U375CGT6, STM32U375CGT6Q, STM32U375CGU6, STM32U375CGU6Q, STM32U375CGY6QTR, STM32U375KEU6, STM32U375KGU6, STM32U375REI6, STM32U375REI6Q, STM32U375RET6, STM32U375RET6Q, STM32U375REY6GTR, STM32U375REY6QTR, STM32U375RGI6, STM32U375RGI6Q, STM32U375RGT6, STM32U375RGT6Q, STM32U375RGY6GTR, STM32U375RGY6QTR, STM32U375VEI6, STM32U375VEI6Q, STM32U375VET6, STM32U375VET6Q, STM32U375VGI6, STM32U375VGI6Q, STM32U375VGT6, STM32U375VGT6Q, STM32U385CGT6, STM32U385CGT6Q, STM32U385CGU6, STM32U385CGU6Q, STM32U385CGY6QTR, STM32U385KGU6, STM32U385RGI6, STM32U385RGI6Q, STM32U385RGT6, STM32U385RGT6Q, STM32U385RGY6GTR, STM32U385RGY6QTR, STM32U385VGI6, STM32U385VGI6Q, STM32U385VGT6, STM32U385VGT6Q, STM32U535CBT6, STM32U535CBT6Q, STM32U535CBU6, STM32U535CBU6Q, STM32U535CCT6, STM32U535CCT6Q, STM32U535CCU6, STM32U535CCU6Q, STM32U535CET6, STM32U535CET6Q, STM32U535CEU6, STM32U535CEU6Q, STM32U535JEY6QTR, STM32U535NCY6QTR, STM32U535NEY6QTR, STM32U535RBI6, STM32U535RBI6Q, STM32U535RBT6, STM32U535RBT6Q, STM32U535RCI6, STM32U535RCI6Q, STM32U535RCT6, STM32U535RCT6Q, STM32U535REI6, STM32U535REI6Q, STM32U535RET6, STM32U535RET6Q, STM32U535VCI6, STM32U535VCI6Q, STM32U535VCT6, STM32U535VCT6Q, STM32U535VEI6, STM32U535VEI6Q, STM32U535VET6, STM32U535VET6Q, STM32U545CET6, STM32U545CET6Q, STM32U545CEU6, STM32U545CEU6Q, STM32U545JEY6QTR, STM32U545NEY6QTR, STM32U545REI6, STM32U545REI6Q, STM32U545RET6, STM32U545RET6Q, STM32U545VEI6, STM32U545VEI6Q, STM32U545VET6, STM32U545VET6Q, STM32U595AIH6, STM32U595AIH6Q, STM32U595AJH6, STM32U595AJH6Q, STM32U595QII6, STM32U595QII6Q, STM32U595QJI6, STM32U595QJI6Q, STM32U595RIT6, STM32U595RIT6Q, STM32U595RJT6, STM32U595RJT6Q, STM32U595VIT6, STM32U595VIT6Q, STM32U595VJT6, STM32U595VJT6Q, STM32U595ZIT6, STM32U595ZIT6Q, STM32U595ZIY6QTR, STM32U595ZJT6, STM32U595ZJT6Q, STM32U595ZJY6QTR, STM32U599BJY6QTR, STM32U599NIH6Q, STM32U599NJH6Q, STM32U599VIT6Q, STM32U599VJT6, STM32U599VJT6Q, STM32U599ZIT6Q, STM32U599ZIY6QTR, STM32U599ZJT6Q, STM32U599ZJY6QTR, STM32U5A5AJH6, STM32U5A5AJH6Q, STM32U5A5QII3Q , STM32U5A5QJI6, STM32U5A5QJI6Q, STM32U5A5RJT6, STM32U5A5RJT6Q, STM32U5A5VJT6, STM32U5A5VJT6Q, STM32U5A5ZJT6, STM32U5A5ZJT6Q, STM32U5A5ZJY6QTR, STM32U5A9BJY6QTR, STM32U5A9J-DK, STM32U5A9NJH6Q, STM32U5A9VJT6Q, STM32U5A9ZJT6Q, STM32U5A9ZJY6QTR, STM32U5F7VIT6, STM32U5F7VIT6Q, STM32U5F7VJT6, STM32U5F7VJT6Q, STM32U5F9BJY6QTR, STM32U5F9NJH6Q, STM32U5F9VIT6Q, STM32U5F9VJT6Q, STM32U5F9ZIJ6QTR, STM32U5F9ZIT6Q, STM32U5F9ZJJ6QTR, STM32U5F9ZJT6Q, STM32U5G7VJT6, STM32U5G7VJT6Q, STM32U5G9BJY6QTR, STM32U5G9J-DK1, STM32U5G9J-DK2, STM32U5G9NJH6Q, STM32U5G9VJT6Q, STM32U5G9ZJJ6QTR, STM32U5G9ZJT6Q, STM32WB05KZV6TR, STM32WB05KZV7TR, STM32WB05TZF6TR, STM32WB05TZF7TR, STM32WB06CCF6TR, STM32WB06CCF7TR, STM32WB06CCV6TR, STM32WB06CCV7TR, STM32WB06KCV6TR, STM32WB06KCV7TR, STM32WB07CCF6TR, STM32WB07CCF7TR, STM32WB07CCV6TR, STM32WB07CCV7TR, STM32WB07KCV6TR, STM32WB07KCV7TR, STM32WB09KEV6TR, STM32WB09KEV7TR, STM32WB09TEF6TR, STM32WB09TEF7TR, STM32WB1MMCH6, STM32WBA50KGU6, STM32WBA50KGU6TR, STM32WBA52CEU6, STM32WBA52CEU6TR, STM32WBA52CEU7, STM32WBA52CEU7TR, STM32WBA52CGU6, STM32WBA52CGU6TR, STM32WBA52CGU6U, STM32WBA52CGU7, STM32WBA52CGU7TR, STM32WBA52KEU6, STM32WBA52KEU6TR, STM32WBA52KGU6, STM32WBA52KGU6TR, STM32WBA54CEU6, STM32WBA54CEU6TR, STM32WBA54CEU7, STM32WBA54CEU7TR, STM32WBA54CGU6, STM32WBA54CGU6TR, STM32WBA54CGU7, STM32WBA54CGU7TR, STM32WBA54KEU6, STM32WBA54KEU6TR, STM32WBA54KEU7, STM32WBA54KEU7TR, STM32WBA54KGU6, STM32WBA54KGU6TR, STM32WBA54KGU7, STM32WBA54KGU7TR, STM32WBA55CEU6, STM32WBA55CEU6TR, STM32WBA55CEU7, STM32WBA55CEU7TR, STM32WBA55CGU6, STM32WBA55CGU6TR, STM32WBA55CGU6U, STM32WBA55CGU7, STM32WBA55CGU7TR, STM32WBA55G-DK1, STM32WBA55HEF6, STM32WBA55HEF7, STM32WBA55HGF6, STM32WBA55HGF7, STM32WBA55UEI6, STM32WBA55UEI6TR, STM32WBA55UEI7, STM32WBA55UEI7TR, STM32WBA55UGI6, STM32WBA55UGI6TR, STM32WBA55UGI7, STM32WBA55UGI7TR, STM32WBA5MMGH6TR, STM32WBA62MGF6, STM32WBA62MIF6, STM32WBA65MGF7, STM32WBA65MIF6, STM32WBA65MIF7, STM32WL30K8V6, STM32WL30KBV6, STM32WL31C8V6, STM32WL31CBV6, STM32WL31K8V6, STM32WL31KBV6, STM32WL33C8V6, STM32WL33C8V6X, STM32WL33CBV6, STM32WL33CBV6X, STM32WL33CCV6, STM32WL33CCV6A, STM32WL33CCV6X, STM32WL33K8V7, STM32WL33K8V7X, STM32WL33KBV7 , STM32WL33KBV7X, STM32WL33KCV7, STM32WL33KCV7X, STM32WL5MOCH6, STM32WL5MOCH6TR]
2025-11-01 00:20:39,034 [INFO] DbMcus:218 - Found 4801 MCUs, 4801 are supported
2025-11-01 00:20:39,035 [INFO] ApiDb:423 - Load user favorites file C:\Users\nico2/.stm32cubeide/favorites.mcus.txt: 1 item(s)
2025-11-01 00:20:39,036 [INFO] ApiDb:427 - User favorites MCUs=[STM32F103C8T6]
2025-11-01 00:20:39,036 [INFO] DbMcus:224 - Set 1 / 1 favorites MCUs
2025-11-01 00:20:40,519 [INFO] ApiDb:423 - Load user favorites file C:\Users\nico2/.stm32cubeide/favorites.boards.txt: 0 item(s)
2025-11-01 00:20:40,519 [INFO] ApiDb:427 - User favorites Boards=[]
2025-11-01 00:20:40,519 [INFO] DbBoards:198 - Set 0 / 0 favorites Boards
2025-11-01 00:20:40,590 [INFO] UtilMem:75 - End LoadConfig() Used Memory: 434359392 Bytes (664797184)
2025-11-01 00:20:40,805 [WARN] ThirdParty:833 - waiting for thirdparty lock release [change project]
2025-11-01 00:20:40,806 [INFO] ThirdParty:835 - entering critical section [change project]
2025-11-01 00:20:40,806 [INFO] ThirdParty:1030 - CMSIS Pack Vendor :STMicroelectronics X-CUBE-PM33A1 1.0.0
2025-11-01 00:20:40,806 [INFO] ThirdParty:1030 - CMSIS Pack Vendor :STMicroelectronics USBPD 4.1
2025-11-01 00:20:40,806 [INFO] ThirdParty:1030 - CMSIS Pack Vendor :STMicroelectronics X-CUBE-NFC9 1.0.0
2025-11-01 00:20:40,806 [INFO] ThirdParty:1030 - CMSIS Pack Vendor :STMicroelectronics USB_HOST 2.0.0
2025-11-01 00:20:40,806 [INFO] ThirdParty:1030 - CMSIS Pack Vendor :STMicroelectronics FP-SNS-MOTENVWB1 1.4.0
2025-11-01 00:20:40,806 [INFO] ThirdParty:1030 - CMSIS Pack Vendor :STMicroelectronics X-CUBE-AZRTOS-F4 1.1.0
2025-11-01 00:20:40,806 [INFO] ThirdParty:1030 - CMSIS Pack Vendor :STMicroelectronics LIBJPEG 8.0.0
2025-11-01 00:20:40,806 [INFO] ThirdParty:1030 - CMSIS Pack Vendor :STMicroelectronics FP-ATR-ASTRA1 2.0.2
2025-11-01 00:20:40,806 [INFO] ThirdParty:1030 - CMSIS Pack Vendor :STMicroelectronics X-CUBE-BLE1 7.1.0
2025-11-01 00:20:40,806 [INFO] ThirdParty:1030 - CMSIS Pack Vendor :STMicroelectronics X-CUBE-SMBUS 2.1.0
2025-11-01 00:20:40,806 [INFO] ThirdParty:1030 - CMSIS Pack Vendor :STMicroelectronics USB_DEVICE 3.0.0
2025-11-01 00:20:40,806 [INFO] ThirdParty:1030 - CMSIS Pack Vendor :STMicroelectronics X-CUBE-ISPU 2.1.0
2025-11-01 00:20:40,806 [INFO] ThirdParty:1030 - CMSIS Pack Vendor :STMicroelectronics X-CUBE-EEPRMA1 5.2.0
2025-11-01 00:20:40,806 [INFO] ThirdParty:1030 - CMSIS Pack Vendor :STMicroelectronics X-CUBE-IPS 3.2.0
2025-11-01 00:20:40,806 [INFO] ThirdParty:1030 - CMSIS Pack Vendor :STMicroelectronics X-CUBE-BLEMGR 4.1.0
2025-11-01 00:20:40,806 [INFO] ThirdParty:1030 - CMSIS Pack Vendor :STMicroelectronics X-CUBE-AZRTOS-WB 2.0.0
2025-11-01 00:20:40,806 [INFO] ThirdParty:1030 - CMSIS Pack Vendor :STMicroelectronics X-CUBE-ST60 1.0.0
2025-11-01 00:20:40,806 [INFO] ThirdParty:1030 - CMSIS Pack Vendor :STMicroelectronics X-CUBE-GNSS1 7.0.1
2025-11-01 00:20:40,806 [INFO] ThirdParty:1030 - CMSIS Pack Vendor :STMicroelectronics X-CUBE-NFC12 1.0.0
2025-11-01 00:20:40,806 [INFO] ThirdParty:1030 - CMSIS Pack Vendor :STMicroelectronics X-CUBE-AZRTOS-F7 1.1.0
2025-11-01 00:20:40,806 [INFO] ThirdParty:1030 - CMSIS Pack Vendor :STMicroelectronics X-CUBE-AZRTOS-L5 2.0.0
2025-11-01 00:20:40,806 [INFO] ThirdParty:1030 - CMSIS Pack Vendor :STMicroelectronics X-CUBE-TOUCHGFX 4.25.0
2025-11-01 00:20:40,806 [INFO] ThirdParty:1030 - CMSIS Pack Vendor :STMicroelectronics USB_DEVICE 2.0.0
2025-11-01 00:20:40,806 [INFO] ThirdParty:1030 - CMSIS Pack Vendor :STMicroelectronics X-CUBE-NFC6 3.1.0
2025-11-01 00:20:40,806 [INFO] ThirdParty:1030 - CMSIS Pack Vendor :STMicroelectronics X-CUBE-ST67W61 1.1.0
2025-11-01 00:20:40,806 [INFO] ThirdParty:1030 - CMSIS Pack Vendor :Cesanta I-CUBE-Mongoose 7.19.0
2025-11-01 00:20:40,806 [INFO] ThirdParty:1030 - CMSIS Pack Vendor :quantropi X-CUBE-qispace-sdk-base 2.1.0
2025-11-01 00:20:40,806 [INFO] ThirdParty:1030 - CMSIS Pack Vendor :STMicroelectronics FP-SNS-MOTENV1 5.1.0
2025-11-01 00:20:40,806 [INFO] ThirdParty:1030 - CMSIS Pack Vendor :STMicroelectronics FreeRTOS 0.0.1
2025-11-01 00:20:40,806 [INFO] ThirdParty:1030 - CMSIS Pack Vendor :STMicroelectronics X-CUBE-AZRTOS-G0 1.1.0
2025-11-01 00:20:40,806 [INFO] ThirdParty:1030 - CMSIS Pack Vendor :STMicroelectronics X-CUBE-SAFEA1 1.2.2
2025-11-01 00:20:40,806 [INFO] ThirdParty:1030 - CMSIS Pack Vendor :STMicroelectronics X-CUBE-NFC4 3.0.0
2025-11-01 00:20:40,806 [INFO] ThirdParty:1030 - CMSIS Pack Vendor :STMicroelectronics X-CUBE-SUBG2 5.0.0
2025-11-01 00:20:40,806 [INFO] ThirdParty:1030 - CMSIS Pack Vendor :STMicroelectronics X-CUBE-AZRTOS-H7RS 1.1.0
2025-11-01 00:20:40,806 [INFO] ThirdParty:1030 - CMSIS Pack Vendor :STMicroelectronics STM32_WPAN 1.0.0
2025-11-01 00:20:40,806 [INFO] ThirdParty:1030 - CMSIS Pack Vendor :EmbeddedOffice I-CUBE-FS-RTOS 1.0.1
2025-11-01 00:20:40,806 [INFO] ThirdParty:1030 - CMSIS Pack Vendor :STMicroelectronics lwIP 2.0.3
2025-11-01 00:20:40,806 [INFO] ThirdParty:1030 - CMSIS Pack Vendor :STMicroelectronics USB_HOST 1.0.0
2025-11-01 00:20:40,806 [INFO] ThirdParty:1030 - CMSIS Pack Vendor :Infineon AIROC-Wi-Fi-Bluetooth-STM32 1.7.1
2025-11-01 00:20:40,806 [INFO] ThirdParty:1030 - CMSIS Pack Vendor :STMicroelectronics X-CUBE-AZRTOS-G4 2.0.0
2025-11-01 00:20:40,806 [INFO] ThirdParty:1030 - CMSIS Pack Vendor :STMicroelectronics X-CUBE-WB05N 2.0.0
2025-11-01 00:20:40,806 [INFO] ThirdParty:1030 - CMSIS Pack Vendor :STMicroelectronics PDM2PCM 3.1.0
2025-11-01 00:20:40,806 [INFO] ThirdParty:1030 - CMSIS Pack Vendor :STMicroelectronics PDM2PCM 3.3.0
2025-11-01 00:20:40,806 [INFO] ThirdParty:1030 - CMSIS Pack Vendor :STMicroelectronics X-CUBE-AZRTOS-H7 3.4.0
2025-11-01 00:20:40,806 [INFO] ThirdParty:1030 - CMSIS Pack Vendor :STMicroelectronics X-CUBE-DISPLAY 3.0.0
2025-11-01 00:20:40,806 [INFO] ThirdParty:1030 - CMSIS Pack Vendor :STMicroelectronics X-CUBE-NFC7 2.0.0
2025-11-01 00:20:40,806 [INFO] ThirdParty:1030 - CMSIS Pack Vendor :STMicroelectronics X-CUBE-TCPP 4.2.0
2025-11-01 00:20:40,806 [INFO] ThirdParty:1030 - CMSIS Pack Vendor :RealThread X-CUBE-RT-Thread_Nano 4.1.1
2025-11-01 00:20:40,806 [INFO] ThirdParty:1030 - CMSIS Pack Vendor :STMicroelectronics FP-ATR-SIGFOX1 3.2.0
2025-11-01 00:20:40,806 [INFO] ThirdParty:1030 - CMSIS Pack Vendor :STMicroelectronics X-CUBE-NFC10 1.0.0
2025-11-01 00:20:40,806 [INFO] ThirdParty:1030 - CMSIS Pack Vendor :STMicroelectronics X-CUBE-FREERTOS 1.3.1
2025-11-01 00:20:40,806 [INFO] ThirdParty:1030 - CMSIS Pack Vendor :STMicroelectronics HAL Drivers 0.0.0
2025-11-01 00:20:40,807 [INFO] ThirdParty:1030 - CMSIS Pack Vendor :STMicroelectronics MBEDTLS 2.16.2
2025-11-01 00:20:40,807 [INFO] ThirdParty:1030 - CMSIS Pack Vendor :STMicroelectronics X-CUBE-ST60 1.1.0
2025-11-01 00:20:40,807 [INFO] ThirdParty:1030 - CMSIS Pack Vendor :STMicroelectronics X-CUBE-IPS 3.1.0
2025-11-01 00:20:40,807 [INFO] ThirdParty:1030 - CMSIS Pack Vendor :STMicroelectronics X-CUBE-ALS 1.0.2
2025-11-01 00:20:40,807 [INFO] ThirdParty:1030 - CMSIS Pack Vendor :emotas I-CUBE-CANOPEN 1.3.0
2025-11-01 00:20:40,807 [INFO] ThirdParty:1030 - CMSIS Pack Vendor :STMicroelectronics MBEDTLS 2.14.1
2025-11-01 00:20:40,807 [INFO] ThirdParty:1030 - CMSIS Pack Vendor :STMicroelectronics X-CUBE-GNSS1 7.1.0
2025-11-01 00:20:40,807 [INFO] ThirdParty:1030 - CMSIS Pack Vendor :ITTIA_DB I-CUBE-ITTIADB 8.9.0
2025-11-01 00:20:40,807 [INFO] ThirdParty:1030 - CMSIS Pack Vendor :STMicroelectronics X-CUBE-TOUCHGFX 4.26.0
2025-11-01 00:20:40,807 [INFO] ThirdParty:1030 - CMSIS Pack Vendor :STMicroelectronics X-CUBE-STSE01 1.0.0
2025-11-01 00:20:40,807 [INFO] ThirdParty:1030 - CMSIS Pack Vendor :STMicroelectronics X-CUBE-ST67W61 1.0.0
2025-11-01 00:20:40,807 [INFO] ThirdParty:1030 - CMSIS Pack Vendor :STMicroelectronics FP-SNS-STBOX1 2.1.0
2025-11-01 00:20:40,807 [INFO] ThirdParty:1030 - CMSIS Pack Vendor :STMicroelectronics X-CUBE-AI 10.2.0
2025-11-01 00:20:40,807 [INFO] ThirdParty:1030 - CMSIS Pack Vendor :STMicroelectronics FP-SNS-STAIOTCFT 1.0.0
2025-11-01 00:20:40,807 [INFO] ThirdParty:1030 - CMSIS Pack Vendor :STMicroelectronics ThreadX 1.0.0
2025-11-01 00:20:40,807 [INFO] ThirdParty:1030 - CMSIS Pack Vendor :STMicroelectronics FP-SNS-SMARTAG2 1.2.0
2025-11-01 00:20:40,807 [INFO] ThirdParty:1030 - CMSIS Pack Vendor :STMicroelectronics FP-SNS-FLIGHT1 5.1.0
2025-11-01 00:20:40,807 [INFO] ThirdParty:1030 - CMSIS Pack Vendor :STMicroelectronics X-CUBE-AZRTOS-WL 2.0.0
2025-11-01 00:20:40,807 [INFO] ThirdParty:1030 - CMSIS Pack Vendor :SEGGER I-CUBE-embOS 1.3.1
2025-11-01 00:20:40,807 [INFO] ThirdParty:1030 - CMSIS Pack Vendor :STMicroelectronics X-CUBE-ALGOBUILD 1.4.0
2025-11-01 00:20:40,807 [INFO] ThirdParty:1030 - CMSIS Pack Vendor :STMicroelectronics X-CUBE-DPower 1.3.0
2025-11-01 00:20:40,807 [INFO] ThirdParty:1030 - CMSIS Pack Vendor :STMicroelectronics X-CUBE-MEMS1 11.3.0
2025-11-01 00:20:40,807 [INFO] ThirdParty:1030 - CMSIS Pack Vendor :STMicroelectronics FP-SNS-MOTENV1 5.0.0
2025-11-01 00:20:40,807 [INFO] ThirdParty:1030 - CMSIS Pack Vendor :STMicroelectronics USB_DEVICE 1.0.0
2025-11-01 00:20:40,807 [INFO] ThirdParty:1030 - CMSIS Pack Vendor :STMicroelectronics X-CUBE-AZRTOS-L4 2.0.0
2025-11-01 00:20:40,807 [INFO] ThirdParty:1030 - CMSIS Pack Vendor :STMicroelectronics ThreadX 0.0.2
2025-11-01 00:20:40,807 [INFO] ThirdParty:1030 - CMSIS Pack Vendor :WES I-CUBE-Cesium 1.3.0
2025-11-01 00:20:40,807 [INFO] ThirdParty:1030 - CMSIS Pack Vendor :STMicroelectronics lwIP 2.1.2
2025-11-01 00:20:40,807 [INFO] ThirdParty:1030 - CMSIS Pack Vendor :STMicroelectronics X-CUBE-SFXS2LP1 4.0.0
2025-11-01 00:20:40,807 [INFO] ThirdParty:1030 - CMSIS Pack Vendor :STMicroelectronics X-CUBE-BLE2 3.3.0
2025-11-01 00:20:40,807 [INFO] ThirdParty:1030 - CMSIS Pack Vendor :STMicroelectronics X-CUBE-TOF1 3.4.3
2025-11-01 00:20:40,807 [INFO] ThirdParty:1030 - CMSIS Pack Vendor :STMicroelectronics PDM2PCM 3.2.0
2025-11-01 00:20:40,807 [INFO] ThirdParty:841 - exiting critical section [change project]
2025-11-01 00:20:41,863 [INFO] PinOutPanel:1589 - setPackage(No Configuration,No Configuration)
2025-11-01 00:20:41,864 [INFO] PinOutPanel:1589 - setPackage(STM32F103C8Tx,LQFP48)
2025-11-01 00:20:46,503 [INFO] UtilMem:75 - Before build in PCC Used Memory: 491782144 Bytes (696254464)
2025-11-01 00:20:49,453 [INFO] UtilMem:75 - After build in PCC Used Memory: 500695040 Bytes (696254464)
2025-11-01 00:20:49,480 [INFO] IPUIPlugin:80 - create IPUIPlugin
2025-11-01 00:20:49,480 [INFO] IPUIPlugin:80 - create IPUIPlugin
2025-11-01 00:20:49,480 [INFO] IPUIPlugin:80 - create IPUIPlugin
2025-11-01 00:20:49,480 [INFO] IPUIPlugin:80 - create IPUIPlugin
2025-11-01 00:20:49,480 [INFO] IPUIPlugin:80 - create IPUIPlugin
2025-11-01 00:20:49,480 [INFO] IPUIPlugin:80 - create IPUIPlugin
2025-11-01 00:20:49,480 [INFO] IPUIPlugin:80 - create IPUIPlugin
2025-11-01 00:20:49,480 [INFO] IPUIPlugin:80 - create IPUIPlugin
2025-11-01 00:20:49,480 [INFO] IPUIPlugin:80 - create IPUIPlugin
2025-11-01 00:20:49,480 [INFO] IPUIPlugin:80 - create IPUIPlugin
2025-11-01 00:20:49,480 [INFO] IPUIPlugin:80 - create IPUIPlugin
2025-11-01 00:20:49,480 [INFO] IPUIPlugin:80 - create IPUIPlugin
2025-11-01 00:20:49,481 [INFO] IPUIPlugin:80 - create IPUIPlugin
2025-11-01 00:20:49,481 [INFO] IPUIPlugin:80 - create IPUIPlugin
2025-11-01 00:20:49,482 [INFO] IPUIPlugin:80 - create IPUIPlugin
2025-11-01 00:20:49,482 [INFO] IPUIPlugin:80 - create IPUIPlugin
2025-11-01 00:20:49,482 [INFO] IPUIPlugin:80 - create IPUIPlugin
2025-11-01 00:20:49,482 [INFO] IPUIPlugin:80 - create IPUIPlugin
2025-11-01 00:20:49,482 [INFO] IPUIPlugin:80 - create IPUIPlugin
2025-11-01 00:20:49,482 [INFO] IPUIPlugin:80 - create IPUIPlugin
2025-11-01 00:20:49,482 [INFO] IPUIPlugin:80 - create IPUIPlugin
2025-11-01 00:20:49,482 [INFO] IPUIPlugin:80 - create IPUIPlugin
2025-11-01 00:20:49,482 [INFO] IPUIPlugin:80 - create IPUIPlugin
2025-11-01 00:20:49,482 [INFO] IPUIPlugin:80 - create IPUIPlugin
2025-11-01 00:20:49,482 [INFO] IPUIPlugin:80 - create IPUIPlugin
2025-11-01 00:20:49,482 [INFO] IPUIPlugin:80 - create IPUIPlugin
2025-11-01 00:20:49,482 [INFO] IPUIPlugin:80 - create IPUIPlugin
2025-11-01 00:20:49,583 [WARN] IP:2250 - I2C_Coeff_DF not found: check if there is a RefParameter without a condition.
2025-11-01 00:20:49,583 [WARN] IP:2250 - Analog_Filter not found: check if there is a RefParameter without a condition.
2025-11-01 00:20:51,586 [INFO] CADModel:165 - CPN selected for project levelSTM32F103C8T6
2025-11-01 00:20:51,586 [INFO] CADModel:114 - Register for checkConnection events
2025-11-01 00:20:51,853 [INFO] OpenFileManager:386 - Restore cursor
2025-11-01 00:20:53,662 [WARN] IP:2250 - I2C_Coeff_DF not found: check if there is a RefParameter without a condition.
2025-11-01 00:20:53,663 [WARN] IP:2250 - Analog_Filter not found: check if there is a RefParameter without a condition.
2025-11-01 00:20:53,664 [WARN] IP:2250 - I2C_Coeff_DF not found: check if there is a RefParameter without a condition.
2025-11-01 00:20:53,664 [WARN] IP:2250 - Analog_Filter not found: check if there is a RefParameter without a condition.
2025-11-01 00:22:22,872 [WARN] IP:2250 - I2C_Coeff_DF not found: check if there is a RefParameter without a condition.
2025-11-01 00:22:22,872 [WARN] IP:2250 - Analog_Filter not found: check if there is a RefParameter without a condition.
2025-11-01 00:22:22,872 [WARN] IP:2250 - I2C_Coeff_DF not found: check if there is a RefParameter without a condition.
2025-11-01 00:22:22,872 [WARN] IP:2250 - Analog_Filter not found: check if there is a RefParameter without a condition.
2025-11-01 00:22:22,960 [WARN] IP:2250 - I2C_Coeff_DF not found: check if there is a RefParameter without a condition.
2025-11-01 00:22:22,961 [WARN] IP:2250 - Analog_Filter not found: check if there is a RefParameter without a condition.
2025-11-01 00:22:22,999 [WARN] IP:2250 - I2C_Coeff_DF not found: check if there is a RefParameter without a condition.
2025-11-01 00:22:22,999 [WARN] IP:2250 - Analog_Filter not found: check if there is a RefParameter without a condition.
2025-11-01 00:26:13,779 [INFO] UtilMem:75 - End SaveConfig() Used Memory: 558174976 Bytes (1073741824)
2025-11-01 00:26:15,638 [INFO] UtilMem:75 - End SaveConfig() Used Memory: 578501000 Bytes (1073741824)
2025-11-01 00:26:41,919 [INFO] UtilMem:75 - End SaveConfig() Used Memory: 614271744 Bytes (1073741824)
2025-11-01 00:26:42,755 [INFO] BlockDiagram:2775 - set Specific Code input for plugin: RTC
2025-11-01 00:26:42,755 [INFO] BlockDiagram:2775 - set Specific Code input for plugin: NVIC
2025-11-01 00:26:42,755 [INFO] BlockDiagram:2775 - set Specific Code input for plugin: TIM1_8F1
2025-11-01 00:26:42,756 [INFO] BlockDiagram:2775 - set Specific Code input for plugin: TIM1_8F1
2025-11-01 00:26:42,756 [INFO] BlockDiagram:2775 - set Specific Code input for plugin: SYS
2025-11-01 00:26:42,756 [INFO] BlockDiagram:2775 - set Specific Code input for plugin: GPIO
2025-11-01 00:26:42,756 [INFO] BlockDiagram:2775 - set Specific Code input for plugin: RCC
2025-11-01 00:26:42,756 [INFO] BlockDiagram:2775 - set Specific Code input for plugin: I2C
2025-11-01 00:26:42,757 [INFO] CodeGenerator:892 - code generatio: config db path: C:\ST\STM32CubeIDE_1.19.0\STM32CubeIDE\plugins\com.st.stm32cube.common.mx_6.15.0.202507011659\\db\
2025-11-01 00:26:42,759 [WARN] IP:2250 - I2C_Coeff_DF not found: check if there is a RefParameter without a condition.
2025-11-01 00:26:42,759 [WARN] IP:2250 - Analog_Filter not found: check if there is a RefParameter without a condition.
2025-11-01 00:26:42,933 [INFO] CodeEngine:265 - oldGeneratedFile, C:\Users\nico2\OneDrive\Desktop\EMBEBIDOS\COMEDERO_INTEGRACION\MXTmpFiles\license.tmp_save
2025-11-01 00:26:43,722 [INFO] CodeEngine:289 - Generated code: C:\Users\nico2\OneDrive\Desktop\EMBEBIDOS\COMEDERO_INTEGRACION\MXTmpFiles\license.tmp
2025-11-01 00:26:43,962 [INFO] CodeEngine:265 - oldGeneratedFile, C:\Users\nico2\OneDrive\Desktop\EMBEBIDOS\COMEDERO_INTEGRACION\MXTmpFiles\gpio.tmp_save
2025-11-01 00:26:44,312 [INFO] CodeEngine:289 - Generated code: C:\Users\nico2\OneDrive\Desktop\EMBEBIDOS\COMEDERO_INTEGRACION\MXTmpFiles\gpio.tmp
2025-11-01 00:26:44,856 [INFO] CodeEngine:265 - oldGeneratedFile, C:\Users\nico2\OneDrive\Desktop\EMBEBIDOS\COMEDERO_INTEGRACION\Core\Src\stm32f1xx_it.c_save
2025-11-01 00:26:45,289 [INFO] CodeEngine:289 - Generated code: C:\Users\nico2\OneDrive\Desktop\EMBEBIDOS\COMEDERO_INTEGRACION\Core\Src\stm32f1xx_it.c
2025-11-01 00:26:45,348 [INFO] CodeEngine:265 - oldGeneratedFile, C:\Users\nico2\OneDrive\Desktop\EMBEBIDOS\COMEDERO_INTEGRACION\Core\Inc\stm32f1xx_it.h_save
2025-11-01 00:26:45,510 [INFO] CodeEngine:289 - Generated code: C:\Users\nico2\OneDrive\Desktop\EMBEBIDOS\COMEDERO_INTEGRACION\Core\Inc\stm32f1xx_it.h
2025-11-01 00:26:45,526 [INFO] CodeEngine:265 - oldGeneratedFile, C:\Users\nico2\OneDrive\Desktop\EMBEBIDOS\COMEDERO_INTEGRACION\Core\Src\stm32f1xx_hal_msp.c_save
2025-11-01 00:26:45,810 [INFO] CodeEngine:289 - Generated code: C:\Users\nico2\OneDrive\Desktop\EMBEBIDOS\COMEDERO_INTEGRACION\Core\Src\stm32f1xx_hal_msp.c
2025-11-01 00:26:45,820 [INFO] CodeEngine:265 - oldGeneratedFile, C:\Users\nico2\OneDrive\Desktop\EMBEBIDOS\COMEDERO_INTEGRACION\MXTmpFiles\system.tmp_save
2025-11-01 00:26:45,944 [INFO] CodeEngine:289 - Generated code: C:\Users\nico2\OneDrive\Desktop\EMBEBIDOS\COMEDERO_INTEGRACION\MXTmpFiles\system.tmp
2025-11-01 00:26:45,952 [INFO] CodeEngine:321 - oldGeneratedFile, C:\Users\nico2\OneDrive\Desktop\EMBEBIDOS\COMEDERO_INTEGRACION\Core\Inc\stm32f1xx_hal_conf.h_save
2025-11-01 00:26:46,027 [INFO] CodeEngine:345 - Generated code: C:\Users\nico2\OneDrive\Desktop\EMBEBIDOS\COMEDERO_INTEGRACION\Core\Inc\stm32f1xx_hal_conf.h
2025-11-01 00:26:46,069 [INFO] ApiDbMcu:532 - Load IP Config File for I2C1
2025-11-01 00:26:46,079 [INFO] ApiDbMcu:532 - Load IP Config File for RTC
2025-11-01 00:26:46,089 [INFO] ApiDbMcu:532 - Load IP Config File for TIM2
2025-11-01 00:26:46,120 [INFO] ApiDbMcu:532 - Load IP Config File for TIM3
2025-11-01 00:26:46,121 [INFO] ApiDbMcu:532 - Load IP Config File for RCC
2025-11-01 00:26:46,124 [WARN] IPConfigManager:3811 - IP not found : TIM
2025-11-01 00:26:46,124 [WARN] CodeGenerator:4259 - IP not found : null
2025-11-01 00:26:46,134 [INFO] CodeEngine:265 - oldGeneratedFile, C:\Users\nico2\OneDrive\Desktop\EMBEBIDOS\COMEDERO_INTEGRACION\Core\Inc\main.h_save
2025-11-01 00:26:46,260 [INFO] CodeEngine:289 - Generated code: C:\Users\nico2\OneDrive\Desktop\EMBEBIDOS\COMEDERO_INTEGRACION\Core\Inc\main.h
2025-11-01 00:26:46,268 [INFO] CodeEngine:265 - oldGeneratedFile, C:\Users\nico2\OneDrive\Desktop\EMBEBIDOS\COMEDERO_INTEGRACION\Core\Src\main.c_save
2025-11-01 00:26:46,857 [INFO] CodeEngine:289 - Generated code: C:\Users\nico2\OneDrive\Desktop\EMBEBIDOS\COMEDERO_INTEGRACION\Core\Src\main.c
2025-11-01 00:26:47,163 [INFO] ProjectBuilder:3606 - Time for Copy HAL[1] : 133mS.
2025-11-01 00:26:47,173 [INFO] ProjectBuilder:5216 - Project Generator version: 4.7.0-B52
2025-11-01 00:26:48,424 [INFO] ConfigFileManager:1595 - The Die is : DIE410
2025-11-01 00:26:48,431 [INFO] ApiDbMcu:532 - Load IP Config File for FATFS
2025-11-01 00:26:48,434 [INFO] ApiDbMcu:532 - Load IP Config File for FREERTOS
2025-11-01 00:26:48,456 [INFO] ApiDbMcu:532 - Load IP Config File for USB_DEVICE
2025-11-01 00:26:49,326 [INFO] LogOutputStream:77 - [STDOUT_REDIRECT] 
2025-11-01 00:26:55,464 [INFO] ProjectBuilder:5496 - Time for Generating toolchain IDE Files: 8292mS.
2025-11-01 00:26:55,467 [INFO] ProjectBuilder:3463 - Time for Copy CMSIS : 3mS.
2025-11-01 00:26:55,469 [INFO] ProjectBuilder:3463 - Time for Copy CMSIS : 0mS.
2025-11-01 00:46:27,654 [INFO] NvicIntPanel:101 - NVIC parent = com.st.microxplorer.plugins.ip.nvic.MultiNvicIntPanel[,0,0,0x0,invalid,layout=javax.swing.BoxLayout,alignmentX=0.0,alignmentY=0.0,border=,flags=9,maximumSize=,minimumSize=,preferredSize=]
2025-11-01 00:46:29,639 [INFO] UtilMem:75 - End SaveConfig() Used Memory: 587957720 Bytes (909115392)
2025-11-01 00:46:30,892 [INFO] UtilMem:75 - End SaveConfig() Used Memory: 602358272 Bytes (909115392)
2025-11-01 00:46:33,186 [INFO] UtilMem:75 - End SaveConfig() Used Memory: 639892864 Bytes (909115392)
2025-11-01 00:46:33,389 [INFO] BlockDiagram:2775 - set Specific Code input for plugin: RTC
2025-11-01 00:46:33,389 [INFO] BlockDiagram:2775 - set Specific Code input for plugin: NVIC
2025-11-01 00:46:33,389 [INFO] BlockDiagram:2775 - set Specific Code input for plugin: TIM1_8F1
2025-11-01 00:46:33,389 [INFO] BlockDiagram:2775 - set Specific Code input for plugin: TIM1_8F1
2025-11-01 00:46:33,389 [INFO] BlockDiagram:2775 - set Specific Code input for plugin: SYS
2025-11-01 00:46:33,393 [INFO] BlockDiagram:2775 - set Specific Code input for plugin: GPIO
2025-11-01 00:46:33,393 [INFO] BlockDiagram:2775 - set Specific Code input for plugin: RCC
2025-11-01 00:46:33,393 [INFO] BlockDiagram:2775 - set Specific Code input for plugin: I2C
2025-11-01 00:46:33,394 [INFO] CodeGenerator:892 - code generatio: config db path: C:\ST\STM32CubeIDE_1.19.0\STM32CubeIDE\plugins\com.st.stm32cube.common.mx_6.15.0.202507011659\\db\
2025-11-01 00:46:33,395 [WARN] IP:2250 - I2C_Coeff_DF not found: check if there is a RefParameter without a condition.
2025-11-01 00:46:33,395 [WARN] IP:2250 - Analog_Filter not found: check if there is a RefParameter without a condition.
2025-11-01 00:46:33,461 [INFO] CodeEngine:265 - oldGeneratedFile, C:\Users\nico2\OneDrive\Desktop\EMBEBIDOS\COMEDERO_INTEGRACION\MXTmpFiles\license.tmp_save
2025-11-01 00:46:33,755 [INFO] CodeEngine:289 - Generated code: C:\Users\nico2\OneDrive\Desktop\EMBEBIDOS\COMEDERO_INTEGRACION\MXTmpFiles\license.tmp
2025-11-01 00:46:33,934 [INFO] CodeEngine:265 - oldGeneratedFile, C:\Users\nico2\OneDrive\Desktop\EMBEBIDOS\COMEDERO_INTEGRACION\MXTmpFiles\gpio.tmp_save
2025-11-01 00:46:34,123 [INFO] CodeEngine:289 - Generated code: C:\Users\nico2\OneDrive\Desktop\EMBEBIDOS\COMEDERO_INTEGRACION\MXTmpFiles\gpio.tmp
2025-11-01 00:46:34,486 [INFO] CodeEngine:265 - oldGeneratedFile, C:\Users\nico2\OneDrive\Desktop\EMBEBIDOS\COMEDERO_INTEGRACION\Core\Src\stm32f1xx_it.c_save
2025-11-01 00:46:34,970 [INFO] CodeEngine:289 - Generated code: C:\Users\nico2\OneDrive\Desktop\EMBEBIDOS\COMEDERO_INTEGRACION\Core\Src\stm32f1xx_it.c
2025-11-01 00:46:34,973 [INFO] CodeEngine:265 - oldGeneratedFile, C:\Users\nico2\OneDrive\Desktop\EMBEBIDOS\COMEDERO_INTEGRACION\Core\Inc\stm32f1xx_it.h_save
2025-11-01 00:46:35,055 [INFO] CodeEngine:289 - Generated code: C:\Users\nico2\OneDrive\Desktop\EMBEBIDOS\COMEDERO_INTEGRACION\Core\Inc\stm32f1xx_it.h
2025-11-01 00:46:35,081 [INFO] CodeEngine:265 - oldGeneratedFile, C:\Users\nico2\OneDrive\Desktop\EMBEBIDOS\COMEDERO_INTEGRACION\Core\Src\stm32f1xx_hal_msp.c_save
2025-11-01 00:46:35,246 [INFO] CodeEngine:289 - Generated code: C:\Users\nico2\OneDrive\Desktop\EMBEBIDOS\COMEDERO_INTEGRACION\Core\Src\stm32f1xx_hal_msp.c
2025-11-01 00:46:35,282 [INFO] CodeEngine:265 - oldGeneratedFile, C:\Users\nico2\OneDrive\Desktop\EMBEBIDOS\COMEDERO_INTEGRACION\MXTmpFiles\system.tmp_save
2025-11-01 00:46:35,369 [INFO] CodeEngine:289 - Generated code: C:\Users\nico2\OneDrive\Desktop\EMBEBIDOS\COMEDERO_INTEGRACION\MXTmpFiles\system.tmp
2025-11-01 00:46:35,391 [INFO] CodeEngine:321 - oldGeneratedFile, C:\Users\nico2\OneDrive\Desktop\EMBEBIDOS\COMEDERO_INTEGRACION\Core\Inc\stm32f1xx_hal_conf.h_save
2025-11-01 00:46:35,467 [INFO] CodeEngine:345 - Generated code: C:\Users\nico2\OneDrive\Desktop\EMBEBIDOS\COMEDERO_INTEGRACION\Core\Inc\stm32f1xx_hal_conf.h
2025-11-01 00:46:35,489 [WARN] IPConfigManager:3811 - IP not found : TIM
2025-11-01 00:46:35,490 [WARN] CodeGenerator:4259 - IP not found : null
2025-11-01 00:46:35,495 [INFO] CodeEngine:265 - oldGeneratedFile, C:\Users\nico2\OneDrive\Desktop\EMBEBIDOS\COMEDERO_INTEGRACION\Core\Inc\main.h_save
2025-11-01 00:46:35,569 [INFO] CodeEngine:289 - Generated code: C:\Users\nico2\OneDrive\Desktop\EMBEBIDOS\COMEDERO_INTEGRACION\Core\Inc\main.h
2025-11-01 00:46:35,576 [INFO] CodeEngine:265 - oldGeneratedFile, C:\Users\nico2\OneDrive\Desktop\EMBEBIDOS\COMEDERO_INTEGRACION\Core\Src\main.c_save
2025-11-01 00:46:35,808 [INFO] CodeEngine:289 - Generated code: C:\Users\nico2\OneDrive\Desktop\EMBEBIDOS\COMEDERO_INTEGRACION\Core\Src\main.c
2025-11-01 00:46:36,107 [INFO] ProjectBuilder:3606 - Time for Copy HAL[1] : 77mS.
2025-11-01 00:46:36,111 [INFO] ProjectBuilder:5216 - Project Generator version: 4.7.0-B52
2025-11-01 00:46:36,177 [INFO] ConfigFileManager:1595 - The Die is : DIE410
2025-11-01 00:46:38,650 [INFO] ProjectBuilder:5496 - Time for Generating toolchain IDE Files: 2538mS.
2025-11-01 00:46:38,650 [INFO] ProjectBuilder:3463 - Time for Copy CMSIS : 0mS.
2025-11-01 00:46:38,652 [INFO] ProjectBuilder:3463 - Time for Copy CMSIS : 0mS.
2025-11-01 14:45:58,934 [INFO] Activator:176 - 


2025-11-01 14:45:58,937 [INFO] Activator:177 - !SESSION log4j initialized
2025-11-01 14:46:14,226 [INFO] LogOutputStream:77 - [STDOUT_REDIRECT] 
2025-11-01 14:46:16,419 [INFO] ApplicationProperties:184 - Using Application install path: C:\ST\STM32CubeIDE_1.19.0\STM32CubeIDE\plugins\com.st.stm32cube.common.mx_6.15.0.202507011659
2025-11-01 14:46:16,440 [INFO] DbMcusXml:78 - Set database path to: C:\ST\STM32CubeIDE_1.19.0\STM32CubeIDE\plugins\com.st.stm32cube.common.mx_6.15.0.202507011659\\db\/mcu/
2025-11-01 14:46:16,440 [INFO] ApiDb:274 - Set plugin database path to: C:\ST\STM32CubeIDE_1.19.0\STM32CubeIDE\plugins\com.st.stm32cube.common.mx_6.15.0.202507011659\\db\/plugins/boardmanager/
2025-11-01 14:46:16,440 [WARN] ApiDb:259 - Overriding images path with different value:  => C:\ST\STM32CubeIDE_1.19.0\STM32CubeIDE\plugins\com.st.stm32cube.common.mx_6.15.0.202507011659\\db\/plugins/mcufinder/images/
2025-11-01 14:46:16,451 [INFO] ApiDb:250 - Set database path to: C:\Users\nico2\.stmcufinder\plugins\mcufinder//mcu/
2025-11-01 14:46:16,452 [INFO] DbMcusAds:125 - Set database path to: C:\Users\nico2\.stmcufinder\plugins\mcufinder//mcu/
2025-11-01 14:46:16,455 [INFO] CrossReferenceDbSqlite:203 - Set database path to: C:\Users\nico2\.stmcufinder\plugins\mcufinder//mcu/cs/
2025-11-01 14:46:16,654 [INFO] RulesReader:64 - Compatibility file has been processed (317 Rules)
2025-11-01 14:46:16,795 [INFO] DbMcusXml:78 - Set database path to: C:\ST\STM32CubeIDE_1.19.0\STM32CubeIDE\plugins\com.st.stm32cube.common.mx_6.15.0.202507011659\\db\/mcu/
2025-11-01 14:46:16,795 [INFO] ApiDb:274 - Set plugin database path to: C:\ST\STM32CubeIDE_1.19.0\STM32CubeIDE\plugins\com.st.stm32cube.common.mx_6.15.0.202507011659\\db\/plugins/boardmanager/
2025-11-01 14:46:16,796 [INFO] ApiDb:261 - Set plugin images path to: C:\ST\STM32CubeIDE_1.19.0\STM32CubeIDE\plugins\com.st.stm32cube.common.mx_6.15.0.202507011659\\db\/plugins/mcufinder/images/
2025-11-01 14:46:16,796 [WARN] DbFile:41 - Overriding database path with different value: C:\Users\nico2\.stmcufinder\plugins\mcufinder/ => C:\Users\nico2\.stmcufinder\plugins\mcufinder
2025-11-01 14:46:16,796 [INFO] ApiDb:250 - Set database path to: C:\Users\nico2\.stmcufinder\plugins\mcufinder//mcu/
2025-11-01 14:46:16,796 [WARN] DbFile:41 - Overriding database path with different value: C:\Users\nico2\.stmcufinder\plugins\mcufinder/ => C:\Users\nico2\.stmcufinder\plugins\mcufinder
2025-11-01 14:46:16,796 [INFO] DbMcusAds:125 - Set database path to: C:\Users\nico2\.stmcufinder\plugins\mcufinder//mcu/
2025-11-01 14:46:16,796 [WARN] DbFile:41 - Overriding database path with different value: C:\Users\nico2\.stmcufinder\plugins\mcufinder/ => C:\Users\nico2\.stmcufinder\plugins\mcufinder
2025-11-01 14:46:16,796 [WARN] DbFile:41 - Overriding database path with different value: C:\Users\nico2\.stmcufinder\plugins\mcufinder/ => C:\Users\nico2\.stmcufinder\plugins\mcufinder
2025-11-01 14:46:16,796 [INFO] CrossReferenceDbSqlite:203 - Set database path to: C:\Users\nico2\.stmcufinder\plugins\mcufinder//mcu/cs/
2025-11-01 14:46:16,956 [INFO] MainPanel:274 - HeapMemory: 268435456
2025-11-01 14:46:17,158 [INFO] DbMcusXml:78 - Set database path to: C:\ST\STM32CubeIDE_1.19.0\STM32CubeIDE\plugins\com.st.stm32cube.common.mx_6.15.0.202507011659\\db\/mcu/
2025-11-01 14:46:17,158 [INFO] ApiDb:274 - Set plugin database path to: C:\ST\STM32CubeIDE_1.19.0\STM32CubeIDE\plugins\com.st.stm32cube.common.mx_6.15.0.202507011659\\db\/plugins/boardmanager/
2025-11-01 14:46:17,158 [INFO] ApiDb:261 - Set plugin images path to: C:\ST\STM32CubeIDE_1.19.0\STM32CubeIDE\plugins\com.st.stm32cube.common.mx_6.15.0.202507011659\\db\/plugins/mcufinder/images/
2025-11-01 14:46:17,159 [WARN] DbFile:41 - Overriding database path with different value: C:\Users\nico2\.stmcufinder\plugins\mcufinder/ => C:\Users\nico2\.stmcufinder\plugins\mcufinder
2025-11-01 14:46:17,160 [INFO] ApiDb:250 - Set database path to: C:\Users\nico2\.stmcufinder\plugins\mcufinder//mcu/
2025-11-01 14:46:17,160 [WARN] DbFile:41 - Overriding database path with different value: C:\Users\nico2\.stmcufinder\plugins\mcufinder/ => C:\Users\nico2\.stmcufinder\plugins\mcufinder
2025-11-01 14:46:17,160 [INFO] DbMcusAds:125 - Set database path to: C:\Users\nico2\.stmcufinder\plugins\mcufinder//mcu/
2025-11-01 14:46:17,160 [WARN] DbFile:41 - Overriding database path with different value: C:\Users\nico2\.stmcufinder\plugins\mcufinder/ => C:\Users\nico2\.stmcufinder\plugins\mcufinder
2025-11-01 14:46:17,160 [WARN] DbFile:41 - Overriding database path with different value: C:\Users\nico2\.stmcufinder\plugins\mcufinder/ => C:\Users\nico2\.stmcufinder\plugins\mcufinder
2025-11-01 14:46:17,160 [INFO] CrossReferenceDbSqlite:203 - Set database path to: C:\Users\nico2\.stmcufinder\plugins\mcufinder//mcu/cs/
2025-11-01 14:46:17,180 [INFO] ApplicationProperties:184 - Using Application install path: C:\ST\STM32CubeIDE_1.19.0\STM32CubeIDE\plugins\com.st.stm32cube.common.mx_6.15.0.202507011659
2025-11-01 14:46:17,182 [INFO] PluginManage:196 - Search for loadable plugins [exclusion list=, ]
2025-11-01 14:46:17,183 [INFO] PluginManage:310 - Check plugin analytics
2025-11-01 14:46:17,546 [INFO] AnalyticsPlugin:253 - Accepted Software Licenses: 
2025-11-01 14:46:17,546 [INFO] AnalyticsPlugin:255 - Accepted CMSIS Pack Licenses: 
2025-11-01 14:46:17,546 [INFO] AnalyticsPlugin:257 - Accepted Firmware Licenses: 
2025-11-01 14:46:17,549 [INFO] PluginManage:359 - Loaded plugin analytics (category:tool,tabindex:-1)
2025-11-01 14:46:17,550 [INFO] PluginManage:310 - Check plugin cadmodel
2025-11-01 14:46:17,557 [INFO] CADModel:105 - Init CAD model plugin
2025-11-01 14:46:17,557 [INFO] PluginManage:359 - Loaded plugin cadmodel (category:power,tabindex:5)
2025-11-01 14:46:17,557 [INFO] PluginManage:310 - Check plugin clock
2025-11-01 14:46:17,574 [INFO] PluginManage:359 - Loaded plugin clock (category:base,tabindex:2)
2025-11-01 14:46:17,574 [INFO] PluginManage:310 - Check plugin ddr
2025-11-01 14:46:17,577 [INFO] PluginManage:359 - Loaded plugin ddr (category:tool,tabindex:6)
2025-11-01 14:46:17,577 [INFO] PluginManage:310 - Check plugin filemanager
2025-11-01 14:46:17,776 [INFO] PluginManage:359 - Loaded plugin filemanager (category:base,tabindex:10)
2025-11-01 14:46:17,776 [INFO] PluginManage:310 - Check plugin ipmanager
2025-11-01 14:46:17,781 [INFO] PluginManage:359 - Loaded plugin ipmanager (category:base,tabindex:5)
2025-11-01 14:46:17,782 [INFO] PluginManage:310 - Check plugin lpbam
2025-11-01 14:46:17,789 [INFO] PluginManage:359 - Loaded plugin lpbam (category:base,tabindex:0)
2025-11-01 14:46:17,792 [INFO] PluginManage:310 - Check plugin memorymap
2025-11-01 14:46:17,808 [INFO] PluginManage:359 - Loaded plugin memorymap (category:base,tabindex:4)
2025-11-01 14:46:17,808 [INFO] PluginManage:310 - Check plugin pinoutandconfiguration
2025-11-01 14:46:17,818 [INFO] PluginManage:359 - Loaded plugin pinoutandconfiguration (category:base,tabindex:1)
2025-11-01 14:46:17,818 [INFO] PluginManage:310 - Check plugin pinoutconfig
2025-11-01 14:46:17,906 [WARN] SupportedApi:132 - Cannot load RTOS API schema: s4s-elt-must-match.1: The content of 'definitions' must match (annotation?, (simpleType | complexType)?, (unique | key | keyref)*)). A problem was found starting at: attribute.
2025-11-01 14:46:18,054 [INFO] PluginManage:359 - Loaded plugin pinoutconfig (category:base,tabindex:0)
2025-11-01 14:46:18,054 [INFO] PluginManage:310 - Check plugin power
2025-11-01 14:46:18,075 [INFO] PluginManage:359 - Loaded plugin power (category:power,tabindex:4)
2025-11-01 14:46:18,075 [INFO] PluginManage:310 - Check plugin projectmanager
2025-11-01 14:46:18,124 [INFO] PluginManage:359 - Loaded plugin projectmanager (category:projectmanager,tabindex:4)
2025-11-01 14:46:18,125 [INFO] PluginManage:310 - Check plugin rif
2025-11-01 14:46:18,135 [INFO] PluginManage:359 - Loaded plugin rif (category:base,tabindex:3)
2025-11-01 14:46:18,136 [INFO] PluginManage:310 - Check plugin thirdparty
2025-11-01 14:46:18,512 [INFO] PluginManage:359 - Loaded plugin thirdparty (category:base,tabindex:-1)
2025-11-01 14:46:18,513 [INFO] PluginManage:310 - Check plugin tools
2025-11-01 14:46:18,513 [WARN] IntegrityCheckThread:84 - waiting for thirdparty lock release [integrity check]
2025-11-01 14:46:18,518 [INFO] IntegrityCheckThread:86 - entering critical section [integrity check]
2025-11-01 14:46:18,523 [INFO] ThirdPartyUpdaterWithRetryManager:70 - Updater plugin not ready yet. [1/15]
2025-11-01 14:46:18,524 [INFO] PluginManage:359 - Loaded plugin tools (category:base,tabindex:7)
2025-11-01 14:46:18,524 [INFO] PluginManage:310 - Check plugin tutovideos
2025-11-01 14:46:18,737 [INFO] PluginManage:359 - Loaded plugin tutovideos (category:base,tabindex:-1)
2025-11-01 14:46:18,737 [INFO] PluginManage:310 - Check plugin updater
2025-11-01 14:46:18,919 [INFO] PluginManage:359 - Loaded plugin updater (category:base,tabindex:12)
2025-11-01 14:46:18,919 [INFO] PluginManage:310 - Check plugin userauth
2025-11-01 14:46:18,924 [INFO] UserAuth:118 - Init User Auth plugin
2025-11-01 14:46:18,924 [INFO] PluginManage:359 - Loaded plugin userauth (category:base,tabindex:14)
2025-11-01 14:46:18,924 [INFO] PluginManage:283 - PluginManage : Loaded plugins [18]
2025-11-01 14:46:19,166 [INFO] PinOutPanel:1589 - setPackage(No Configuration,No Configuration)
2025-11-01 14:46:19,343 [INFO] CADModel:165 - CPN selected for project level
2025-11-01 14:46:19,343 [INFO] CADModel:114 - Register for checkConnection events
2025-11-01 14:46:19,628 [INFO] IPUIPlugin:80 - create IPUIPlugin
2025-11-01 14:46:19,628 [INFO] PluginManager:220 - loadIPPluginJar : add adc
2025-11-01 14:46:19,632 [INFO] IPUIPlugin:80 - create IPUIPlugin
2025-11-01 14:46:19,632 [INFO] PluginManager:220 - loadIPPluginJar : add aes
2025-11-01 14:46:19,634 [INFO] IPUIPlugin:80 - create IPUIPlugin
2025-11-01 14:46:19,635 [INFO] PluginManager:220 - loadIPPluginJar : add can
2025-11-01 14:46:19,636 [INFO] IPUIPlugin:80 - create IPUIPlugin
2025-11-01 14:46:19,636 [INFO] PluginManager:220 - loadIPPluginJar : add comp
2025-11-01 14:46:19,639 [INFO] IPUIPlugin:80 - create IPUIPlugin
2025-11-01 14:46:19,639 [INFO] PluginManager:220 - loadIPPluginJar : add cryp
2025-11-01 14:46:19,643 [INFO] IPUIPlugin:80 - create IPUIPlugin
2025-11-01 14:46:19,643 [INFO] PluginManager:220 - loadIPPluginJar : add ddr_ctrl_phy
2025-11-01 14:46:19,712 [INFO] IPUIPlugin:80 - create IPUIPlugin
2025-11-01 14:46:19,712 [INFO] PluginManager:220 - loadIPPluginJar : add dfsdm
2025-11-01 14:46:19,717 [INFO] IPUIPlugin:80 - create IPUIPlugin
2025-11-01 14:46:19,718 [INFO] PluginManager:220 - loadIPPluginJar : add dma
2025-11-01 14:46:19,720 [INFO] IPUIPlugin:80 - create IPUIPlugin
2025-11-01 14:46:19,720 [INFO] PluginManager:220 - loadIPPluginJar : add dma3
2025-11-01 14:46:19,724 [INFO] IPUIPlugin:80 - create IPUIPlugin
2025-11-01 14:46:19,724 [INFO] PluginManager:220 - loadIPPluginJar : add extmemmanager
2025-11-01 14:46:19,725 [INFO] IPUIPlugin:80 - create IPUIPlugin
2025-11-01 14:46:19,725 [INFO] PluginManager:220 - loadIPPluginJar : add fatfs
2025-11-01 14:46:19,729 [INFO] IPUIPlugin:80 - create IPUIPlugin
2025-11-01 14:46:19,729 [INFO] PluginManager:220 - loadIPPluginJar : add fmc
2025-11-01 14:46:19,742 [INFO] IPUIPlugin:80 - create IPUIPlugin
2025-11-01 14:46:19,742 [INFO] PluginManager:220 - loadIPPluginJar : add freertos
2025-11-01 14:46:19,743 [INFO] IPUIPlugin:80 - create IPUIPlugin
2025-11-01 14:46:19,743 [INFO] PluginManager:220 - loadIPPluginJar : add genericplugin
2025-11-01 14:46:19,751 [INFO] IPUIPlugin:80 - create IPUIPlugin
2025-11-01 14:46:19,751 [INFO] PluginManager:220 - loadIPPluginJar : add gfxmmu
2025-11-01 14:46:19,755 [INFO] IPUIPlugin:80 - create IPUIPlugin
2025-11-01 14:46:19,755 [INFO] PluginManager:220 - loadIPPluginJar : add gic
2025-11-01 14:46:19,758 [INFO] IPUIPlugin:80 - create IPUIPlugin
2025-11-01 14:46:19,758 [INFO] PluginManager:220 - loadIPPluginJar : add gpio
2025-11-01 14:46:19,761 [INFO] IPUIPlugin:80 - create IPUIPlugin
2025-11-01 14:46:19,761 [INFO] PluginManager:220 - loadIPPluginJar : add gtzc
2025-11-01 14:46:19,763 [INFO] IPUIPlugin:80 - create IPUIPlugin
2025-11-01 14:46:19,763 [INFO] PluginManager:220 - loadIPPluginJar : add hash
2025-11-01 14:46:19,765 [INFO] IPUIPlugin:80 - create IPUIPlugin
2025-11-01 14:46:19,765 [INFO] PluginManager:220 - loadIPPluginJar : add i2c
2025-11-01 14:46:19,767 [INFO] IPUIPlugin:80 - create IPUIPlugin
2025-11-01 14:46:19,768 [INFO] PluginManager:220 - loadIPPluginJar : add i2s
2025-11-01 14:46:19,770 [INFO] IPUIPlugin:80 - create IPUIPlugin
2025-11-01 14:46:19,770 [INFO] PluginManager:220 - loadIPPluginJar : add i3c
2025-11-01 14:46:19,773 [INFO] IPUIPlugin:80 - create IPUIPlugin
2025-11-01 14:46:19,773 [INFO] PluginManager:220 - loadIPPluginJar : add ipddr
2025-11-01 14:46:19,778 [INFO] IPUIPlugin:80 - create IPUIPlugin
2025-11-01 14:46:19,779 [INFO] PluginManager:220 - loadIPPluginJar : add linkedlist
2025-11-01 14:46:19,782 [INFO] IPUIPlugin:80 - create IPUIPlugin
2025-11-01 14:46:19,782 [INFO] PluginManager:220 - loadIPPluginJar : add lorawan
2025-11-01 14:46:19,783 [INFO] IPUIPlugin:80 - create IPUIPlugin
2025-11-01 14:46:19,784 [INFO] PluginManager:220 - loadIPPluginJar : add ltdc
2025-11-01 14:46:19,793 [INFO] IPUIPlugin:80 - create IPUIPlugin
2025-11-01 14:46:19,793 [INFO] PluginManager:220 - loadIPPluginJar : add mdma
2025-11-01 14:46:19,796 [INFO] IPUIPlugin:80 - create IPUIPlugin
2025-11-01 14:46:19,797 [INFO] PluginManager:220 - loadIPPluginJar : add nvic
2025-11-01 14:46:19,799 [INFO] IPUIPlugin:80 - create IPUIPlugin
2025-11-01 14:46:19,799 [INFO] PluginManager:220 - loadIPPluginJar : add opamp
2025-11-01 14:46:19,802 [INFO] IPUIPlugin:80 - create IPUIPlugin
2025-11-01 14:46:19,802 [INFO] PluginManager:220 - loadIPPluginJar : add openamp
2025-11-01 14:46:19,805 [INFO] IPUIPlugin:80 - create IPUIPlugin
2025-11-01 14:46:19,805 [INFO] PluginManager:220 - loadIPPluginJar : add pdm2pcm
2025-11-01 14:46:19,809 [INFO] IPUIPlugin:80 - create IPUIPlugin
2025-11-01 14:46:19,821 [INFO] PluginManager:220 - loadIPPluginJar : add plateformsettings
2025-11-01 14:46:19,824 [INFO] IPUIPlugin:80 - create IPUIPlugin
2025-11-01 14:46:19,824 [INFO] PluginManager:220 - loadIPPluginJar : add quadspi
2025-11-01 14:46:19,826 [INFO] IPUIPlugin:80 - create IPUIPlugin
2025-11-01 14:46:19,826 [INFO] PluginManager:220 - loadIPPluginJar : add radio
2025-11-01 14:46:19,831 [INFO] IPUIPlugin:80 - create IPUIPlugin
2025-11-01 14:46:19,831 [INFO] PluginManager:220 - loadIPPluginJar : add resmgrutility
2025-11-01 14:46:19,834 [INFO] IPUIPlugin:80 - create IPUIPlugin
2025-11-01 14:46:19,834 [INFO] PluginManager:220 - loadIPPluginJar : add sai
2025-11-01 14:46:19,837 [INFO] IPUIPlugin:80 - create IPUIPlugin
2025-11-01 14:46:19,837 [INFO] PluginManager:220 - loadIPPluginJar : add spi
2025-11-01 14:46:19,841 [INFO] IPUIPlugin:80 - create IPUIPlugin
2025-11-01 14:46:19,841 [INFO] PluginManager:220 - loadIPPluginJar : add stm32_wpan
2025-11-01 14:46:19,842 [INFO] IPUIPlugin:80 - create IPUIPlugin
2025-11-01 14:46:19,843 [INFO] PluginManager:220 - loadIPPluginJar : add tim
2025-11-01 14:46:19,847 [INFO] IPUIPlugin:80 - create IPUIPlugin
2025-11-01 14:46:19,847 [INFO] PluginManager:220 - loadIPPluginJar : add touchsensing
2025-11-01 14:46:19,849 [INFO] IPUIPlugin:80 - create IPUIPlugin
2025-11-01 14:46:19,849 [INFO] PluginManager:220 - loadIPPluginJar : add tracer_emb
2025-11-01 14:46:19,851 [INFO] IPUIPlugin:80 - create IPUIPlugin
2025-11-01 14:46:19,851 [INFO] PluginManager:220 - loadIPPluginJar : add ts
2025-11-01 14:46:19,852 [INFO] IPUIPlugin:80 - create IPUIPlugin
2025-11-01 14:46:19,852 [INFO] PluginManager:220 - loadIPPluginJar : add tsc
2025-11-01 14:46:19,856 [INFO] IPUIPlugin:80 - create IPUIPlugin
2025-11-01 14:46:19,856 [INFO] PluginManager:220 - loadIPPluginJar : add ucpd
2025-11-01 14:46:19,860 [INFO] IPUIPlugin:80 - create IPUIPlugin
2025-11-01 14:46:19,860 [INFO] PluginManager:220 - loadIPPluginJar : add usart
2025-11-01 14:46:19,863 [INFO] IPUIPlugin:80 - create IPUIPlugin
2025-11-01 14:46:19,863 [INFO] PluginManager:220 - loadIPPluginJar : add usbx
2025-11-01 14:46:20,057 [FATAL] Updater:351 - Updater called before beeing initialized
2025-11-01 14:46:20,111 [INFO] RulesReader:64 - Compatibility file has been processed (317 Rules)
2025-11-01 14:46:20,118 [INFO] RulesReader:64 - Compatibility file has been processed (317 Rules)
2025-11-01 14:46:20,123 [INFO] CADModel:165 - CPN selected for project level
2025-11-01 14:46:20,123 [INFO] CADModel:114 - Register for checkConnection events
2025-11-01 14:46:20,123 [FATAL] Updater:351 - Updater called before beeing initialized
2025-11-01 14:46:20,124 [ERROR] CADModel:125 - Updater not yet initialized, retry later 
2025-11-01 14:46:20,840 [FATAL] Updater:351 - Updater called before beeing initialized
2025-11-01 14:46:20,842 [INFO] CADModel:165 - CPN selected for project level
2025-11-01 14:46:20,843 [INFO] CADModel:114 - Register for checkConnection events
2025-11-01 14:46:20,843 [FATAL] Updater:351 - Updater called before beeing initialized
2025-11-01 14:46:20,843 [ERROR] CADModel:125 - Updater not yet initialized, retry later 
2025-11-01 14:46:20,845 [FATAL] Updater:351 - Updater called before beeing initialized
2025-11-01 14:46:21,029 [FATAL] Updater:351 - Updater called before beeing initialized
2025-11-01 14:46:21,035 [INFO] DbMcusAds:53 - JSON generation date=Thu Oct 02 02:36:05 PDT 2025 (1759397765645)
2025-11-01 14:46:21,035 [FATAL] Updater:351 - Updater called before beeing initialized
2025-11-01 14:46:21,075 [WARN] DetailPanel:346 - Failed to get advertising image, set to default
2025-11-01 14:46:21,144 [FATAL] Updater:351 - Updater called before beeing initialized
2025-11-01 14:46:21,146 [FATAL] Updater:351 - Updater called before beeing initialized
2025-11-01 14:46:21,147 [FATAL] Updater:351 - Updater called before beeing initialized
2025-11-01 14:46:21,147 [WARN] DetailPanel:346 - Failed to get advertising image, set to default
2025-11-01 14:46:21,147 [FATAL] Updater:351 - Updater called before beeing initialized
2025-11-01 14:46:21,197 [ERROR] Updater:1198 - MainUpdater not yet initialized. External WinMGr cannot be set.
2025-11-01 14:46:21,199 [INFO] Updater:1134 - Updater Version found : 6.15.0
2025-11-01 14:46:21,213 [INFO] ApplicationProperties:184 - Using Application install path: C:\ST\STM32CubeIDE_1.19.0\STM32CubeIDE\plugins\com.st.stm32cube.common.mx_6.15.0.202507011659
2025-11-01 14:46:21,525 [INFO] ThirdPartyUpdaterWithRetryManager:70 - Updater plugin not ready yet. [2/15]
2025-11-01 14:46:22,829 [ERROR] LogOutputStream:75 - [STDERR_REDIRECT] Nov 01, 2025 2:46:22 PM java.util.prefs.WindowsPreferences <init>
2025-11-01 14:46:22,831 [ERROR] LogOutputStream:75 - [STDERR_REDIRECT] WARNING: Could not open/create prefs root node Software\JavaSoft\Prefs at root 0xffffffff80000002. Windows RegCreateKeyEx(...) returned error code 5.
2025-11-01 14:46:22,831 [ERROR] LogOutputStream:75 - [STDERR_REDIRECT] 
2025-11-01 14:46:23,414 [INFO] MainUpdater:2872 - connection check result : 10
2025-11-01 14:46:23,414 [INFO] MainUpdater:289 - Updater Check For Update Now.
2025-11-01 14:46:23,414 [INFO] MicroXplorer:498 - Change Database Version : DB.6.0.150
2025-11-01 14:46:23,419 [INFO] McuFinderGlobals:63 - Set McuFinder mode to 2 (CubeIDE integrated)
2025-11-01 14:46:23,420 [INFO] UserAuth:487 - Internet connection configuration mode: 1
2025-11-01 14:46:23,590 [INFO] JxBrowserEngine:152 - Initiate JxBrowser Engine with user profile folder
2025-11-01 14:46:23,822 [INFO] CheckServerUpdateThread:120 - End of CheckServer Thread
2025-11-01 14:46:24,969 [WARN] PackLoader:240 - Cannot read IP mode file for STMicroelectronics.FP-SNS-MOTENVWB1.1.4.0
2025-11-01 14:46:24,996 [WARN] PackLoader:240 - Cannot read IP mode file for STMicroelectronics.FP-ATR-ASTRA1.2.0.2
2025-11-01 14:46:25,003 [WARN] PackLoader:240 - Cannot read IP mode file for STMicroelectronics.X-CUBE-SMBUS.2.1.0
2025-11-01 14:46:25,035 [WARN] PackLoader:240 - Cannot read IP mode file for STMicroelectronics.X-CUBE-ST60.1.0.0
2025-11-01 14:46:25,070 [WARN] PackLoader:240 - Cannot read IP mode file for STMicroelectronics.X-CUBE-AZRTOS-F7.1.1.0
2025-11-01 14:46:25,121 [WARN] PackLoader:240 - Cannot read IP mode file for Cesanta.I-CUBE-Mongoose.7.19.0
2025-11-01 14:46:25,162 [WARN] PackLoader:240 - Cannot read IP mode file for STMicroelectronics.FP-SNS-MOTENV1.5.1.0
2025-11-01 14:46:25,204 [WARN] PackLoader:240 - Cannot read IP mode file for Infineon.AIROC-Wi-Fi-Bluetooth-STM32.1.7.1
2025-11-01 14:46:25,325 [WARN] PackLoader:240 - Cannot read IP mode file for STMicroelectronics.X-CUBE-AZRTOS-H7.3.4.0
2025-11-01 14:46:25,394 [WARN] PackLoader:240 - Cannot read IP mode file for STMicroelectronics.X-CUBE-DISPLAY.3.0.0
2025-11-01 14:46:25,530 [WARN] PackLoader:240 - Cannot read IP mode file for STMicroelectronics.X-CUBE-NFC10.1.0.0
2025-11-01 14:46:25,568 [WARN] PackLoader:240 - Cannot read IP mode file for STMicroelectronics.X-CUBE-ST60.1.1.0
2025-11-01 14:46:25,572 [WARN] PackLoader:240 - Cannot read IP mode file for emotas.I-CUBE-CANOPEN.1.3.0
2025-11-01 14:46:25,578 [WARN] PackLoader:240 - Cannot read IP mode file for STMicroelectronics.X-CUBE-GNSS1.7.1.0
2025-11-01 14:46:25,584 [WARN] PackLoader:240 - Cannot read IP mode file for STMicroelectronics.FP-SNS-STBOX1.2.1.0
2025-11-01 14:46:25,659 [WARN] PackLoader:240 - Cannot read IP mode file for STMicroelectronics.FP-SNS-SMARTAG2.1.2.0
2025-11-01 14:46:25,686 [WARN] PackLoader:240 - Cannot read IP mode file for STMicroelectronics.FP-SNS-FLIGHT1.5.1.0
2025-11-01 14:46:25,694 [INFO] LogOutputStream:77 - [STDOUT_REDIRECT] 1 : Invalid condition id : UX_CORESTACK_Condition cause : null
2025-11-01 14:46:25,694 [INFO] LogOutputStream:77 - [STDOUT_REDIRECT] 1 : Invalid condition id : UX_CORESTACK_Condition cause : null
2025-11-01 14:46:25,695 [INFO] LogOutputStream:77 - [STDOUT_REDIRECT] 1 : Invalid condition id : UX_CORESTACK_Condition cause : null
2025-11-01 14:46:25,695 [INFO] LogOutputStream:77 - [STDOUT_REDIRECT] 1 : Invalid condition id : UX_CORESTACK_Condition cause : null
2025-11-01 14:46:25,696 [INFO] LogOutputStream:77 - [STDOUT_REDIRECT] 1 : Invalid condition id : UX_CORESTACK_Condition cause : null
2025-11-01 14:46:25,697 [WARN] PackLoader:240 - Cannot read IP mode file for STMicroelectronics.X-CUBE-AZRTOS-WL.2.0.0
2025-11-01 14:46:25,700 [WARN] PackLoader:240 - Cannot read IP mode file for STMicroelectronics.FP-SNS-MOTENV1.5.0.0
2025-11-01 14:46:25,716 [WARN] PackLoader:240 - Cannot read IP mode file for WES.I-CUBE-Cesium.1.3.0
2025-11-01 14:46:25,723 [WARN] PackLoader:240 - Cannot read IP mode file for STMicroelectronics.X-CUBE-BLE2.3.3.0
2025-11-01 14:46:25,728 [WARN] PackLoader:240 - Cannot read IP mode file for STMicroelectronics.X-CUBE-NFC9.1.0.0
2025-11-01 14:46:25,736 [WARN] PackLoader:240 - Cannot read IP mode file for STMicroelectronics.X-CUBE-BLE1.7.1.0
2025-11-01 14:46:25,742 [WARN] PackLoader:240 - Cannot read IP mode file for STMicroelectronics.X-CUBE-EEPRMA1.5.2.0
2025-11-01 14:46:25,787 [WARN] PackLoader:240 - Cannot read IP mode file for STMicroelectronics.X-CUBE-ST67W61.1.1.0
2025-11-01 14:46:25,834 [WARN] PackLoader:240 - Cannot read IP mode file for STMicroelectronics.X-CUBE-AZRTOS-G0.1.1.0
2025-11-01 14:46:25,840 [WARN] PackLoader:240 - Cannot read IP mode file for STMicroelectronics.X-CUBE-SAFEA1.1.2.2
2025-11-01 14:46:25,844 [WARN] PackLoader:240 - Cannot read IP mode file for STMicroelectronics.X-CUBE-NFC4.3.0.0
2025-11-01 14:46:25,944 [WARN] PackLoader:240 - Cannot read IP mode file for EmbeddedOffice.I-CUBE-FS-RTOS.1.0.1
2025-11-01 14:46:25,948 [WARN] PackLoader:240 - Cannot read IP mode file for STMicroelectronics.X-CUBE-WB05N.2.0.0
2025-11-01 14:46:25,951 [WARN] PackLoader:240 - Cannot read IP mode file for STMicroelectronics.X-CUBE-TCPP.4.2.0
2025-11-01 14:46:25,955 [WARN] PackLoader:240 - Cannot read IP mode file for RealThread.X-CUBE-RT-Thread_Nano.4.1.1
2025-11-01 14:46:25,957 [WARN] PackLoader:240 - Cannot read IP mode file for STMicroelectronics.FP-ATR-SIGFOX1.3.2.0
2025-11-01 14:46:25,961 [WARN] PackLoader:240 - Cannot read IP mode file for ITTIA_DB.I-CUBE-ITTIADB.8.9.0
2025-11-01 14:46:25,965 [WARN] PackLoader:240 - Cannot read IP mode file for STMicroelectronics.X-CUBE-ST67W61.1.0.0
2025-11-01 14:46:25,970 [WARN] PackLoader:240 - Cannot read IP mode file for STMicroelectronics.X-CUBE-AI.10.2.0
2025-11-01 14:46:26,074 [WARN] PackLoader:240 - Cannot read IP mode file for SEGGER.I-CUBE-embOS.1.3.1
2025-11-01 14:46:26,496 [WARN] PackLoader:240 - Cannot read IP mode file for STMicroelectronics.X-CUBE-ALGOBUILD.1.4.0
2025-11-01 14:46:26,557 [WARN] PackLoader:240 - Cannot read IP mode file for STMicroelectronics.X-CUBE-MEMS1.11.3.0
2025-11-01 14:46:27,416 [WARN] PackLoader:240 - Cannot read IP mode file for STMicroelectronics.X-CUBE-PM33A1.1.0.0
2025-11-01 14:46:27,502 [WARN] PackLoader:240 - Cannot read IP mode file for STMicroelectronics.X-CUBE-AZRTOS-F4.1.1.0
2025-11-01 14:46:27,507 [WARN] PackLoader:240 - Cannot read IP mode file for STMicroelectronics.X-CUBE-ISPU.2.1.0
2025-11-01 14:46:27,514 [WARN] PackLoader:240 - Cannot read IP mode file for STMicroelectronics.X-CUBE-IPS.3.2.0
2025-11-01 14:46:27,519 [WARN] PackLoader:240 - Cannot read IP mode file for STMicroelectronics.X-CUBE-NFC12.1.0.0
2025-11-01 14:46:27,622 [WARN] PackLoader:240 - Cannot read IP mode file for STMicroelectronics.X-CUBE-AZRTOS-L5.2.0.0
2025-11-01 14:46:27,631 [WARN] PackLoader:240 - Cannot read IP mode file for STMicroelectronics.X-CUBE-NFC6.3.1.0
2025-11-01 14:46:27,635 [WARN] PackLoader:240 - Cannot read IP mode file for STMicroelectronics.X-CUBE-FREERTOS.1.3.1
2025-11-01 14:46:27,719 [WARN] PackLoader:240 - Cannot read IP mode file for STMicroelectronics.X-CUBE-TOUCHGFX.4.26.0
2025-11-01 14:46:27,735 [WARN] PackLoader:240 - Cannot read IP mode file for STMicroelectronics.FP-SNS-STAIOTCFT.1.0.0
2025-11-01 14:46:27,740 [WARN] PackLoader:240 - Cannot read IP mode file for STMicroelectronics.X-CUBE-DPower.1.3.0
2025-11-01 14:46:27,750 [WARN] ConditionMgr:438 - getConditionDescription Invalid condition id : LAN8742 Phy interface Condition cause : null
2025-11-01 14:46:27,758 [WARN] PackLoader:240 - Cannot read IP mode file for STMicroelectronics.X-CUBE-AZRTOS-L4.2.0.0
2025-11-01 14:46:27,758 [WARN] ConditionMgr:1044 - genDependencies : Invalid condition id : LAN8742 Phy interface Condition cause : null
2025-11-01 14:46:27,758 [WARN] ConditionMgr:1044 - genDependencies : Invalid condition id : LAN8742 Phy interface Condition cause : null
2025-11-01 14:46:27,759 [WARN] ConditionMgr:1044 - genDependencies : Invalid condition id : LAN8742 Phy interface Condition cause : null
2025-11-01 14:46:27,763 [WARN] PackLoader:240 - Cannot read IP mode file for STMicroelectronics.X-CUBE-SFXS2LP1.4.0.0
2025-11-01 14:46:27,861 [WARN] PackLoader:240 - Cannot read IP mode file for STMicroelectronics.X-CUBE-BLEMGR.4.1.0
2025-11-01 14:46:27,868 [WARN] ConditionMgr:438 - getConditionDescription Invalid condition id : UX DEVICE CLASS RTOS Condition cause : null
2025-11-01 14:46:27,868 [WARN] ConditionMgr:438 - getConditionDescription Invalid condition id : UX DEVICE CLASS RTOS Condition cause : null
2025-11-01 14:46:27,869 [WARN] PackLoader:240 - Cannot read IP mode file for STMicroelectronics.X-CUBE-AZRTOS-WB.2.0.0
2025-11-01 14:46:27,869 [WARN] ConditionMgr:1044 - genDependencies : Invalid condition id : UX DEVICE CLASS RTOS Condition cause : null
2025-11-01 14:46:27,869 [WARN] ConditionMgr:1044 - genDependencies : Invalid condition id : UX DEVICE CLASS RTOS Condition cause : null
2025-11-01 14:46:27,869 [WARN] ConditionMgr:1044 - genDependencies : Invalid condition id : UX DEVICE CLASS RTOS Condition cause : null
2025-11-01 14:46:27,869 [WARN] ConditionMgr:1044 - genDependencies : Invalid condition id : UX DEVICE CLASS RTOS Condition cause : null
2025-11-01 14:46:27,869 [WARN] ConditionMgr:1044 - genDependencies : Invalid condition id : UX DEVICE CLASS RTOS Condition cause : null
2025-11-01 14:46:27,872 [WARN] PackLoader:240 - Cannot read IP mode file for STMicroelectronics.X-CUBE-GNSS1.7.0.1
2025-11-01 14:46:28,989 [WARN] PackLoader:240 - Cannot read IP mode file for STMicroelectronics.X-CUBE-TOUCHGFX.4.25.0
2025-11-01 14:46:28,994 [WARN] ConditionMgr:438 - getConditionDescription Invalid condition id : Cortex-A Device cause : null
2025-11-01 14:46:29,019 [WARN] ConditionMgr:1044 - genDependencies : Invalid condition id : Cortex-A Device cause : null
2025-11-01 14:46:29,019 [WARN] ConditionMgr:1044 - genDependencies : Invalid condition id : Cortex-A Device cause : null
2025-11-01 14:46:29,019 [WARN] ConditionMgr:1044 - genDependencies : Invalid condition id : Cortex-A Device cause : null
2025-11-01 14:46:29,024 [WARN] PackLoader:240 - Cannot read IP mode file for STMicroelectronics.X-CUBE-SUBG2.5.0.0
2025-11-01 14:46:29,071 [WARN] PackLoader:240 - Cannot read IP mode file for STMicroelectronics.X-CUBE-AZRTOS-H7RS.1.1.0
2025-11-01 14:46:29,079 [WARN] PackLoader:240 - Cannot read IP mode file for STMicroelectronics.X-CUBE-AZRTOS-G4.2.0.0
2025-11-01 14:46:29,083 [WARN] PackLoader:240 - Cannot read IP mode file for STMicroelectronics.X-CUBE-NFC7.2.0.0
2025-11-01 14:46:29,090 [WARN] PackLoader:240 - Cannot read IP mode file for STMicroelectronics.X-CUBE-IPS.3.1.0
2025-11-01 14:46:29,187 [WARN] PackLoader:240 - Cannot read IP mode file for STMicroelectronics.X-CUBE-ALS.1.0.2
2025-11-01 14:46:29,192 [WARN] PackLoader:240 - Cannot read IP mode file for STMicroelectronics.X-CUBE-STSE01.1.0.0
2025-11-01 14:46:29,198 [WARN] PackLoader:240 - Cannot read IP mode file for STMicroelectronics.X-CUBE-TOF1.3.4.3
2025-11-01 14:46:29,201 [INFO] ThirdParty:978 - Integrity check success = true
2025-11-01 14:46:29,201 [INFO] IntegrityCheckThread:100 - exiting critical section [integrity check]
2025-11-01 14:46:29,201 [INFO] IntegrityCheckThread:103 - End integrity checks thread
2025-11-01 14:46:29,929 [INFO] WebApp:169 - Instantiating new browser for Auth
2025-11-01 14:46:31,904 [INFO] WebApp:463 - Apply proxy settings
2025-11-01 14:46:31,905 [INFO] WebApp:548 - Chromium requires no authentication
2025-11-01 14:46:31,920 [INFO] WebApp:491 - Direct internet connection detected
2025-11-01 14:46:31,990 [INFO] WebApp:900 - Register for checkConnection events
2025-11-01 14:46:31,990 [INFO] WebApp:463 - Apply proxy settings
2025-11-01 14:46:31,991 [INFO] WebApp:548 - Chromium requires no authentication
2025-11-01 14:46:31,992 [INFO] WebApp:491 - Direct internet connection detected
2025-11-01 14:46:32,153 [INFO] WebApp:225 - Starting web application
2025-11-01 14:46:32,153 [INFO] WebApp:593 - Web application path used C:\ST\STM32CubeIDE_1.19.0\STM32CubeIDE\plugins\com.st.stm32cube.common.mx_6.15.0.202507011659\db\plugins\mcufinder\reactClient1\index.html
2025-11-01 10:46:32,543 [INFO] UserAuth:487 - Internet connection configuration mode: 1
2025-11-01 10:46:33,072 [INFO] WebApp:191 - Connection restablished
2025-11-01 11:30:37,559 [INFO] McuFinderGlobals:63 - Set McuFinder mode to 2 (CubeIDE integrated)
2025-11-01 11:30:37,569 [INFO] MainUpdater:2872 - connection check result : 10
2025-11-01 11:30:37,570 [INFO] MainUpdater:2872 - connection check result : 10
2025-11-01 11:30:37,825 [INFO] MicroXplorer:468 - Change Database Path : 
2025-11-01 11:30:37,825 [INFO] MicroXplorer:498 - Change Database Version : DB.6.0.150
2025-11-01 11:30:37,839 [WARN] ThirdParty:871 - waiting for thirdparty lock release [close project]
2025-11-01 11:30:37,839 [INFO] ThirdParty:873 - entering critical section [close project]
2025-11-01 11:30:37,841 [INFO] ThirdParty:883 - exiting critical section [close project]
2025-11-01 11:30:37,844 [INFO] PinOutPanel:1589 - setPackage(No Configuration,No Configuration)
2025-11-01 11:30:37,853 [INFO] UtilMem:75 - Begin LoadConfig() Used Memory: 378602176 Bytes (549453824)
2025-11-01 11:30:37,854 [INFO] MicroXplorer:468 - Change Database Path : 
2025-11-01 11:30:37,855 [INFO] MicroXplorer:498 - Change Database Version : DB.6.0.150
2025-11-01 11:30:37,855 [INFO] OpenFileManager:355 - Change cursor
2025-11-01 11:30:38,397 [INFO] Mcu:2029 - Initializing MCU STM32F103C(8-B)Tx STM32F103C8Tx STM32F103C8T6
2025-11-01 11:30:45,327 [INFO] Context:786 - Trying to add GPIOservice into a context  which must be forbidden
2025-11-01 11:30:46,199 [INFO] ImportTextPane:234 - (OptionalMessage_ERROR) Pin19 (VP_RIF_VS_RIF1) cannot be retrieved for this MCU
2025-11-01 11:30:46,370 [INFO] RtosManager:558 - Registered RTOS mode: class=CMSIS, group=RTOS, mode=CMSIS_V1, owner=FREERTOS
2025-11-01 11:30:46,370 [INFO] RtosManager:558 - Registered RTOS mode: class=CMSIS, group=RTOS2, mode=CMSIS_V2, owner=FREERTOS
2025-11-01 11:30:46,370 [INFO] RtosManager:558 - Registered RTOS mode: class=RTOS, group=Core, mode=CMSIS_V1, owner=FREERTOS
2025-11-01 11:30:46,370 [INFO] RtosManager:558 - Registered RTOS mode: class=RTOS, group=Core, mode=CMSIS_V2, owner=FREERTOS
2025-11-01 11:30:46,370 [WARN] ModelIntegratedComponent:184 - Missing modes for component STMicroelectronics:FreeRTOS:0.0.1:STMicroelectronics:RTOS:FreeRTOS:Core:::10.2.0:
2025-11-01 11:30:46,482 [WARN] ModelIntegratedComponent:63 - No mode defined for component null
2025-11-01 11:30:46,482 [WARN] ModelIntegratedComponent:63 - No mode defined for component null
2025-11-01 11:30:46,483 [WARN] ModelIntegratedComponent:63 - No mode defined for component null
2025-11-01 11:30:46,483 [WARN] ModelIntegratedComponent:63 - No mode defined for component null
2025-11-01 11:30:46,483 [WARN] ModelIntegratedComponent:63 - No mode defined for component null
2025-11-01 11:30:46,483 [WARN] ModelIntegratedComponent:63 - No mode defined for component null
2025-11-01 11:30:46,483 [WARN] ModelIntegratedComponent:63 - No mode defined for component null
2025-11-01 11:30:46,483 [WARN] ModelIntegratedComponent:63 - No mode defined for component null
2025-11-01 11:30:46,483 [WARN] ModelIntegratedComponent:63 - No mode defined for component null
2025-11-01 11:30:46,483 [WARN] ModelIntegratedComponent:63 - No mode defined for component null
2025-11-01 11:30:46,483 [WARN] ModelIntegratedComponent:63 - No mode defined for component null
2025-11-01 11:30:46,483 [WARN] ModelIntegratedComponent:63 - No mode defined for component null
2025-11-01 11:30:46,483 [WARN] ModelIntegratedComponent:63 - No mode defined for component null
2025-11-01 11:30:46,484 [WARN] ModelIntegratedComponent:63 - No mode defined for component null
2025-11-01 11:30:46,484 [WARN] ModelIntegratedComponent:63 - No mode defined for component null
2025-11-01 11:30:46,484 [WARN] ModelIntegratedComponent:63 - No mode defined for component null
2025-11-01 11:30:46,484 [WARN] ModelIntegratedComponent:63 - No mode defined for component null
2025-11-01 11:30:46,484 [WARN] ModelIntegratedComponent:63 - No mode defined for component null
2025-11-01 11:30:46,484 [WARN] ModelIntegratedComponent:63 - No mode defined for component null
2025-11-01 11:30:46,484 [WARN] ModelIntegratedComponent:63 - No mode defined for component null
2025-11-01 11:30:46,484 [WARN] ModelIntegratedComponent:63 - No mode defined for component null
2025-11-01 11:30:46,484 [WARN] ModelIntegratedComponent:63 - No mode defined for component null
2025-11-01 11:30:46,485 [WARN] ModelIntegratedComponent:63 - No mode defined for component null
2025-11-01 11:30:46,485 [WARN] ModelIntegratedComponent:63 - No mode defined for component null
2025-11-01 11:30:46,485 [WARN] ModelIntegratedComponent:63 - No mode defined for component null
2025-11-01 11:30:46,485 [WARN] ModelIntegratedComponent:63 - No mode defined for component null
2025-11-01 11:30:46,485 [WARN] ModelIntegratedComponent:63 - No mode defined for component null
2025-11-01 11:30:46,485 [WARN] ModelIntegratedComponent:63 - No mode defined for component null
2025-11-01 11:30:46,485 [WARN] ModelIntegratedComponent:63 - No mode defined for component null
2025-11-01 11:30:46,485 [WARN] ModelIntegratedComponent:63 - No mode defined for component null
2025-11-01 11:30:46,495 [WARN] ModelIntegratedComponent:63 - No mode defined for component null
2025-11-01 11:30:46,496 [WARN] ModelIntegratedComponent:63 - No mode defined for component null
2025-11-01 11:30:46,496 [WARN] ModelIntegratedComponent:63 - No mode defined for component null
2025-11-01 11:30:46,496 [WARN] ModelIntegratedComponent:63 - No mode defined for component null
2025-11-01 11:30:46,496 [WARN] ModelIntegratedComponent:63 - No mode defined for component null
2025-11-01 11:30:46,496 [WARN] ModelPack:524 - Component already loaded: STMicroelectronics:HAL Drivers:0.0.0:STMicroelectronics:Device:STMicro_Driver:XSPI:HAL::0.0.1:HAL_XSPI
2025-11-01 11:30:46,640 [INFO] ThirdPartyModel:298 - Start build external matchings
2025-11-01 11:30:46,946 [INFO] ThirdPartyModel:316 - End build external matchings
2025-11-01 11:30:46,970 [INFO] ImportTextPane:234 - (OptionalMessage_ERROR) IP (RCC) : Invalid parameter (FamilyName)
2025-11-01 11:30:46,971 [INFO] ImportTextPane:234 - (OptionalMessage_ERROR) IP (RCC) : Parameter (USBFreq_Value) has invalid value (16000000)
2025-11-01 11:30:47,795 [INFO] ApiDb:581 - Connected to CubeFinder SQLite database (C:\Users\nico2\.stmcufinder\plugins\mcufinder\mcu\cube-finder-db.db)
2025-11-01 11:30:47,905 [INFO] ApiDb:668 - CubeFinder database Data Model version=2.1
2025-11-01 11:30:47,905 [INFO] ApiDb:669 - CubeFinder database Configuration version=3.0.39
2025-11-01 11:30:47,907 [INFO] ApiDb:670 - CubeFinder database generation date=2025-08-25 (1756130511)
2025-11-01 11:30:47,908 [INFO] ApiDb:671 - CubeFinder database FW Pack versions=[FP-ATR-ASTRA1_V2.0.0, FP-SNS-FLIGHT1_V5.1.0, FP-SNS-MOTENV1_V5.0.0, FP-SNS-MOTENVWB1_V1.4.0, FP-SNS-SMARTAG2_V1.2.0, FP-SNS-STBOX1_V2.1.0, STM32Cube_FW_C0_V1.4.0, STM32Cube_FW_F4_V1.28.3, STM32Cube_FW_F7_V1.17.4, STM32Cube_FW_G0_V1.6.2, STM32Cube_FW_G4_V1.6.1, STM32Cube_FW_H5_V1.5.0, STM32Cube_FW_H7RS_V1.2.0, STM32Cube_FW_H7_V1.12.1, STM32Cube_FW_L0_V1.12.2, STM32Cube_FW_L4_V1.18.1, STM32Cube_FW_L5_V1.5.1, STM32Cube_FW_N6_V1.2.0, STM32Cube_FW_U0_V1.3.0, STM32Cube_FW_U3_V1.2.0, STM32Cube_FW_U5_V1.8.0, STM32Cube_FW_WB0_V1.3.0, STM32Cube_FW_WBA_V1.7.0, STM32Cube_FW_WB_V1.23.0, STM32Cube_FW_WL3_V1.2.0, STM32Cube_FW_WL_V1.3.1, X-CUBE-ALGOBUILD_V1.4.0, X-CUBE-ALS_V1.0.2, X-CUBE-AZRTOS-F4_V1.1.0, X-CUBE-AZRTOS-F7_V1.1.0, X-CUBE-AZRTOS-G0_V1.1.0, X-CUBE-AZRTOS-G4_V2.0.0, X-CUBE-AZRTOS-H7RS_V1.1.0, X-CUBE-AZRTOS-H7_V3.4.0, X-CUBE-AZRTOS-L4_V2.0.0, X-CUBE-AZRTOS-L5_V2.0.0, X-CUBE-AZRTOS-WB_V2.0.0, X-CUBE-AZRTOS-WL_V2.0.0, X-CUBE-BLE1_V7.1.0, X-CUBE-BLE2_V3.3.0, X-CUBE-BLEMGR_V4.1.0, X-CUBE-EEPRMA1_V5.2.0, X-CUBE-FREERTOS_V1.3.1, X-CUBE-GNSS1_V6.0.0, X-CUBE-MEMS1_V11.3.0, X-CUBE-NFC4_V3.0.0, X-CUBE-NFC7_V2.0.0, X-CUBE-SFXS2LP1_V4.0.0, X-CUBE-ST67W61_V1.0.0, X-CUBE-SUBG2_V5.0.0, X-CUBE-TOF1_V3.4.3]
2025-11-01 11:30:48,082 [INFO] DbBoardsSqlite:226 - include board P-NUCLEO-WB55-NUCLEO as a kit item of type 'Nucleo-64'
2025-11-01 11:30:48,082 [INFO] DbBoardsSqlite:226 - include board P-NUCLEO-WB55-USBDONGLE as a kit item of type 'Nucleo USB Dongle'
2025-11-01 11:30:48,084 [INFO] DbBoardsSqlite:226 - include board STEVAL-IDP005V1 as a kit item of type 'Evaluation Board'
2025-11-01 11:30:48,084 [INFO] DbBoardsSqlite:226 - include board STEVAL-IDP005V2 as a kit item of type 'Evaluation Board'
2025-11-01 11:30:48,721 [INFO] ApiDb:240 - Found 880 in-development CPN: [B-G473E-ZEST1S, B-WB1M-WPAN1, B-WBA5M-WPAN, B-WL5M-SUBG1, NUCLEO-C031C6, NUCLEO-C051C8, NUCLEO-C071RB, NUCLEO-C092RC, NUCLEO-H503RB, NUCLEO-H533RE, NUCLEO-H563ZI, NUCLEO-H7S3L8, NUCLEO-N657X0-Q, NUCLEO-U031R8, NUCLEO-U083RC, NUCLEO-U385RG-Q, NUCLEO-U545RE-Q, NUCLEO-U5A5ZJ-Q, NUCLEO-WB05KZ, NUCLEO-WB07CC, NUCLEO-WB09KE, NUCLEO-WBA52CG, NUCLEO-WBA55CG, NUCLEO-WL33CC1, NUCLEO-WL33CC2, STEVAL-PROTEUS1, STEVAL-SMARTAG2, STEVAL-STWINBX1, STM320518-EVAL, STM32C0116-DK, STM32C011D6Y3TR, STM32C011D6Y6TR, STM32C011F4P3, STM32C011F4P6, STM32C011F4U3, STM32C011F4U6TR, STM32C011F6P3, STM32C011F6P6, STM32C011F6U3, STM32C011F6U6TR, STM32C011J4M3, STM32C011J4M6, STM32C011J6M3, STM32C011J6M6, STM32C0316-DK, STM32C031C4T3, STM32C031C4T6, STM32C031C4U3, STM32C031C4U6, STM32C031C6T3, STM32C031C6T6, STM32C031C6U3, STM32C031C6U6, STM32C031F4P3, STM32C031F4P6, STM32C031F6P3, STM32C031F6P6, STM32C031G4U3, STM32C031G4U6, STM32C031G6U3, STM32C031G6U6, STM32C031K4T3, STM32C031K4T6, STM32C031K4U3, STM32C031K4U6, STM32C031K6T3, STM32C031K6T6, STM32C031K6U3, STM32C031K6U6, STM32C051C6T6, STM32C051C6U6, STM32C051C8T6, STM32C051C8U6, STM32C051D8Y6TR, STM32C051F6P6, STM32C051F8P6, STM32C051G6U6, STM32C051G8U6, STM32C051K6T6, STM32C051K6U6, STM32C051K8T6, STM32C071C8T6, STM32C071C8T6N, STM32C071C8U6, STM32C071C8U6N, STM32C071CBT6, STM32C071CBT6N, STM32C071CBU6, STM32C071CBU6N, STM32C071F8P6, STM32C071F8P6N, STM32C071FBP6, STM32C071FBP6N, STM32C071FBY6TR, STM32C071G8U6, STM32C071G8U6N, STM32C071GBU6, STM32C071GBU6N, STM32C071K8T6, STM32C071K8T6N, STM32C071K8U6, STM32C071K8U6N, STM32C071KBT6, STM32C071KBT6N, STM32C071KBU6, STM32C071KBU6N, STM32C071R8T6, STM32C071R8T6N, STM32C071RBI6N, STM32C071RBT6, STM32C071RBT6N, STM32C091CBT6, STM32C091CBU6, STM32C091CCT6, STM32C091CCU6, STM32C091ECY6TR, STM32C091FBP6, STM32C091FCP6, STM32C091GBU6, STM32C091GCU6, STM32C091KBT6, STM32C091KBU6, STM32C091KCT6, STM32C091KCU6, STM32C091RBT6, STM32C091RCI6, STM32C091RCT6, STM32C092CBT6, STM32C092CBU6, STM32C092CCT6, STM32C092CCU6, STM32C092ECY6TR, STM32C092FBP6, STM32C092FCP6, STM32C092GBU6, STM32C092GCU6, STM32C092KBT6, STM32C092KBU6, STM32C092KCT6, STM32C092KCU6, STM32C092RBT6, STM32C092RCI6, STM32C092RCT6, STM32G071K8TXN, STM32G071K8UXN, STM32G081GBU6N, STM32G081KBT6N, STM32G081KBUXN, STM32G0B1CCT6N, STM32G0B1KCT6, STM32G0B1NEY6TR, STM32G0B1RCT6N, STM32G0C1CCT6, STM32G0C1CCT6N, STM32G0C1CCU6N, STM32G0C1CET6N, STM32G0C1CEU6N, STM32G0C1KCT6, STM32G0C1NEY6TR, STM32G0C1RCI6N, STM32G0C1RCT6N, STM32G0C1REI6N, STM32G0C1RET6N, STM32G0C1VCI6, STM32G0C1VEI6, STM32G411C6T3, STM32G411C6T6, STM32G411C6U3, STM32G411C6U6, STM32G411C8T3, STM32G411C8T6, STM32G411C8U3, STM32G411C8U6, STM32G411CBT3, STM32G411CBT6, STM32G411CBU3, STM32G411CBU6, STM32G411K6T3, STM32G411K6T6, STM32G411K6U3, STM32G411K6U6, STM32G411K8T3, STM32G411K8T6, STM32G411K8U3, STM32G411K8U6, STM32G411KBT3, STM32G411KBT6, STM32G411KBU3, STM32G411KBU6, STM32G411M6T3, STM32G411M6T6, STM32G411M8T3, STM32G411M8T6, STM32G411MBT3, STM32G411MBT6, STM32G411R6T3, STM32G411R6T6, STM32G411R8T3, STM32G411R8T6, STM32G411RBT3, STM32G411RBT6, STM32G414CBT3, STM32G414CBT6, STM32G414CBU3, STM32G414CBU6, STM32G414CCT3, STM32G414CCT6, STM32G414CCU3, STM32G414CCU6, STM32G414MBT3, STM32G414MBT6, STM32G414MCT3, STM32G414MCT6, STM32G414RBT3, STM32G414RBT6, STM32G414RCT3, STM32G414RCT6, STM32G414VBT3, STM32G414VBT6, STM32G414VCT3, STM32G414VCT6, STM32G431CBT3Z, STM32G431RBT3Z, STM32G471CCT6, STM32G471CCU6, STM32G471CET3, STM32G471CET6, STM32G471CEU3, STM32G471CEU6, STM32G471MCT6, STM32G471MET3, STM32G471MET6, STM32G471MEY6TR, STM32G471QCT6, STM32G471QET3, STM32G471RCT6, STM32G471RET3, STM32G471RET6, STM32G471VCH6, STM32G471VCI6, STM32G471VCT6, STM32G471VEH3, STM32G471VEH6, STM32G471VEI3, STM32G471VEI6, STM32G471VET3, STM32G471VET6, STM32G473QET3Z, STM32G473RET3Z, STM32G474CCT6, STM32G491RET3Z, STM32H503CBT6, STM32H503CBU6, STM32H503EBY6TR, STM32H503KBU6, STM32H503RBT6, STM32H523CCT6, STM32H523CCU6, STM32H523CET6, STM32H523CEU6, STM32H523HEY6TR, STM32H523RCT6, STM32H523RET6, STM32H523VCI6, STM32H523VCT6, STM32H523VEI6, STM32H523VET6, STM32H523ZCJ6, STM32H523ZCT6, STM32H523ZEJ6, STM32H523ZET6, STM32H533CET6, STM32H533CEU6, STM32H533HEY6TR, STM32H533RET6, STM32H533VEI6, STM32H533VET6, STM32H533ZEJ6, STM32H533ZET6, STM32H562AGI6, STM32H562AII6, STM32H562IGK6, STM32H562IGT6, STM32H562IIK6, STM32H562IIT6, STM32H562RGT6, STM32H562RGV6, STM32H562RIT6, STM32H562RIV6, STM32H562VGT6, STM32H562VIT6, STM32H562ZGT6, STM32H562ZIT6, STM32H563AGI6, STM32H563AII3Q, STM32H563AII6, STM32H563IGK6, STM32H563IGT6, STM32H563IIK3Q, STM32H563IIK6, STM32H563IIT3Q, STM32H563IIT6, STM32H563MIY3QTR, STM32H563RGT6, STM32H563RGV6, STM32H563RIT6, STM32H563RIV6, STM32H563VGT6, STM32H563VIT3Q, STM32H563VIT6, STM32H563ZGT6, STM32H563ZIT3Q, STM32H563ZIT6, STM32H573AII3Q, STM32H573AII6, STM32H573I-DK, STM32H573IIK3Q, STM32H573IIK6, STM32H573IIT3Q, STM32H573IIT6, STM32H573MIY3QTR, STM32H573RIT6, STM32H573RIV6, STM32H573VIT3Q, STM32H573VIT6, STM32H573ZIT3Q, STM32H573ZIT6, STM32H7R3A8I6, STM32H7R3I8K6, STM32H7R3I8T6, STM32H7R3L8H6, STM32H7R3L8H6H, STM32H7R3R8V6, STM32H7R3V8H6, STM32H7R3V8T6, STM32H7R3V8Y6TR, STM32H7R3Z8J6, STM32H7R3Z8T6, STM32H7R7A8I6, STM32H7R7I8K6, STM32H7R7I8T6, STM32H7R7L8H6, STM32H7R7L8H6H, STM32H7R7Z8J6, STM32H7S3A8I6, STM32H7S3I8K6, STM32H7S3I8T6, STM32H7S3L8H6, STM32H7S3L8H6H, STM32H7S3R8V6, STM32H7S3V8H6, STM32H7S3V8T6, STM32H7S3V8Y6TR, STM32H7S3Z8J6, STM32H7S3Z8T6, STM32H7S78-DK, STM32H7S7A8I6, STM32H7S7I8K6, STM32H7S7I8T6, STM32H7S7L8H6, STM32H7S7L8H6H, STM32H7S7Z8J6, STM32L4R5QGI6STR, STM32MP131AAE3, STM32MP131AAF3, STM32MP131AAG3, STM32MP131CAE3, STM32MP131CAF3, STM32MP131CAG3, STM32MP131DAE7, STM32MP131DAF7, STM32MP131DAG7, STM32MP131FAE7, STM32MP131FAF7, STM32MP131FAG7, STM32MP133AAE3, STM32MP133AAF3, STM32MP133AAG3, STM32MP133CAE3, STM32MP133CAF3, STM32MP133CAG3, STM32MP133DAE7, STM32MP133DAF7, STM32MP133DAG7, STM32MP133FAE7, STM32MP133FAF7, STM32MP133FAG7, STM32MP135AAE3, STM32MP135AAF3, STM32MP135AAG3, STM32MP135CAE3, STM32MP135CAF3, STM32MP135CAG3, STM32MP135DAE7, STM32MP135DAF7, STM32MP135DAG7, STM32MP135F-DK, STM32MP135FAE7, STM32MP135FAF7, STM32MP135FAF7T, STM32MP135FAF7U, STM32MP135FAG7, STM32MP211AAL3, STM32MP211AAM3, STM32MP211AAN3, STM32MP211AAO3, STM32MP211CAL3, STM32MP211CAM3, STM32MP211CAN3, STM32MP211CAO3, STM32MP211DAL3, STM32MP211DAM3, STM32MP211DAN3, STM32MP211DAO3, STM32MP211FAL3, STM32MP211FAM3, STM32MP211FAN3, STM32MP211FAO3, STM32MP213AAL3, STM32MP213AAM3, STM32MP213AAN3, STM32MP213AAO3, STM32MP213CAL3, STM32MP213CAM3, STM32MP213CAN3, STM32MP213CAO3, STM32MP213DAL3, STM32MP213DAM3, STM32MP213DAN3, STM32MP213DAO3, STM32MP213FAL3, STM32MP213FAM3, STM32MP213FAN3, STM32MP213FAO3, STM32MP215AAL3, STM32MP215AAM3, STM32MP215AAN3, STM32MP215AAO3, STM32MP215CAL3, STM32MP215CAM3, STM32MP215CAN3, STM32MP215CAO3, STM32MP215DAL3, STM32MP215DAM3, STM32MP215DAN3, STM32MP215DAO3, STM32MP215F-DK, STM32MP215FAL3, STM32MP215FAM3, STM32MP215FAN3, STM32MP215FAO3, STM32MP231AAJ3, STM32MP231AAK3, STM32MP231AAL3, STM32MP231CAJ3, STM32MP231CAK3, STM32MP231CAL3, STM32MP231DAJ3, STM32MP231DAK3, STM32MP231DAL3, STM32MP231FAJ3, STM32MP231FAK3, STM32MP231FAL3, STM32MP233AAJ3, STM32MP233AAK3, STM32MP233AAL3, STM32MP233CAJ3, STM32MP233CAK3, STM32MP233CAL3, STM32MP233DAJ3, STM32MP233DAK3, STM32MP233DAL3, STM32MP233FAJ3, STM32MP233FAK3, STM32MP233FAL3, STM32MP235AAJ3, STM32MP235AAK3, STM32MP235AAL3, STM32MP235CAJ3, STM32MP235CAK3, STM32MP235CAL3, STM32MP235DAJ3, STM32MP235DAK3, STM32MP235DAL3, STM32MP235FAJ3, STM32MP235FAK3, STM32MP235FAL3, STM32MP251AAI3, STM32MP251AAK3, STM32MP251AAL3, STM32MP251CAI3, STM32MP251CAK3, STM32MP251CAL3, STM32MP251DAI3, STM32MP251DAK3, STM32MP251DAL3, STM32MP251FAI3, STM32MP251FAK3, STM32MP251FAL3, STM32MP253AAI3, STM32MP253AAK3, STM32MP253AAL3, STM32MP253CAI3, STM32MP253CAK3, STM32MP253CAL3, STM32MP253DAI3, STM32MP253DAK3, STM32MP253DAL3, STM32MP253FAI3, STM32MP253FAK3, STM32MP253FAL3, STM32MP255AAI3, STM32MP255AAK3, STM32MP255AAL3, STM32MP255CAI3, STM32MP255CAK3, STM32MP255CAL3, STM32MP255DAI3, STM32MP255DAK3, STM32MP255DAL3, STM32MP255FAI3, STM32MP255FAK3, STM32MP255FAL3, STM32MP257AAI3, STM32MP257AAK3, STM32MP257AAL3, STM32MP257CAI3, STM32MP257CAK3, STM32MP257CAL3, STM32MP257DAI3, STM32MP257DAK3, STM32MP257DAL3, STM32MP257F-DK, STM32MP257F-EV1, STM32MP257FAI3, STM32MP257FAK3, STM32MP257FAL3, STM32N645A0H3Q, STM32N645B0H3Q, STM32N645I0H3Q, STM32N645L0H3Q, STM32N645X0H3Q, STM32N645Z0H3Q, STM32N647A0H3Q, STM32N647B0H3Q, STM32N647I0H3Q, STM32N647L0H3Q, STM32N647X0H3Q, STM32N647Z0H3Q, STM32N655A0H3Q, STM32N655B0H3Q, STM32N655I0H3Q, STM32N655L0H3Q, STM32N655X0H3Q, STM32N655Z0H3Q, STM32N6570-DK, STM32N657A0H3Q, STM32N657B0H3Q, STM32N657I0H3Q, STM32N657L0H3Q, STM32N657X0H3Q, STM32N657Z0H3Q, STM32U031C6T6, STM32U031C6U6, STM32U031C8T6, STM32U031C8U6, STM32U031F4P6, STM32U031F6P6, STM32U031F8P6, STM32U031G6Y6TR, STM32U031G8Y6TR, STM32U031K4U6, STM32U031K6U6, STM32U031K8U6, STM32U031R6I6, STM32U031R6T6, STM32U031R8I6, STM32U031R8T6, STM32U073C8T6, STM32U073C8U6, STM32U073CBT6, STM32U073CBU6, STM32U073CCT6, STM32U073CCU6, STM32U073H8Y6TR, STM32U073HBY6TR, STM32U073HCY6TR, STM32U073K8U6, STM32U073KBU6, STM32U073KCU6, STM32U073M8I6, STM32U073M8T6, STM32U073MBI6, STM32U073MBT6, STM32U073MCI6, STM32U073MCT6, STM32U073R8I6, STM32U073R8T6, STM32U073RBI6, STM32U073RBT6, STM32U073RCI6, STM32U073RCT6, STM32U083C-DK, STM32U083CCT6, STM32U083CCU6, STM32U083HCY6TR, STM32U083KCU6, STM32U083MCI6, STM32U083MCT6, STM32U083RCI6, STM32U083RCT6, STM32U375CET6, STM32U375CET6Q, STM32U375CEU6, STM32U375CEU6Q, STM32U375CEY6QTR, STM32U375CGT6, STM32U375CGT6Q, STM32U375CGU6, STM32U375CGU6Q, STM32U375CGY6QTR, STM32U375KEU6, STM32U375KGU6, STM32U375REI6, STM32U375REI6Q, STM32U375RET6, STM32U375RET6Q, STM32U375REY6GTR, STM32U375REY6QTR, STM32U375RGI6, STM32U375RGI6Q, STM32U375RGT6, STM32U375RGT6Q, STM32U375RGY6GTR, STM32U375RGY6QTR, STM32U375VEI6, STM32U375VEI6Q, STM32U375VET6, STM32U375VET6Q, STM32U375VGI6, STM32U375VGI6Q, STM32U375VGT6, STM32U375VGT6Q, STM32U385CGT6, STM32U385CGT6Q, STM32U385CGU6, STM32U385CGU6Q, STM32U385CGY6QTR, STM32U385KGU6, STM32U385RGI6, STM32U385RGI6Q, STM32U385RGT6, STM32U385RGT6Q, STM32U385RGY6GTR, STM32U385RGY6QTR, STM32U385VGI6, STM32U385VGI6Q, STM32U385VGT6, STM32U385VGT6Q, STM32U535CBT6, STM32U535CBT6Q, STM32U535CBU6, STM32U535CBU6Q, STM32U535CCT6, STM32U535CCT6Q, STM32U535CCU6, STM32U535CCU6Q, STM32U535CET6, STM32U535CET6Q, STM32U535CEU6, STM32U535CEU6Q, STM32U535JEY6QTR, STM32U535NCY6QTR, STM32U535NEY6QTR, STM32U535RBI6, STM32U535RBI6Q, STM32U535RBT6, STM32U535RBT6Q, STM32U535RCI6, STM32U535RCI6Q, STM32U535RCT6, STM32U535RCT6Q, STM32U535REI6, STM32U535REI6Q, STM32U535RET6, STM32U535RET6Q, STM32U535VCI6, STM32U535VCI6Q, STM32U535VCT6, STM32U535VCT6Q, STM32U535VEI6, STM32U535VEI6Q, STM32U535VET6, STM32U535VET6Q, STM32U545CET6, STM32U545CET6Q, STM32U545CEU6, STM32U545CEU6Q, STM32U545JEY6QTR, STM32U545NEY6QTR, STM32U545REI6, STM32U545REI6Q, STM32U545RET6, STM32U545RET6Q, STM32U545VEI6, STM32U545VEI6Q, STM32U545VET6, STM32U545VET6Q, STM32U595AIH6, STM32U595AIH6Q, STM32U595AJH6, STM32U595AJH6Q, STM32U595QII6, STM32U595QII6Q, STM32U595QJI6, STM32U595QJI6Q, STM32U595RIT6, STM32U595RIT6Q, STM32U595RJT6, STM32U595RJT6Q, STM32U595VIT6, STM32U595VIT6Q, STM32U595VJT6, STM32U595VJT6Q, STM32U595ZIT6, STM32U595ZIT6Q, STM32U595ZIY6QTR, STM32U595ZJT6, STM32U595ZJT6Q, STM32U595ZJY6QTR, STM32U599BJY6QTR, STM32U599NIH6Q, STM32U599NJH6Q, STM32U599VIT6Q, STM32U599VJT6, STM32U599VJT6Q, STM32U599ZIT6Q, STM32U599ZIY6QTR, STM32U599ZJT6Q, STM32U599ZJY6QTR, STM32U5A5AJH6, STM32U5A5AJH6Q, STM32U5A5QII3Q , STM32U5A5QJI6, STM32U5A5QJI6Q, STM32U5A5RJT6, STM32U5A5RJT6Q, STM32U5A5VJT6, STM32U5A5VJT6Q, STM32U5A5ZJT6, STM32U5A5ZJT6Q, STM32U5A5ZJY6QTR, STM32U5A9BJY6QTR, STM32U5A9J-DK, STM32U5A9NJH6Q, STM32U5A9VJT6Q, STM32U5A9ZJT6Q, STM32U5A9ZJY6QTR, STM32U5F7VIT6, STM32U5F7VIT6Q, STM32U5F7VJT6, STM32U5F7VJT6Q, STM32U5F9BJY6QTR, STM32U5F9NJH6Q, STM32U5F9VIT6Q, STM32U5F9VJT6Q, STM32U5F9ZIJ6QTR, STM32U5F9ZIT6Q, STM32U5F9ZJJ6QTR, STM32U5F9ZJT6Q, STM32U5G7VJT6, STM32U5G7VJT6Q, STM32U5G9BJY6QTR, STM32U5G9J-DK1, STM32U5G9J-DK2, STM32U5G9NJH6Q, STM32U5G9VJT6Q, STM32U5G9ZJJ6QTR, STM32U5G9ZJT6Q, STM32WB05KZV6TR, STM32WB05KZV7TR, STM32WB05TZF6TR, STM32WB05TZF7TR, STM32WB06CCF6TR, STM32WB06CCF7TR, STM32WB06CCV6TR, STM32WB06CCV7TR, STM32WB06KCV6TR, STM32WB06KCV7TR, STM32WB07CCF6TR, STM32WB07CCF7TR, STM32WB07CCV6TR, STM32WB07CCV7TR, STM32WB07KCV6TR, STM32WB07KCV7TR, STM32WB09KEV6TR, STM32WB09KEV7TR, STM32WB09TEF6TR, STM32WB09TEF7TR, STM32WB1MMCH6, STM32WBA50KGU6, STM32WBA50KGU6TR, STM32WBA52CEU6, STM32WBA52CEU6TR, STM32WBA52CEU7, STM32WBA52CEU7TR, STM32WBA52CGU6, STM32WBA52CGU6TR, STM32WBA52CGU6U, STM32WBA52CGU7, STM32WBA52CGU7TR, STM32WBA52KEU6, STM32WBA52KEU6TR, STM32WBA52KGU6, STM32WBA52KGU6TR, STM32WBA54CEU6, STM32WBA54CEU6TR, STM32WBA54CEU7, STM32WBA54CEU7TR, STM32WBA54CGU6, STM32WBA54CGU6TR, STM32WBA54CGU7, STM32WBA54CGU7TR, STM32WBA54KEU6, STM32WBA54KEU6TR, STM32WBA54KEU7, STM32WBA54KEU7TR, STM32WBA54KGU6, STM32WBA54KGU6TR, STM32WBA54KGU7, STM32WBA54KGU7TR, STM32WBA55CEU6, STM32WBA55CEU6TR, STM32WBA55CEU7, STM32WBA55CEU7TR, STM32WBA55CGU6, STM32WBA55CGU6TR, STM32WBA55CGU6U, STM32WBA55CGU7, STM32WBA55CGU7TR, STM32WBA55G-DK1, STM32WBA55HEF6, STM32WBA55HEF7, STM32WBA55HGF6, STM32WBA55HGF7, STM32WBA55UEI6, STM32WBA55UEI6TR, STM32WBA55UEI7, STM32WBA55UEI7TR, STM32WBA55UGI6, STM32WBA55UGI6TR, STM32WBA55UGI7, STM32WBA55UGI7TR, STM32WBA5MMGH6TR, STM32WBA62MGF6, STM32WBA62MIF6, STM32WBA65MGF7, STM32WBA65MIF6, STM32WBA65MIF7, STM32WL30K8V6, STM32WL30KBV6, STM32WL31C8V6, STM32WL31CBV6, STM32WL31K8V6, STM32WL31KBV6, STM32WL33C8V6, STM32WL33C8V6X, STM32WL33CBV6, STM32WL33CBV6X, STM32WL33CCV6, STM32WL33CCV6A, STM32WL33CCV6X, STM32WL33K8V7, STM32WL33K8V7X, STM32WL33KBV7 , STM32WL33KBV7X, STM32WL33KCV7, STM32WL33KCV7X, STM32WL5MOCH6, STM32WL5MOCH6TR]
2025-11-01 11:30:48,927 [INFO] BoardInfo:889 - No configuration file found for board P-NUCLEO-WB55
2025-11-01 11:30:48,929 [INFO] DbBoards:161 - Kit is not supported: P-NUCLEO-WB55
2025-11-01 11:30:48,934 [INFO] BoardInfo:889 - No configuration file found for board STEVAL-BFA001V1B
2025-11-01 11:30:48,935 [INFO] DbBoards:161 - Kit is not supported: STEVAL-BFA001V1B
2025-11-01 11:30:48,936 [INFO] BoardInfo:889 - No configuration file found for board STEVAL-BFA001V2B
2025-11-01 11:30:48,937 [INFO] DbBoards:161 - Kit is not supported: STEVAL-BFA001V2B
2025-11-01 11:30:49,584 [INFO] DbBoards:168 - Found 212 boards, 209 are supported
2025-11-01 11:30:49,584 [INFO] DbBoards:169 - Found 212 boards, 43 of them is supported for  Bsp
2025-11-01 11:30:49,615 [INFO] ApiDb:668 - CubeFinder database Data Model version=2.1
2025-11-01 11:30:49,616 [INFO] ApiDb:669 - CubeFinder database Configuration version=3.0.39
2025-11-01 11:30:49,616 [INFO] ApiDb:670 - CubeFinder database generation date=2025-08-25 (1756130511)
2025-11-01 11:30:49,618 [INFO] ApiDb:671 - CubeFinder database FW Pack versions=[FP-ATR-ASTRA1_V2.0.0, FP-SNS-FLIGHT1_V5.1.0, FP-SNS-MOTENV1_V5.0.0, FP-SNS-MOTENVWB1_V1.4.0, FP-SNS-SMARTAG2_V1.2.0, FP-SNS-STBOX1_V2.1.0, STM32Cube_FW_C0_V1.4.0, STM32Cube_FW_F4_V1.28.3, STM32Cube_FW_F7_V1.17.4, STM32Cube_FW_G0_V1.6.2, STM32Cube_FW_G4_V1.6.1, STM32Cube_FW_H5_V1.5.0, STM32Cube_FW_H7RS_V1.2.0, STM32Cube_FW_H7_V1.12.1, STM32Cube_FW_L0_V1.12.2, STM32Cube_FW_L4_V1.18.1, STM32Cube_FW_L5_V1.5.1, STM32Cube_FW_N6_V1.2.0, STM32Cube_FW_U0_V1.3.0, STM32Cube_FW_U3_V1.2.0, STM32Cube_FW_U5_V1.8.0, STM32Cube_FW_WB0_V1.3.0, STM32Cube_FW_WBA_V1.7.0, STM32Cube_FW_WB_V1.23.0, STM32Cube_FW_WL3_V1.2.0, STM32Cube_FW_WL_V1.3.1, X-CUBE-ALGOBUILD_V1.4.0, X-CUBE-ALS_V1.0.2, X-CUBE-AZRTOS-F4_V1.1.0, X-CUBE-AZRTOS-F7_V1.1.0, X-CUBE-AZRTOS-G0_V1.1.0, X-CUBE-AZRTOS-G4_V2.0.0, X-CUBE-AZRTOS-H7RS_V1.1.0, X-CUBE-AZRTOS-H7_V3.4.0, X-CUBE-AZRTOS-L4_V2.0.0, X-CUBE-AZRTOS-L5_V2.0.0, X-CUBE-AZRTOS-WB_V2.0.0, X-CUBE-AZRTOS-WL_V2.0.0, X-CUBE-BLE1_V7.1.0, X-CUBE-BLE2_V3.3.0, X-CUBE-BLEMGR_V4.1.0, X-CUBE-EEPRMA1_V5.2.0, X-CUBE-FREERTOS_V1.3.1, X-CUBE-GNSS1_V6.0.0, X-CUBE-MEMS1_V11.3.0, X-CUBE-NFC4_V3.0.0, X-CUBE-NFC7_V2.0.0, X-CUBE-SFXS2LP1_V4.0.0, X-CUBE-ST67W61_V1.0.0, X-CUBE-SUBG2_V5.0.0, X-CUBE-TOF1_V3.4.3]
2025-11-01 11:30:51,572 [INFO] ApiDb:240 - Found 880 in-development CPN: [B-G473E-ZEST1S, B-WB1M-WPAN1, B-WBA5M-WPAN, B-WL5M-SUBG1, NUCLEO-C031C6, NUCLEO-C051C8, NUCLEO-C071RB, NUCLEO-C092RC, NUCLEO-H503RB, NUCLEO-H533RE, NUCLEO-H563ZI, NUCLEO-H7S3L8, NUCLEO-N657X0-Q, NUCLEO-U031R8, NUCLEO-U083RC, NUCLEO-U385RG-Q, NUCLEO-U545RE-Q, NUCLEO-U5A5ZJ-Q, NUCLEO-WB05KZ, NUCLEO-WB07CC, NUCLEO-WB09KE, NUCLEO-WBA52CG, NUCLEO-WBA55CG, NUCLEO-WL33CC1, NUCLEO-WL33CC2, STEVAL-PROTEUS1, STEVAL-SMARTAG2, STEVAL-STWINBX1, STM320518-EVAL, STM32C0116-DK, STM32C011D6Y3TR, STM32C011D6Y6TR, STM32C011F4P3, STM32C011F4P6, STM32C011F4U3, STM32C011F4U6TR, STM32C011F6P3, STM32C011F6P6, STM32C011F6U3, STM32C011F6U6TR, STM32C011J4M3, STM32C011J4M6, STM32C011J6M3, STM32C011J6M6, STM32C0316-DK, STM32C031C4T3, STM32C031C4T6, STM32C031C4U3, STM32C031C4U6, STM32C031C6T3, STM32C031C6T6, STM32C031C6U3, STM32C031C6U6, STM32C031F4P3, STM32C031F4P6, STM32C031F6P3, STM32C031F6P6, STM32C031G4U3, STM32C031G4U6, STM32C031G6U3, STM32C031G6U6, STM32C031K4T3, STM32C031K4T6, STM32C031K4U3, STM32C031K4U6, STM32C031K6T3, STM32C031K6T6, STM32C031K6U3, STM32C031K6U6, STM32C051C6T6, STM32C051C6U6, STM32C051C8T6, STM32C051C8U6, STM32C051D8Y6TR, STM32C051F6P6, STM32C051F8P6, STM32C051G6U6, STM32C051G8U6, STM32C051K6T6, STM32C051K6U6, STM32C051K8T6, STM32C071C8T6, STM32C071C8T6N, STM32C071C8U6, STM32C071C8U6N, STM32C071CBT6, STM32C071CBT6N, STM32C071CBU6, STM32C071CBU6N, STM32C071F8P6, STM32C071F8P6N, STM32C071FBP6, STM32C071FBP6N, STM32C071FBY6TR, STM32C071G8U6, STM32C071G8U6N, STM32C071GBU6, STM32C071GBU6N, STM32C071K8T6, STM32C071K8T6N, STM32C071K8U6, STM32C071K8U6N, STM32C071KBT6, STM32C071KBT6N, STM32C071KBU6, STM32C071KBU6N, STM32C071R8T6, STM32C071R8T6N, STM32C071RBI6N, STM32C071RBT6, STM32C071RBT6N, STM32C091CBT6, STM32C091CBU6, STM32C091CCT6, STM32C091CCU6, STM32C091ECY6TR, STM32C091FBP6, STM32C091FCP6, STM32C091GBU6, STM32C091GCU6, STM32C091KBT6, STM32C091KBU6, STM32C091KCT6, STM32C091KCU6, STM32C091RBT6, STM32C091RCI6, STM32C091RCT6, STM32C092CBT6, STM32C092CBU6, STM32C092CCT6, STM32C092CCU6, STM32C092ECY6TR, STM32C092FBP6, STM32C092FCP6, STM32C092GBU6, STM32C092GCU6, STM32C092KBT6, STM32C092KBU6, STM32C092KCT6, STM32C092KCU6, STM32C092RBT6, STM32C092RCI6, STM32C092RCT6, STM32G071K8TXN, STM32G071K8UXN, STM32G081GBU6N, STM32G081KBT6N, STM32G081KBUXN, STM32G0B1CCT6N, STM32G0B1KCT6, STM32G0B1NEY6TR, STM32G0B1RCT6N, STM32G0C1CCT6, STM32G0C1CCT6N, STM32G0C1CCU6N, STM32G0C1CET6N, STM32G0C1CEU6N, STM32G0C1KCT6, STM32G0C1NEY6TR, STM32G0C1RCI6N, STM32G0C1RCT6N, STM32G0C1REI6N, STM32G0C1RET6N, STM32G0C1VCI6, STM32G0C1VEI6, STM32G411C6T3, STM32G411C6T6, STM32G411C6U3, STM32G411C6U6, STM32G411C8T3, STM32G411C8T6, STM32G411C8U3, STM32G411C8U6, STM32G411CBT3, STM32G411CBT6, STM32G411CBU3, STM32G411CBU6, STM32G411K6T3, STM32G411K6T6, STM32G411K6U3, STM32G411K6U6, STM32G411K8T3, STM32G411K8T6, STM32G411K8U3, STM32G411K8U6, STM32G411KBT3, STM32G411KBT6, STM32G411KBU3, STM32G411KBU6, STM32G411M6T3, STM32G411M6T6, STM32G411M8T3, STM32G411M8T6, STM32G411MBT3, STM32G411MBT6, STM32G411R6T3, STM32G411R6T6, STM32G411R8T3, STM32G411R8T6, STM32G411RBT3, STM32G411RBT6, STM32G414CBT3, STM32G414CBT6, STM32G414CBU3, STM32G414CBU6, STM32G414CCT3, STM32G414CCT6, STM32G414CCU3, STM32G414CCU6, STM32G414MBT3, STM32G414MBT6, STM32G414MCT3, STM32G414MCT6, STM32G414RBT3, STM32G414RBT6, STM32G414RCT3, STM32G414RCT6, STM32G414VBT3, STM32G414VBT6, STM32G414VCT3, STM32G414VCT6, STM32G431CBT3Z, STM32G431RBT3Z, STM32G471CCT6, STM32G471CCU6, STM32G471CET3, STM32G471CET6, STM32G471CEU3, STM32G471CEU6, STM32G471MCT6, STM32G471MET3, STM32G471MET6, STM32G471MEY6TR, STM32G471QCT6, STM32G471QET3, STM32G471RCT6, STM32G471RET3, STM32G471RET6, STM32G471VCH6, STM32G471VCI6, STM32G471VCT6, STM32G471VEH3, STM32G471VEH6, STM32G471VEI3, STM32G471VEI6, STM32G471VET3, STM32G471VET6, STM32G473QET3Z, STM32G473RET3Z, STM32G474CCT6, STM32G491RET3Z, STM32H503CBT6, STM32H503CBU6, STM32H503EBY6TR, STM32H503KBU6, STM32H503RBT6, STM32H523CCT6, STM32H523CCU6, STM32H523CET6, STM32H523CEU6, STM32H523HEY6TR, STM32H523RCT6, STM32H523RET6, STM32H523VCI6, STM32H523VCT6, STM32H523VEI6, STM32H523VET6, STM32H523ZCJ6, STM32H523ZCT6, STM32H523ZEJ6, STM32H523ZET6, STM32H533CET6, STM32H533CEU6, STM32H533HEY6TR, STM32H533RET6, STM32H533VEI6, STM32H533VET6, STM32H533ZEJ6, STM32H533ZET6, STM32H562AGI6, STM32H562AII6, STM32H562IGK6, STM32H562IGT6, STM32H562IIK6, STM32H562IIT6, STM32H562RGT6, STM32H562RGV6, STM32H562RIT6, STM32H562RIV6, STM32H562VGT6, STM32H562VIT6, STM32H562ZGT6, STM32H562ZIT6, STM32H563AGI6, STM32H563AII3Q, STM32H563AII6, STM32H563IGK6, STM32H563IGT6, STM32H563IIK3Q, STM32H563IIK6, STM32H563IIT3Q, STM32H563IIT6, STM32H563MIY3QTR, STM32H563RGT6, STM32H563RGV6, STM32H563RIT6, STM32H563RIV6, STM32H563VGT6, STM32H563VIT3Q, STM32H563VIT6, STM32H563ZGT6, STM32H563ZIT3Q, STM32H563ZIT6, STM32H573AII3Q, STM32H573AII6, STM32H573I-DK, STM32H573IIK3Q, STM32H573IIK6, STM32H573IIT3Q, STM32H573IIT6, STM32H573MIY3QTR, STM32H573RIT6, STM32H573RIV6, STM32H573VIT3Q, STM32H573VIT6, STM32H573ZIT3Q, STM32H573ZIT6, STM32H7R3A8I6, STM32H7R3I8K6, STM32H7R3I8T6, STM32H7R3L8H6, STM32H7R3L8H6H, STM32H7R3R8V6, STM32H7R3V8H6, STM32H7R3V8T6, STM32H7R3V8Y6TR, STM32H7R3Z8J6, STM32H7R3Z8T6, STM32H7R7A8I6, STM32H7R7I8K6, STM32H7R7I8T6, STM32H7R7L8H6, STM32H7R7L8H6H, STM32H7R7Z8J6, STM32H7S3A8I6, STM32H7S3I8K6, STM32H7S3I8T6, STM32H7S3L8H6, STM32H7S3L8H6H, STM32H7S3R8V6, STM32H7S3V8H6, STM32H7S3V8T6, STM32H7S3V8Y6TR, STM32H7S3Z8J6, STM32H7S3Z8T6, STM32H7S78-DK, STM32H7S7A8I6, STM32H7S7I8K6, STM32H7S7I8T6, STM32H7S7L8H6, STM32H7S7L8H6H, STM32H7S7Z8J6, STM32L4R5QGI6STR, STM32MP131AAE3, STM32MP131AAF3, STM32MP131AAG3, STM32MP131CAE3, STM32MP131CAF3, STM32MP131CAG3, STM32MP131DAE7, STM32MP131DAF7, STM32MP131DAG7, STM32MP131FAE7, STM32MP131FAF7, STM32MP131FAG7, STM32MP133AAE3, STM32MP133AAF3, STM32MP133AAG3, STM32MP133CAE3, STM32MP133CAF3, STM32MP133CAG3, STM32MP133DAE7, STM32MP133DAF7, STM32MP133DAG7, STM32MP133FAE7, STM32MP133FAF7, STM32MP133FAG7, STM32MP135AAE3, STM32MP135AAF3, STM32MP135AAG3, STM32MP135CAE3, STM32MP135CAF3, STM32MP135CAG3, STM32MP135DAE7, STM32MP135DAF7, STM32MP135DAG7, STM32MP135F-DK, STM32MP135FAE7, STM32MP135FAF7, STM32MP135FAF7T, STM32MP135FAF7U, STM32MP135FAG7, STM32MP211AAL3, STM32MP211AAM3, STM32MP211AAN3, STM32MP211AAO3, STM32MP211CAL3, STM32MP211CAM3, STM32MP211CAN3, STM32MP211CAO3, STM32MP211DAL3, STM32MP211DAM3, STM32MP211DAN3, STM32MP211DAO3, STM32MP211FAL3, STM32MP211FAM3, STM32MP211FAN3, STM32MP211FAO3, STM32MP213AAL3, STM32MP213AAM3, STM32MP213AAN3, STM32MP213AAO3, STM32MP213CAL3, STM32MP213CAM3, STM32MP213CAN3, STM32MP213CAO3, STM32MP213DAL3, STM32MP213DAM3, STM32MP213DAN3, STM32MP213DAO3, STM32MP213FAL3, STM32MP213FAM3, STM32MP213FAN3, STM32MP213FAO3, STM32MP215AAL3, STM32MP215AAM3, STM32MP215AAN3, STM32MP215AAO3, STM32MP215CAL3, STM32MP215CAM3, STM32MP215CAN3, STM32MP215CAO3, STM32MP215DAL3, STM32MP215DAM3, STM32MP215DAN3, STM32MP215DAO3, STM32MP215F-DK, STM32MP215FAL3, STM32MP215FAM3, STM32MP215FAN3, STM32MP215FAO3, STM32MP231AAJ3, STM32MP231AAK3, STM32MP231AAL3, STM32MP231CAJ3, STM32MP231CAK3, STM32MP231CAL3, STM32MP231DAJ3, STM32MP231DAK3, STM32MP231DAL3, STM32MP231FAJ3, STM32MP231FAK3, STM32MP231FAL3, STM32MP233AAJ3, STM32MP233AAK3, STM32MP233AAL3, STM32MP233CAJ3, STM32MP233CAK3, STM32MP233CAL3, STM32MP233DAJ3, STM32MP233DAK3, STM32MP233DAL3, STM32MP233FAJ3, STM32MP233FAK3, STM32MP233FAL3, STM32MP235AAJ3, STM32MP235AAK3, STM32MP235AAL3, STM32MP235CAJ3, STM32MP235CAK3, STM32MP235CAL3, STM32MP235DAJ3, STM32MP235DAK3, STM32MP235DAL3, STM32MP235FAJ3, STM32MP235FAK3, STM32MP235FAL3, STM32MP251AAI3, STM32MP251AAK3, STM32MP251AAL3, STM32MP251CAI3, STM32MP251CAK3, STM32MP251CAL3, STM32MP251DAI3, STM32MP251DAK3, STM32MP251DAL3, STM32MP251FAI3, STM32MP251FAK3, STM32MP251FAL3, STM32MP253AAI3, STM32MP253AAK3, STM32MP253AAL3, STM32MP253CAI3, STM32MP253CAK3, STM32MP253CAL3, STM32MP253DAI3, STM32MP253DAK3, STM32MP253DAL3, STM32MP253FAI3, STM32MP253FAK3, STM32MP253FAL3, STM32MP255AAI3, STM32MP255AAK3, STM32MP255AAL3, STM32MP255CAI3, STM32MP255CAK3, STM32MP255CAL3, STM32MP255DAI3, STM32MP255DAK3, STM32MP255DAL3, STM32MP255FAI3, STM32MP255FAK3, STM32MP255FAL3, STM32MP257AAI3, STM32MP257AAK3, STM32MP257AAL3, STM32MP257CAI3, STM32MP257CAK3, STM32MP257CAL3, STM32MP257DAI3, STM32MP257DAK3, STM32MP257DAL3, STM32MP257F-DK, STM32MP257F-EV1, STM32MP257FAI3, STM32MP257FAK3, STM32MP257FAL3, STM32N645A0H3Q, STM32N645B0H3Q, STM32N645I0H3Q, STM32N645L0H3Q, STM32N645X0H3Q, STM32N645Z0H3Q, STM32N647A0H3Q, STM32N647B0H3Q, STM32N647I0H3Q, STM32N647L0H3Q, STM32N647X0H3Q, STM32N647Z0H3Q, STM32N655A0H3Q, STM32N655B0H3Q, STM32N655I0H3Q, STM32N655L0H3Q, STM32N655X0H3Q, STM32N655Z0H3Q, STM32N6570-DK, STM32N657A0H3Q, STM32N657B0H3Q, STM32N657I0H3Q, STM32N657L0H3Q, STM32N657X0H3Q, STM32N657Z0H3Q, STM32U031C6T6, STM32U031C6U6, STM32U031C8T6, STM32U031C8U6, STM32U031F4P6, STM32U031F6P6, STM32U031F8P6, STM32U031G6Y6TR, STM32U031G8Y6TR, STM32U031K4U6, STM32U031K6U6, STM32U031K8U6, STM32U031R6I6, STM32U031R6T6, STM32U031R8I6, STM32U031R8T6, STM32U073C8T6, STM32U073C8U6, STM32U073CBT6, STM32U073CBU6, STM32U073CCT6, STM32U073CCU6, STM32U073H8Y6TR, STM32U073HBY6TR, STM32U073HCY6TR, STM32U073K8U6, STM32U073KBU6, STM32U073KCU6, STM32U073M8I6, STM32U073M8T6, STM32U073MBI6, STM32U073MBT6, STM32U073MCI6, STM32U073MCT6, STM32U073R8I6, STM32U073R8T6, STM32U073RBI6, STM32U073RBT6, STM32U073RCI6, STM32U073RCT6, STM32U083C-DK, STM32U083CCT6, STM32U083CCU6, STM32U083HCY6TR, STM32U083KCU6, STM32U083MCI6, STM32U083MCT6, STM32U083RCI6, STM32U083RCT6, STM32U375CET6, STM32U375CET6Q, STM32U375CEU6, STM32U375CEU6Q, STM32U375CEY6QTR, STM32U375CGT6, STM32U375CGT6Q, STM32U375CGU6, STM32U375CGU6Q, STM32U375CGY6QTR, STM32U375KEU6, STM32U375KGU6, STM32U375REI6, STM32U375REI6Q, STM32U375RET6, STM32U375RET6Q, STM32U375REY6GTR, STM32U375REY6QTR, STM32U375RGI6, STM32U375RGI6Q, STM32U375RGT6, STM32U375RGT6Q, STM32U375RGY6GTR, STM32U375RGY6QTR, STM32U375VEI6, STM32U375VEI6Q, STM32U375VET6, STM32U375VET6Q, STM32U375VGI6, STM32U375VGI6Q, STM32U375VGT6, STM32U375VGT6Q, STM32U385CGT6, STM32U385CGT6Q, STM32U385CGU6, STM32U385CGU6Q, STM32U385CGY6QTR, STM32U385KGU6, STM32U385RGI6, STM32U385RGI6Q, STM32U385RGT6, STM32U385RGT6Q, STM32U385RGY6GTR, STM32U385RGY6QTR, STM32U385VGI6, STM32U385VGI6Q, STM32U385VGT6, STM32U385VGT6Q, STM32U535CBT6, STM32U535CBT6Q, STM32U535CBU6, STM32U535CBU6Q, STM32U535CCT6, STM32U535CCT6Q, STM32U535CCU6, STM32U535CCU6Q, STM32U535CET6, STM32U535CET6Q, STM32U535CEU6, STM32U535CEU6Q, STM32U535JEY6QTR, STM32U535NCY6QTR, STM32U535NEY6QTR, STM32U535RBI6, STM32U535RBI6Q, STM32U535RBT6, STM32U535RBT6Q, STM32U535RCI6, STM32U535RCI6Q, STM32U535RCT6, STM32U535RCT6Q, STM32U535REI6, STM32U535REI6Q, STM32U535RET6, STM32U535RET6Q, STM32U535VCI6, STM32U535VCI6Q, STM32U535VCT6, STM32U535VCT6Q, STM32U535VEI6, STM32U535VEI6Q, STM32U535VET6, STM32U535VET6Q, STM32U545CET6, STM32U545CET6Q, STM32U545CEU6, STM32U545CEU6Q, STM32U545JEY6QTR, STM32U545NEY6QTR, STM32U545REI6, STM32U545REI6Q, STM32U545RET6, STM32U545RET6Q, STM32U545VEI6, STM32U545VEI6Q, STM32U545VET6, STM32U545VET6Q, STM32U595AIH6, STM32U595AIH6Q, STM32U595AJH6, STM32U595AJH6Q, STM32U595QII6, STM32U595QII6Q, STM32U595QJI6, STM32U595QJI6Q, STM32U595RIT6, STM32U595RIT6Q, STM32U595RJT6, STM32U595RJT6Q, STM32U595VIT6, STM32U595VIT6Q, STM32U595VJT6, STM32U595VJT6Q, STM32U595ZIT6, STM32U595ZIT6Q, STM32U595ZIY6QTR, STM32U595ZJT6, STM32U595ZJT6Q, STM32U595ZJY6QTR, STM32U599BJY6QTR, STM32U599NIH6Q, STM32U599NJH6Q, STM32U599VIT6Q, STM32U599VJT6, STM32U599VJT6Q, STM32U599ZIT6Q, STM32U599ZIY6QTR, STM32U599ZJT6Q, STM32U599ZJY6QTR, STM32U5A5AJH6, STM32U5A5AJH6Q, STM32U5A5QII3Q , STM32U5A5QJI6, STM32U5A5QJI6Q, STM32U5A5RJT6, STM32U5A5RJT6Q, STM32U5A5VJT6, STM32U5A5VJT6Q, STM32U5A5ZJT6, STM32U5A5ZJT6Q, STM32U5A5ZJY6QTR, STM32U5A9BJY6QTR, STM32U5A9J-DK, STM32U5A9NJH6Q, STM32U5A9VJT6Q, STM32U5A9ZJT6Q, STM32U5A9ZJY6QTR, STM32U5F7VIT6, STM32U5F7VIT6Q, STM32U5F7VJT6, STM32U5F7VJT6Q, STM32U5F9BJY6QTR, STM32U5F9NJH6Q, STM32U5F9VIT6Q, STM32U5F9VJT6Q, STM32U5F9ZIJ6QTR, STM32U5F9ZIT6Q, STM32U5F9ZJJ6QTR, STM32U5F9ZJT6Q, STM32U5G7VJT6, STM32U5G7VJT6Q, STM32U5G9BJY6QTR, STM32U5G9J-DK1, STM32U5G9J-DK2, STM32U5G9NJH6Q, STM32U5G9VJT6Q, STM32U5G9ZJJ6QTR, STM32U5G9ZJT6Q, STM32WB05KZV6TR, STM32WB05KZV7TR, STM32WB05TZF6TR, STM32WB05TZF7TR, STM32WB06CCF6TR, STM32WB06CCF7TR, STM32WB06CCV6TR, STM32WB06CCV7TR, STM32WB06KCV6TR, STM32WB06KCV7TR, STM32WB07CCF6TR, STM32WB07CCF7TR, STM32WB07CCV6TR, STM32WB07CCV7TR, STM32WB07KCV6TR, STM32WB07KCV7TR, STM32WB09KEV6TR, STM32WB09KEV7TR, STM32WB09TEF6TR, STM32WB09TEF7TR, STM32WB1MMCH6, STM32WBA50KGU6, STM32WBA50KGU6TR, STM32WBA52CEU6, STM32WBA52CEU6TR, STM32WBA52CEU7, STM32WBA52CEU7TR, STM32WBA52CGU6, STM32WBA52CGU6TR, STM32WBA52CGU6U, STM32WBA52CGU7, STM32WBA52CGU7TR, STM32WBA52KEU6, STM32WBA52KEU6TR, STM32WBA52KGU6, STM32WBA52KGU6TR, STM32WBA54CEU6, STM32WBA54CEU6TR, STM32WBA54CEU7, STM32WBA54CEU7TR, STM32WBA54CGU6, STM32WBA54CGU6TR, STM32WBA54CGU7, STM32WBA54CGU7TR, STM32WBA54KEU6, STM32WBA54KEU6TR, STM32WBA54KEU7, STM32WBA54KEU7TR, STM32WBA54KGU6, STM32WBA54KGU6TR, STM32WBA54KGU7, STM32WBA54KGU7TR, STM32WBA55CEU6, STM32WBA55CEU6TR, STM32WBA55CEU7, STM32WBA55CEU7TR, STM32WBA55CGU6, STM32WBA55CGU6TR, STM32WBA55CGU6U, STM32WBA55CGU7, STM32WBA55CGU7TR, STM32WBA55G-DK1, STM32WBA55HEF6, STM32WBA55HEF7, STM32WBA55HGF6, STM32WBA55HGF7, STM32WBA55UEI6, STM32WBA55UEI6TR, STM32WBA55UEI7, STM32WBA55UEI7TR, STM32WBA55UGI6, STM32WBA55UGI6TR, STM32WBA55UGI7, STM32WBA55UGI7TR, STM32WBA5MMGH6TR, STM32WBA62MGF6, STM32WBA62MIF6, STM32WBA65MGF7, STM32WBA65MIF6, STM32WBA65MIF7, STM32WL30K8V6, STM32WL30KBV6, STM32WL31C8V6, STM32WL31CBV6, STM32WL31K8V6, STM32WL31KBV6, STM32WL33C8V6, STM32WL33C8V6X, STM32WL33CBV6, STM32WL33CBV6X, STM32WL33CCV6, STM32WL33CCV6A, STM32WL33CCV6X, STM32WL33K8V7, STM32WL33K8V7X, STM32WL33KBV7 , STM32WL33KBV7X, STM32WL33KCV7, STM32WL33KCV7X, STM32WL5MOCH6, STM32WL5MOCH6TR]
2025-11-01 11:30:51,588 [INFO] DbMcus:218 - Found 4801 MCUs, 4801 are supported
2025-11-01 11:30:51,595 [INFO] ApiDb:423 - Load user favorites file C:\Users\nico2/.stm32cubeide/favorites.mcus.txt: 1 item(s)
2025-11-01 11:30:51,596 [INFO] ApiDb:427 - User favorites MCUs=[STM32F103C8T6]
2025-11-01 11:30:51,597 [INFO] DbMcus:224 - Set 1 / 1 favorites MCUs
2025-11-01 11:30:52,066 [INFO] ApiDb:423 - Load user favorites file C:\Users\nico2/.stm32cubeide/favorites.boards.txt: 0 item(s)
2025-11-01 11:30:52,066 [INFO] ApiDb:427 - User favorites Boards=[]
2025-11-01 11:30:52,066 [INFO] DbBoards:198 - Set 0 / 0 favorites Boards
2025-11-01 11:30:52,183 [INFO] UtilMem:75 - End LoadConfig() Used Memory: 354142136 Bytes (549453824)
2025-11-01 11:30:52,404 [WARN] ThirdParty:833 - waiting for thirdparty lock release [change project]
2025-11-01 11:30:52,404 [INFO] ThirdParty:835 - entering critical section [change project]
2025-11-01 11:30:52,404 [INFO] ThirdParty:1030 - CMSIS Pack Vendor :STMicroelectronics X-CUBE-PM33A1 1.0.0
2025-11-01 11:30:52,405 [INFO] ThirdParty:1030 - CMSIS Pack Vendor :STMicroelectronics USBPD 4.1
2025-11-01 11:30:52,406 [INFO] ThirdParty:1030 - CMSIS Pack Vendor :STMicroelectronics X-CUBE-NFC9 1.0.0
2025-11-01 11:30:52,406 [INFO] ThirdParty:1030 - CMSIS Pack Vendor :STMicroelectronics USB_HOST 2.0.0
2025-11-01 11:30:52,406 [INFO] ThirdParty:1030 - CMSIS Pack Vendor :STMicroelectronics FP-SNS-MOTENVWB1 1.4.0
2025-11-01 11:30:52,406 [INFO] ThirdParty:1030 - CMSIS Pack Vendor :STMicroelectronics X-CUBE-AZRTOS-F4 1.1.0
2025-11-01 11:30:52,406 [INFO] ThirdParty:1030 - CMSIS Pack Vendor :STMicroelectronics LIBJPEG 8.0.0
2025-11-01 11:30:52,406 [INFO] ThirdParty:1030 - CMSIS Pack Vendor :STMicroelectronics FP-ATR-ASTRA1 2.0.2
2025-11-01 11:30:52,406 [INFO] ThirdParty:1030 - CMSIS Pack Vendor :STMicroelectronics X-CUBE-BLE1 7.1.0
2025-11-01 11:30:52,406 [INFO] ThirdParty:1030 - CMSIS Pack Vendor :STMicroelectronics X-CUBE-SMBUS 2.1.0
2025-11-01 11:30:52,406 [INFO] ThirdParty:1030 - CMSIS Pack Vendor :STMicroelectronics USB_DEVICE 3.0.0
2025-11-01 11:30:52,406 [INFO] ThirdParty:1030 - CMSIS Pack Vendor :STMicroelectronics X-CUBE-ISPU 2.1.0
2025-11-01 11:30:52,406 [INFO] ThirdParty:1030 - CMSIS Pack Vendor :STMicroelectronics X-CUBE-EEPRMA1 5.2.0
2025-11-01 11:30:52,406 [INFO] ThirdParty:1030 - CMSIS Pack Vendor :STMicroelectronics X-CUBE-IPS 3.2.0
2025-11-01 11:30:52,406 [INFO] ThirdParty:1030 - CMSIS Pack Vendor :STMicroelectronics X-CUBE-BLEMGR 4.1.0
2025-11-01 11:30:52,406 [INFO] ThirdParty:1030 - CMSIS Pack Vendor :STMicroelectronics X-CUBE-AZRTOS-WB 2.0.0
2025-11-01 11:30:52,406 [INFO] ThirdParty:1030 - CMSIS Pack Vendor :STMicroelectronics X-CUBE-ST60 1.0.0
2025-11-01 11:30:52,406 [INFO] ThirdParty:1030 - CMSIS Pack Vendor :STMicroelectronics X-CUBE-GNSS1 7.0.1
2025-11-01 11:30:52,406 [INFO] ThirdParty:1030 - CMSIS Pack Vendor :STMicroelectronics X-CUBE-NFC12 1.0.0
2025-11-01 11:30:52,406 [INFO] ThirdParty:1030 - CMSIS Pack Vendor :STMicroelectronics X-CUBE-AZRTOS-F7 1.1.0
2025-11-01 11:30:52,406 [INFO] ThirdParty:1030 - CMSIS Pack Vendor :STMicroelectronics X-CUBE-AZRTOS-L5 2.0.0
2025-11-01 11:30:52,406 [INFO] ThirdParty:1030 - CMSIS Pack Vendor :STMicroelectronics X-CUBE-TOUCHGFX 4.25.0
2025-11-01 11:30:52,406 [INFO] ThirdParty:1030 - CMSIS Pack Vendor :STMicroelectronics USB_DEVICE 2.0.0
2025-11-01 11:30:52,406 [INFO] ThirdParty:1030 - CMSIS Pack Vendor :STMicroelectronics X-CUBE-NFC6 3.1.0
2025-11-01 11:30:52,406 [INFO] ThirdParty:1030 - CMSIS Pack Vendor :STMicroelectronics X-CUBE-ST67W61 1.1.0
2025-11-01 11:30:52,406 [INFO] ThirdParty:1030 - CMSIS Pack Vendor :Cesanta I-CUBE-Mongoose 7.19.0
2025-11-01 11:30:52,406 [INFO] ThirdParty:1030 - CMSIS Pack Vendor :quantropi X-CUBE-qispace-sdk-base 2.1.0
2025-11-01 11:30:52,406 [INFO] ThirdParty:1030 - CMSIS Pack Vendor :STMicroelectronics FP-SNS-MOTENV1 5.1.0
2025-11-01 11:30:52,406 [INFO] ThirdParty:1030 - CMSIS Pack Vendor :STMicroelectronics FreeRTOS 0.0.1
2025-11-01 11:30:52,406 [INFO] ThirdParty:1030 - CMSIS Pack Vendor :STMicroelectronics X-CUBE-AZRTOS-G0 1.1.0
2025-11-01 11:30:52,406 [INFO] ThirdParty:1030 - CMSIS Pack Vendor :STMicroelectronics X-CUBE-SAFEA1 1.2.2
2025-11-01 11:30:52,406 [INFO] ThirdParty:1030 - CMSIS Pack Vendor :STMicroelectronics X-CUBE-NFC4 3.0.0
2025-11-01 11:30:52,406 [INFO] ThirdParty:1030 - CMSIS Pack Vendor :STMicroelectronics X-CUBE-SUBG2 5.0.0
2025-11-01 11:30:52,406 [INFO] ThirdParty:1030 - CMSIS Pack Vendor :STMicroelectronics X-CUBE-AZRTOS-H7RS 1.1.0
2025-11-01 11:30:52,407 [INFO] ThirdParty:1030 - CMSIS Pack Vendor :STMicroelectronics STM32_WPAN 1.0.0
2025-11-01 11:30:52,407 [INFO] ThirdParty:1030 - CMSIS Pack Vendor :EmbeddedOffice I-CUBE-FS-RTOS 1.0.1
2025-11-01 11:30:52,407 [INFO] ThirdParty:1030 - CMSIS Pack Vendor :STMicroelectronics lwIP 2.0.3
2025-11-01 11:30:52,407 [INFO] ThirdParty:1030 - CMSIS Pack Vendor :STMicroelectronics USB_HOST 1.0.0
2025-11-01 11:30:52,407 [INFO] ThirdParty:1030 - CMSIS Pack Vendor :Infineon AIROC-Wi-Fi-Bluetooth-STM32 1.7.1
2025-11-01 11:30:52,407 [INFO] ThirdParty:1030 - CMSIS Pack Vendor :STMicroelectronics X-CUBE-AZRTOS-G4 2.0.0
2025-11-01 11:30:52,407 [INFO] ThirdParty:1030 - CMSIS Pack Vendor :STMicroelectronics X-CUBE-WB05N 2.0.0
2025-11-01 11:30:52,407 [INFO] ThirdParty:1030 - CMSIS Pack Vendor :STMicroelectronics PDM2PCM 3.1.0
2025-11-01 11:30:52,407 [INFO] ThirdParty:1030 - CMSIS Pack Vendor :STMicroelectronics PDM2PCM 3.3.0
2025-11-01 11:30:52,407 [INFO] ThirdParty:1030 - CMSIS Pack Vendor :STMicroelectronics X-CUBE-AZRTOS-H7 3.4.0
2025-11-01 11:30:52,407 [INFO] ThirdParty:1030 - CMSIS Pack Vendor :STMicroelectronics X-CUBE-DISPLAY 3.0.0
2025-11-01 11:30:52,408 [INFO] ThirdParty:1030 - CMSIS Pack Vendor :STMicroelectronics X-CUBE-NFC7 2.0.0
2025-11-01 11:30:52,408 [INFO] ThirdParty:1030 - CMSIS Pack Vendor :STMicroelectronics X-CUBE-TCPP 4.2.0
2025-11-01 11:30:52,408 [INFO] ThirdParty:1030 - CMSIS Pack Vendor :RealThread X-CUBE-RT-Thread_Nano 4.1.1
2025-11-01 11:30:52,408 [INFO] ThirdParty:1030 - CMSIS Pack Vendor :STMicroelectronics FP-ATR-SIGFOX1 3.2.0
2025-11-01 11:30:52,408 [INFO] ThirdParty:1030 - CMSIS Pack Vendor :STMicroelectronics X-CUBE-NFC10 1.0.0
2025-11-01 11:30:52,408 [INFO] ThirdParty:1030 - CMSIS Pack Vendor :STMicroelectronics X-CUBE-FREERTOS 1.3.1
2025-11-01 11:30:52,408 [INFO] ThirdParty:1030 - CMSIS Pack Vendor :STMicroelectronics HAL Drivers 0.0.0
2025-11-01 11:30:52,408 [INFO] ThirdParty:1030 - CMSIS Pack Vendor :STMicroelectronics MBEDTLS 2.16.2
2025-11-01 11:30:52,408 [INFO] ThirdParty:1030 - CMSIS Pack Vendor :STMicroelectronics X-CUBE-ST60 1.1.0
2025-11-01 11:30:52,408 [INFO] ThirdParty:1030 - CMSIS Pack Vendor :STMicroelectronics X-CUBE-IPS 3.1.0
2025-11-01 11:30:52,408 [INFO] ThirdParty:1030 - CMSIS Pack Vendor :STMicroelectronics X-CUBE-ALS 1.0.2
2025-11-01 11:30:52,408 [INFO] ThirdParty:1030 - CMSIS Pack Vendor :emotas I-CUBE-CANOPEN 1.3.0
2025-11-01 11:30:52,408 [INFO] ThirdParty:1030 - CMSIS Pack Vendor :STMicroelectronics MBEDTLS 2.14.1
2025-11-01 11:30:52,408 [INFO] ThirdParty:1030 - CMSIS Pack Vendor :STMicroelectronics X-CUBE-GNSS1 7.1.0
2025-11-01 11:30:52,408 [INFO] ThirdParty:1030 - CMSIS Pack Vendor :ITTIA_DB I-CUBE-ITTIADB 8.9.0
2025-11-01 11:30:52,408 [INFO] ThirdParty:1030 - CMSIS Pack Vendor :STMicroelectronics X-CUBE-TOUCHGFX 4.26.0
2025-11-01 11:30:52,408 [INFO] ThirdParty:1030 - CMSIS Pack Vendor :STMicroelectronics X-CUBE-STSE01 1.0.0
2025-11-01 11:30:52,408 [INFO] ThirdParty:1030 - CMSIS Pack Vendor :STMicroelectronics X-CUBE-ST67W61 1.0.0
2025-11-01 11:30:52,408 [INFO] ThirdParty:1030 - CMSIS Pack Vendor :STMicroelectronics FP-SNS-STBOX1 2.1.0
2025-11-01 11:30:52,408 [INFO] ThirdParty:1030 - CMSIS Pack Vendor :STMicroelectronics X-CUBE-AI 10.2.0
2025-11-01 11:30:52,408 [INFO] ThirdParty:1030 - CMSIS Pack Vendor :STMicroelectronics FP-SNS-STAIOTCFT 1.0.0
2025-11-01 11:30:52,408 [INFO] ThirdParty:1030 - CMSIS Pack Vendor :STMicroelectronics ThreadX 1.0.0
2025-11-01 11:30:52,408 [INFO] ThirdParty:1030 - CMSIS Pack Vendor :STMicroelectronics FP-SNS-SMARTAG2 1.2.0
2025-11-01 11:30:52,408 [INFO] ThirdParty:1030 - CMSIS Pack Vendor :STMicroelectronics FP-SNS-FLIGHT1 5.1.0
2025-11-01 11:30:52,408 [INFO] ThirdParty:1030 - CMSIS Pack Vendor :STMicroelectronics X-CUBE-AZRTOS-WL 2.0.0
2025-11-01 11:30:52,408 [INFO] ThirdParty:1030 - CMSIS Pack Vendor :SEGGER I-CUBE-embOS 1.3.1
2025-11-01 11:30:52,408 [INFO] ThirdParty:1030 - CMSIS Pack Vendor :STMicroelectronics X-CUBE-ALGOBUILD 1.4.0
2025-11-01 11:30:52,408 [INFO] ThirdParty:1030 - CMSIS Pack Vendor :STMicroelectronics X-CUBE-DPower 1.3.0
2025-11-01 11:30:52,408 [INFO] ThirdParty:1030 - CMSIS Pack Vendor :STMicroelectronics X-CUBE-MEMS1 11.3.0
2025-11-01 11:30:52,408 [INFO] ThirdParty:1030 - CMSIS Pack Vendor :STMicroelectronics FP-SNS-MOTENV1 5.0.0
2025-11-01 11:30:52,408 [INFO] ThirdParty:1030 - CMSIS Pack Vendor :STMicroelectronics USB_DEVICE 1.0.0
2025-11-01 11:30:52,408 [INFO] ThirdParty:1030 - CMSIS Pack Vendor :STMicroelectronics X-CUBE-AZRTOS-L4 2.0.0
2025-11-01 11:30:52,408 [INFO] ThirdParty:1030 - CMSIS Pack Vendor :STMicroelectronics ThreadX 0.0.2
2025-11-01 11:30:52,408 [INFO] ThirdParty:1030 - CMSIS Pack Vendor :WES I-CUBE-Cesium 1.3.0
2025-11-01 11:30:52,408 [INFO] ThirdParty:1030 - CMSIS Pack Vendor :STMicroelectronics lwIP 2.1.2
2025-11-01 11:30:52,408 [INFO] ThirdParty:1030 - CMSIS Pack Vendor :STMicroelectronics X-CUBE-SFXS2LP1 4.0.0
2025-11-01 11:30:52,408 [INFO] ThirdParty:1030 - CMSIS Pack Vendor :STMicroelectronics X-CUBE-BLE2 3.3.0
2025-11-01 11:30:52,408 [INFO] ThirdParty:1030 - CMSIS Pack Vendor :STMicroelectronics X-CUBE-TOF1 3.4.3
2025-11-01 11:30:52,408 [INFO] ThirdParty:1030 - CMSIS Pack Vendor :STMicroelectronics PDM2PCM 3.2.0
2025-11-01 11:30:52,408 [INFO] ThirdParty:841 - exiting critical section [change project]
2025-11-01 11:30:53,342 [INFO] PinOutPanel:1589 - setPackage(No Configuration,No Configuration)
2025-11-01 11:30:53,343 [INFO] PinOutPanel:1589 - setPackage(STM32F103C8Tx,LQFP48)
2025-11-01 11:30:55,391 [INFO] UtilMem:75 - Before build in PCC Used Memory: 273610856 Bytes (549453824)
2025-11-01 11:30:58,571 [INFO] UtilMem:75 - After build in PCC Used Memory: 240783392 Bytes (549453824)
2025-11-01 11:30:58,608 [INFO] IPUIPlugin:80 - create IPUIPlugin
2025-11-01 11:30:58,608 [INFO] IPUIPlugin:80 - create IPUIPlugin
2025-11-01 11:30:58,608 [INFO] IPUIPlugin:80 - create IPUIPlugin
2025-11-01 11:30:58,619 [INFO] IPUIPlugin:80 - create IPUIPlugin
2025-11-01 11:30:58,619 [INFO] IPUIPlugin:80 - create IPUIPlugin
2025-11-01 11:30:58,619 [INFO] IPUIPlugin:80 - create IPUIPlugin
2025-11-01 11:30:58,619 [INFO] IPUIPlugin:80 - create IPUIPlugin
2025-11-01 11:30:58,619 [INFO] IPUIPlugin:80 - create IPUIPlugin
2025-11-01 11:30:58,619 [INFO] IPUIPlugin:80 - create IPUIPlugin
2025-11-01 11:30:58,619 [INFO] IPUIPlugin:80 - create IPUIPlugin
2025-11-01 11:30:58,619 [INFO] IPUIPlugin:80 - create IPUIPlugin
2025-11-01 11:30:58,619 [INFO] IPUIPlugin:80 - create IPUIPlugin
2025-11-01 11:30:58,623 [INFO] IPUIPlugin:80 - create IPUIPlugin
2025-11-01 11:30:58,623 [INFO] IPUIPlugin:80 - create IPUIPlugin
2025-11-01 11:30:58,623 [INFO] IPUIPlugin:80 - create IPUIPlugin
2025-11-01 11:30:58,623 [INFO] IPUIPlugin:80 - create IPUIPlugin
2025-11-01 11:30:58,623 [INFO] IPUIPlugin:80 - create IPUIPlugin
2025-11-01 11:30:58,623 [INFO] IPUIPlugin:80 - create IPUIPlugin
2025-11-01 11:30:58,623 [INFO] IPUIPlugin:80 - create IPUIPlugin
2025-11-01 11:30:58,623 [INFO] IPUIPlugin:80 - create IPUIPlugin
2025-11-01 11:30:58,623 [INFO] IPUIPlugin:80 - create IPUIPlugin
2025-11-01 11:30:58,623 [INFO] IPUIPlugin:80 - create IPUIPlugin
2025-11-01 11:30:58,623 [INFO] IPUIPlugin:80 - create IPUIPlugin
2025-11-01 11:30:58,623 [INFO] IPUIPlugin:80 - create IPUIPlugin
2025-11-01 11:30:58,624 [INFO] IPUIPlugin:80 - create IPUIPlugin
2025-11-01 11:30:58,624 [INFO] IPUIPlugin:80 - create IPUIPlugin
2025-11-01 11:30:58,624 [INFO] IPUIPlugin:80 - create IPUIPlugin
2025-11-01 11:30:58,628 [WARN] IP:2250 - I2C_Coeff_DF not found: check if there is a RefParameter without a condition.
2025-11-01 11:30:58,628 [WARN] IP:2250 - Analog_Filter not found: check if there is a RefParameter without a condition.
2025-11-01 11:30:59,796 [INFO] CADModel:165 - CPN selected for project levelSTM32F103C8T6
2025-11-01 11:30:59,796 [INFO] CADModel:114 - Register for checkConnection events
2025-11-01 11:30:59,851 [INFO] OpenFileManager:386 - Restore cursor
2025-11-01 11:30:59,914 [WARN] IP:2250 - I2C_Coeff_DF not found: check if there is a RefParameter without a condition.
2025-11-01 11:30:59,914 [WARN] IP:2250 - Analog_Filter not found: check if there is a RefParameter without a condition.
2025-11-01 11:30:59,915 [WARN] IP:2250 - I2C_Coeff_DF not found: check if there is a RefParameter without a condition.
2025-11-01 11:30:59,915 [WARN] IP:2250 - Analog_Filter not found: check if there is a RefParameter without a condition.
2025-11-01 11:31:47,851 [INFO] UtilMem:75 - End SaveConfig() Used Memory: 435161088 Bytes (549453824)
2025-11-01 11:31:49,578 [INFO] UtilMem:75 - End SaveConfig() Used Memory: 455606272 Bytes (549453824)
2025-11-01 11:35:30,768 [INFO] UtilMem:75 - End SaveConfig() Used Memory: 519047168 Bytes (549453824)
2025-11-01 11:35:32,099 [INFO] BlockDiagram:2775 - set Specific Code input for plugin: RTC
2025-11-01 11:35:32,099 [INFO] BlockDiagram:2775 - set Specific Code input for plugin: NVIC
2025-11-01 11:35:32,099 [INFO] BlockDiagram:2775 - set Specific Code input for plugin: TIM1_8F1
2025-11-01 11:35:32,099 [INFO] BlockDiagram:2775 - set Specific Code input for plugin: TIM1_8F1
2025-11-01 11:35:32,099 [INFO] BlockDiagram:2775 - set Specific Code input for plugin: SYS
2025-11-01 11:35:32,100 [INFO] BlockDiagram:2775 - set Specific Code input for plugin: GPIO
2025-11-01 11:35:32,100 [INFO] BlockDiagram:2775 - set Specific Code input for plugin: RCC
2025-11-01 11:35:32,100 [INFO] BlockDiagram:2775 - set Specific Code input for plugin: I2C
2025-11-01 11:35:32,101 [INFO] CodeGenerator:892 - code generatio: config db path: C:\ST\STM32CubeIDE_1.19.0\STM32CubeIDE\plugins\com.st.stm32cube.common.mx_6.15.0.202507011659\\db\
2025-11-01 11:35:32,104 [WARN] IP:2250 - I2C_Coeff_DF not found: check if there is a RefParameter without a condition.
2025-11-01 11:35:32,104 [WARN] IP:2250 - Analog_Filter not found: check if there is a RefParameter without a condition.
2025-11-01 11:35:32,493 [INFO] CodeEngine:265 - oldGeneratedFile, C:\Users\nico2\OneDrive\Desktop\EMBEBIDOS\COMEDERO_INTEGRACION\MXTmpFiles\license.tmp_save
2025-11-01 11:35:33,421 [INFO] CodeEngine:289 - Generated code: C:\Users\nico2\OneDrive\Desktop\EMBEBIDOS\COMEDERO_INTEGRACION\MXTmpFiles\license.tmp
2025-11-01 11:35:33,632 [INFO] CodeEngine:265 - oldGeneratedFile, C:\Users\nico2\OneDrive\Desktop\EMBEBIDOS\COMEDERO_INTEGRACION\MXTmpFiles\gpio.tmp_save
2025-11-01 11:35:33,946 [INFO] CodeEngine:289 - Generated code: C:\Users\nico2\OneDrive\Desktop\EMBEBIDOS\COMEDERO_INTEGRACION\MXTmpFiles\gpio.tmp
2025-11-01 11:35:34,660 [INFO] CodeEngine:265 - oldGeneratedFile, C:\Users\nico2\OneDrive\Desktop\EMBEBIDOS\COMEDERO_INTEGRACION\Core\Src\stm32f1xx_it.c_save
2025-11-01 11:35:35,156 [INFO] CodeEngine:289 - Generated code: C:\Users\nico2\OneDrive\Desktop\EMBEBIDOS\COMEDERO_INTEGRACION\Core\Src\stm32f1xx_it.c
2025-11-01 11:35:35,183 [INFO] CodeEngine:265 - oldGeneratedFile, C:\Users\nico2\OneDrive\Desktop\EMBEBIDOS\COMEDERO_INTEGRACION\Core\Inc\stm32f1xx_it.h_save
2025-11-01 11:35:35,378 [INFO] CodeEngine:289 - Generated code: C:\Users\nico2\OneDrive\Desktop\EMBEBIDOS\COMEDERO_INTEGRACION\Core\Inc\stm32f1xx_it.h
2025-11-01 11:35:35,400 [INFO] CodeEngine:265 - oldGeneratedFile, C:\Users\nico2\OneDrive\Desktop\EMBEBIDOS\COMEDERO_INTEGRACION\Core\Src\stm32f1xx_hal_msp.c_save
2025-11-01 11:35:35,913 [INFO] CodeEngine:289 - Generated code: C:\Users\nico2\OneDrive\Desktop\EMBEBIDOS\COMEDERO_INTEGRACION\Core\Src\stm32f1xx_hal_msp.c
2025-11-01 11:35:35,920 [INFO] CodeEngine:265 - oldGeneratedFile, C:\Users\nico2\OneDrive\Desktop\EMBEBIDOS\COMEDERO_INTEGRACION\MXTmpFiles\system.tmp_save
2025-11-01 11:35:36,060 [INFO] CodeEngine:289 - Generated code: C:\Users\nico2\OneDrive\Desktop\EMBEBIDOS\COMEDERO_INTEGRACION\MXTmpFiles\system.tmp
2025-11-01 11:35:36,102 [INFO] CodeEngine:321 - oldGeneratedFile, C:\Users\nico2\OneDrive\Desktop\EMBEBIDOS\COMEDERO_INTEGRACION\Core\Inc\stm32f1xx_hal_conf.h_save
2025-11-01 11:35:36,162 [INFO] CodeEngine:345 - Generated code: C:\Users\nico2\OneDrive\Desktop\EMBEBIDOS\COMEDERO_INTEGRACION\Core\Inc\stm32f1xx_hal_conf.h
2025-11-01 11:35:36,228 [INFO] ApiDbMcu:532 - Load IP Config File for I2C1
2025-11-01 11:35:36,234 [INFO] ApiDbMcu:532 - Load IP Config File for RTC
2025-11-01 11:35:36,244 [INFO] ApiDbMcu:532 - Load IP Config File for TIM2
2025-11-01 11:35:36,274 [INFO] ApiDbMcu:532 - Load IP Config File for TIM3
2025-11-01 11:35:36,276 [INFO] ApiDbMcu:532 - Load IP Config File for RCC
2025-11-01 11:35:36,292 [WARN] IPConfigManager:3811 - IP not found : TIM
2025-11-01 11:35:36,292 [WARN] CodeGenerator:4259 - IP not found : null
2025-11-01 11:35:36,415 [INFO] CodeEngine:265 - oldGeneratedFile, C:\Users\nico2\OneDrive\Desktop\EMBEBIDOS\COMEDERO_INTEGRACION\Core\Inc\main.h_save
2025-11-01 11:35:36,541 [INFO] CodeEngine:289 - Generated code: C:\Users\nico2\OneDrive\Desktop\EMBEBIDOS\COMEDERO_INTEGRACION\Core\Inc\main.h
2025-11-01 11:35:36,552 [INFO] CodeEngine:265 - oldGeneratedFile, C:\Users\nico2\OneDrive\Desktop\EMBEBIDOS\COMEDERO_INTEGRACION\Core\Src\main.c_save
2025-11-01 11:35:37,100 [INFO] CodeEngine:289 - Generated code: C:\Users\nico2\OneDrive\Desktop\EMBEBIDOS\COMEDERO_INTEGRACION\Core\Src\main.c
2025-11-01 11:35:38,176 [INFO] ProjectBuilder:3606 - Time for Copy HAL[1] : 141mS.
2025-11-01 11:35:38,188 [INFO] ProjectBuilder:5216 - Project Generator version: 4.7.0-B52
2025-11-01 11:35:38,304 [INFO] ConfigFileManager:1595 - The Die is : DIE410
2025-11-01 11:35:38,310 [INFO] ApiDbMcu:532 - Load IP Config File for FATFS
2025-11-01 11:35:38,318 [INFO] ApiDbMcu:532 - Load IP Config File for FREERTOS
2025-11-01 11:35:38,329 [INFO] ApiDbMcu:532 - Load IP Config File for USB_DEVICE
2025-11-01 11:35:39,287 [INFO] LogOutputStream:77 - [STDOUT_REDIRECT] 
2025-11-01 11:35:43,913 [INFO] ProjectBuilder:5496 - Time for Generating toolchain IDE Files: 5724mS.
2025-11-01 11:35:43,914 [INFO] ProjectBuilder:3463 - Time for Copy CMSIS : 1mS.
2025-11-01 11:35:43,916 [INFO] ProjectBuilder:3463 - Time for Copy CMSIS : 0mS.
2025-11-01 16:22:37,602 [INFO] WebApp:194 - Connection lost
2025-11-01 16:22:43,082 [INFO] WebApp:191 - Connection restablished
2025-11-01 16:22:45,683 [INFO] WebApp:194 - Connection lost
2025-11-01 16:22:45,826 [INFO] WebApp:191 - Connection restablished
2025-11-01 16:26:15,979 [WARN] IP:2250 - I2C_Coeff_DF not found: check if there is a RefParameter without a condition.
2025-11-01 16:26:15,979 [WARN] IP:2250 - Analog_Filter not found: check if there is a RefParameter without a condition.
2025-11-01 16:26:15,980 [WARN] IP:2250 - I2C_Coeff_DF not found: check if there is a RefParameter without a condition.
2025-11-01 16:26:15,980 [WARN] IP:2250 - Analog_Filter not found: check if there is a RefParameter without a condition.
2025-11-01 16:26:16,202 [WARN] IP:2250 - I2C_Coeff_DF not found: check if there is a RefParameter without a condition.
2025-11-01 16:26:16,203 [WARN] IP:2250 - Analog_Filter not found: check if there is a RefParameter without a condition.
2025-11-01 16:26:16,421 [WARN] IP:2250 - I2C_Coeff_DF not found: check if there is a RefParameter without a condition.
2025-11-01 16:26:16,421 [WARN] IP:2250 - Analog_Filter not found: check if there is a RefParameter without a condition.
2025-11-01 16:26:23,214 [WARN] IP:2250 - I2C_Coeff_DF not found: check if there is a RefParameter without a condition.
2025-11-01 16:26:23,214 [WARN] IP:2250 - Analog_Filter not found: check if there is a RefParameter without a condition.
2025-11-01 16:26:23,215 [WARN] IP:2250 - I2C_Coeff_DF not found: check if there is a RefParameter without a condition.
2025-11-01 16:26:23,215 [WARN] IP:2250 - Analog_Filter not found: check if there is a RefParameter without a condition.
2025-11-01 16:26:23,333 [WARN] IP:2250 - I2C_Coeff_DF not found: check if there is a RefParameter without a condition.
2025-11-01 16:26:23,333 [WARN] IP:2250 - Analog_Filter not found: check if there is a RefParameter without a condition.
2025-11-01 16:26:23,444 [WARN] IP:2250 - I2C_Coeff_DF not found: check if there is a RefParameter without a condition.
2025-11-01 16:26:23,444 [WARN] IP:2250 - Analog_Filter not found: check if there is a RefParameter without a condition.
2025-11-01 16:26:27,937 [INFO] UtilMem:75 - End SaveConfig() Used Memory: 509935008 Bytes (592445440)
2025-11-01 16:26:31,348 [INFO] UtilMem:75 - End SaveConfig() Used Memory: 533557072 Bytes (592445440)
2025-11-01 16:26:35,882 [INFO] UtilMem:75 - End SaveConfig() Used Memory: 269051712 Bytes (592445440)
2025-11-01 16:26:36,998 [INFO] BlockDiagram:2775 - set Specific Code input for plugin: RTC
2025-11-01 16:26:36,998 [INFO] BlockDiagram:2775 - set Specific Code input for plugin: NVIC
2025-11-01 16:26:36,998 [INFO] BlockDiagram:2775 - set Specific Code input for plugin: TIM1_8F1
2025-11-01 16:26:36,999 [INFO] BlockDiagram:2775 - set Specific Code input for plugin: TIM1_8F1
2025-11-01 16:26:36,999 [INFO] BlockDiagram:2775 - set Specific Code input for plugin: SYS
2025-11-01 16:26:36,999 [INFO] BlockDiagram:2775 - set Specific Code input for plugin: GPIO
2025-11-01 16:26:36,999 [INFO] BlockDiagram:2775 - set Specific Code input for plugin: RCC
2025-11-01 16:26:36,999 [INFO] BlockDiagram:2775 - set Specific Code input for plugin: I2C
2025-11-01 16:26:37,000 [INFO] CodeGenerator:892 - code generatio: config db path: C:\ST\STM32CubeIDE_1.19.0\STM32CubeIDE\plugins\com.st.stm32cube.common.mx_6.15.0.202507011659\\db\
2025-11-01 16:26:37,014 [WARN] IP:2250 - I2C_Coeff_DF not found: check if there is a RefParameter without a condition.
2025-11-01 16:26:37,014 [WARN] IP:2250 - Analog_Filter not found: check if there is a RefParameter without a condition.
2025-11-01 16:26:37,061 [INFO] CodeEngine:265 - oldGeneratedFile, C:\Users\nico2\OneDrive\Desktop\EMBEBIDOS\COMEDERO_INTEGRACION\MXTmpFiles\license.tmp_save
2025-11-01 16:26:38,090 [INFO] CodeEngine:289 - Generated code: C:\Users\nico2\OneDrive\Desktop\EMBEBIDOS\COMEDERO_INTEGRACION\MXTmpFiles\license.tmp
2025-11-01 16:26:38,497 [INFO] CodeEngine:265 - oldGeneratedFile, C:\Users\nico2\OneDrive\Desktop\EMBEBIDOS\COMEDERO_INTEGRACION\MXTmpFiles\gpio.tmp_save
2025-11-01 16:26:38,744 [INFO] CodeEngine:289 - Generated code: C:\Users\nico2\OneDrive\Desktop\EMBEBIDOS\COMEDERO_INTEGRACION\MXTmpFiles\gpio.tmp
2025-11-01 16:26:39,269 [INFO] CodeEngine:265 - oldGeneratedFile, C:\Users\nico2\OneDrive\Desktop\EMBEBIDOS\COMEDERO_INTEGRACION\Core\Src\stm32f1xx_it.c_save
2025-11-01 16:26:39,892 [INFO] CodeEngine:289 - Generated code: C:\Users\nico2\OneDrive\Desktop\EMBEBIDOS\COMEDERO_INTEGRACION\Core\Src\stm32f1xx_it.c
2025-11-01 16:26:39,896 [INFO] CodeEngine:265 - oldGeneratedFile, C:\Users\nico2\OneDrive\Desktop\EMBEBIDOS\COMEDERO_INTEGRACION\Core\Inc\stm32f1xx_it.h_save
2025-11-01 16:26:40,011 [INFO] CodeEngine:289 - Generated code: C:\Users\nico2\OneDrive\Desktop\EMBEBIDOS\COMEDERO_INTEGRACION\Core\Inc\stm32f1xx_it.h
2025-11-01 16:26:40,037 [INFO] CodeEngine:265 - oldGeneratedFile, C:\Users\nico2\OneDrive\Desktop\EMBEBIDOS\COMEDERO_INTEGRACION\Core\Src\stm32f1xx_hal_msp.c_save
2025-11-01 16:26:40,257 [INFO] CodeEngine:289 - Generated code: C:\Users\nico2\OneDrive\Desktop\EMBEBIDOS\COMEDERO_INTEGRACION\Core\Src\stm32f1xx_hal_msp.c
2025-11-01 16:26:40,260 [INFO] CodeEngine:265 - oldGeneratedFile, C:\Users\nico2\OneDrive\Desktop\EMBEBIDOS\COMEDERO_INTEGRACION\MXTmpFiles\system.tmp_save
2025-11-01 16:26:40,400 [INFO] CodeEngine:289 - Generated code: C:\Users\nico2\OneDrive\Desktop\EMBEBIDOS\COMEDERO_INTEGRACION\MXTmpFiles\system.tmp
2025-11-01 16:26:40,407 [INFO] CodeEngine:321 - oldGeneratedFile, C:\Users\nico2\OneDrive\Desktop\EMBEBIDOS\COMEDERO_INTEGRACION\Core\Inc\stm32f1xx_hal_conf.h_save
2025-11-01 16:26:40,586 [INFO] CodeEngine:345 - Generated code: C:\Users\nico2\OneDrive\Desktop\EMBEBIDOS\COMEDERO_INTEGRACION\Core\Inc\stm32f1xx_hal_conf.h
2025-11-01 16:26:40,637 [WARN] IPConfigManager:3811 - IP not found : TIM
2025-11-01 16:26:40,638 [WARN] CodeGenerator:4259 - IP not found : null
2025-11-01 16:26:40,644 [INFO] CodeEngine:265 - oldGeneratedFile, C:\Users\nico2\OneDrive\Desktop\EMBEBIDOS\COMEDERO_INTEGRACION\Core\Inc\main.h_save
2025-11-01 16:26:40,837 [INFO] CodeEngine:289 - Generated code: C:\Users\nico2\OneDrive\Desktop\EMBEBIDOS\COMEDERO_INTEGRACION\Core\Inc\main.h
2025-11-01 16:26:40,869 [INFO] CodeEngine:265 - oldGeneratedFile, C:\Users\nico2\OneDrive\Desktop\EMBEBIDOS\COMEDERO_INTEGRACION\Core\Src\main.c_save
2025-11-01 16:26:41,069 [INFO] CodeEngine:289 - Generated code: C:\Users\nico2\OneDrive\Desktop\EMBEBIDOS\COMEDERO_INTEGRACION\Core\Src\main.c
2025-11-01 16:26:41,915 [INFO] ProjectBuilder:3606 - Time for Copy HAL[1] : 90mS.
2025-11-01 16:26:41,920 [INFO] ProjectBuilder:5216 - Project Generator version: 4.7.0-B52
2025-11-01 16:26:42,002 [INFO] ConfigFileManager:1595 - The Die is : DIE410
2025-11-01 16:26:54,278 [INFO] ProjectBuilder:5496 - Time for Generating toolchain IDE Files: 12354mS.
2025-11-01 16:26:54,278 [INFO] ProjectBuilder:3463 - Time for Copy CMSIS : 0mS.
2025-11-01 16:26:54,280 [INFO] ProjectBuilder:3463 - Time for Copy CMSIS : 0mS.
2025-11-01 17:25:00,990 [INFO] UtilMem:75 - End SaveConfig() Used Memory: 429396104 Bytes (592445440)
2025-11-01 17:25:03,872 [INFO] UtilMem:75 - End SaveConfig() Used Memory: 447737168 Bytes (592445440)
2025-11-01 17:25:06,936 [INFO] UtilMem:75 - End SaveConfig() Used Memory: 517221232 Bytes (592445440)
2025-11-01 17:25:08,107 [INFO] BlockDiagram:2775 - set Specific Code input for plugin: RTC
2025-11-01 17:25:08,107 [INFO] BlockDiagram:2775 - set Specific Code input for plugin: NVIC
2025-11-01 17:25:08,108 [INFO] BlockDiagram:2775 - set Specific Code input for plugin: TIM1_8F1
2025-11-01 17:25:08,108 [INFO] BlockDiagram:2775 - set Specific Code input for plugin: TIM1_8F1
2025-11-01 17:25:08,108 [INFO] BlockDiagram:2775 - set Specific Code input for plugin: SYS
2025-11-01 17:25:08,108 [INFO] BlockDiagram:2775 - set Specific Code input for plugin: GPIO
2025-11-01 17:25:08,108 [INFO] BlockDiagram:2775 - set Specific Code input for plugin: RCC
2025-11-01 17:25:08,109 [INFO] BlockDiagram:2775 - set Specific Code input for plugin: I2C
2025-11-01 17:25:08,112 [INFO] CodeGenerator:892 - code generatio: config db path: C:\ST\STM32CubeIDE_1.19.0\STM32CubeIDE\plugins\com.st.stm32cube.common.mx_6.15.0.202507011659\\db\
2025-11-01 17:25:08,128 [WARN] IP:2250 - I2C_Coeff_DF not found: check if there is a RefParameter without a condition.
2025-11-01 17:25:08,136 [WARN] IP:2250 - Analog_Filter not found: check if there is a RefParameter without a condition.
2025-11-01 17:25:08,272 [INFO] CodeEngine:265 - oldGeneratedFile, C:\Users\nico2\OneDrive\Desktop\EMBEBIDOS\COMEDERO_INTEGRACION\MXTmpFiles\license.tmp_save
2025-11-01 17:25:09,813 [INFO] CodeEngine:289 - Generated code: C:\Users\nico2\OneDrive\Desktop\EMBEBIDOS\COMEDERO_INTEGRACION\MXTmpFiles\license.tmp
2025-11-01 17:25:10,047 [INFO] CodeEngine:265 - oldGeneratedFile, C:\Users\nico2\OneDrive\Desktop\EMBEBIDOS\COMEDERO_INTEGRACION\MXTmpFiles\gpio.tmp_save
2025-11-01 17:25:10,288 [INFO] CodeEngine:289 - Generated code: C:\Users\nico2\OneDrive\Desktop\EMBEBIDOS\COMEDERO_INTEGRACION\MXTmpFiles\gpio.tmp
2025-11-01 17:25:10,832 [INFO] CodeEngine:265 - oldGeneratedFile, C:\Users\nico2\OneDrive\Desktop\EMBEBIDOS\COMEDERO_INTEGRACION\Core\Src\stm32f1xx_it.c_save
2025-11-01 17:25:11,223 [INFO] CodeEngine:289 - Generated code: C:\Users\nico2\OneDrive\Desktop\EMBEBIDOS\COMEDERO_INTEGRACION\Core\Src\stm32f1xx_it.c
2025-11-01 17:25:11,260 [INFO] CodeEngine:265 - oldGeneratedFile, C:\Users\nico2\OneDrive\Desktop\EMBEBIDOS\COMEDERO_INTEGRACION\Core\Inc\stm32f1xx_it.h_save
2025-11-01 17:25:11,453 [INFO] CodeEngine:289 - Generated code: C:\Users\nico2\OneDrive\Desktop\EMBEBIDOS\COMEDERO_INTEGRACION\Core\Inc\stm32f1xx_it.h
2025-11-01 17:25:11,505 [INFO] CodeEngine:265 - oldGeneratedFile, C:\Users\nico2\OneDrive\Desktop\EMBEBIDOS\COMEDERO_INTEGRACION\Core\Src\stm32f1xx_hal_msp.c_save
2025-11-01 17:25:13,475 [INFO] CodeEngine:289 - Generated code: C:\Users\nico2\OneDrive\Desktop\EMBEBIDOS\COMEDERO_INTEGRACION\Core\Src\stm32f1xx_hal_msp.c
2025-11-01 17:25:13,478 [INFO] CodeEngine:265 - oldGeneratedFile, C:\Users\nico2\OneDrive\Desktop\EMBEBIDOS\COMEDERO_INTEGRACION\MXTmpFiles\system.tmp_save
2025-11-01 17:25:13,546 [INFO] CodeEngine:289 - Generated code: C:\Users\nico2\OneDrive\Desktop\EMBEBIDOS\COMEDERO_INTEGRACION\MXTmpFiles\system.tmp
2025-11-01 17:25:13,554 [INFO] CodeEngine:321 - oldGeneratedFile, C:\Users\nico2\OneDrive\Desktop\EMBEBIDOS\COMEDERO_INTEGRACION\Core\Inc\stm32f1xx_hal_conf.h_save
2025-11-01 17:25:13,622 [INFO] CodeEngine:345 - Generated code: C:\Users\nico2\OneDrive\Desktop\EMBEBIDOS\COMEDERO_INTEGRACION\Core\Inc\stm32f1xx_hal_conf.h
2025-11-01 17:25:13,675 [WARN] IPConfigManager:3811 - IP not found : TIM
2025-11-01 17:25:13,676 [WARN] CodeGenerator:4259 - IP not found : null
2025-11-01 17:25:13,681 [INFO] CodeEngine:265 - oldGeneratedFile, C:\Users\nico2\OneDrive\Desktop\EMBEBIDOS\COMEDERO_INTEGRACION\Core\Inc\main.h_save
2025-11-01 17:25:13,818 [INFO] CodeEngine:289 - Generated code: C:\Users\nico2\OneDrive\Desktop\EMBEBIDOS\COMEDERO_INTEGRACION\Core\Inc\main.h
2025-11-01 17:25:13,824 [INFO] CodeEngine:265 - oldGeneratedFile, C:\Users\nico2\OneDrive\Desktop\EMBEBIDOS\COMEDERO_INTEGRACION\Core\Src\main.c_save
2025-11-01 17:25:13,991 [INFO] CodeEngine:289 - Generated code: C:\Users\nico2\OneDrive\Desktop\EMBEBIDOS\COMEDERO_INTEGRACION\Core\Src\main.c
2025-11-01 17:25:14,424 [INFO] ProjectBuilder:3606 - Time for Copy HAL[1] : 90mS.
2025-11-01 17:25:14,429 [INFO] ProjectBuilder:5216 - Project Generator version: 4.7.0-B52
2025-11-01 17:25:14,530 [INFO] ConfigFileManager:1595 - The Die is : DIE410
2025-11-01 17:25:18,730 [INFO] ProjectBuilder:5496 - Time for Generating toolchain IDE Files: 4301mS.
2025-11-01 17:25:18,731 [INFO] ProjectBuilder:3463 - Time for Copy CMSIS : 1mS.
2025-11-01 17:25:18,733 [INFO] ProjectBuilder:3463 - Time for Copy CMSIS : 1mS.
2025-11-01 17:47:11,498 [INFO] WebApp:403 - JxBrowser engine has been closed 
2025-11-01 17:47:36,301 [ERROR] LogOutputStream:75 - [STDERR_REDIRECT] 
2025-11-01 17:47:36,303 [ERROR] LogOutputStream:75 - [STDERR_REDIRECT] 
