2025-10-19 18:40:52,959 [INFO] Activator:176 - 


2025-10-19 18:40:52,963 [INFO] Activator:177 - !SESSION log4j initialized
2025-10-19 18:41:24,404 [INFO] LogOutputStream:77 - [STDOUT_REDIRECT] 
2025-10-19 18:41:28,854 [INFO] ApplicationProperties:184 - Using Application install path: C:\ST\STM32CubeIDE_1.19.0\STM32CubeIDE\plugins\com.st.stm32cube.common.mx_6.15.0.202507011659
2025-10-19 18:41:28,879 [INFO] DbMcusXml:78 - Set database path to: C:\ST\STM32CubeIDE_1.19.0\STM32CubeIDE\plugins\com.st.stm32cube.common.mx_6.15.0.202507011659\\db\/mcu/
2025-10-19 18:41:28,880 [INFO] ApiDb:274 - Set plugin database path to: C:\ST\STM32CubeIDE_1.19.0\STM32CubeIDE\plugins\com.st.stm32cube.common.mx_6.15.0.202507011659\\db\/plugins/boardmanager/
2025-10-19 18:41:28,880 [WARN] ApiDb:259 - Overriding images path with different value:  => C:\ST\STM32CubeIDE_1.19.0\STM32CubeIDE\plugins\com.st.stm32cube.common.mx_6.15.0.202507011659\\db\/plugins/mcufinder/images/
2025-10-19 18:41:28,891 [INFO] ApiDb:250 - Set database path to: C:\Users\nico2\.stmcufinder\plugins\mcufinder//mcu/
2025-10-19 18:41:28,892 [INFO] DbMcusAds:125 - Set database path to: C:\Users\nico2\.stmcufinder\plugins\mcufinder//mcu/
2025-10-19 18:41:28,895 [INFO] CrossReferenceDbSqlite:203 - Set database path to: C:\Users\nico2\.stmcufinder\plugins\mcufinder//mcu/cs/
2025-10-19 18:41:29,081 [INFO] RulesReader:64 - Compatibility file has been processed (317 Rules)
2025-10-19 18:41:29,197 [INFO] DbMcusXml:78 - Set database path to: C:\ST\STM32CubeIDE_1.19.0\STM32CubeIDE\plugins\com.st.stm32cube.common.mx_6.15.0.202507011659\\db\/mcu/
2025-10-19 18:41:29,197 [INFO] ApiDb:274 - Set plugin database path to: C:\ST\STM32CubeIDE_1.19.0\STM32CubeIDE\plugins\com.st.stm32cube.common.mx_6.15.0.202507011659\\db\/plugins/boardmanager/
2025-10-19 18:41:29,198 [INFO] ApiDb:261 - Set plugin images path to: C:\ST\STM32CubeIDE_1.19.0\STM32CubeIDE\plugins\com.st.stm32cube.common.mx_6.15.0.202507011659\\db\/plugins/mcufinder/images/
2025-10-19 18:41:29,198 [WARN] DbFile:41 - Overriding database path with different value: C:\Users\nico2\.stmcufinder\plugins\mcufinder/ => C:\Users\nico2\.stmcufinder\plugins\mcufinder
2025-10-19 18:41:29,198 [INFO] ApiDb:250 - Set database path to: C:\Users\nico2\.stmcufinder\plugins\mcufinder//mcu/
2025-10-19 18:41:29,198 [WARN] DbFile:41 - Overriding database path with different value: C:\Users\nico2\.stmcufinder\plugins\mcufinder/ => C:\Users\nico2\.stmcufinder\plugins\mcufinder
2025-10-19 18:41:29,198 [INFO] DbMcusAds:125 - Set database path to: C:\Users\nico2\.stmcufinder\plugins\mcufinder//mcu/
2025-10-19 18:41:29,198 [WARN] DbFile:41 - Overriding database path with different value: C:\Users\nico2\.stmcufinder\plugins\mcufinder/ => C:\Users\nico2\.stmcufinder\plugins\mcufinder
2025-10-19 18:41:29,198 [WARN] DbFile:41 - Overriding database path with different value: C:\Users\nico2\.stmcufinder\plugins\mcufinder/ => C:\Users\nico2\.stmcufinder\plugins\mcufinder
2025-10-19 18:41:29,199 [INFO] CrossReferenceDbSqlite:203 - Set database path to: C:\Users\nico2\.stmcufinder\plugins\mcufinder//mcu/cs/
2025-10-19 18:41:29,368 [INFO] MainPanel:274 - HeapMemory: 268435456
2025-10-19 18:41:29,582 [INFO] DbMcusXml:78 - Set database path to: C:\ST\STM32CubeIDE_1.19.0\STM32CubeIDE\plugins\com.st.stm32cube.common.mx_6.15.0.202507011659\\db\/mcu/
2025-10-19 18:41:29,595 [INFO] ApiDb:274 - Set plugin database path to: C:\ST\STM32CubeIDE_1.19.0\STM32CubeIDE\plugins\com.st.stm32cube.common.mx_6.15.0.202507011659\\db\/plugins/boardmanager/
2025-10-19 18:41:29,595 [INFO] ApiDb:261 - Set plugin images path to: C:\ST\STM32CubeIDE_1.19.0\STM32CubeIDE\plugins\com.st.stm32cube.common.mx_6.15.0.202507011659\\db\/plugins/mcufinder/images/
2025-10-19 18:41:29,595 [WARN] DbFile:41 - Overriding database path with different value: C:\Users\nico2\.stmcufinder\plugins\mcufinder/ => C:\Users\nico2\.stmcufinder\plugins\mcufinder
2025-10-19 18:41:29,595 [INFO] ApiDb:250 - Set database path to: C:\Users\nico2\.stmcufinder\plugins\mcufinder//mcu/
2025-10-19 18:41:29,595 [WARN] DbFile:41 - Overriding database path with different value: C:\Users\nico2\.stmcufinder\plugins\mcufinder/ => C:\Users\nico2\.stmcufinder\plugins\mcufinder
2025-10-19 18:41:29,595 [INFO] DbMcusAds:125 - Set database path to: C:\Users\nico2\.stmcufinder\plugins\mcufinder//mcu/
2025-10-19 18:41:29,596 [WARN] DbFile:41 - Overriding database path with different value: C:\Users\nico2\.stmcufinder\plugins\mcufinder/ => C:\Users\nico2\.stmcufinder\plugins\mcufinder
2025-10-19 18:41:29,596 [WARN] DbFile:41 - Overriding database path with different value: C:\Users\nico2\.stmcufinder\plugins\mcufinder/ => C:\Users\nico2\.stmcufinder\plugins\mcufinder
2025-10-19 18:41:29,596 [INFO] CrossReferenceDbSqlite:203 - Set database path to: C:\Users\nico2\.stmcufinder\plugins\mcufinder//mcu/cs/
2025-10-19 18:41:29,616 [INFO] ApplicationProperties:184 - Using Application install path: C:\ST\STM32CubeIDE_1.19.0\STM32CubeIDE\plugins\com.st.stm32cube.common.mx_6.15.0.202507011659
2025-10-19 18:41:29,617 [INFO] PluginManage:196 - Search for loadable plugins [exclusion list=, ]
2025-10-19 18:41:29,618 [INFO] PluginManage:310 - Check plugin analytics
2025-10-19 18:41:29,926 [INFO] AnalyticsPlugin:253 - Accepted Software Licenses: 
2025-10-19 18:41:29,934 [INFO] AnalyticsPlugin:255 - Accepted CMSIS Pack Licenses: 
2025-10-19 18:41:29,934 [INFO] AnalyticsPlugin:257 - Accepted Firmware Licenses: 
2025-10-19 18:41:29,935 [INFO] PluginManage:359 - Loaded plugin analytics (category:tool,tabindex:-1)
2025-10-19 18:41:29,935 [INFO] PluginManage:310 - Check plugin cadmodel
2025-10-19 18:41:29,943 [INFO] CADModel:105 - Init CAD model plugin
2025-10-19 18:41:29,943 [INFO] PluginManage:359 - Loaded plugin cadmodel (category:power,tabindex:5)
2025-10-19 18:41:29,943 [INFO] PluginManage:310 - Check plugin clock
2025-10-19 18:41:29,957 [INFO] PluginManage:359 - Loaded plugin clock (category:base,tabindex:2)
2025-10-19 18:41:29,957 [INFO] PluginManage:310 - Check plugin ddr
2025-10-19 18:41:29,959 [INFO] PluginManage:359 - Loaded plugin ddr (category:tool,tabindex:6)
2025-10-19 18:41:29,960 [INFO] PluginManage:310 - Check plugin filemanager
2025-10-19 18:41:30,157 [INFO] PluginManage:359 - Loaded plugin filemanager (category:base,tabindex:10)
2025-10-19 18:41:30,157 [INFO] PluginManage:310 - Check plugin ipmanager
2025-10-19 18:41:30,163 [INFO] PluginManage:359 - Loaded plugin ipmanager (category:base,tabindex:5)
2025-10-19 18:41:30,163 [INFO] PluginManage:310 - Check plugin lpbam
2025-10-19 18:41:30,173 [INFO] PluginManage:359 - Loaded plugin lpbam (category:base,tabindex:0)
2025-10-19 18:41:30,174 [INFO] PluginManage:310 - Check plugin memorymap
2025-10-19 18:41:30,191 [INFO] PluginManage:359 - Loaded plugin memorymap (category:base,tabindex:4)
2025-10-19 18:41:30,191 [INFO] PluginManage:310 - Check plugin pinoutandconfiguration
2025-10-19 18:41:30,201 [INFO] PluginManage:359 - Loaded plugin pinoutandconfiguration (category:base,tabindex:1)
2025-10-19 18:41:30,201 [INFO] PluginManage:310 - Check plugin pinoutconfig
2025-10-19 18:41:30,341 [WARN] SupportedApi:132 - Cannot load RTOS API schema: s4s-elt-must-match.1: The content of 'definitions' must match (annotation?, (simpleType | complexType)?, (unique | key | keyref)*)). A problem was found starting at: attribute.
2025-10-19 18:41:30,481 [INFO] PluginManage:359 - Loaded plugin pinoutconfig (category:base,tabindex:0)
2025-10-19 18:41:30,481 [INFO] PluginManage:310 - Check plugin power
2025-10-19 18:41:30,500 [INFO] PluginManage:359 - Loaded plugin power (category:power,tabindex:4)
2025-10-19 18:41:30,500 [INFO] PluginManage:310 - Check plugin projectmanager
2025-10-19 18:41:30,548 [INFO] PluginManage:359 - Loaded plugin projectmanager (category:projectmanager,tabindex:4)
2025-10-19 18:41:30,548 [INFO] PluginManage:310 - Check plugin rif
2025-10-19 18:41:30,559 [INFO] PluginManage:359 - Loaded plugin rif (category:base,tabindex:3)
2025-10-19 18:41:30,559 [INFO] PluginManage:310 - Check plugin thirdparty
2025-10-19 18:41:30,930 [INFO] PluginManage:359 - Loaded plugin thirdparty (category:base,tabindex:-1)
2025-10-19 18:41:30,931 [INFO] PluginManage:310 - Check plugin tools
2025-10-19 18:41:30,931 [WARN] IntegrityCheckThread:84 - waiting for thirdparty lock release [integrity check]
2025-10-19 18:41:30,931 [INFO] IntegrityCheckThread:86 - entering critical section [integrity check]
2025-10-19 18:41:30,933 [INFO] PluginManage:359 - Loaded plugin tools (category:base,tabindex:7)
2025-10-19 18:41:30,933 [INFO] PluginManage:310 - Check plugin tutovideos
2025-10-19 18:41:30,933 [INFO] ThirdPartyUpdaterWithRetryManager:70 - Updater plugin not ready yet. [1/15]
2025-10-19 18:41:31,144 [INFO] PluginManage:359 - Loaded plugin tutovideos (category:base,tabindex:-1)
2025-10-19 18:41:31,144 [INFO] PluginManage:310 - Check plugin updater
2025-10-19 18:41:31,311 [INFO] PluginManage:359 - Loaded plugin updater (category:base,tabindex:12)
2025-10-19 18:41:31,311 [INFO] PluginManage:310 - Check plugin userauth
2025-10-19 18:41:31,319 [INFO] UserAuth:118 - Init User Auth plugin
2025-10-19 18:41:31,319 [INFO] PluginManage:359 - Loaded plugin userauth (category:base,tabindex:14)
2025-10-19 18:41:31,320 [INFO] PluginManage:283 - PluginManage : Loaded plugins [18]
2025-10-19 18:41:31,557 [INFO] PinOutPanel:1589 - setPackage(No Configuration,No Configuration)
2025-10-19 18:41:31,662 [INFO] CADModel:165 - CPN selected for project level
2025-10-19 18:41:31,663 [INFO] CADModel:114 - Register for checkConnection events
2025-10-19 18:41:31,775 [INFO] IPUIPlugin:80 - create IPUIPlugin
2025-10-19 18:41:31,775 [INFO] PluginManager:220 - loadIPPluginJar : add adc
2025-10-19 18:41:31,778 [INFO] IPUIPlugin:80 - create IPUIPlugin
2025-10-19 18:41:31,779 [INFO] PluginManager:220 - loadIPPluginJar : add aes
2025-10-19 18:41:31,804 [INFO] IPUIPlugin:80 - create IPUIPlugin
2025-10-19 18:41:31,805 [INFO] PluginManager:220 - loadIPPluginJar : add can
2025-10-19 18:41:31,807 [INFO] IPUIPlugin:80 - create IPUIPlugin
2025-10-19 18:41:31,811 [INFO] PluginManager:220 - loadIPPluginJar : add comp
2025-10-19 18:41:31,814 [INFO] IPUIPlugin:80 - create IPUIPlugin
2025-10-19 18:41:31,814 [INFO] PluginManager:220 - loadIPPluginJar : add cryp
2025-10-19 18:41:31,820 [INFO] IPUIPlugin:80 - create IPUIPlugin
2025-10-19 18:41:31,820 [INFO] PluginManager:220 - loadIPPluginJar : add ddr_ctrl_phy
2025-10-19 18:41:31,823 [INFO] IPUIPlugin:80 - create IPUIPlugin
2025-10-19 18:41:31,823 [INFO] PluginManager:220 - loadIPPluginJar : add dfsdm
2025-10-19 18:41:31,828 [INFO] IPUIPlugin:80 - create IPUIPlugin
2025-10-19 18:41:31,829 [INFO] PluginManager:220 - loadIPPluginJar : add dma
2025-10-19 18:41:31,834 [INFO] IPUIPlugin:80 - create IPUIPlugin
2025-10-19 18:41:31,834 [INFO] PluginManager:220 - loadIPPluginJar : add dma3
2025-10-19 18:41:31,836 [INFO] IPUIPlugin:80 - create IPUIPlugin
2025-10-19 18:41:31,837 [INFO] PluginManager:220 - loadIPPluginJar : add extmemmanager
2025-10-19 18:41:31,838 [INFO] IPUIPlugin:80 - create IPUIPlugin
2025-10-19 18:41:31,838 [INFO] PluginManager:220 - loadIPPluginJar : add fatfs
2025-10-19 18:41:31,842 [INFO] IPUIPlugin:80 - create IPUIPlugin
2025-10-19 18:41:31,842 [INFO] PluginManager:220 - loadIPPluginJar : add fmc
2025-10-19 18:41:31,851 [INFO] IPUIPlugin:80 - create IPUIPlugin
2025-10-19 18:41:31,856 [INFO] PluginManager:220 - loadIPPluginJar : add freertos
2025-10-19 18:41:31,857 [INFO] IPUIPlugin:80 - create IPUIPlugin
2025-10-19 18:41:31,857 [INFO] PluginManager:220 - loadIPPluginJar : add genericplugin
2025-10-19 18:41:31,860 [INFO] IPUIPlugin:80 - create IPUIPlugin
2025-10-19 18:41:31,860 [INFO] PluginManager:220 - loadIPPluginJar : add gfxmmu
2025-10-19 18:41:31,898 [INFO] IPUIPlugin:80 - create IPUIPlugin
2025-10-19 18:41:31,898 [INFO] PluginManager:220 - loadIPPluginJar : add gic
2025-10-19 18:41:31,902 [INFO] IPUIPlugin:80 - create IPUIPlugin
2025-10-19 18:41:31,903 [INFO] PluginManager:220 - loadIPPluginJar : add gpio
2025-10-19 18:41:31,905 [INFO] IPUIPlugin:80 - create IPUIPlugin
2025-10-19 18:41:31,905 [INFO] PluginManager:220 - loadIPPluginJar : add gtzc
2025-10-19 18:41:31,907 [INFO] IPUIPlugin:80 - create IPUIPlugin
2025-10-19 18:41:31,908 [INFO] PluginManager:220 - loadIPPluginJar : add hash
2025-10-19 18:41:31,910 [INFO] IPUIPlugin:80 - create IPUIPlugin
2025-10-19 18:41:31,910 [INFO] PluginManager:220 - loadIPPluginJar : add i2c
2025-10-19 18:41:31,913 [INFO] IPUIPlugin:80 - create IPUIPlugin
2025-10-19 18:41:31,914 [INFO] PluginManager:220 - loadIPPluginJar : add i2s
2025-10-19 18:41:31,916 [INFO] IPUIPlugin:80 - create IPUIPlugin
2025-10-19 18:41:31,916 [INFO] PluginManager:220 - loadIPPluginJar : add i3c
2025-10-19 18:41:31,920 [INFO] IPUIPlugin:80 - create IPUIPlugin
2025-10-19 18:41:31,920 [INFO] PluginManager:220 - loadIPPluginJar : add ipddr
2025-10-19 18:41:31,926 [INFO] IPUIPlugin:80 - create IPUIPlugin
2025-10-19 18:41:31,926 [INFO] PluginManager:220 - loadIPPluginJar : add linkedlist
2025-10-19 18:41:31,958 [INFO] IPUIPlugin:80 - create IPUIPlugin
2025-10-19 18:41:31,958 [INFO] PluginManager:220 - loadIPPluginJar : add lorawan
2025-10-19 18:41:31,960 [INFO] IPUIPlugin:80 - create IPUIPlugin
2025-10-19 18:41:31,960 [INFO] PluginManager:220 - loadIPPluginJar : add ltdc
2025-10-19 18:41:31,965 [INFO] IPUIPlugin:80 - create IPUIPlugin
2025-10-19 18:41:31,966 [INFO] PluginManager:220 - loadIPPluginJar : add mdma
2025-10-19 18:41:31,969 [INFO] IPUIPlugin:80 - create IPUIPlugin
2025-10-19 18:41:31,969 [INFO] PluginManager:220 - loadIPPluginJar : add nvic
2025-10-19 18:41:31,972 [INFO] IPUIPlugin:80 - create IPUIPlugin
2025-10-19 18:41:31,972 [INFO] PluginManager:220 - loadIPPluginJar : add opamp
2025-10-19 18:41:31,974 [INFO] IPUIPlugin:80 - create IPUIPlugin
2025-10-19 18:41:31,974 [INFO] PluginManager:220 - loadIPPluginJar : add openamp
2025-10-19 18:41:31,977 [INFO] IPUIPlugin:80 - create IPUIPlugin
2025-10-19 18:41:31,977 [INFO] PluginManager:220 - loadIPPluginJar : add pdm2pcm
2025-10-19 18:41:31,982 [INFO] IPUIPlugin:80 - create IPUIPlugin
2025-10-19 18:41:31,984 [INFO] PluginManager:220 - loadIPPluginJar : add plateformsettings
2025-10-19 18:41:31,985 [INFO] IPUIPlugin:80 - create IPUIPlugin
2025-10-19 18:41:31,985 [INFO] PluginManager:220 - loadIPPluginJar : add quadspi
2025-10-19 18:41:31,998 [INFO] IPUIPlugin:80 - create IPUIPlugin
2025-10-19 18:41:31,998 [INFO] PluginManager:220 - loadIPPluginJar : add radio
2025-10-19 18:41:32,003 [INFO] IPUIPlugin:80 - create IPUIPlugin
2025-10-19 18:41:32,003 [INFO] PluginManager:220 - loadIPPluginJar : add resmgrutility
2025-10-19 18:41:32,006 [INFO] IPUIPlugin:80 - create IPUIPlugin
2025-10-19 18:41:32,006 [INFO] PluginManager:220 - loadIPPluginJar : add sai
2025-10-19 18:41:32,009 [INFO] IPUIPlugin:80 - create IPUIPlugin
2025-10-19 18:41:32,009 [INFO] PluginManager:220 - loadIPPluginJar : add spi
2025-10-19 18:41:32,013 [INFO] IPUIPlugin:80 - create IPUIPlugin
2025-10-19 18:41:32,013 [INFO] PluginManager:220 - loadIPPluginJar : add stm32_wpan
2025-10-19 18:41:32,015 [INFO] IPUIPlugin:80 - create IPUIPlugin
2025-10-19 18:41:32,015 [INFO] PluginManager:220 - loadIPPluginJar : add tim
2025-10-19 18:41:32,018 [INFO] IPUIPlugin:80 - create IPUIPlugin
2025-10-19 18:41:32,018 [INFO] PluginManager:220 - loadIPPluginJar : add touchsensing
2025-10-19 18:41:32,045 [INFO] IPUIPlugin:80 - create IPUIPlugin
2025-10-19 18:41:32,045 [INFO] PluginManager:220 - loadIPPluginJar : add tracer_emb
2025-10-19 18:41:32,047 [INFO] IPUIPlugin:80 - create IPUIPlugin
2025-10-19 18:41:32,047 [INFO] PluginManager:220 - loadIPPluginJar : add ts
2025-10-19 18:41:32,049 [INFO] IPUIPlugin:80 - create IPUIPlugin
2025-10-19 18:41:32,049 [INFO] PluginManager:220 - loadIPPluginJar : add tsc
2025-10-19 18:41:32,052 [INFO] IPUIPlugin:80 - create IPUIPlugin
2025-10-19 18:41:32,052 [INFO] PluginManager:220 - loadIPPluginJar : add ucpd
2025-10-19 18:41:32,055 [INFO] IPUIPlugin:80 - create IPUIPlugin
2025-10-19 18:41:32,055 [INFO] PluginManager:220 - loadIPPluginJar : add usart
2025-10-19 18:41:32,058 [INFO] IPUIPlugin:80 - create IPUIPlugin
2025-10-19 18:41:32,058 [INFO] PluginManager:220 - loadIPPluginJar : add usbx
2025-10-19 18:41:32,213 [FATAL] Updater:351 - Updater called before beeing initialized
2025-10-19 18:41:32,353 [INFO] RulesReader:64 - Compatibility file has been processed (317 Rules)
2025-10-19 18:41:32,358 [INFO] RulesReader:64 - Compatibility file has been processed (317 Rules)
2025-10-19 18:41:32,364 [INFO] CADModel:165 - CPN selected for project level
2025-10-19 18:41:32,364 [INFO] CADModel:114 - Register for checkConnection events
2025-10-19 18:41:32,364 [FATAL] Updater:351 - Updater called before beeing initialized
2025-10-19 18:41:32,364 [ERROR] CADModel:125 - Updater not yet initialized, retry later 
2025-10-19 18:41:32,578 [FATAL] Updater:351 - Updater called before beeing initialized
2025-10-19 18:41:32,580 [INFO] CADModel:165 - CPN selected for project level
2025-10-19 18:41:32,580 [INFO] CADModel:114 - Register for checkConnection events
2025-10-19 18:41:32,580 [FATAL] Updater:351 - Updater called before beeing initialized
2025-10-19 18:41:32,580 [ERROR] CADModel:125 - Updater not yet initialized, retry later 
2025-10-19 18:41:32,582 [FATAL] Updater:351 - Updater called before beeing initialized
2025-10-19 18:41:32,765 [FATAL] Updater:351 - Updater called before beeing initialized
2025-10-19 18:41:32,771 [INFO] DbMcusAds:53 - JSON generation date=Thu Oct 02 02:36:05 PDT 2025 (1759397765645)
2025-10-19 18:41:32,772 [FATAL] Updater:351 - Updater called before beeing initialized
2025-10-19 18:41:32,851 [WARN] DetailPanel:346 - Failed to get advertising image, set to default
2025-10-19 18:41:33,736 [FATAL] Updater:351 - Updater called before beeing initialized
2025-10-19 18:41:33,740 [FATAL] Updater:351 - Updater called before beeing initialized
2025-10-19 18:41:33,740 [FATAL] Updater:351 - Updater called before beeing initialized
2025-10-19 18:41:33,740 [WARN] DetailPanel:346 - Failed to get advertising image, set to default
2025-10-19 18:41:33,742 [FATAL] Updater:351 - Updater called before beeing initialized
2025-10-19 18:41:33,795 [ERROR] Updater:1198 - MainUpdater not yet initialized. External WinMGr cannot be set.
2025-10-19 18:41:33,798 [INFO] Updater:1134 - Updater Version found : 6.15.0
2025-10-19 18:41:33,817 [INFO] ApplicationProperties:184 - Using Application install path: C:\ST\STM32CubeIDE_1.19.0\STM32CubeIDE\plugins\com.st.stm32cube.common.mx_6.15.0.202507011659
2025-10-19 18:41:33,934 [INFO] ThirdPartyUpdaterWithRetryManager:70 - Updater plugin not ready yet. [2/15]
2025-10-19 18:41:35,397 [ERROR] LogOutputStream:75 - [STDERR_REDIRECT] Oct 19, 2025 6:41:35 PM java.util.prefs.WindowsPreferences <init>
2025-10-19 18:41:35,398 [ERROR] LogOutputStream:75 - [STDERR_REDIRECT] WARNING: Could not open/create prefs root node Software\JavaSoft\Prefs at root 0xffffffff80000002. Windows RegCreateKeyEx(...) returned error code 5.
2025-10-19 18:41:35,398 [ERROR] LogOutputStream:75 - [STDERR_REDIRECT] 
2025-10-19 18:41:36,935 [FATAL] Updater:351 - Updater called before beeing initialized
2025-10-19 18:41:36,935 [ERROR] IntegrityCheckThread:130 - Cannot retrieve database content from updater: error 21
2025-10-19 18:41:36,935 [INFO] ThirdParty:978 - Integrity check success = false
2025-10-19 18:41:36,935 [INFO] IntegrityCheckThread:100 - exiting critical section [integrity check]
2025-10-19 18:41:36,935 [INFO] IntegrityCheckThread:103 - End integrity checks thread
2025-10-19 18:41:49,804 [INFO] MainUpdater:2872 - connection check result : 10
2025-10-19 18:41:49,804 [INFO] MainUpdater:3604 - Updater definition file requires update
2025-10-19 18:41:49,805 [INFO] MainUpdater:289 - Updater Check For Update Now.
2025-10-19 18:41:49,805 [INFO] MicroXplorer:498 - Change Database Version : DB.6.0.150
2025-10-19 18:41:49,811 [INFO] McuFinderGlobals:63 - Set McuFinder mode to 2 (CubeIDE integrated)
2025-10-19 18:41:49,813 [INFO] UserAuth:487 - Internet connection configuration mode: 1
2025-10-19 18:41:49,844 [INFO] JxBrowserEngine:152 - Initiate JxBrowser Engine with user profile folder
2025-10-19 18:41:49,918 [INFO] ServerAccessManage:452 - Complete download http(s) 200
2025-10-19 18:41:49,919 [INFO] ServerAccessManage:509 - Download File updaters.zip
2025-10-19 18:41:50,122 [INFO] FileExtend:248 - Unzip File : updaters.zip
2025-10-19 18:41:50,122 [INFO] FileExtend:263 - Standard Zip Deflate
2025-10-19 18:41:56,728 [INFO] ServerAccessManage:452 - Complete download http(s) 200
2025-10-19 18:41:56,729 [INFO] ServerAccessManage:509 - Download File PacksControlFlags.xml
2025-10-19 18:41:56,920 [INFO] ServerAccessManage:452 - Complete download http(s) 200
2025-10-19 18:41:56,920 [INFO] ServerAccessManage:509 - Download File cubemx.pidx
2025-10-19 18:42:00,181 [INFO] WebApp:169 - Instantiating new browser for Auth
2025-10-19 18:42:00,693 [INFO] ServerAccessManage:452 - Complete download http(s) 200
2025-10-19 18:42:00,693 [INFO] ServerAccessManage:509 - Download File STMicroelectronics.X-CUBE-ST60.pdsc
2025-10-19 18:42:02,652 [ERROR] ServerAccessManage:1295 - Problem during Server Connection :  IO error PKIX path building failed: sun.security.provider.certpath.SunCertPathBuilderException: unable to find valid certification path to requested target
2025-10-19 18:42:02,652 [ERROR] ServerAccessManage:740 - Problem during Server Connection :  : wolfSSL.I-CUBE-wolfSSL.pdsc.
2025-10-19 18:42:02,825 [INFO] WebApp:463 - Apply proxy settings
2025-10-19 18:42:02,826 [INFO] WebApp:548 - Chromium requires no authentication
2025-10-19 18:42:02,836 [INFO] WebApp:491 - Direct internet connection detected
2025-10-19 18:42:02,844 [ERROR] ServerAccessManage:1295 - Problem during Server Connection :  IO error PKIX path building failed: sun.security.provider.certpath.SunCertPathBuilderException: unable to find valid certification path to requested target
2025-10-19 18:42:02,844 [ERROR] ServerAccessManage:740 - Problem during Server Connection :  : wolfSSL.I-CUBE-wolfMQTT.pdsc.
2025-10-19 18:42:02,872 [INFO] WebApp:900 - Register for checkConnection events
2025-10-19 18:42:02,873 [INFO] WebApp:463 - Apply proxy settings
2025-10-19 18:42:02,874 [INFO] WebApp:548 - Chromium requires no authentication
2025-10-19 18:42:02,874 [INFO] WebApp:491 - Direct internet connection detected
2025-10-19 18:42:03,116 [INFO] WebApp:225 - Starting web application
2025-10-19 18:42:03,116 [INFO] WebApp:593 - Web application path used C:\ST\STM32CubeIDE_1.19.0\STM32CubeIDE\plugins\com.st.stm32cube.common.mx_6.15.0.202507011659\db\plugins\mcufinder\reactClient1\index.html
2025-10-19 18:42:03,152 [ERROR] ServerAccessManage:1295 - Problem during Server Connection :  IO error PKIX path building failed: sun.security.provider.certpath.SunCertPathBuilderException: unable to find valid certification path to requested target
2025-10-19 18:42:03,152 [ERROR] ServerAccessManage:740 - Problem during Server Connection :  : wolfSSL.I-CUBE-wolfTPM.pdsc.
2025-10-19 18:42:03,315 [INFO] UserAuth:487 - Internet connection configuration mode: 1
2025-10-19 18:42:03,360 [ERROR] ServerAccessManage:1295 - Problem during Server Connection :  IO error PKIX path building failed: sun.security.provider.certpath.SunCertPathBuilderException: unable to find valid certification path to requested target
2025-10-19 18:42:03,360 [ERROR] ServerAccessManage:740 - Problem during Server Connection :  : wolfSSL.I-CUBE-wolfSSH.pdsc.
2025-10-19 18:42:03,746 [WARN] PackLoader:240 - Cannot read IP mode file for STMicroelectronics.X-CUBE-ST60.1.1.0
2025-10-19 18:42:03,757 [INFO] PopulateThirdPartyThread:66 - Ending populate Thread
2025-10-19 18:42:03,757 [INFO] ThirdParty:1030 - CMSIS Pack Vendor :STMicroelectronics X-CUBE-ST60 1.1.0
2025-10-19 18:42:03,757 [INFO] LoadServerUpdatesThread:375 - End of LoadServerUpdate Thread
2025-10-19 18:42:04,267 [INFO] CheckServerUpdateThread:120 - End of CheckServer Thread
2025-10-19 18:42:04,556 [INFO] WebApp:191 - Connection restablished
2025-10-19 15:32:22,978 [INFO] McuFinderGlobals:63 - Set McuFinder mode to 2 (CubeIDE integrated)
2025-10-19 15:32:22,986 [INFO] MainUpdater:2872 - connection check result : 10
2025-10-19 15:32:22,992 [INFO] McuFinderGlobals:76 - Set McuFinderConnectedMode to true
2025-10-19 15:32:25,160 [INFO] ServerAccessManage:452 - Complete download http(s) 200
2025-10-19 15:32:25,162 [INFO] ServerAccessManage:509 - Download File mcusAds.json._tmp_
2025-10-19 15:32:25,404 [INFO] LoadUrlFilesThread:156 - End of LoadUrlFiles Thread
2025-10-19 15:32:27,720 [INFO] ServerAccessManage:452 - Complete download http(s) 200
2025-10-19 15:32:27,722 [INFO] ServerAccessManage:509 - Download File cube-finder-db.zip
2025-10-19 15:32:30,282 [INFO] FileExtend:248 - Unzip File : cube-finder-db.zip
2025-10-19 15:32:30,284 [INFO] FileExtend:263 - Standard Zip Deflate
2025-10-19 15:32:33,199 [INFO] LoadUrlFilesThread:156 - End of LoadUrlFiles Thread
2025-10-19 15:32:35,194 [INFO] ServerAccessManage:452 - Complete download http(s) 200
2025-10-19 15:32:35,198 [INFO] ServerAccessManage:509 - Download File crdb.zip
2025-10-19 15:32:37,142 [INFO] FileExtend:248 - Unzip File : crdb.zip
2025-10-19 15:32:37,143 [INFO] FileExtend:263 - Standard Zip Deflate
2025-10-19 15:32:37,338 [INFO] LoadUrlFilesThread:156 - End of LoadUrlFiles Thread
2025-10-19 15:32:39,214 [INFO] ServerAccessManage:452 - Complete download http(s) 200
2025-10-19 15:32:39,216 [INFO] ServerAccessManage:509 - Download File tutoVideoDB.zip
2025-10-19 15:32:39,236 [INFO] FileExtend:248 - Unzip File : tutoVideoDB.zip
2025-10-19 15:32:39,236 [INFO] FileExtend:263 - Standard Zip Deflate
2025-10-19 15:32:39,406 [INFO] LoadUrlFilesThread:156 - End of LoadUrlFiles Thread
2025-10-19 15:32:39,421 [WARN] DbFile:41 - Overriding database path with different value: C:\Users\nico2\.stmcufinder\plugins\mcufinder/ => C:\Users\nico2\.stmcufinder\plugins\mcufinder
2025-10-19 15:32:40,518 [INFO] ServerAccessManage:452 - Complete download http(s) 200
2025-10-19 15:32:40,518 [INFO] ServerAccessManage:509 - Download File api_config.json
2025-10-19 15:32:40,776 [INFO] LoadUrlFilesThread:156 - End of LoadUrlFiles Thread
2025-10-19 15:32:40,787 [INFO] DbMcusAds:53 - JSON generation date=Thu Oct 02 02:36:05 PDT 2025 (1759397765645)
2025-10-19 15:32:40,890 [INFO] LoadUrlFilesThread:185 - End of LoadServerUrlFiles without Thread
2025-10-19 15:32:40,890 [INFO] TargetSelectorAdapter:259 - Refresh data is successful
2025-10-19 15:32:41,459 [INFO] ApiDb:581 - Connected to CubeFinder SQLite database (C:\Users\nico2\.stmcufinder\plugins\mcufinder\mcu\cube-finder-db.db)
2025-10-19 15:32:41,624 [INFO] ApiDb:668 - CubeFinder database Data Model version=2.1
2025-10-19 15:32:41,624 [INFO] ApiDb:669 - CubeFinder database Configuration version=3.0.39
2025-10-19 15:32:41,628 [INFO] ApiDb:670 - CubeFinder database generation date=2025-08-25 (1756130511)
2025-10-19 15:32:41,628 [INFO] ApiDb:671 - CubeFinder database FW Pack versions=[FP-ATR-ASTRA1_V2.0.0, FP-SNS-FLIGHT1_V5.1.0, FP-SNS-MOTENV1_V5.0.0, FP-SNS-MOTENVWB1_V1.4.0, FP-SNS-SMARTAG2_V1.2.0, FP-SNS-STBOX1_V2.1.0, STM32Cube_FW_C0_V1.4.0, STM32Cube_FW_F4_V1.28.3, STM32Cube_FW_F7_V1.17.4, STM32Cube_FW_G0_V1.6.2, STM32Cube_FW_G4_V1.6.1, STM32Cube_FW_H5_V1.5.0, STM32Cube_FW_H7RS_V1.2.0, STM32Cube_FW_H7_V1.12.1, STM32Cube_FW_L0_V1.12.2, STM32Cube_FW_L4_V1.18.1, STM32Cube_FW_L5_V1.5.1, STM32Cube_FW_N6_V1.2.0, STM32Cube_FW_U0_V1.3.0, STM32Cube_FW_U3_V1.2.0, STM32Cube_FW_U5_V1.8.0, STM32Cube_FW_WB0_V1.3.0, STM32Cube_FW_WBA_V1.7.0, STM32Cube_FW_WB_V1.23.0, STM32Cube_FW_WL3_V1.2.0, STM32Cube_FW_WL_V1.3.1, X-CUBE-ALGOBUILD_V1.4.0, X-CUBE-ALS_V1.0.2, X-CUBE-AZRTOS-F4_V1.1.0, X-CUBE-AZRTOS-F7_V1.1.0, X-CUBE-AZRTOS-G0_V1.1.0, X-CUBE-AZRTOS-G4_V2.0.0, X-CUBE-AZRTOS-H7RS_V1.1.0, X-CUBE-AZRTOS-H7_V3.4.0, X-CUBE-AZRTOS-L4_V2.0.0, X-CUBE-AZRTOS-L5_V2.0.0, X-CUBE-AZRTOS-WB_V2.0.0, X-CUBE-AZRTOS-WL_V2.0.0, X-CUBE-BLE1_V7.1.0, X-CUBE-BLE2_V3.3.0, X-CUBE-BLEMGR_V4.1.0, X-CUBE-EEPRMA1_V5.2.0, X-CUBE-FREERTOS_V1.3.1, X-CUBE-GNSS1_V6.0.0, X-CUBE-MEMS1_V11.3.0, X-CUBE-NFC4_V3.0.0, X-CUBE-NFC7_V2.0.0, X-CUBE-SFXS2LP1_V4.0.0, X-CUBE-ST67W61_V1.0.0, X-CUBE-SUBG2_V5.0.0, X-CUBE-TOF1_V3.4.3]
2025-10-19 15:32:47,866 [INFO] ApiDb:240 - Found 880 in-development CPN: [B-G473E-ZEST1S, B-WB1M-WPAN1, B-WBA5M-WPAN, B-WL5M-SUBG1, NUCLEO-C031C6, NUCLEO-C051C8, NUCLEO-C071RB, NUCLEO-C092RC, NUCLEO-H503RB, NUCLEO-H533RE, NUCLEO-H563ZI, NUCLEO-H7S3L8, NUCLEO-N657X0-Q, NUCLEO-U031R8, NUCLEO-U083RC, NUCLEO-U385RG-Q, NUCLEO-U545RE-Q, NUCLEO-U5A5ZJ-Q, NUCLEO-WB05KZ, NUCLEO-WB07CC, NUCLEO-WB09KE, NUCLEO-WBA52CG, NUCLEO-WBA55CG, NUCLEO-WL33CC1, NUCLEO-WL33CC2, STEVAL-PROTEUS1, STEVAL-SMARTAG2, STEVAL-STWINBX1, STM320518-EVAL, STM32C0116-DK, STM32C011D6Y3TR, STM32C011D6Y6TR, STM32C011F4P3, STM32C011F4P6, STM32C011F4U3, STM32C011F4U6TR, STM32C011F6P3, STM32C011F6P6, STM32C011F6U3, STM32C011F6U6TR, STM32C011J4M3, STM32C011J4M6, STM32C011J6M3, STM32C011J6M6, STM32C0316-DK, STM32C031C4T3, STM32C031C4T6, STM32C031C4U3, STM32C031C4U6, STM32C031C6T3, STM32C031C6T6, STM32C031C6U3, STM32C031C6U6, STM32C031F4P3, STM32C031F4P6, STM32C031F6P3, STM32C031F6P6, STM32C031G4U3, STM32C031G4U6, STM32C031G6U3, STM32C031G6U6, STM32C031K4T3, STM32C031K4T6, STM32C031K4U3, STM32C031K4U6, STM32C031K6T3, STM32C031K6T6, STM32C031K6U3, STM32C031K6U6, STM32C051C6T6, STM32C051C6U6, STM32C051C8T6, STM32C051C8U6, STM32C051D8Y6TR, STM32C051F6P6, STM32C051F8P6, STM32C051G6U6, STM32C051G8U6, STM32C051K6T6, STM32C051K6U6, STM32C051K8T6, STM32C071C8T6, STM32C071C8T6N, STM32C071C8U6, STM32C071C8U6N, STM32C071CBT6, STM32C071CBT6N, STM32C071CBU6, STM32C071CBU6N, STM32C071F8P6, STM32C071F8P6N, STM32C071FBP6, STM32C071FBP6N, STM32C071FBY6TR, STM32C071G8U6, STM32C071G8U6N, STM32C071GBU6, STM32C071GBU6N, STM32C071K8T6, STM32C071K8T6N, STM32C071K8U6, STM32C071K8U6N, STM32C071KBT6, STM32C071KBT6N, STM32C071KBU6, STM32C071KBU6N, STM32C071R8T6, STM32C071R8T6N, STM32C071RBI6N, STM32C071RBT6, STM32C071RBT6N, STM32C091CBT6, STM32C091CBU6, STM32C091CCT6, STM32C091CCU6, STM32C091ECY6TR, STM32C091FBP6, STM32C091FCP6, STM32C091GBU6, STM32C091GCU6, STM32C091KBT6, STM32C091KBU6, STM32C091KCT6, STM32C091KCU6, STM32C091RBT6, STM32C091RCI6, STM32C091RCT6, STM32C092CBT6, STM32C092CBU6, STM32C092CCT6, STM32C092CCU6, STM32C092ECY6TR, STM32C092FBP6, STM32C092FCP6, STM32C092GBU6, STM32C092GCU6, STM32C092KBT6, STM32C092KBU6, STM32C092KCT6, STM32C092KCU6, STM32C092RBT6, STM32C092RCI6, STM32C092RCT6, STM32G071K8TXN, STM32G071K8UXN, STM32G081GBU6N, STM32G081KBT6N, STM32G081KBUXN, STM32G0B1CCT6N, STM32G0B1KCT6, STM32G0B1NEY6TR, STM32G0B1RCT6N, STM32G0C1CCT6, STM32G0C1CCT6N, STM32G0C1CCU6N, STM32G0C1CET6N, STM32G0C1CEU6N, STM32G0C1KCT6, STM32G0C1NEY6TR, STM32G0C1RCI6N, STM32G0C1RCT6N, STM32G0C1REI6N, STM32G0C1RET6N, STM32G0C1VCI6, STM32G0C1VEI6, STM32G411C6T3, STM32G411C6T6, STM32G411C6U3, STM32G411C6U6, STM32G411C8T3, STM32G411C8T6, STM32G411C8U3, STM32G411C8U6, STM32G411CBT3, STM32G411CBT6, STM32G411CBU3, STM32G411CBU6, STM32G411K6T3, STM32G411K6T6, STM32G411K6U3, STM32G411K6U6, STM32G411K8T3, STM32G411K8T6, STM32G411K8U3, STM32G411K8U6, STM32G411KBT3, STM32G411KBT6, STM32G411KBU3, STM32G411KBU6, STM32G411M6T3, STM32G411M6T6, STM32G411M8T3, STM32G411M8T6, STM32G411MBT3, STM32G411MBT6, STM32G411R6T3, STM32G411R6T6, STM32G411R8T3, STM32G411R8T6, STM32G411RBT3, STM32G411RBT6, STM32G414CBT3, STM32G414CBT6, STM32G414CBU3, STM32G414CBU6, STM32G414CCT3, STM32G414CCT6, STM32G414CCU3, STM32G414CCU6, STM32G414MBT3, STM32G414MBT6, STM32G414MCT3, STM32G414MCT6, STM32G414RBT3, STM32G414RBT6, STM32G414RCT3, STM32G414RCT6, STM32G414VBT3, STM32G414VBT6, STM32G414VCT3, STM32G414VCT6, STM32G431CBT3Z, STM32G431RBT3Z, STM32G471CCT6, STM32G471CCU6, STM32G471CET3, STM32G471CET6, STM32G471CEU3, STM32G471CEU6, STM32G471MCT6, STM32G471MET3, STM32G471MET6, STM32G471MEY6TR, STM32G471QCT6, STM32G471QET3, STM32G471RCT6, STM32G471RET3, STM32G471RET6, STM32G471VCH6, STM32G471VCI6, STM32G471VCT6, STM32G471VEH3, STM32G471VEH6, STM32G471VEI3, STM32G471VEI6, STM32G471VET3, STM32G471VET6, STM32G473QET3Z, STM32G473RET3Z, STM32G474CCT6, STM32G491RET3Z, STM32H503CBT6, STM32H503CBU6, STM32H503EBY6TR, STM32H503KBU6, STM32H503RBT6, STM32H523CCT6, STM32H523CCU6, STM32H523CET6, STM32H523CEU6, STM32H523HEY6TR, STM32H523RCT6, STM32H523RET6, STM32H523VCI6, STM32H523VCT6, STM32H523VEI6, STM32H523VET6, STM32H523ZCJ6, STM32H523ZCT6, STM32H523ZEJ6, STM32H523ZET6, STM32H533CET6, STM32H533CEU6, STM32H533HEY6TR, STM32H533RET6, STM32H533VEI6, STM32H533VET6, STM32H533ZEJ6, STM32H533ZET6, STM32H562AGI6, STM32H562AII6, STM32H562IGK6, STM32H562IGT6, STM32H562IIK6, STM32H562IIT6, STM32H562RGT6, STM32H562RGV6, STM32H562RIT6, STM32H562RIV6, STM32H562VGT6, STM32H562VIT6, STM32H562ZGT6, STM32H562ZIT6, STM32H563AGI6, STM32H563AII3Q, STM32H563AII6, STM32H563IGK6, STM32H563IGT6, STM32H563IIK3Q, STM32H563IIK6, STM32H563IIT3Q, STM32H563IIT6, STM32H563MIY3QTR, STM32H563RGT6, STM32H563RGV6, STM32H563RIT6, STM32H563RIV6, STM32H563VGT6, STM32H563VIT3Q, STM32H563VIT6, STM32H563ZGT6, STM32H563ZIT3Q, STM32H563ZIT6, STM32H573AII3Q, STM32H573AII6, STM32H573I-DK, STM32H573IIK3Q, STM32H573IIK6, STM32H573IIT3Q, STM32H573IIT6, STM32H573MIY3QTR, STM32H573RIT6, STM32H573RIV6, STM32H573VIT3Q, STM32H573VIT6, STM32H573ZIT3Q, STM32H573ZIT6, STM32H7R3A8I6, STM32H7R3I8K6, STM32H7R3I8T6, STM32H7R3L8H6, STM32H7R3L8H6H, STM32H7R3R8V6, STM32H7R3V8H6, STM32H7R3V8T6, STM32H7R3V8Y6TR, STM32H7R3Z8J6, STM32H7R3Z8T6, STM32H7R7A8I6, STM32H7R7I8K6, STM32H7R7I8T6, STM32H7R7L8H6, STM32H7R7L8H6H, STM32H7R7Z8J6, STM32H7S3A8I6, STM32H7S3I8K6, STM32H7S3I8T6, STM32H7S3L8H6, STM32H7S3L8H6H, STM32H7S3R8V6, STM32H7S3V8H6, STM32H7S3V8T6, STM32H7S3V8Y6TR, STM32H7S3Z8J6, STM32H7S3Z8T6, STM32H7S78-DK, STM32H7S7A8I6, STM32H7S7I8K6, STM32H7S7I8T6, STM32H7S7L8H6, STM32H7S7L8H6H, STM32H7S7Z8J6, STM32L4R5QGI6STR, STM32MP131AAE3, STM32MP131AAF3, STM32MP131AAG3, STM32MP131CAE3, STM32MP131CAF3, STM32MP131CAG3, STM32MP131DAE7, STM32MP131DAF7, STM32MP131DAG7, STM32MP131FAE7, STM32MP131FAF7, STM32MP131FAG7, STM32MP133AAE3, STM32MP133AAF3, STM32MP133AAG3, STM32MP133CAE3, STM32MP133CAF3, STM32MP133CAG3, STM32MP133DAE7, STM32MP133DAF7, STM32MP133DAG7, STM32MP133FAE7, STM32MP133FAF7, STM32MP133FAG7, STM32MP135AAE3, STM32MP135AAF3, STM32MP135AAG3, STM32MP135CAE3, STM32MP135CAF3, STM32MP135CAG3, STM32MP135DAE7, STM32MP135DAF7, STM32MP135DAG7, STM32MP135F-DK, STM32MP135FAE7, STM32MP135FAF7, STM32MP135FAF7T, STM32MP135FAF7U, STM32MP135FAG7, STM32MP211AAL3, STM32MP211AAM3, STM32MP211AAN3, STM32MP211AAO3, STM32MP211CAL3, STM32MP211CAM3, STM32MP211CAN3, STM32MP211CAO3, STM32MP211DAL3, STM32MP211DAM3, STM32MP211DAN3, STM32MP211DAO3, STM32MP211FAL3, STM32MP211FAM3, STM32MP211FAN3, STM32MP211FAO3, STM32MP213AAL3, STM32MP213AAM3, STM32MP213AAN3, STM32MP213AAO3, STM32MP213CAL3, STM32MP213CAM3, STM32MP213CAN3, STM32MP213CAO3, STM32MP213DAL3, STM32MP213DAM3, STM32MP213DAN3, STM32MP213DAO3, STM32MP213FAL3, STM32MP213FAM3, STM32MP213FAN3, STM32MP213FAO3, STM32MP215AAL3, STM32MP215AAM3, STM32MP215AAN3, STM32MP215AAO3, STM32MP215CAL3, STM32MP215CAM3, STM32MP215CAN3, STM32MP215CAO3, STM32MP215DAL3, STM32MP215DAM3, STM32MP215DAN3, STM32MP215DAO3, STM32MP215F-DK, STM32MP215FAL3, STM32MP215FAM3, STM32MP215FAN3, STM32MP215FAO3, STM32MP231AAJ3, STM32MP231AAK3, STM32MP231AAL3, STM32MP231CAJ3, STM32MP231CAK3, STM32MP231CAL3, STM32MP231DAJ3, STM32MP231DAK3, STM32MP231DAL3, STM32MP231FAJ3, STM32MP231FAK3, STM32MP231FAL3, STM32MP233AAJ3, STM32MP233AAK3, STM32MP233AAL3, STM32MP233CAJ3, STM32MP233CAK3, STM32MP233CAL3, STM32MP233DAJ3, STM32MP233DAK3, STM32MP233DAL3, STM32MP233FAJ3, STM32MP233FAK3, STM32MP233FAL3, STM32MP235AAJ3, STM32MP235AAK3, STM32MP235AAL3, STM32MP235CAJ3, STM32MP235CAK3, STM32MP235CAL3, STM32MP235DAJ3, STM32MP235DAK3, STM32MP235DAL3, STM32MP235FAJ3, STM32MP235FAK3, STM32MP235FAL3, STM32MP251AAI3, STM32MP251AAK3, STM32MP251AAL3, STM32MP251CAI3, STM32MP251CAK3, STM32MP251CAL3, STM32MP251DAI3, STM32MP251DAK3, STM32MP251DAL3, STM32MP251FAI3, STM32MP251FAK3, STM32MP251FAL3, STM32MP253AAI3, STM32MP253AAK3, STM32MP253AAL3, STM32MP253CAI3, STM32MP253CAK3, STM32MP253CAL3, STM32MP253DAI3, STM32MP253DAK3, STM32MP253DAL3, STM32MP253FAI3, STM32MP253FAK3, STM32MP253FAL3, STM32MP255AAI3, STM32MP255AAK3, STM32MP255AAL3, STM32MP255CAI3, STM32MP255CAK3, STM32MP255CAL3, STM32MP255DAI3, STM32MP255DAK3, STM32MP255DAL3, STM32MP255FAI3, STM32MP255FAK3, STM32MP255FAL3, STM32MP257AAI3, STM32MP257AAK3, STM32MP257AAL3, STM32MP257CAI3, STM32MP257CAK3, STM32MP257CAL3, STM32MP257DAI3, STM32MP257DAK3, STM32MP257DAL3, STM32MP257F-DK, STM32MP257F-EV1, STM32MP257FAI3, STM32MP257FAK3, STM32MP257FAL3, STM32N645A0H3Q, STM32N645B0H3Q, STM32N645I0H3Q, STM32N645L0H3Q, STM32N645X0H3Q, STM32N645Z0H3Q, STM32N647A0H3Q, STM32N647B0H3Q, STM32N647I0H3Q, STM32N647L0H3Q, STM32N647X0H3Q, STM32N647Z0H3Q, STM32N655A0H3Q, STM32N655B0H3Q, STM32N655I0H3Q, STM32N655L0H3Q, STM32N655X0H3Q, STM32N655Z0H3Q, STM32N6570-DK, STM32N657A0H3Q, STM32N657B0H3Q, STM32N657I0H3Q, STM32N657L0H3Q, STM32N657X0H3Q, STM32N657Z0H3Q, STM32U031C6T6, STM32U031C6U6, STM32U031C8T6, STM32U031C8U6, STM32U031F4P6, STM32U031F6P6, STM32U031F8P6, STM32U031G6Y6TR, STM32U031G8Y6TR, STM32U031K4U6, STM32U031K6U6, STM32U031K8U6, STM32U031R6I6, STM32U031R6T6, STM32U031R8I6, STM32U031R8T6, STM32U073C8T6, STM32U073C8U6, STM32U073CBT6, STM32U073CBU6, STM32U073CCT6, STM32U073CCU6, STM32U073H8Y6TR, STM32U073HBY6TR, STM32U073HCY6TR, STM32U073K8U6, STM32U073KBU6, STM32U073KCU6, STM32U073M8I6, STM32U073M8T6, STM32U073MBI6, STM32U073MBT6, STM32U073MCI6, STM32U073MCT6, STM32U073R8I6, STM32U073R8T6, STM32U073RBI6, STM32U073RBT6, STM32U073RCI6, STM32U073RCT6, STM32U083C-DK, STM32U083CCT6, STM32U083CCU6, STM32U083HCY6TR, STM32U083KCU6, STM32U083MCI6, STM32U083MCT6, STM32U083RCI6, STM32U083RCT6, STM32U375CET6, STM32U375CET6Q, STM32U375CEU6, STM32U375CEU6Q, STM32U375CEY6QTR, STM32U375CGT6, STM32U375CGT6Q, STM32U375CGU6, STM32U375CGU6Q, STM32U375CGY6QTR, STM32U375KEU6, STM32U375KGU6, STM32U375REI6, STM32U375REI6Q, STM32U375RET6, STM32U375RET6Q, STM32U375REY6GTR, STM32U375REY6QTR, STM32U375RGI6, STM32U375RGI6Q, STM32U375RGT6, STM32U375RGT6Q, STM32U375RGY6GTR, STM32U375RGY6QTR, STM32U375VEI6, STM32U375VEI6Q, STM32U375VET6, STM32U375VET6Q, STM32U375VGI6, STM32U375VGI6Q, STM32U375VGT6, STM32U375VGT6Q, STM32U385CGT6, STM32U385CGT6Q, STM32U385CGU6, STM32U385CGU6Q, STM32U385CGY6QTR, STM32U385KGU6, STM32U385RGI6, STM32U385RGI6Q, STM32U385RGT6, STM32U385RGT6Q, STM32U385RGY6GTR, STM32U385RGY6QTR, STM32U385VGI6, STM32U385VGI6Q, STM32U385VGT6, STM32U385VGT6Q, STM32U535CBT6, STM32U535CBT6Q, STM32U535CBU6, STM32U535CBU6Q, STM32U535CCT6, STM32U535CCT6Q, STM32U535CCU6, STM32U535CCU6Q, STM32U535CET6, STM32U535CET6Q, STM32U535CEU6, STM32U535CEU6Q, STM32U535JEY6QTR, STM32U535NCY6QTR, STM32U535NEY6QTR, STM32U535RBI6, STM32U535RBI6Q, STM32U535RBT6, STM32U535RBT6Q, STM32U535RCI6, STM32U535RCI6Q, STM32U535RCT6, STM32U535RCT6Q, STM32U535REI6, STM32U535REI6Q, STM32U535RET6, STM32U535RET6Q, STM32U535VCI6, STM32U535VCI6Q, STM32U535VCT6, STM32U535VCT6Q, STM32U535VEI6, STM32U535VEI6Q, STM32U535VET6, STM32U535VET6Q, STM32U545CET6, STM32U545CET6Q, STM32U545CEU6, STM32U545CEU6Q, STM32U545JEY6QTR, STM32U545NEY6QTR, STM32U545REI6, STM32U545REI6Q, STM32U545RET6, STM32U545RET6Q, STM32U545VEI6, STM32U545VEI6Q, STM32U545VET6, STM32U545VET6Q, STM32U595AIH6, STM32U595AIH6Q, STM32U595AJH6, STM32U595AJH6Q, STM32U595QII6, STM32U595QII6Q, STM32U595QJI6, STM32U595QJI6Q, STM32U595RIT6, STM32U595RIT6Q, STM32U595RJT6, STM32U595RJT6Q, STM32U595VIT6, STM32U595VIT6Q, STM32U595VJT6, STM32U595VJT6Q, STM32U595ZIT6, STM32U595ZIT6Q, STM32U595ZIY6QTR, STM32U595ZJT6, STM32U595ZJT6Q, STM32U595ZJY6QTR, STM32U599BJY6QTR, STM32U599NIH6Q, STM32U599NJH6Q, STM32U599VIT6Q, STM32U599VJT6, STM32U599VJT6Q, STM32U599ZIT6Q, STM32U599ZIY6QTR, STM32U599ZJT6Q, STM32U599ZJY6QTR, STM32U5A5AJH6, STM32U5A5AJH6Q, STM32U5A5QII3Q , STM32U5A5QJI6, STM32U5A5QJI6Q, STM32U5A5RJT6, STM32U5A5RJT6Q, STM32U5A5VJT6, STM32U5A5VJT6Q, STM32U5A5ZJT6, STM32U5A5ZJT6Q, STM32U5A5ZJY6QTR, STM32U5A9BJY6QTR, STM32U5A9J-DK, STM32U5A9NJH6Q, STM32U5A9VJT6Q, STM32U5A9ZJT6Q, STM32U5A9ZJY6QTR, STM32U5F7VIT6, STM32U5F7VIT6Q, STM32U5F7VJT6, STM32U5F7VJT6Q, STM32U5F9BJY6QTR, STM32U5F9NJH6Q, STM32U5F9VIT6Q, STM32U5F9VJT6Q, STM32U5F9ZIJ6QTR, STM32U5F9ZIT6Q, STM32U5F9ZJJ6QTR, STM32U5F9ZJT6Q, STM32U5G7VJT6, STM32U5G7VJT6Q, STM32U5G9BJY6QTR, STM32U5G9J-DK1, STM32U5G9J-DK2, STM32U5G9NJH6Q, STM32U5G9VJT6Q, STM32U5G9ZJJ6QTR, STM32U5G9ZJT6Q, STM32WB05KZV6TR, STM32WB05KZV7TR, STM32WB05TZF6TR, STM32WB05TZF7TR, STM32WB06CCF6TR, STM32WB06CCF7TR, STM32WB06CCV6TR, STM32WB06CCV7TR, STM32WB06KCV6TR, STM32WB06KCV7TR, STM32WB07CCF6TR, STM32WB07CCF7TR, STM32WB07CCV6TR, STM32WB07CCV7TR, STM32WB07KCV6TR, STM32WB07KCV7TR, STM32WB09KEV6TR, STM32WB09KEV7TR, STM32WB09TEF6TR, STM32WB09TEF7TR, STM32WB1MMCH6, STM32WBA50KGU6, STM32WBA50KGU6TR, STM32WBA52CEU6, STM32WBA52CEU6TR, STM32WBA52CEU7, STM32WBA52CEU7TR, STM32WBA52CGU6, STM32WBA52CGU6TR, STM32WBA52CGU6U, STM32WBA52CGU7, STM32WBA52CGU7TR, STM32WBA52KEU6, STM32WBA52KEU6TR, STM32WBA52KGU6, STM32WBA52KGU6TR, STM32WBA54CEU6, STM32WBA54CEU6TR, STM32WBA54CEU7, STM32WBA54CEU7TR, STM32WBA54CGU6, STM32WBA54CGU6TR, STM32WBA54CGU7, STM32WBA54CGU7TR, STM32WBA54KEU6, STM32WBA54KEU6TR, STM32WBA54KEU7, STM32WBA54KEU7TR, STM32WBA54KGU6, STM32WBA54KGU6TR, STM32WBA54KGU7, STM32WBA54KGU7TR, STM32WBA55CEU6, STM32WBA55CEU6TR, STM32WBA55CEU7, STM32WBA55CEU7TR, STM32WBA55CGU6, STM32WBA55CGU6TR, STM32WBA55CGU6U, STM32WBA55CGU7, STM32WBA55CGU7TR, STM32WBA55G-DK1, STM32WBA55HEF6, STM32WBA55HEF7, STM32WBA55HGF6, STM32WBA55HGF7, STM32WBA55UEI6, STM32WBA55UEI6TR, STM32WBA55UEI7, STM32WBA55UEI7TR, STM32WBA55UGI6, STM32WBA55UGI6TR, STM32WBA55UGI7, STM32WBA55UGI7TR, STM32WBA5MMGH6TR, STM32WBA62MGF6, STM32WBA62MIF6, STM32WBA65MGF7, STM32WBA65MIF6, STM32WBA65MIF7, STM32WL30K8V6, STM32WL30KBV6, STM32WL31C8V6, STM32WL31CBV6, STM32WL31K8V6, STM32WL31KBV6, STM32WL33C8V6, STM32WL33C8V6X, STM32WL33CBV6, STM32WL33CBV6X, STM32WL33CCV6, STM32WL33CCV6A, STM32WL33CCV6X, STM32WL33K8V7, STM32WL33K8V7X, STM32WL33KBV7 , STM32WL33KBV7X, STM32WL33KCV7, STM32WL33KCV7X, STM32WL5MOCH6, STM32WL5MOCH6TR]
2025-10-19 15:32:47,949 [INFO] DbMcus:218 - Found 4801 MCUs, 4801 are supported
2025-10-19 15:32:47,950 [INFO] ApiDb:423 - Load user favorites file C:\Users\nico2/.stm32cubeide/favorites.mcus.txt: 1 item(s)
2025-10-19 15:32:47,951 [INFO] ApiDb:427 - User favorites MCUs=[STM32F103C8T6]
2025-10-19 15:32:47,951 [INFO] DbMcus:224 - Set 1 / 1 favorites MCUs
2025-10-19 15:32:48,550 [INFO] ApiDb:668 - CubeFinder database Data Model version=2.1
2025-10-19 15:32:48,551 [INFO] ApiDb:669 - CubeFinder database Configuration version=3.0.39
2025-10-19 15:32:48,551 [INFO] ApiDb:670 - CubeFinder database generation date=2025-08-25 (1756130511)
2025-10-19 15:32:48,551 [INFO] ApiDb:671 - CubeFinder database FW Pack versions=[FP-ATR-ASTRA1_V2.0.0, FP-SNS-FLIGHT1_V5.1.0, FP-SNS-MOTENV1_V5.0.0, FP-SNS-MOTENVWB1_V1.4.0, FP-SNS-SMARTAG2_V1.2.0, FP-SNS-STBOX1_V2.1.0, STM32Cube_FW_C0_V1.4.0, STM32Cube_FW_F4_V1.28.3, STM32Cube_FW_F7_V1.17.4, STM32Cube_FW_G0_V1.6.2, STM32Cube_FW_G4_V1.6.1, STM32Cube_FW_H5_V1.5.0, STM32Cube_FW_H7RS_V1.2.0, STM32Cube_FW_H7_V1.12.1, STM32Cube_FW_L0_V1.12.2, STM32Cube_FW_L4_V1.18.1, STM32Cube_FW_L5_V1.5.1, STM32Cube_FW_N6_V1.2.0, STM32Cube_FW_U0_V1.3.0, STM32Cube_FW_U3_V1.2.0, STM32Cube_FW_U5_V1.8.0, STM32Cube_FW_WB0_V1.3.0, STM32Cube_FW_WBA_V1.7.0, STM32Cube_FW_WB_V1.23.0, STM32Cube_FW_WL3_V1.2.0, STM32Cube_FW_WL_V1.3.1, X-CUBE-ALGOBUILD_V1.4.0, X-CUBE-ALS_V1.0.2, X-CUBE-AZRTOS-F4_V1.1.0, X-CUBE-AZRTOS-F7_V1.1.0, X-CUBE-AZRTOS-G0_V1.1.0, X-CUBE-AZRTOS-G4_V2.0.0, X-CUBE-AZRTOS-H7RS_V1.1.0, X-CUBE-AZRTOS-H7_V3.4.0, X-CUBE-AZRTOS-L4_V2.0.0, X-CUBE-AZRTOS-L5_V2.0.0, X-CUBE-AZRTOS-WB_V2.0.0, X-CUBE-AZRTOS-WL_V2.0.0, X-CUBE-BLE1_V7.1.0, X-CUBE-BLE2_V3.3.0, X-CUBE-BLEMGR_V4.1.0, X-CUBE-EEPRMA1_V5.2.0, X-CUBE-FREERTOS_V1.3.1, X-CUBE-GNSS1_V6.0.0, X-CUBE-MEMS1_V11.3.0, X-CUBE-NFC4_V3.0.0, X-CUBE-NFC7_V2.0.0, X-CUBE-SFXS2LP1_V4.0.0, X-CUBE-ST67W61_V1.0.0, X-CUBE-SUBG2_V5.0.0, X-CUBE-TOF1_V3.4.3]
2025-10-19 15:32:48,600 [INFO] DbBoardsSqlite:226 - include board P-NUCLEO-WB55-NUCLEO as a kit item of type 'Nucleo-64'
2025-10-19 15:32:48,600 [INFO] DbBoardsSqlite:226 - include board P-NUCLEO-WB55-USBDONGLE as a kit item of type 'Nucleo USB Dongle'
2025-10-19 15:32:48,600 [INFO] DbBoardsSqlite:226 - include board STEVAL-IDP005V1 as a kit item of type 'Evaluation Board'
2025-10-19 15:32:48,600 [INFO] DbBoardsSqlite:226 - include board STEVAL-IDP005V2 as a kit item of type 'Evaluation Board'
2025-10-19 15:32:48,667 [INFO] ApiDb:240 - Found 880 in-development CPN: [B-G473E-ZEST1S, B-WB1M-WPAN1, B-WBA5M-WPAN, B-WL5M-SUBG1, NUCLEO-C031C6, NUCLEO-C051C8, NUCLEO-C071RB, NUCLEO-C092RC, NUCLEO-H503RB, NUCLEO-H533RE, NUCLEO-H563ZI, NUCLEO-H7S3L8, NUCLEO-N657X0-Q, NUCLEO-U031R8, NUCLEO-U083RC, NUCLEO-U385RG-Q, NUCLEO-U545RE-Q, NUCLEO-U5A5ZJ-Q, NUCLEO-WB05KZ, NUCLEO-WB07CC, NUCLEO-WB09KE, NUCLEO-WBA52CG, NUCLEO-WBA55CG, NUCLEO-WL33CC1, NUCLEO-WL33CC2, STEVAL-PROTEUS1, STEVAL-SMARTAG2, STEVAL-STWINBX1, STM320518-EVAL, STM32C0116-DK, STM32C011D6Y3TR, STM32C011D6Y6TR, STM32C011F4P3, STM32C011F4P6, STM32C011F4U3, STM32C011F4U6TR, STM32C011F6P3, STM32C011F6P6, STM32C011F6U3, STM32C011F6U6TR, STM32C011J4M3, STM32C011J4M6, STM32C011J6M3, STM32C011J6M6, STM32C0316-DK, STM32C031C4T3, STM32C031C4T6, STM32C031C4U3, STM32C031C4U6, STM32C031C6T3, STM32C031C6T6, STM32C031C6U3, STM32C031C6U6, STM32C031F4P3, STM32C031F4P6, STM32C031F6P3, STM32C031F6P6, STM32C031G4U3, STM32C031G4U6, STM32C031G6U3, STM32C031G6U6, STM32C031K4T3, STM32C031K4T6, STM32C031K4U3, STM32C031K4U6, STM32C031K6T3, STM32C031K6T6, STM32C031K6U3, STM32C031K6U6, STM32C051C6T6, STM32C051C6U6, STM32C051C8T6, STM32C051C8U6, STM32C051D8Y6TR, STM32C051F6P6, STM32C051F8P6, STM32C051G6U6, STM32C051G8U6, STM32C051K6T6, STM32C051K6U6, STM32C051K8T6, STM32C071C8T6, STM32C071C8T6N, STM32C071C8U6, STM32C071C8U6N, STM32C071CBT6, STM32C071CBT6N, STM32C071CBU6, STM32C071CBU6N, STM32C071F8P6, STM32C071F8P6N, STM32C071FBP6, STM32C071FBP6N, STM32C071FBY6TR, STM32C071G8U6, STM32C071G8U6N, STM32C071GBU6, STM32C071GBU6N, STM32C071K8T6, STM32C071K8T6N, STM32C071K8U6, STM32C071K8U6N, STM32C071KBT6, STM32C071KBT6N, STM32C071KBU6, STM32C071KBU6N, STM32C071R8T6, STM32C071R8T6N, STM32C071RBI6N, STM32C071RBT6, STM32C071RBT6N, STM32C091CBT6, STM32C091CBU6, STM32C091CCT6, STM32C091CCU6, STM32C091ECY6TR, STM32C091FBP6, STM32C091FCP6, STM32C091GBU6, STM32C091GCU6, STM32C091KBT6, STM32C091KBU6, STM32C091KCT6, STM32C091KCU6, STM32C091RBT6, STM32C091RCI6, STM32C091RCT6, STM32C092CBT6, STM32C092CBU6, STM32C092CCT6, STM32C092CCU6, STM32C092ECY6TR, STM32C092FBP6, STM32C092FCP6, STM32C092GBU6, STM32C092GCU6, STM32C092KBT6, STM32C092KBU6, STM32C092KCT6, STM32C092KCU6, STM32C092RBT6, STM32C092RCI6, STM32C092RCT6, STM32G071K8TXN, STM32G071K8UXN, STM32G081GBU6N, STM32G081KBT6N, STM32G081KBUXN, STM32G0B1CCT6N, STM32G0B1KCT6, STM32G0B1NEY6TR, STM32G0B1RCT6N, STM32G0C1CCT6, STM32G0C1CCT6N, STM32G0C1CCU6N, STM32G0C1CET6N, STM32G0C1CEU6N, STM32G0C1KCT6, STM32G0C1NEY6TR, STM32G0C1RCI6N, STM32G0C1RCT6N, STM32G0C1REI6N, STM32G0C1RET6N, STM32G0C1VCI6, STM32G0C1VEI6, STM32G411C6T3, STM32G411C6T6, STM32G411C6U3, STM32G411C6U6, STM32G411C8T3, STM32G411C8T6, STM32G411C8U3, STM32G411C8U6, STM32G411CBT3, STM32G411CBT6, STM32G411CBU3, STM32G411CBU6, STM32G411K6T3, STM32G411K6T6, STM32G411K6U3, STM32G411K6U6, STM32G411K8T3, STM32G411K8T6, STM32G411K8U3, STM32G411K8U6, STM32G411KBT3, STM32G411KBT6, STM32G411KBU3, STM32G411KBU6, STM32G411M6T3, STM32G411M6T6, STM32G411M8T3, STM32G411M8T6, STM32G411MBT3, STM32G411MBT6, STM32G411R6T3, STM32G411R6T6, STM32G411R8T3, STM32G411R8T6, STM32G411RBT3, STM32G411RBT6, STM32G414CBT3, STM32G414CBT6, STM32G414CBU3, STM32G414CBU6, STM32G414CCT3, STM32G414CCT6, STM32G414CCU3, STM32G414CCU6, STM32G414MBT3, STM32G414MBT6, STM32G414MCT3, STM32G414MCT6, STM32G414RBT3, STM32G414RBT6, STM32G414RCT3, STM32G414RCT6, STM32G414VBT3, STM32G414VBT6, STM32G414VCT3, STM32G414VCT6, STM32G431CBT3Z, STM32G431RBT3Z, STM32G471CCT6, STM32G471CCU6, STM32G471CET3, STM32G471CET6, STM32G471CEU3, STM32G471CEU6, STM32G471MCT6, STM32G471MET3, STM32G471MET6, STM32G471MEY6TR, STM32G471QCT6, STM32G471QET3, STM32G471RCT6, STM32G471RET3, STM32G471RET6, STM32G471VCH6, STM32G471VCI6, STM32G471VCT6, STM32G471VEH3, STM32G471VEH6, STM32G471VEI3, STM32G471VEI6, STM32G471VET3, STM32G471VET6, STM32G473QET3Z, STM32G473RET3Z, STM32G474CCT6, STM32G491RET3Z, STM32H503CBT6, STM32H503CBU6, STM32H503EBY6TR, STM32H503KBU6, STM32H503RBT6, STM32H523CCT6, STM32H523CCU6, STM32H523CET6, STM32H523CEU6, STM32H523HEY6TR, STM32H523RCT6, STM32H523RET6, STM32H523VCI6, STM32H523VCT6, STM32H523VEI6, STM32H523VET6, STM32H523ZCJ6, STM32H523ZCT6, STM32H523ZEJ6, STM32H523ZET6, STM32H533CET6, STM32H533CEU6, STM32H533HEY6TR, STM32H533RET6, STM32H533VEI6, STM32H533VET6, STM32H533ZEJ6, STM32H533ZET6, STM32H562AGI6, STM32H562AII6, STM32H562IGK6, STM32H562IGT6, STM32H562IIK6, STM32H562IIT6, STM32H562RGT6, STM32H562RGV6, STM32H562RIT6, STM32H562RIV6, STM32H562VGT6, STM32H562VIT6, STM32H562ZGT6, STM32H562ZIT6, STM32H563AGI6, STM32H563AII3Q, STM32H563AII6, STM32H563IGK6, STM32H563IGT6, STM32H563IIK3Q, STM32H563IIK6, STM32H563IIT3Q, STM32H563IIT6, STM32H563MIY3QTR, STM32H563RGT6, STM32H563RGV6, STM32H563RIT6, STM32H563RIV6, STM32H563VGT6, STM32H563VIT3Q, STM32H563VIT6, STM32H563ZGT6, STM32H563ZIT3Q, STM32H563ZIT6, STM32H573AII3Q, STM32H573AII6, STM32H573I-DK, STM32H573IIK3Q, STM32H573IIK6, STM32H573IIT3Q, STM32H573IIT6, STM32H573MIY3QTR, STM32H573RIT6, STM32H573RIV6, STM32H573VIT3Q, STM32H573VIT6, STM32H573ZIT3Q, STM32H573ZIT6, STM32H7R3A8I6, STM32H7R3I8K6, STM32H7R3I8T6, STM32H7R3L8H6, STM32H7R3L8H6H, STM32H7R3R8V6, STM32H7R3V8H6, STM32H7R3V8T6, STM32H7R3V8Y6TR, STM32H7R3Z8J6, STM32H7R3Z8T6, STM32H7R7A8I6, STM32H7R7I8K6, STM32H7R7I8T6, STM32H7R7L8H6, STM32H7R7L8H6H, STM32H7R7Z8J6, STM32H7S3A8I6, STM32H7S3I8K6, STM32H7S3I8T6, STM32H7S3L8H6, STM32H7S3L8H6H, STM32H7S3R8V6, STM32H7S3V8H6, STM32H7S3V8T6, STM32H7S3V8Y6TR, STM32H7S3Z8J6, STM32H7S3Z8T6, STM32H7S78-DK, STM32H7S7A8I6, STM32H7S7I8K6, STM32H7S7I8T6, STM32H7S7L8H6, STM32H7S7L8H6H, STM32H7S7Z8J6, STM32L4R5QGI6STR, STM32MP131AAE3, STM32MP131AAF3, STM32MP131AAG3, STM32MP131CAE3, STM32MP131CAF3, STM32MP131CAG3, STM32MP131DAE7, STM32MP131DAF7, STM32MP131DAG7, STM32MP131FAE7, STM32MP131FAF7, STM32MP131FAG7, STM32MP133AAE3, STM32MP133AAF3, STM32MP133AAG3, STM32MP133CAE3, STM32MP133CAF3, STM32MP133CAG3, STM32MP133DAE7, STM32MP133DAF7, STM32MP133DAG7, STM32MP133FAE7, STM32MP133FAF7, STM32MP133FAG7, STM32MP135AAE3, STM32MP135AAF3, STM32MP135AAG3, STM32MP135CAE3, STM32MP135CAF3, STM32MP135CAG3, STM32MP135DAE7, STM32MP135DAF7, STM32MP135DAG7, STM32MP135F-DK, STM32MP135FAE7, STM32MP135FAF7, STM32MP135FAF7T, STM32MP135FAF7U, STM32MP135FAG7, STM32MP211AAL3, STM32MP211AAM3, STM32MP211AAN3, STM32MP211AAO3, STM32MP211CAL3, STM32MP211CAM3, STM32MP211CAN3, STM32MP211CAO3, STM32MP211DAL3, STM32MP211DAM3, STM32MP211DAN3, STM32MP211DAO3, STM32MP211FAL3, STM32MP211FAM3, STM32MP211FAN3, STM32MP211FAO3, STM32MP213AAL3, STM32MP213AAM3, STM32MP213AAN3, STM32MP213AAO3, STM32MP213CAL3, STM32MP213CAM3, STM32MP213CAN3, STM32MP213CAO3, STM32MP213DAL3, STM32MP213DAM3, STM32MP213DAN3, STM32MP213DAO3, STM32MP213FAL3, STM32MP213FAM3, STM32MP213FAN3, STM32MP213FAO3, STM32MP215AAL3, STM32MP215AAM3, STM32MP215AAN3, STM32MP215AAO3, STM32MP215CAL3, STM32MP215CAM3, STM32MP215CAN3, STM32MP215CAO3, STM32MP215DAL3, STM32MP215DAM3, STM32MP215DAN3, STM32MP215DAO3, STM32MP215F-DK, STM32MP215FAL3, STM32MP215FAM3, STM32MP215FAN3, STM32MP215FAO3, STM32MP231AAJ3, STM32MP231AAK3, STM32MP231AAL3, STM32MP231CAJ3, STM32MP231CAK3, STM32MP231CAL3, STM32MP231DAJ3, STM32MP231DAK3, STM32MP231DAL3, STM32MP231FAJ3, STM32MP231FAK3, STM32MP231FAL3, STM32MP233AAJ3, STM32MP233AAK3, STM32MP233AAL3, STM32MP233CAJ3, STM32MP233CAK3, STM32MP233CAL3, STM32MP233DAJ3, STM32MP233DAK3, STM32MP233DAL3, STM32MP233FAJ3, STM32MP233FAK3, STM32MP233FAL3, STM32MP235AAJ3, STM32MP235AAK3, STM32MP235AAL3, STM32MP235CAJ3, STM32MP235CAK3, STM32MP235CAL3, STM32MP235DAJ3, STM32MP235DAK3, STM32MP235DAL3, STM32MP235FAJ3, STM32MP235FAK3, STM32MP235FAL3, STM32MP251AAI3, STM32MP251AAK3, STM32MP251AAL3, STM32MP251CAI3, STM32MP251CAK3, STM32MP251CAL3, STM32MP251DAI3, STM32MP251DAK3, STM32MP251DAL3, STM32MP251FAI3, STM32MP251FAK3, STM32MP251FAL3, STM32MP253AAI3, STM32MP253AAK3, STM32MP253AAL3, STM32MP253CAI3, STM32MP253CAK3, STM32MP253CAL3, STM32MP253DAI3, STM32MP253DAK3, STM32MP253DAL3, STM32MP253FAI3, STM32MP253FAK3, STM32MP253FAL3, STM32MP255AAI3, STM32MP255AAK3, STM32MP255AAL3, STM32MP255CAI3, STM32MP255CAK3, STM32MP255CAL3, STM32MP255DAI3, STM32MP255DAK3, STM32MP255DAL3, STM32MP255FAI3, STM32MP255FAK3, STM32MP255FAL3, STM32MP257AAI3, STM32MP257AAK3, STM32MP257AAL3, STM32MP257CAI3, STM32MP257CAK3, STM32MP257CAL3, STM32MP257DAI3, STM32MP257DAK3, STM32MP257DAL3, STM32MP257F-DK, STM32MP257F-EV1, STM32MP257FAI3, STM32MP257FAK3, STM32MP257FAL3, STM32N645A0H3Q, STM32N645B0H3Q, STM32N645I0H3Q, STM32N645L0H3Q, STM32N645X0H3Q, STM32N645Z0H3Q, STM32N647A0H3Q, STM32N647B0H3Q, STM32N647I0H3Q, STM32N647L0H3Q, STM32N647X0H3Q, STM32N647Z0H3Q, STM32N655A0H3Q, STM32N655B0H3Q, STM32N655I0H3Q, STM32N655L0H3Q, STM32N655X0H3Q, STM32N655Z0H3Q, STM32N6570-DK, STM32N657A0H3Q, STM32N657B0H3Q, STM32N657I0H3Q, STM32N657L0H3Q, STM32N657X0H3Q, STM32N657Z0H3Q, STM32U031C6T6, STM32U031C6U6, STM32U031C8T6, STM32U031C8U6, STM32U031F4P6, STM32U031F6P6, STM32U031F8P6, STM32U031G6Y6TR, STM32U031G8Y6TR, STM32U031K4U6, STM32U031K6U6, STM32U031K8U6, STM32U031R6I6, STM32U031R6T6, STM32U031R8I6, STM32U031R8T6, STM32U073C8T6, STM32U073C8U6, STM32U073CBT6, STM32U073CBU6, STM32U073CCT6, STM32U073CCU6, STM32U073H8Y6TR, STM32U073HBY6TR, STM32U073HCY6TR, STM32U073K8U6, STM32U073KBU6, STM32U073KCU6, STM32U073M8I6, STM32U073M8T6, STM32U073MBI6, STM32U073MBT6, STM32U073MCI6, STM32U073MCT6, STM32U073R8I6, STM32U073R8T6, STM32U073RBI6, STM32U073RBT6, STM32U073RCI6, STM32U073RCT6, STM32U083C-DK, STM32U083CCT6, STM32U083CCU6, STM32U083HCY6TR, STM32U083KCU6, STM32U083MCI6, STM32U083MCT6, STM32U083RCI6, STM32U083RCT6, STM32U375CET6, STM32U375CET6Q, STM32U375CEU6, STM32U375CEU6Q, STM32U375CEY6QTR, STM32U375CGT6, STM32U375CGT6Q, STM32U375CGU6, STM32U375CGU6Q, STM32U375CGY6QTR, STM32U375KEU6, STM32U375KGU6, STM32U375REI6, STM32U375REI6Q, STM32U375RET6, STM32U375RET6Q, STM32U375REY6GTR, STM32U375REY6QTR, STM32U375RGI6, STM32U375RGI6Q, STM32U375RGT6, STM32U375RGT6Q, STM32U375RGY6GTR, STM32U375RGY6QTR, STM32U375VEI6, STM32U375VEI6Q, STM32U375VET6, STM32U375VET6Q, STM32U375VGI6, STM32U375VGI6Q, STM32U375VGT6, STM32U375VGT6Q, STM32U385CGT6, STM32U385CGT6Q, STM32U385CGU6, STM32U385CGU6Q, STM32U385CGY6QTR, STM32U385KGU6, STM32U385RGI6, STM32U385RGI6Q, STM32U385RGT6, STM32U385RGT6Q, STM32U385RGY6GTR, STM32U385RGY6QTR, STM32U385VGI6, STM32U385VGI6Q, STM32U385VGT6, STM32U385VGT6Q, STM32U535CBT6, STM32U535CBT6Q, STM32U535CBU6, STM32U535CBU6Q, STM32U535CCT6, STM32U535CCT6Q, STM32U535CCU6, STM32U535CCU6Q, STM32U535CET6, STM32U535CET6Q, STM32U535CEU6, STM32U535CEU6Q, STM32U535JEY6QTR, STM32U535NCY6QTR, STM32U535NEY6QTR, STM32U535RBI6, STM32U535RBI6Q, STM32U535RBT6, STM32U535RBT6Q, STM32U535RCI6, STM32U535RCI6Q, STM32U535RCT6, STM32U535RCT6Q, STM32U535REI6, STM32U535REI6Q, STM32U535RET6, STM32U535RET6Q, STM32U535VCI6, STM32U535VCI6Q, STM32U535VCT6, STM32U535VCT6Q, STM32U535VEI6, STM32U535VEI6Q, STM32U535VET6, STM32U535VET6Q, STM32U545CET6, STM32U545CET6Q, STM32U545CEU6, STM32U545CEU6Q, STM32U545JEY6QTR, STM32U545NEY6QTR, STM32U545REI6, STM32U545REI6Q, STM32U545RET6, STM32U545RET6Q, STM32U545VEI6, STM32U545VEI6Q, STM32U545VET6, STM32U545VET6Q, STM32U595AIH6, STM32U595AIH6Q, STM32U595AJH6, STM32U595AJH6Q, STM32U595QII6, STM32U595QII6Q, STM32U595QJI6, STM32U595QJI6Q, STM32U595RIT6, STM32U595RIT6Q, STM32U595RJT6, STM32U595RJT6Q, STM32U595VIT6, STM32U595VIT6Q, STM32U595VJT6, STM32U595VJT6Q, STM32U595ZIT6, STM32U595ZIT6Q, STM32U595ZIY6QTR, STM32U595ZJT6, STM32U595ZJT6Q, STM32U595ZJY6QTR, STM32U599BJY6QTR, STM32U599NIH6Q, STM32U599NJH6Q, STM32U599VIT6Q, STM32U599VJT6, STM32U599VJT6Q, STM32U599ZIT6Q, STM32U599ZIY6QTR, STM32U599ZJT6Q, STM32U599ZJY6QTR, STM32U5A5AJH6, STM32U5A5AJH6Q, STM32U5A5QII3Q , STM32U5A5QJI6, STM32U5A5QJI6Q, STM32U5A5RJT6, STM32U5A5RJT6Q, STM32U5A5VJT6, STM32U5A5VJT6Q, STM32U5A5ZJT6, STM32U5A5ZJT6Q, STM32U5A5ZJY6QTR, STM32U5A9BJY6QTR, STM32U5A9J-DK, STM32U5A9NJH6Q, STM32U5A9VJT6Q, STM32U5A9ZJT6Q, STM32U5A9ZJY6QTR, STM32U5F7VIT6, STM32U5F7VIT6Q, STM32U5F7VJT6, STM32U5F7VJT6Q, STM32U5F9BJY6QTR, STM32U5F9NJH6Q, STM32U5F9VIT6Q, STM32U5F9VJT6Q, STM32U5F9ZIJ6QTR, STM32U5F9ZIT6Q, STM32U5F9ZJJ6QTR, STM32U5F9ZJT6Q, STM32U5G7VJT6, STM32U5G7VJT6Q, STM32U5G9BJY6QTR, STM32U5G9J-DK1, STM32U5G9J-DK2, STM32U5G9NJH6Q, STM32U5G9VJT6Q, STM32U5G9ZJJ6QTR, STM32U5G9ZJT6Q, STM32WB05KZV6TR, STM32WB05KZV7TR, STM32WB05TZF6TR, STM32WB05TZF7TR, STM32WB06CCF6TR, STM32WB06CCF7TR, STM32WB06CCV6TR, STM32WB06CCV7TR, STM32WB06KCV6TR, STM32WB06KCV7TR, STM32WB07CCF6TR, STM32WB07CCF7TR, STM32WB07CCV6TR, STM32WB07CCV7TR, STM32WB07KCV6TR, STM32WB07KCV7TR, STM32WB09KEV6TR, STM32WB09KEV7TR, STM32WB09TEF6TR, STM32WB09TEF7TR, STM32WB1MMCH6, STM32WBA50KGU6, STM32WBA50KGU6TR, STM32WBA52CEU6, STM32WBA52CEU6TR, STM32WBA52CEU7, STM32WBA52CEU7TR, STM32WBA52CGU6, STM32WBA52CGU6TR, STM32WBA52CGU6U, STM32WBA52CGU7, STM32WBA52CGU7TR, STM32WBA52KEU6, STM32WBA52KEU6TR, STM32WBA52KGU6, STM32WBA52KGU6TR, STM32WBA54CEU6, STM32WBA54CEU6TR, STM32WBA54CEU7, STM32WBA54CEU7TR, STM32WBA54CGU6, STM32WBA54CGU6TR, STM32WBA54CGU7, STM32WBA54CGU7TR, STM32WBA54KEU6, STM32WBA54KEU6TR, STM32WBA54KEU7, STM32WBA54KEU7TR, STM32WBA54KGU6, STM32WBA54KGU6TR, STM32WBA54KGU7, STM32WBA54KGU7TR, STM32WBA55CEU6, STM32WBA55CEU6TR, STM32WBA55CEU7, STM32WBA55CEU7TR, STM32WBA55CGU6, STM32WBA55CGU6TR, STM32WBA55CGU6U, STM32WBA55CGU7, STM32WBA55CGU7TR, STM32WBA55G-DK1, STM32WBA55HEF6, STM32WBA55HEF7, STM32WBA55HGF6, STM32WBA55HGF7, STM32WBA55UEI6, STM32WBA55UEI6TR, STM32WBA55UEI7, STM32WBA55UEI7TR, STM32WBA55UGI6, STM32WBA55UGI6TR, STM32WBA55UGI7, STM32WBA55UGI7TR, STM32WBA5MMGH6TR, STM32WBA62MGF6, STM32WBA62MIF6, STM32WBA65MGF7, STM32WBA65MIF6, STM32WBA65MIF7, STM32WL30K8V6, STM32WL30KBV6, STM32WL31C8V6, STM32WL31CBV6, STM32WL31K8V6, STM32WL31KBV6, STM32WL33C8V6, STM32WL33C8V6X, STM32WL33CBV6, STM32WL33CBV6X, STM32WL33CCV6, STM32WL33CCV6A, STM32WL33CCV6X, STM32WL33K8V7, STM32WL33K8V7X, STM32WL33KBV7 , STM32WL33KBV7X, STM32WL33KCV7, STM32WL33KCV7X, STM32WL5MOCH6, STM32WL5MOCH6TR]
2025-10-19 15:32:49,063 [INFO] BoardInfo:889 - No configuration file found for board P-NUCLEO-WB55
2025-10-19 15:32:49,064 [INFO] DbBoards:161 - Kit is not supported: P-NUCLEO-WB55
2025-10-19 15:32:49,069 [INFO] BoardInfo:889 - No configuration file found for board STEVAL-BFA001V1B
2025-10-19 15:32:49,070 [INFO] DbBoards:161 - Kit is not supported: STEVAL-BFA001V1B
2025-10-19 15:32:49,071 [INFO] BoardInfo:889 - No configuration file found for board STEVAL-BFA001V2B
2025-10-19 15:32:49,072 [INFO] DbBoards:161 - Kit is not supported: STEVAL-BFA001V2B
2025-10-19 15:32:49,420 [INFO] DbBoards:168 - Found 212 boards, 209 are supported
2025-10-19 15:32:49,421 [INFO] DbBoards:169 - Found 212 boards, 43 of them is supported for  Bsp
2025-10-19 15:32:49,423 [INFO] ApiDb:423 - Load user favorites file C:\Users\nico2/.stm32cubeide/favorites.boards.txt: 0 item(s)
2025-10-19 15:32:49,423 [INFO] ApiDb:427 - User favorites Boards=[]
2025-10-19 15:32:49,423 [INFO] DbBoards:198 - Set 0 / 0 favorites Boards
2025-10-19 15:32:49,425 [INFO] ApiDb:668 - CubeFinder database Data Model version=2.1
2025-10-19 15:32:49,425 [INFO] ApiDb:669 - CubeFinder database Configuration version=3.0.39
2025-10-19 15:32:49,425 [INFO] ApiDb:670 - CubeFinder database generation date=2025-08-25 (1756130511)
2025-10-19 15:32:49,425 [INFO] ApiDb:671 - CubeFinder database FW Pack versions=[FP-ATR-ASTRA1_V2.0.0, FP-SNS-FLIGHT1_V5.1.0, FP-SNS-MOTENV1_V5.0.0, FP-SNS-MOTENVWB1_V1.4.0, FP-SNS-SMARTAG2_V1.2.0, FP-SNS-STBOX1_V2.1.0, STM32Cube_FW_C0_V1.4.0, STM32Cube_FW_F4_V1.28.3, STM32Cube_FW_F7_V1.17.4, STM32Cube_FW_G0_V1.6.2, STM32Cube_FW_G4_V1.6.1, STM32Cube_FW_H5_V1.5.0, STM32Cube_FW_H7RS_V1.2.0, STM32Cube_FW_H7_V1.12.1, STM32Cube_FW_L0_V1.12.2, STM32Cube_FW_L4_V1.18.1, STM32Cube_FW_L5_V1.5.1, STM32Cube_FW_N6_V1.2.0, STM32Cube_FW_U0_V1.3.0, STM32Cube_FW_U3_V1.2.0, STM32Cube_FW_U5_V1.8.0, STM32Cube_FW_WB0_V1.3.0, STM32Cube_FW_WBA_V1.7.0, STM32Cube_FW_WB_V1.23.0, STM32Cube_FW_WL3_V1.2.0, STM32Cube_FW_WL_V1.3.1, X-CUBE-ALGOBUILD_V1.4.0, X-CUBE-ALS_V1.0.2, X-CUBE-AZRTOS-F4_V1.1.0, X-CUBE-AZRTOS-F7_V1.1.0, X-CUBE-AZRTOS-G0_V1.1.0, X-CUBE-AZRTOS-G4_V2.0.0, X-CUBE-AZRTOS-H7RS_V1.1.0, X-CUBE-AZRTOS-H7_V3.4.0, X-CUBE-AZRTOS-L4_V2.0.0, X-CUBE-AZRTOS-L5_V2.0.0, X-CUBE-AZRTOS-WB_V2.0.0, X-CUBE-AZRTOS-WL_V2.0.0, X-CUBE-BLE1_V7.1.0, X-CUBE-BLE2_V3.3.0, X-CUBE-BLEMGR_V4.1.0, X-CUBE-EEPRMA1_V5.2.0, X-CUBE-FREERTOS_V1.3.1, X-CUBE-GNSS1_V6.0.0, X-CUBE-MEMS1_V11.3.0, X-CUBE-NFC4_V3.0.0, X-CUBE-NFC7_V2.0.0, X-CUBE-SFXS2LP1_V4.0.0, X-CUBE-ST67W61_V1.0.0, X-CUBE-SUBG2_V5.0.0, X-CUBE-TOF1_V3.4.3]
2025-10-19 15:32:50,401 [ERROR] DbExamplesSqlite:437 - Missing JSON key: board_cpn
2025-10-19 15:32:50,401 [ERROR] DbExamplesSqlite:437 - Missing JSON key: board_cpn
2025-10-19 15:32:50,401 [ERROR] DbExamplesSqlite:437 - Missing JSON key: board_cpn
2025-10-19 15:32:50,403 [ERROR] DbExamplesSqlite:437 - Missing JSON key: board_cpn
2025-10-19 15:32:50,701 [ERROR] DbExamplesSqlite:437 - Missing JSON key: board_cpn
2025-10-19 15:32:50,701 [ERROR] DbExamplesSqlite:437 - Missing JSON key: board_cpn
2025-10-19 15:32:50,703 [INFO] DbExamplesSqlite:395 - Ignored 33 examples not supported by CubeIDE
2025-10-19 15:32:50,703 [INFO] DbExamplesSqlite:396 - Found 10871 examples active
2025-10-19 15:32:50,703 [INFO] DbExamplesSqlite:397 - Found 0 examples obsolete
2025-10-19 15:32:50,704 [INFO] DbExamplesSqlite:398 - Found 0 examples under development
2025-10-19 15:32:50,704 [INFO] DbExamplesSqlite:399 - Found 65 examples not building
2025-10-19 15:32:50,706 [INFO] DbExamples:125 - Found 10903 examples
2025-10-19 15:32:50,746 [INFO] DbExamples:222 - Found 134 boards with related examples
2025-10-19 15:32:50,747 [INFO] DbExamples:235 - Found 111 MCUs with related examples
2025-10-19 15:32:50,800 [INFO] ApiDb:414 - User favorites file not found: C:\Users\nico2/.stm32cubeide/favorites.examples.txt
2025-10-19 15:32:50,800 [INFO] DbExamples:250 - Set 0 / 0 favorites Examples
2025-10-19 15:32:51,352 [INFO] McuFinderGlobals:76 - Set McuFinderConnectedMode to true
2025-10-19 15:32:51,460 [INFO] MultiScanPanel:200 - Auto-refresh data requested => check proxy status ongoing
2025-10-19 15:32:51,462 [INFO] FinderPluginLoader:96 - Searching for filters in installed packs
2025-10-19 15:33:06,166 [INFO] LoadUrlFilesThread:185 - End of LoadServerUrlFiles without Thread
2025-10-19 15:33:06,198 [INFO] DetailPanel:341 - Set advertising image to C:/Users/nico2/STM32Cube/Repository/\en.mcu-finder-stm32n6dk.jpg
2025-10-19 15:35:53,763 [INFO] MainUpdater:2872 - connection check result : 10
2025-10-19 15:35:53,763 [INFO] MainUpdater:2872 - connection check result : 10
2025-10-19 15:35:53,784 [INFO] MicroXplorer:468 - Change Database Path : 
2025-10-19 15:35:53,784 [INFO] MicroXplorer:498 - Change Database Version : DB.6.0.150
2025-10-19 15:35:54,033 [WARN] ThirdParty:871 - waiting for thirdparty lock release [close project]
2025-10-19 15:35:54,033 [INFO] ThirdParty:873 - entering critical section [close project]
2025-10-19 15:35:54,035 [INFO] ThirdParty:883 - exiting critical section [close project]
2025-10-19 15:35:54,040 [INFO] PinOutPanel:1589 - setPackage(No Configuration,No Configuration)
2025-10-19 15:35:54,042 [INFO] UtilMem:75 - Begin LoadConfig() Used Memory: 434924424 Bytes (743440384)
2025-10-19 15:35:54,043 [INFO] MicroXplorer:468 - Change Database Path : 
2025-10-19 15:35:54,043 [INFO] MicroXplorer:498 - Change Database Version : DB.6.0.150
2025-10-19 15:35:54,043 [INFO] OpenFileManager:355 - Change cursor
2025-10-19 15:35:54,166 [WARN] IntegrityCheckThread:84 - waiting for thirdparty lock release [integrity check]
2025-10-19 15:35:54,166 [INFO] IntegrityCheckThread:86 - entering critical section [integrity check]
2025-10-19 15:35:56,510 [WARN] PackLoader:240 - Cannot read IP mode file for STMicroelectronics.FP-SNS-MOTENVWB1.1.4.0
2025-10-19 15:35:56,836 [WARN] PackLoader:240 - Cannot read IP mode file for STMicroelectronics.FP-ATR-ASTRA1.2.0.2
2025-10-19 15:35:56,901 [WARN] PackLoader:240 - Cannot read IP mode file for STMicroelectronics.X-CUBE-SMBUS.2.1.0
2025-10-19 15:35:57,026 [WARN] PackLoader:240 - Cannot read IP mode file for STMicroelectronics.X-CUBE-ST60.1.0.0
2025-10-19 15:35:57,620 [WARN] PackLoader:240 - Cannot read IP mode file for STMicroelectronics.X-CUBE-AZRTOS-F7.1.1.0
2025-10-19 15:35:57,855 [WARN] PackLoader:240 - Cannot read IP mode file for Cesanta.I-CUBE-Mongoose.7.19.0
2025-10-19 15:35:58,206 [WARN] PackLoader:240 - Cannot read IP mode file for Infineon.AIROC-Wi-Fi-Bluetooth-STM32.1.7.1
2025-10-19 15:35:58,568 [WARN] PackLoader:240 - Cannot read IP mode file for STMicroelectronics.X-CUBE-AZRTOS-H7.3.4.0
2025-10-19 15:35:58,801 [WARN] PackLoader:240 - Cannot read IP mode file for STMicroelectronics.X-CUBE-DISPLAY.3.0.0
2025-10-19 15:35:58,928 [WARN] PackLoader:240 - Cannot read IP mode file for STMicroelectronics.X-CUBE-NFC10.1.0.0
2025-10-19 15:35:59,254 [WARN] PackLoader:240 - Cannot read IP mode file for STMicroelectronics.X-CUBE-ST60.1.1.0
2025-10-19 15:35:59,272 [WARN] PackLoader:240 - Cannot read IP mode file for emotas.I-CUBE-CANOPEN.1.3.0
2025-10-19 15:35:59,374 [WARN] PackLoader:240 - Cannot read IP mode file for STMicroelectronics.FP-SNS-STBOX1.2.1.0
2025-10-19 15:35:59,419 [WARN] PackLoader:240 - Cannot read IP mode file for STMicroelectronics.FP-SNS-SMARTAG2.1.2.0
2025-10-19 15:35:59,546 [WARN] PackLoader:240 - Cannot read IP mode file for STMicroelectronics.FP-SNS-FLIGHT1.5.1.0
2025-10-19 15:35:59,713 [INFO] LogOutputStream:77 - [STDOUT_REDIRECT] 1 : Invalid condition id : UX_CORESTACK_Condition cause : null
2025-10-19 15:35:59,714 [INFO] LogOutputStream:77 - [STDOUT_REDIRECT] 1 : Invalid condition id : UX_CORESTACK_Condition cause : null
2025-10-19 15:35:59,716 [INFO] LogOutputStream:77 - [STDOUT_REDIRECT] 1 : Invalid condition id : UX_CORESTACK_Condition cause : null
2025-10-19 15:35:59,717 [INFO] LogOutputStream:77 - [STDOUT_REDIRECT] 1 : Invalid condition id : UX_CORESTACK_Condition cause : null
2025-10-19 15:35:59,719 [INFO] LogOutputStream:77 - [STDOUT_REDIRECT] 1 : Invalid condition id : UX_CORESTACK_Condition cause : null
2025-10-19 15:35:59,821 [WARN] PackLoader:240 - Cannot read IP mode file for STMicroelectronics.X-CUBE-AZRTOS-WL.2.0.0
2025-10-19 15:35:59,839 [WARN] PackLoader:240 - Cannot read IP mode file for STMicroelectronics.FP-SNS-MOTENV1.5.0.0
2025-10-19 15:35:59,935 [WARN] PackLoader:240 - Cannot read IP mode file for WES.I-CUBE-Cesium.1.3.0
2025-10-19 15:35:59,953 [WARN] PackLoader:240 - Cannot read IP mode file for STMicroelectronics.X-CUBE-BLE2.3.3.0
2025-10-19 15:35:59,972 [WARN] PackLoader:240 - Cannot read IP mode file for STMicroelectronics.X-CUBE-NFC9.1.0.0
2025-10-19 15:35:59,982 [WARN] PackLoader:240 - Cannot read IP mode file for STMicroelectronics.X-CUBE-BLE1.7.1.0
2025-10-19 15:35:59,989 [WARN] PackLoader:240 - Cannot read IP mode file for STMicroelectronics.X-CUBE-EEPRMA1.5.2.0
2025-10-19 15:36:00,035 [WARN] PackLoader:240 - Cannot read IP mode file for STMicroelectronics.X-CUBE-ST67W61.1.1.0
2025-10-19 15:36:00,249 [WARN] PackLoader:240 - Cannot read IP mode file for STMicroelectronics.X-CUBE-AZRTOS-G0.1.1.0
2025-10-19 15:36:00,370 [WARN] PackLoader:240 - Cannot read IP mode file for STMicroelectronics.X-CUBE-SAFEA1.1.2.2
2025-10-19 15:36:00,443 [WARN] PackLoader:240 - Cannot read IP mode file for STMicroelectronics.X-CUBE-NFC4.3.0.0
2025-10-19 15:36:00,503 [WARN] PackLoader:240 - Cannot read IP mode file for EmbeddedOffice.I-CUBE-FS-RTOS.1.0.1
2025-10-19 15:36:00,536 [WARN] PackLoader:240 - Cannot read IP mode file for STMicroelectronics.X-CUBE-WB05N.2.0.0
2025-10-19 15:36:00,569 [WARN] PackLoader:240 - Cannot read IP mode file for STMicroelectronics.X-CUBE-TCPP.4.2.0
2025-10-19 15:36:00,593 [WARN] PackLoader:240 - Cannot read IP mode file for RealThread.X-CUBE-RT-Thread_Nano.4.1.1
2025-10-19 15:36:00,638 [WARN] PackLoader:240 - Cannot read IP mode file for STMicroelectronics.FP-ATR-SIGFOX1.3.2.0
2025-10-19 15:36:00,645 [WARN] PackLoader:240 - Cannot read IP mode file for ITTIA_DB.I-CUBE-ITTIADB.8.9.0
2025-10-19 15:36:00,681 [WARN] PackLoader:240 - Cannot read IP mode file for STMicroelectronics.X-CUBE-ST67W61.1.0.0
2025-10-19 15:36:00,687 [WARN] PackLoader:240 - Cannot read IP mode file for STMicroelectronics.X-CUBE-AI.10.2.0
2025-10-19 15:36:00,797 [WARN] PackLoader:240 - Cannot read IP mode file for SEGGER.I-CUBE-embOS.1.3.1
2025-10-19 15:36:00,896 [WARN] PackLoader:240 - Cannot read IP mode file for STMicroelectronics.X-CUBE-ALGOBUILD.1.4.0
2025-10-19 15:36:01,379 [WARN] PackLoader:240 - Cannot read IP mode file for STMicroelectronics.X-CUBE-MEMS1.11.3.0
2025-10-19 15:36:01,549 [WARN] PackLoader:240 - Cannot read IP mode file for STMicroelectronics.X-CUBE-PM33A1.1.0.0
2025-10-19 15:36:01,563 [WARN] PackLoader:240 - Cannot read IP mode file for STMicroelectronics.X-CUBE-AZRTOS-F4.1.1.0
2025-10-19 15:36:01,567 [WARN] PackLoader:240 - Cannot read IP mode file for STMicroelectronics.X-CUBE-ISPU.2.1.0
2025-10-19 15:36:01,574 [WARN] PackLoader:240 - Cannot read IP mode file for STMicroelectronics.X-CUBE-IPS.3.2.0
2025-10-19 15:36:01,647 [WARN] PackLoader:240 - Cannot read IP mode file for STMicroelectronics.X-CUBE-NFC12.1.0.0
2025-10-19 15:36:01,658 [WARN] PackLoader:240 - Cannot read IP mode file for STMicroelectronics.X-CUBE-AZRTOS-L5.2.0.0
2025-10-19 15:36:01,668 [WARN] PackLoader:240 - Cannot read IP mode file for STMicroelectronics.X-CUBE-NFC6.3.1.0
2025-10-19 15:36:01,707 [WARN] PackLoader:240 - Cannot read IP mode file for STMicroelectronics.X-CUBE-FREERTOS.1.3.1
2025-10-19 15:36:01,711 [WARN] PackLoader:240 - Cannot read IP mode file for STMicroelectronics.X-CUBE-TOUCHGFX.4.26.0
2025-10-19 15:36:01,715 [WARN] PackLoader:240 - Cannot read IP mode file for STMicroelectronics.FP-SNS-STAIOTCFT.1.0.0
2025-10-19 15:36:01,751 [WARN] PackLoader:240 - Cannot read IP mode file for STMicroelectronics.X-CUBE-DPower.1.3.0
2025-10-19 15:36:01,824 [WARN] ConditionMgr:438 - getConditionDescription Invalid condition id : LAN8742 Phy interface Condition cause : null
2025-10-19 15:36:01,825 [WARN] PackLoader:240 - Cannot read IP mode file for STMicroelectronics.X-CUBE-AZRTOS-L4.2.0.0
2025-10-19 15:36:01,825 [WARN] ConditionMgr:1044 - genDependencies : Invalid condition id : LAN8742 Phy interface Condition cause : null
2025-10-19 15:36:01,825 [WARN] ConditionMgr:1044 - genDependencies : Invalid condition id : LAN8742 Phy interface Condition cause : null
2025-10-19 15:36:01,825 [WARN] ConditionMgr:1044 - genDependencies : Invalid condition id : LAN8742 Phy interface Condition cause : null
2025-10-19 15:36:01,832 [WARN] PackLoader:240 - Cannot read IP mode file for STMicroelectronics.X-CUBE-SFXS2LP1.4.0.0
2025-10-19 15:36:01,839 [WARN] PackLoader:240 - Cannot read IP mode file for STMicroelectronics.X-CUBE-BLEMGR.4.1.0
2025-10-19 15:36:01,846 [WARN] ConditionMgr:438 - getConditionDescription Invalid condition id : UX DEVICE CLASS RTOS Condition cause : null
2025-10-19 15:36:01,846 [WARN] ConditionMgr:438 - getConditionDescription Invalid condition id : UX DEVICE CLASS RTOS Condition cause : null
2025-10-19 15:36:01,846 [WARN] PackLoader:240 - Cannot read IP mode file for STMicroelectronics.X-CUBE-AZRTOS-WB.2.0.0
2025-10-19 15:36:01,847 [WARN] ConditionMgr:1044 - genDependencies : Invalid condition id : UX DEVICE CLASS RTOS Condition cause : null
2025-10-19 15:36:01,847 [WARN] ConditionMgr:1044 - genDependencies : Invalid condition id : UX DEVICE CLASS RTOS Condition cause : null
2025-10-19 15:36:01,847 [WARN] ConditionMgr:1044 - genDependencies : Invalid condition id : UX DEVICE CLASS RTOS Condition cause : null
2025-10-19 15:36:01,847 [WARN] ConditionMgr:1044 - genDependencies : Invalid condition id : UX DEVICE CLASS RTOS Condition cause : null
2025-10-19 15:36:01,847 [WARN] ConditionMgr:1044 - genDependencies : Invalid condition id : UX DEVICE CLASS RTOS Condition cause : null
2025-10-19 15:36:01,881 [WARN] PackLoader:240 - Cannot read IP mode file for STMicroelectronics.X-CUBE-GNSS1.7.0.1
2025-10-19 15:36:01,884 [WARN] PackLoader:240 - Cannot read IP mode file for STMicroelectronics.X-CUBE-TOUCHGFX.4.25.0
2025-10-19 15:36:01,888 [WARN] ConditionMgr:438 - getConditionDescription Invalid condition id : Cortex-A Device cause : null
2025-10-19 15:36:01,931 [WARN] ConditionMgr:1044 - genDependencies : Invalid condition id : Cortex-A Device cause : null
2025-10-19 15:36:01,931 [WARN] ConditionMgr:1044 - genDependencies : Invalid condition id : Cortex-A Device cause : null
2025-10-19 15:36:01,931 [WARN] ConditionMgr:1044 - genDependencies : Invalid condition id : Cortex-A Device cause : null
2025-10-19 15:36:01,938 [WARN] PackLoader:240 - Cannot read IP mode file for STMicroelectronics.X-CUBE-SUBG2.5.0.0
2025-10-19 15:36:01,986 [WARN] PackLoader:240 - Cannot read IP mode file for STMicroelectronics.X-CUBE-AZRTOS-H7RS.1.1.0
2025-10-19 15:36:02,027 [WARN] PackLoader:240 - Cannot read IP mode file for STMicroelectronics.X-CUBE-AZRTOS-G4.2.0.0
2025-10-19 15:36:02,063 [WARN] PackLoader:240 - Cannot read IP mode file for STMicroelectronics.X-CUBE-NFC7.2.0.0
2025-10-19 15:36:02,072 [WARN] PackLoader:240 - Cannot read IP mode file for STMicroelectronics.X-CUBE-IPS.3.1.0
2025-10-19 15:36:02,076 [WARN] PackLoader:240 - Cannot read IP mode file for STMicroelectronics.X-CUBE-ALS.1.0.2
2025-10-19 15:36:02,080 [WARN] PackLoader:240 - Cannot read IP mode file for STMicroelectronics.X-CUBE-STSE01.1.0.0
2025-10-19 15:36:02,085 [WARN] PackLoader:240 - Cannot read IP mode file for STMicroelectronics.X-CUBE-TOF1.3.4.3
2025-10-19 15:36:02,121 [INFO] ThirdParty:978 - Integrity check success = true
2025-10-19 15:36:02,121 [INFO] IntegrityCheckThread:100 - exiting critical section [integrity check]
2025-10-19 15:36:02,121 [INFO] IntegrityCheckThread:103 - End integrity checks thread
2025-10-19 15:36:02,342 [INFO] Mcu:2029 - Initializing MCU STM32F103C(8-B)Tx STM32F103C8Tx STM32F103C8T6
2025-10-19 15:36:11,067 [INFO] Context:786 - Trying to add GPIOservice into a context  which must be forbidden
2025-10-19 15:36:12,174 [INFO] ImportTextPane:234 - (OptionalMessage_ERROR) Pin10 (VP_RIF_VS_RIF1) cannot be retrieved for this MCU
2025-10-19 15:36:12,380 [INFO] RtosManager:558 - Registered RTOS mode: class=CMSIS, group=RTOS, mode=CMSIS_V1, owner=FREERTOS
2025-10-19 15:36:12,380 [INFO] RtosManager:558 - Registered RTOS mode: class=CMSIS, group=RTOS2, mode=CMSIS_V2, owner=FREERTOS
2025-10-19 15:36:12,380 [INFO] RtosManager:558 - Registered RTOS mode: class=RTOS, group=Core, mode=CMSIS_V1, owner=FREERTOS
2025-10-19 15:36:12,380 [INFO] RtosManager:558 - Registered RTOS mode: class=RTOS, group=Core, mode=CMSIS_V2, owner=FREERTOS
2025-10-19 15:36:12,381 [WARN] ModelIntegratedComponent:184 - Missing modes for component STMicroelectronics:FreeRTOS:0.0.1:STMicroelectronics:RTOS:FreeRTOS:Core:::10.2.0:
2025-10-19 15:36:12,441 [WARN] ModelIntegratedComponent:63 - No mode defined for component null
2025-10-19 15:36:12,441 [WARN] ModelIntegratedComponent:63 - No mode defined for component null
2025-10-19 15:36:12,441 [WARN] ModelIntegratedComponent:63 - No mode defined for component null
2025-10-19 15:36:12,441 [WARN] ModelIntegratedComponent:63 - No mode defined for component null
2025-10-19 15:36:12,441 [WARN] ModelIntegratedComponent:63 - No mode defined for component null
2025-10-19 15:36:12,441 [WARN] ModelIntegratedComponent:63 - No mode defined for component null
2025-10-19 15:36:12,441 [WARN] ModelIntegratedComponent:63 - No mode defined for component null
2025-10-19 15:36:12,441 [WARN] ModelIntegratedComponent:63 - No mode defined for component null
2025-10-19 15:36:12,441 [WARN] ModelIntegratedComponent:63 - No mode defined for component null
2025-10-19 15:36:12,441 [WARN] ModelIntegratedComponent:63 - No mode defined for component null
2025-10-19 15:36:12,441 [WARN] ModelIntegratedComponent:63 - No mode defined for component null
2025-10-19 15:36:12,441 [WARN] ModelIntegratedComponent:63 - No mode defined for component null
2025-10-19 15:36:12,441 [WARN] ModelIntegratedComponent:63 - No mode defined for component null
2025-10-19 15:36:12,441 [WARN] ModelIntegratedComponent:63 - No mode defined for component null
2025-10-19 15:36:12,441 [WARN] ModelIntegratedComponent:63 - No mode defined for component null
2025-10-19 15:36:12,441 [WARN] ModelIntegratedComponent:63 - No mode defined for component null
2025-10-19 15:36:12,441 [WARN] ModelIntegratedComponent:63 - No mode defined for component null
2025-10-19 15:36:12,441 [WARN] ModelIntegratedComponent:63 - No mode defined for component null
2025-10-19 15:36:12,441 [WARN] ModelIntegratedComponent:63 - No mode defined for component null
2025-10-19 15:36:12,441 [WARN] ModelIntegratedComponent:63 - No mode defined for component null
2025-10-19 15:36:12,441 [WARN] ModelIntegratedComponent:63 - No mode defined for component null
2025-10-19 15:36:12,441 [WARN] ModelIntegratedComponent:63 - No mode defined for component null
2025-10-19 15:36:12,441 [WARN] ModelIntegratedComponent:63 - No mode defined for component null
2025-10-19 15:36:12,441 [WARN] ModelIntegratedComponent:63 - No mode defined for component null
2025-10-19 15:36:12,441 [WARN] ModelIntegratedComponent:63 - No mode defined for component null
2025-10-19 15:36:12,441 [WARN] ModelIntegratedComponent:63 - No mode defined for component null
2025-10-19 15:36:12,441 [WARN] ModelIntegratedComponent:63 - No mode defined for component null
2025-10-19 15:36:12,441 [WARN] ModelIntegratedComponent:63 - No mode defined for component null
2025-10-19 15:36:12,441 [WARN] ModelIntegratedComponent:63 - No mode defined for component null
2025-10-19 15:36:12,441 [WARN] ModelIntegratedComponent:63 - No mode defined for component null
2025-10-19 15:36:12,441 [WARN] ModelIntegratedComponent:63 - No mode defined for component null
2025-10-19 15:36:12,442 [WARN] ModelIntegratedComponent:63 - No mode defined for component null
2025-10-19 15:36:12,442 [WARN] ModelIntegratedComponent:63 - No mode defined for component null
2025-10-19 15:36:12,442 [WARN] ModelIntegratedComponent:63 - No mode defined for component null
2025-10-19 15:36:12,442 [WARN] ModelIntegratedComponent:63 - No mode defined for component null
2025-10-19 15:36:12,442 [WARN] ModelPack:524 - Component already loaded: STMicroelectronics:HAL Drivers:0.0.0:STMicroelectronics:Device:STMicro_Driver:XSPI:HAL::0.0.1:HAL_XSPI
2025-10-19 15:36:12,629 [INFO] ThirdPartyModel:298 - Start build external matchings
2025-10-19 15:36:13,839 [INFO] ThirdPartyModel:316 - End build external matchings
2025-10-19 15:36:13,869 [INFO] ImportTextPane:234 - (OptionalMessage_ERROR) IP (RCC) : Invalid parameter (FamilyName)
2025-10-19 15:36:13,871 [INFO] ImportTextPane:234 - (OptionalMessage_ERROR) IP (RCC) : Parameter (USBFreq_Value) has invalid value (16000000)
2025-10-19 15:36:14,371 [INFO] UtilMem:75 - End LoadConfig() Used Memory: 471147688 Bytes (743440384)
2025-10-19 15:36:14,486 [WARN] ThirdParty:833 - waiting for thirdparty lock release [change project]
2025-10-19 15:36:14,487 [INFO] ThirdParty:835 - entering critical section [change project]
2025-10-19 15:36:14,487 [INFO] ThirdParty:1030 - CMSIS Pack Vendor :STMicroelectronics X-CUBE-PM33A1 1.0.0
2025-10-19 15:36:14,487 [INFO] ThirdParty:1030 - CMSIS Pack Vendor :STMicroelectronics USBPD 4.1
2025-10-19 15:36:14,487 [INFO] ThirdParty:1030 - CMSIS Pack Vendor :STMicroelectronics X-CUBE-NFC9 1.0.0
2025-10-19 15:36:14,487 [INFO] ThirdParty:1030 - CMSIS Pack Vendor :STMicroelectronics USB_HOST 2.0.0
2025-10-19 15:36:14,487 [INFO] ThirdParty:1030 - CMSIS Pack Vendor :STMicroelectronics FP-SNS-MOTENVWB1 1.4.0
2025-10-19 15:36:14,487 [INFO] ThirdParty:1030 - CMSIS Pack Vendor :STMicroelectronics X-CUBE-AZRTOS-F4 1.1.0
2025-10-19 15:36:14,487 [INFO] ThirdParty:1030 - CMSIS Pack Vendor :STMicroelectronics LIBJPEG 8.0.0
2025-10-19 15:36:14,487 [INFO] ThirdParty:1030 - CMSIS Pack Vendor :STMicroelectronics FP-ATR-ASTRA1 2.0.2
2025-10-19 15:36:14,487 [INFO] ThirdParty:1030 - CMSIS Pack Vendor :STMicroelectronics X-CUBE-BLE1 7.1.0
2025-10-19 15:36:14,487 [INFO] ThirdParty:1030 - CMSIS Pack Vendor :STMicroelectronics X-CUBE-SMBUS 2.1.0
2025-10-19 15:36:14,487 [INFO] ThirdParty:1030 - CMSIS Pack Vendor :STMicroelectronics USB_DEVICE 3.0.0
2025-10-19 15:36:14,487 [INFO] ThirdParty:1030 - CMSIS Pack Vendor :STMicroelectronics X-CUBE-ISPU 2.1.0
2025-10-19 15:36:14,487 [INFO] ThirdParty:1030 - CMSIS Pack Vendor :STMicroelectronics X-CUBE-EEPRMA1 5.2.0
2025-10-19 15:36:14,487 [INFO] ThirdParty:1030 - CMSIS Pack Vendor :STMicroelectronics X-CUBE-IPS 3.2.0
2025-10-19 15:36:14,487 [INFO] ThirdParty:1030 - CMSIS Pack Vendor :STMicroelectronics X-CUBE-BLEMGR 4.1.0
2025-10-19 15:36:14,487 [INFO] ThirdParty:1030 - CMSIS Pack Vendor :STMicroelectronics X-CUBE-AZRTOS-WB 2.0.0
2025-10-19 15:36:14,487 [INFO] ThirdParty:1030 - CMSIS Pack Vendor :STMicroelectronics X-CUBE-ST60 1.0.0
2025-10-19 15:36:14,487 [INFO] ThirdParty:1030 - CMSIS Pack Vendor :STMicroelectronics X-CUBE-GNSS1 7.0.1
2025-10-19 15:36:14,487 [INFO] ThirdParty:1030 - CMSIS Pack Vendor :STMicroelectronics X-CUBE-NFC12 1.0.0
2025-10-19 15:36:14,487 [INFO] ThirdParty:1030 - CMSIS Pack Vendor :STMicroelectronics X-CUBE-AZRTOS-F7 1.1.0
2025-10-19 15:36:14,487 [INFO] ThirdParty:1030 - CMSIS Pack Vendor :STMicroelectronics X-CUBE-AZRTOS-L5 2.0.0
2025-10-19 15:36:14,487 [INFO] ThirdParty:1030 - CMSIS Pack Vendor :STMicroelectronics X-CUBE-TOUCHGFX 4.25.0
2025-10-19 15:36:14,487 [INFO] ThirdParty:1030 - CMSIS Pack Vendor :STMicroelectronics USB_DEVICE 2.0.0
2025-10-19 15:36:14,487 [INFO] ThirdParty:1030 - CMSIS Pack Vendor :STMicroelectronics X-CUBE-NFC6 3.1.0
2025-10-19 15:36:14,487 [INFO] ThirdParty:1030 - CMSIS Pack Vendor :STMicroelectronics X-CUBE-ST67W61 1.1.0
2025-10-19 15:36:14,487 [INFO] ThirdParty:1030 - CMSIS Pack Vendor :Cesanta I-CUBE-Mongoose 7.19.0
2025-10-19 15:36:14,487 [INFO] ThirdParty:1030 - CMSIS Pack Vendor :quantropi X-CUBE-qispace-sdk-base 2.1.0
2025-10-19 15:36:14,487 [INFO] ThirdParty:1030 - CMSIS Pack Vendor :STMicroelectronics FreeRTOS 0.0.1
2025-10-19 15:36:14,487 [INFO] ThirdParty:1030 - CMSIS Pack Vendor :STMicroelectronics X-CUBE-AZRTOS-G0 1.1.0
2025-10-19 15:36:14,487 [INFO] ThirdParty:1030 - CMSIS Pack Vendor :STMicroelectronics X-CUBE-SAFEA1 1.2.2
2025-10-19 15:36:14,487 [INFO] ThirdParty:1030 - CMSIS Pack Vendor :STMicroelectronics X-CUBE-NFC4 3.0.0
2025-10-19 15:36:14,487 [INFO] ThirdParty:1030 - CMSIS Pack Vendor :STMicroelectronics X-CUBE-SUBG2 5.0.0
2025-10-19 15:36:14,487 [INFO] ThirdParty:1030 - CMSIS Pack Vendor :STMicroelectronics X-CUBE-AZRTOS-H7RS 1.1.0
2025-10-19 15:36:14,487 [INFO] ThirdParty:1030 - CMSIS Pack Vendor :STMicroelectronics STM32_WPAN 1.0.0
2025-10-19 15:36:14,487 [INFO] ThirdParty:1030 - CMSIS Pack Vendor :EmbeddedOffice I-CUBE-FS-RTOS 1.0.1
2025-10-19 15:36:14,487 [INFO] ThirdParty:1030 - CMSIS Pack Vendor :STMicroelectronics lwIP 2.0.3
2025-10-19 15:36:14,488 [INFO] ThirdParty:1030 - CMSIS Pack Vendor :STMicroelectronics USB_HOST 1.0.0
2025-10-19 15:36:14,490 [INFO] ThirdParty:1030 - CMSIS Pack Vendor :Infineon AIROC-Wi-Fi-Bluetooth-STM32 1.7.1
2025-10-19 15:36:14,493 [INFO] ThirdParty:1030 - CMSIS Pack Vendor :STMicroelectronics X-CUBE-AZRTOS-G4 2.0.0
2025-10-19 15:36:14,493 [INFO] ThirdParty:1030 - CMSIS Pack Vendor :STMicroelectronics X-CUBE-WB05N 2.0.0
2025-10-19 15:36:14,493 [INFO] ThirdParty:1030 - CMSIS Pack Vendor :STMicroelectronics PDM2PCM 3.1.0
2025-10-19 15:36:14,493 [INFO] ThirdParty:1030 - CMSIS Pack Vendor :STMicroelectronics PDM2PCM 3.3.0
2025-10-19 15:36:14,493 [INFO] ThirdParty:1030 - CMSIS Pack Vendor :STMicroelectronics X-CUBE-AZRTOS-H7 3.4.0
2025-10-19 15:36:14,493 [INFO] ThirdParty:1030 - CMSIS Pack Vendor :STMicroelectronics X-CUBE-DISPLAY 3.0.0
2025-10-19 15:36:14,493 [INFO] ThirdParty:1030 - CMSIS Pack Vendor :STMicroelectronics X-CUBE-NFC7 2.0.0
2025-10-19 15:36:14,493 [INFO] ThirdParty:1030 - CMSIS Pack Vendor :STMicroelectronics X-CUBE-TCPP 4.2.0
2025-10-19 15:36:14,493 [INFO] ThirdParty:1030 - CMSIS Pack Vendor :RealThread X-CUBE-RT-Thread_Nano 4.1.1
2025-10-19 15:36:14,493 [INFO] ThirdParty:1030 - CMSIS Pack Vendor :STMicroelectronics FP-ATR-SIGFOX1 3.2.0
2025-10-19 15:36:14,493 [INFO] ThirdParty:1030 - CMSIS Pack Vendor :STMicroelectronics X-CUBE-NFC10 1.0.0
2025-10-19 15:36:14,493 [INFO] ThirdParty:1030 - CMSIS Pack Vendor :STMicroelectronics X-CUBE-FREERTOS 1.3.1
2025-10-19 15:36:14,493 [INFO] ThirdParty:1030 - CMSIS Pack Vendor :STMicroelectronics HAL Drivers 0.0.0
2025-10-19 15:36:14,493 [INFO] ThirdParty:1030 - CMSIS Pack Vendor :STMicroelectronics MBEDTLS 2.16.2
2025-10-19 15:36:14,493 [INFO] ThirdParty:1030 - CMSIS Pack Vendor :STMicroelectronics X-CUBE-ST60 1.1.0
2025-10-19 15:36:14,494 [INFO] ThirdParty:1030 - CMSIS Pack Vendor :STMicroelectronics X-CUBE-IPS 3.1.0
2025-10-19 15:36:14,494 [INFO] ThirdParty:1030 - CMSIS Pack Vendor :STMicroelectronics X-CUBE-ALS 1.0.2
2025-10-19 15:36:14,494 [INFO] ThirdParty:1030 - CMSIS Pack Vendor :emotas I-CUBE-CANOPEN 1.3.0
2025-10-19 15:36:14,494 [INFO] ThirdParty:1030 - CMSIS Pack Vendor :STMicroelectronics MBEDTLS 2.14.1
2025-10-19 15:36:14,494 [INFO] ThirdParty:1030 - CMSIS Pack Vendor :ITTIA_DB I-CUBE-ITTIADB 8.9.0
2025-10-19 15:36:14,494 [INFO] ThirdParty:1030 - CMSIS Pack Vendor :STMicroelectronics X-CUBE-TOUCHGFX 4.26.0
2025-10-19 15:36:14,494 [INFO] ThirdParty:1030 - CMSIS Pack Vendor :STMicroelectronics X-CUBE-STSE01 1.0.0
2025-10-19 15:36:14,494 [INFO] ThirdParty:1030 - CMSIS Pack Vendor :STMicroelectronics X-CUBE-ST67W61 1.0.0
2025-10-19 15:36:14,494 [INFO] ThirdParty:1030 - CMSIS Pack Vendor :STMicroelectronics FP-SNS-STBOX1 2.1.0
2025-10-19 15:36:14,494 [INFO] ThirdParty:1030 - CMSIS Pack Vendor :STMicroelectronics X-CUBE-AI 10.2.0
2025-10-19 15:36:14,494 [INFO] ThirdParty:1030 - CMSIS Pack Vendor :STMicroelectronics FP-SNS-STAIOTCFT 1.0.0
2025-10-19 15:36:14,494 [INFO] ThirdParty:1030 - CMSIS Pack Vendor :STMicroelectronics ThreadX 1.0.0
2025-10-19 15:36:14,494 [INFO] ThirdParty:1030 - CMSIS Pack Vendor :STMicroelectronics FP-SNS-SMARTAG2 1.2.0
2025-10-19 15:36:14,494 [INFO] ThirdParty:1030 - CMSIS Pack Vendor :STMicroelectronics FP-SNS-FLIGHT1 5.1.0
2025-10-19 15:36:14,494 [INFO] ThirdParty:1030 - CMSIS Pack Vendor :STMicroelectronics X-CUBE-AZRTOS-WL 2.0.0
2025-10-19 15:36:14,494 [INFO] ThirdParty:1030 - CMSIS Pack Vendor :SEGGER I-CUBE-embOS 1.3.1
2025-10-19 15:36:14,494 [INFO] ThirdParty:1030 - CMSIS Pack Vendor :STMicroelectronics X-CUBE-ALGOBUILD 1.4.0
2025-10-19 15:36:14,494 [INFO] ThirdParty:1030 - CMSIS Pack Vendor :STMicroelectronics X-CUBE-DPower 1.3.0
2025-10-19 15:36:14,494 [INFO] ThirdParty:1030 - CMSIS Pack Vendor :STMicroelectronics X-CUBE-MEMS1 11.3.0
2025-10-19 15:36:14,494 [INFO] ThirdParty:1030 - CMSIS Pack Vendor :STMicroelectronics FP-SNS-MOTENV1 5.0.0
2025-10-19 15:36:14,494 [INFO] ThirdParty:1030 - CMSIS Pack Vendor :STMicroelectronics USB_DEVICE 1.0.0
2025-10-19 15:36:14,494 [INFO] ThirdParty:1030 - CMSIS Pack Vendor :STMicroelectronics X-CUBE-AZRTOS-L4 2.0.0
2025-10-19 15:36:14,494 [INFO] ThirdParty:1030 - CMSIS Pack Vendor :STMicroelectronics ThreadX 0.0.2
2025-10-19 15:36:14,494 [INFO] ThirdParty:1030 - CMSIS Pack Vendor :WES I-CUBE-Cesium 1.3.0
2025-10-19 15:36:14,494 [INFO] ThirdParty:1030 - CMSIS Pack Vendor :STMicroelectronics lwIP 2.1.2
2025-10-19 15:36:14,494 [INFO] ThirdParty:1030 - CMSIS Pack Vendor :STMicroelectronics X-CUBE-SFXS2LP1 4.0.0
2025-10-19 15:36:14,494 [INFO] ThirdParty:1030 - CMSIS Pack Vendor :STMicroelectronics X-CUBE-BLE2 3.3.0
2025-10-19 15:36:14,494 [INFO] ThirdParty:1030 - CMSIS Pack Vendor :STMicroelectronics X-CUBE-TOF1 3.4.3
2025-10-19 15:36:14,494 [INFO] ThirdParty:1030 - CMSIS Pack Vendor :STMicroelectronics PDM2PCM 3.2.0
2025-10-19 15:36:14,494 [INFO] ThirdParty:841 - exiting critical section [change project]
2025-10-19 15:36:15,388 [INFO] PinOutPanel:1589 - setPackage(No Configuration,No Configuration)
2025-10-19 15:36:15,389 [INFO] PinOutPanel:1589 - setPackage(STM32F103C8Tx,LQFP48)
2025-10-19 15:36:18,757 [INFO] UtilMem:75 - Before build in PCC Used Memory: 327155712 Bytes (743440384)
2025-10-19 15:36:21,462 [INFO] UtilMem:75 - After build in PCC Used Memory: 509091856 Bytes (743440384)
2025-10-19 15:36:21,521 [INFO] IPUIPlugin:80 - create IPUIPlugin
2025-10-19 15:36:21,521 [INFO] IPUIPlugin:80 - create IPUIPlugin
2025-10-19 15:36:21,521 [INFO] IPUIPlugin:80 - create IPUIPlugin
2025-10-19 15:36:21,522 [INFO] IPUIPlugin:80 - create IPUIPlugin
2025-10-19 15:36:21,522 [INFO] IPUIPlugin:80 - create IPUIPlugin
2025-10-19 15:36:21,522 [INFO] IPUIPlugin:80 - create IPUIPlugin
2025-10-19 15:36:21,522 [INFO] IPUIPlugin:80 - create IPUIPlugin
2025-10-19 15:36:21,522 [INFO] IPUIPlugin:80 - create IPUIPlugin
2025-10-19 15:36:21,522 [INFO] IPUIPlugin:80 - create IPUIPlugin
2025-10-19 15:36:21,522 [INFO] IPUIPlugin:80 - create IPUIPlugin
2025-10-19 15:36:21,522 [INFO] IPUIPlugin:80 - create IPUIPlugin
2025-10-19 15:36:21,522 [INFO] IPUIPlugin:80 - create IPUIPlugin
2025-10-19 15:36:21,523 [INFO] IPUIPlugin:80 - create IPUIPlugin
2025-10-19 15:36:21,523 [INFO] IPUIPlugin:80 - create IPUIPlugin
2025-10-19 15:36:21,523 [INFO] IPUIPlugin:80 - create IPUIPlugin
2025-10-19 15:36:21,523 [INFO] IPUIPlugin:80 - create IPUIPlugin
2025-10-19 15:36:21,523 [INFO] IPUIPlugin:80 - create IPUIPlugin
2025-10-19 15:36:21,523 [INFO] IPUIPlugin:80 - create IPUIPlugin
2025-10-19 15:36:21,524 [INFO] IPUIPlugin:80 - create IPUIPlugin
2025-10-19 15:36:21,524 [INFO] IPUIPlugin:80 - create IPUIPlugin
2025-10-19 15:36:21,524 [INFO] IPUIPlugin:80 - create IPUIPlugin
2025-10-19 15:36:21,524 [INFO] IPUIPlugin:80 - create IPUIPlugin
2025-10-19 15:36:21,524 [INFO] IPUIPlugin:80 - create IPUIPlugin
2025-10-19 15:36:21,524 [INFO] IPUIPlugin:80 - create IPUIPlugin
2025-10-19 15:36:21,524 [INFO] IPUIPlugin:80 - create IPUIPlugin
2025-10-19 15:36:21,524 [INFO] IPUIPlugin:80 - create IPUIPlugin
2025-10-19 15:36:21,524 [INFO] IPUIPlugin:80 - create IPUIPlugin
2025-10-19 15:36:21,533 [WARN] IP:2250 - I2C_Coeff_DF not found: check if there is a RefParameter without a condition.
2025-10-19 15:36:21,533 [WARN] IP:2250 - Analog_Filter not found: check if there is a RefParameter without a condition.
2025-10-19 15:36:22,627 [INFO] CADModel:165 - CPN selected for project levelSTM32F103C8T6
2025-10-19 15:36:22,627 [INFO] CADModel:114 - Register for checkConnection events
2025-10-19 15:36:22,680 [INFO] OpenFileManager:386 - Restore cursor
2025-10-19 15:36:22,793 [WARN] IP:2250 - I2C_Coeff_DF not found: check if there is a RefParameter without a condition.
2025-10-19 15:36:22,793 [WARN] IP:2250 - Analog_Filter not found: check if there is a RefParameter without a condition.
2025-10-19 15:36:22,793 [WARN] IP:2250 - I2C_Coeff_DF not found: check if there is a RefParameter without a condition.
2025-10-19 15:36:22,793 [WARN] IP:2250 - Analog_Filter not found: check if there is a RefParameter without a condition.
2025-10-19 15:36:23,824 [INFO] UtilMem:75 - End SaveConfig() Used Memory: 301467648 Bytes (743440384)
2025-10-19 15:36:23,956 [INFO] UtilMem:75 - End SaveConfig() Used Memory: 314050560 Bytes (743440384)
2025-10-19 15:36:24,767 [INFO] BlockDiagram:2775 - set Specific Code input for plugin: RTC
2025-10-19 15:36:24,767 [INFO] BlockDiagram:2775 - set Specific Code input for plugin: NVIC
2025-10-19 15:36:24,767 [INFO] BlockDiagram:2775 - set Specific Code input for plugin: TIM1_8F1
2025-10-19 15:36:24,767 [INFO] BlockDiagram:2775 - set Specific Code input for plugin: SYS
2025-10-19 15:36:24,767 [INFO] BlockDiagram:2775 - set Specific Code input for plugin: GPIO
2025-10-19 15:36:24,767 [INFO] BlockDiagram:2775 - set Specific Code input for plugin: RCC
2025-10-19 15:36:24,767 [INFO] BlockDiagram:2775 - set Specific Code input for plugin: I2C
2025-10-19 15:36:24,768 [INFO] CodeGenerator:892 - code generatio: config db path: C:\ST\STM32CubeIDE_1.19.0\STM32CubeIDE\plugins\com.st.stm32cube.common.mx_6.15.0.202507011659\\db\
2025-10-19 15:36:24,771 [WARN] IP:2250 - I2C_Coeff_DF not found: check if there is a RefParameter without a condition.
2025-10-19 15:36:24,771 [WARN] IP:2250 - Analog_Filter not found: check if there is a RefParameter without a condition.
2025-10-19 15:36:25,059 [INFO] CodeEngine:265 - oldGeneratedFile, C:\Users\nico2\OneDrive\Desktop\EMBEBIDOS\COMEDERO_INTEGRACION\MXTmpFiles\license.tmp_save
2025-10-19 15:36:25,807 [INFO] CodeEngine:289 - Generated code: C:\Users\nico2\OneDrive\Desktop\EMBEBIDOS\COMEDERO_INTEGRACION\MXTmpFiles\license.tmp
2025-10-19 15:36:26,040 [INFO] CodeEngine:265 - oldGeneratedFile, C:\Users\nico2\OneDrive\Desktop\EMBEBIDOS\COMEDERO_INTEGRACION\MXTmpFiles\gpio.tmp_save
2025-10-19 15:36:26,587 [INFO] CodeEngine:289 - Generated code: C:\Users\nico2\OneDrive\Desktop\EMBEBIDOS\COMEDERO_INTEGRACION\MXTmpFiles\gpio.tmp
2025-10-19 15:36:26,910 [INFO] CodeEngine:265 - oldGeneratedFile, C:\Users\nico2\OneDrive\Desktop\EMBEBIDOS\COMEDERO_INTEGRACION\Core\Src\stm32f1xx_it.c_save
2025-10-19 15:36:27,375 [INFO] CodeEngine:289 - Generated code: C:\Users\nico2\OneDrive\Desktop\EMBEBIDOS\COMEDERO_INTEGRACION\Core\Src\stm32f1xx_it.c
2025-10-19 15:36:27,383 [INFO] CodeEngine:265 - oldGeneratedFile, C:\Users\nico2\OneDrive\Desktop\EMBEBIDOS\COMEDERO_INTEGRACION\Core\Inc\stm32f1xx_it.h_save
2025-10-19 15:36:27,529 [INFO] CodeEngine:289 - Generated code: C:\Users\nico2\OneDrive\Desktop\EMBEBIDOS\COMEDERO_INTEGRACION\Core\Inc\stm32f1xx_it.h
2025-10-19 15:36:27,551 [INFO] CodeEngine:265 - oldGeneratedFile, C:\Users\nico2\OneDrive\Desktop\EMBEBIDOS\COMEDERO_INTEGRACION\Core\Src\stm32f1xx_hal_msp.c_save
2025-10-19 15:36:27,796 [INFO] CodeEngine:289 - Generated code: C:\Users\nico2\OneDrive\Desktop\EMBEBIDOS\COMEDERO_INTEGRACION\Core\Src\stm32f1xx_hal_msp.c
2025-10-19 15:36:27,805 [INFO] CodeEngine:265 - oldGeneratedFile, C:\Users\nico2\OneDrive\Desktop\EMBEBIDOS\COMEDERO_INTEGRACION\MXTmpFiles\system.tmp_save
2025-10-19 15:36:27,933 [INFO] CodeEngine:289 - Generated code: C:\Users\nico2\OneDrive\Desktop\EMBEBIDOS\COMEDERO_INTEGRACION\MXTmpFiles\system.tmp
2025-10-19 15:36:27,946 [INFO] CodeEngine:321 - oldGeneratedFile, C:\Users\nico2\OneDrive\Desktop\EMBEBIDOS\COMEDERO_INTEGRACION\Core\Inc\stm32f1xx_hal_conf.h_save
2025-10-19 15:36:28,000 [INFO] CodeEngine:345 - Generated code: C:\Users\nico2\OneDrive\Desktop\EMBEBIDOS\COMEDERO_INTEGRACION\Core\Inc\stm32f1xx_hal_conf.h
2025-10-19 15:36:28,090 [INFO] ApiDbMcu:532 - Load IP Config File for I2C1
2025-10-19 15:36:28,092 [INFO] ApiDbMcu:532 - Load IP Config File for RTC
2025-10-19 15:36:28,098 [INFO] ApiDbMcu:532 - Load IP Config File for TIM2
2025-10-19 15:36:28,099 [INFO] ApiDbMcu:532 - Load IP Config File for RCC
2025-10-19 15:36:28,100 [WARN] IPConfigManager:3811 - IP not found : TIM
2025-10-19 15:36:28,100 [WARN] CodeGenerator:4259 - IP not found : null
2025-10-19 15:36:28,147 [INFO] CodeEngine:265 - oldGeneratedFile, C:\Users\nico2\OneDrive\Desktop\EMBEBIDOS\COMEDERO_INTEGRACION\Core\Inc\main.h_save
2025-10-19 15:36:28,247 [INFO] CodeEngine:289 - Generated code: C:\Users\nico2\OneDrive\Desktop\EMBEBIDOS\COMEDERO_INTEGRACION\Core\Inc\main.h
2025-10-19 15:36:28,254 [INFO] CodeEngine:265 - oldGeneratedFile, C:\Users\nico2\OneDrive\Desktop\EMBEBIDOS\COMEDERO_INTEGRACION\Core\Src\main.c_save
2025-10-19 15:36:28,674 [INFO] CodeEngine:289 - Generated code: C:\Users\nico2\OneDrive\Desktop\EMBEBIDOS\COMEDERO_INTEGRACION\Core\Src\main.c
2025-10-19 15:36:28,956 [INFO] ProjectBuilder:3606 - Time for Copy HAL[1] : 110mS.
2025-10-19 15:36:28,965 [INFO] ProjectBuilder:5216 - Project Generator version: 4.7.0-B52
2025-10-19 15:36:29,133 [INFO] ConfigFileManager:1595 - The Die is : DIE410
2025-10-19 15:36:29,143 [INFO] ApiDbMcu:532 - Load IP Config File for FATFS
2025-10-19 15:36:29,154 [INFO] ApiDbMcu:532 - Load IP Config File for FREERTOS
2025-10-19 15:36:29,170 [INFO] ApiDbMcu:532 - Load IP Config File for USB_DEVICE
2025-10-19 15:36:30,252 [INFO] LogOutputStream:77 - [STDOUT_REDIRECT] 
2025-10-19 15:36:38,269 [INFO] ProjectBuilder:5496 - Time for Generating toolchain IDE Files: 9304mS.
2025-10-19 15:36:38,271 [INFO] ProjectBuilder:3463 - Time for Copy CMSIS : 1mS.
2025-10-19 15:36:38,272 [INFO] ProjectBuilder:3463 - Time for Copy CMSIS : 0mS.
2025-10-19 15:36:42,693 [INFO] McuFinderGlobals:76 - Set McuFinderConnectedMode to true
2025-10-19 15:36:43,209 [INFO] ApiDb:448 - Save user favorites file C:\Users\nico2/.stm32cubeide/favorites.mcus.txt: 1 item(s)
2025-10-19 15:36:43,209 [INFO] ApiDb:452 - User favorites MCUs=[STM32F103C8T6]
2025-10-19 16:28:04,004 [INFO] MainUpdater:2872 - connection check result : 10
2025-10-19 16:28:04,005 [INFO] MainUpdater:2872 - connection check result : 10
2025-10-19 16:28:05,915 [INFO] MicroXplorer:468 - Change Database Path : 
2025-10-19 16:28:05,916 [INFO] MicroXplorer:498 - Change Database Version : DB.6.0.150
2025-10-19 16:28:06,415 [ERROR] ProjectManagerView:395 - 
java.lang.NullPointerException: Cannot invoke "javax.swing.JTextField.getText()" because the return value of "java.util.List.get(int)" is null
	at com.st.microxplorer.plugins.projectmanager.gui.ProjectChoiceTab$9.caretUpdate(ProjectChoiceTab.java:2706) ~[filemanager.jar:?]
	at javax.swing.text.JTextComponent.fireCaretUpdate(JTextComponent.java:408) ~[?:?]
	at javax.swing.text.JTextComponent$MutableCaretEvent.fire(JTextComponent.java:4484) ~[?:?]
	at javax.swing.text.JTextComponent$MutableCaretEvent.stateChanged(JTextComponent.java:4506) ~[?:?]
	at javax.swing.text.DefaultCaret.fireStateChanged(DefaultCaret.java:857) ~[?:?]
	at javax.swing.text.DefaultCaret.changeCaretPosition(DefaultCaret.java:1343) ~[?:?]
	at javax.swing.text.DefaultCaret.handleSetDot(DefaultCaret.java:1242) ~[?:?]
	at javax.swing.text.DefaultCaret.setDot(DefaultCaret.java:1223) ~[?:?]
	at javax.swing.text.DefaultCaret$Handler.insertUpdate(DefaultCaret.java:1819) ~[?:?]
	at javax.swing.text.AbstractDocument.fireInsertUpdate(AbstractDocument.java:227) ~[?:?]
	at javax.swing.text.AbstractDocument.handleInsertString(AbstractDocument.java:781) ~[?:?]
	at javax.swing.text.AbstractDocument.insertString(AbstractDocument.java:740) ~[?:?]
	at javax.swing.text.PlainDocument.insertString(PlainDocument.java:131) ~[?:?]
	at javax.swing.text.AbstractDocument.replace(AbstractDocument.java:699) ~[?:?]
	at javax.swing.text.JTextComponent.setText(JTextComponent.java:1725) ~[?:?]
	at com.st.microxplorer.plugins.projectmanager.gui.ProjectChoiceTab.createHeapStackFields(ProjectChoiceTab.java:993) ~[filemanager.jar:?]
	at com.st.microxplorer.plugins.projectmanager.gui.ProjectChoiceTab.buildLinkSettingsPanel(ProjectChoiceTab.java:3813) ~[filemanager.jar:?]
	at com.st.microxplorer.plugins.projectmanager.gui.ProjectChoiceTab.defineWindowsFields(ProjectChoiceTab.java:1987) ~[filemanager.jar:?]
	at com.st.microxplorer.plugins.projectmanager.gui.ProjectChoiceTab.updateSettings(ProjectChoiceTab.java:558) ~[filemanager.jar:?]
	at com.st.microxplorer.plugins.projectmanager.gui.ProjectSettingsPanel.UpdateDialog(ProjectSettingsPanel.java:247) ~[filemanager.jar:?]
	at com.st.microxplorer.plugins.projectmanager.ProjectManagerView.propertyChange(ProjectManagerView.java:392) ~[filemanager.jar:?]
	at java.beans.PropertyChangeSupport.fire(PropertyChangeSupport.java:343) ~[?:?]
	at java.beans.PropertyChangeSupport.firePropertyChange(PropertyChangeSupport.java:335) ~[?:?]
	at java.beans.PropertyChangeSupport.firePropertyChange(PropertyChangeSupport.java:268) ~[?:?]
	at com.st.microxplorer.util.MXPropertyChangeSupport.firePropertyChange(MXPropertyChangeSupport.java:54) ~[STM32CubeMX.jar:?]
	at com.st.microxplorer.mxsystem.MxSystem.closeConfig(MxSystem.java:899) ~[STM32CubeMX.jar:?]
	at com.st.microxplorer.maingui.MainPanel.closeConfig(MainPanel.java:792) ~[STM32CubeMX.jar:?]
	at com.st.microxplorer.plugins.filemanager.engine.OpenFileManager.loadConfigurationFile(OpenFileManager.java:288) ~[filemanager.jar:?]
	at com.st.microxplorer.plugins.filemanager.engine.MainFileManager.userLoadConfig(MainFileManager.java:364) ~[filemanager.jar:?]
	at com.st.microxplorer.plugins.filemanager.engine.MainFileManager.userLoadConfig(MainFileManager.java:342) ~[filemanager.jar:?]
	at com.st.microxplorer.plugins.filemanager.FileManagerView.getSpecificTask(FileManagerView.java:264) ~[filemanager.jar:?]
	at com.st.stm32cube.common.mx.editor.CubeMxEditor.getMxTabbedPaneInstance(CubeMxEditor.java:1198) ~[com.st.stm32cube.common.mx_6.15.0.202507011659/:?]
	at com.st.stm32cube.common.mx.editor.CubeMxEditor$12$1.createSwingComponent(CubeMxEditor.java:1068) ~[com.st.stm32cube.common.mx_6.15.0.202507011659/:?]
	at com.st.stm32cube.common.mx.oss.core.awtswtbridge.EmbeddedSwingComposite.doComponentCreation(EmbeddedSwingComposite.java:492) ~[com.st.stm32cube.common.mx.oss_6.15.0.202507011659/:?]
	at com.st.stm32cube.common.mx.oss.core.awtswtbridge.EmbeddedSwingComposite$4.run(EmbeddedSwingComposite.java:291) ~[com.st.stm32cube.common.mx.oss_6.15.0.202507011659/:?]
	at com.st.stm32cube.common.mx.oss.core.awtswtbridge.AwtEnvironment$2.run(AwtEnvironment.java:166) ~[com.st.stm32cube.common.mx.oss_6.15.0.202507011659/:?]
	at java.awt.event.InvocationEvent.dispatch(InvocationEvent.java:318) ~[?:?]
	at java.awt.EventQueue.dispatchEventImpl(EventQueue.java:773) ~[?:?]
	at java.awt.EventQueue$4.run(EventQueue.java:720) ~[?:?]
	at java.awt.EventQueue$4.run(EventQueue.java:714) ~[?:?]
	at java.security.AccessController.doPrivileged(AccessController.java:400) ~[?:?]
	at java.security.ProtectionDomain$JavaSecurityAccessImpl.doIntersectionPrivilege(ProtectionDomain.java:87) ~[?:?]
	at java.awt.EventQueue.dispatchEvent(EventQueue.java:742) ~[?:?]
	at java.awt.EventDispatchThread.pumpOneEventForFilters(EventDispatchThread.java:203) ~[?:?]
	at java.awt.EventDispatchThread.pumpEventsForFilter(EventDispatchThread.java:124) ~[?:?]
	at java.awt.EventDispatchThread.pumpEventsForHierarchy(EventDispatchThread.java:113) ~[?:?]
	at java.awt.EventDispatchThread.pumpEvents(EventDispatchThread.java:109) ~[?:?]
	at java.awt.EventDispatchThread.pumpEvents(EventDispatchThread.java:101) ~[?:?]
	at java.awt.EventDispatchThread.run(EventDispatchThread.java:90) ~[?:?]
2025-10-19 16:28:06,616 [WARN] ThirdParty:871 - waiting for thirdparty lock release [close project]
2025-10-19 16:28:06,616 [INFO] ThirdParty:873 - entering critical section [close project]
2025-10-19 16:28:06,616 [INFO] ThirdParty:883 - exiting critical section [close project]
2025-10-19 16:28:06,619 [INFO] PinOutPanel:1589 - setPackage(No Configuration,No Configuration)
2025-10-19 16:28:06,650 [INFO] UtilMem:75 - Begin LoadConfig() Used Memory: 263930696 Bytes (717225984)
2025-10-19 16:28:06,653 [INFO] MicroXplorer:468 - Change Database Path : 
2025-10-19 16:28:06,654 [INFO] MicroXplorer:498 - Change Database Version : DB.6.0.150
2025-10-19 16:28:06,654 [INFO] OpenFileManager:355 - Change cursor
2025-10-19 16:28:06,959 [INFO] RulesReader:64 - Compatibility file has been processed (317 Rules)
2025-10-19 16:28:07,074 [INFO] Mcu:2029 - Initializing MCU STM32F103C(8-B)Tx STM32F103C8Tx STM32F103C8T6
2025-10-19 16:28:11,537 [INFO] Context:786 - Trying to add GPIOservice into a context  which must be forbidden
2025-10-19 16:28:14,014 [INFO] ImportTextPane:234 - (OptionalMessage_ERROR) Pin10 (VP_RIF_VS_RIF1) cannot be retrieved for this MCU
2025-10-19 16:28:14,248 [INFO] RtosManager:558 - Registered RTOS mode: class=CMSIS, group=RTOS, mode=CMSIS_V1, owner=FREERTOS
2025-10-19 16:28:14,248 [INFO] RtosManager:558 - Registered RTOS mode: class=CMSIS, group=RTOS2, mode=CMSIS_V2, owner=FREERTOS
2025-10-19 16:28:14,248 [INFO] RtosManager:558 - Registered RTOS mode: class=RTOS, group=Core, mode=CMSIS_V1, owner=FREERTOS
2025-10-19 16:28:14,249 [INFO] RtosManager:558 - Registered RTOS mode: class=RTOS, group=Core, mode=CMSIS_V2, owner=FREERTOS
2025-10-19 16:28:14,249 [WARN] ModelIntegratedComponent:184 - Missing modes for component STMicroelectronics:FreeRTOS:0.0.1:STMicroelectronics:RTOS:FreeRTOS:Core:::10.2.0:
2025-10-19 16:28:14,257 [WARN] ModelIntegratedComponent:63 - No mode defined for component null
2025-10-19 16:28:14,257 [WARN] ModelIntegratedComponent:63 - No mode defined for component null
2025-10-19 16:28:14,257 [WARN] ModelIntegratedComponent:63 - No mode defined for component null
2025-10-19 16:28:14,257 [WARN] ModelIntegratedComponent:63 - No mode defined for component null
2025-10-19 16:28:14,257 [WARN] ModelIntegratedComponent:63 - No mode defined for component null
2025-10-19 16:28:14,257 [WARN] ModelIntegratedComponent:63 - No mode defined for component null
2025-10-19 16:28:14,258 [WARN] ModelIntegratedComponent:63 - No mode defined for component null
2025-10-19 16:28:14,258 [WARN] ModelIntegratedComponent:63 - No mode defined for component null
2025-10-19 16:28:14,258 [WARN] ModelIntegratedComponent:63 - No mode defined for component null
2025-10-19 16:28:14,258 [WARN] ModelIntegratedComponent:63 - No mode defined for component null
2025-10-19 16:28:14,258 [WARN] ModelIntegratedComponent:63 - No mode defined for component null
2025-10-19 16:28:14,258 [WARN] ModelIntegratedComponent:63 - No mode defined for component null
2025-10-19 16:28:14,258 [WARN] ModelIntegratedComponent:63 - No mode defined for component null
2025-10-19 16:28:14,259 [WARN] ModelIntegratedComponent:63 - No mode defined for component null
2025-10-19 16:28:14,260 [WARN] ModelIntegratedComponent:63 - No mode defined for component null
2025-10-19 16:28:14,260 [WARN] ModelIntegratedComponent:63 - No mode defined for component null
2025-10-19 16:28:14,261 [WARN] ModelIntegratedComponent:63 - No mode defined for component null
2025-10-19 16:28:14,261 [WARN] ModelIntegratedComponent:63 - No mode defined for component null
2025-10-19 16:28:14,261 [WARN] ModelIntegratedComponent:63 - No mode defined for component null
2025-10-19 16:28:14,261 [WARN] ModelIntegratedComponent:63 - No mode defined for component null
2025-10-19 16:28:14,261 [WARN] ModelIntegratedComponent:63 - No mode defined for component null
2025-10-19 16:28:14,296 [WARN] ModelIntegratedComponent:63 - No mode defined for component null
2025-10-19 16:28:14,296 [WARN] ModelIntegratedComponent:63 - No mode defined for component null
2025-10-19 16:28:14,296 [WARN] ModelIntegratedComponent:63 - No mode defined for component null
2025-10-19 16:28:14,303 [WARN] ModelIntegratedComponent:63 - No mode defined for component null
2025-10-19 16:28:14,303 [WARN] ModelIntegratedComponent:63 - No mode defined for component null
2025-10-19 16:28:14,303 [WARN] ModelIntegratedComponent:63 - No mode defined for component null
2025-10-19 16:28:14,303 [WARN] ModelIntegratedComponent:63 - No mode defined for component null
2025-10-19 16:28:14,303 [WARN] ModelIntegratedComponent:63 - No mode defined for component null
2025-10-19 16:28:14,303 [WARN] ModelIntegratedComponent:63 - No mode defined for component null
2025-10-19 16:28:14,303 [WARN] ModelIntegratedComponent:63 - No mode defined for component null
2025-10-19 16:28:14,303 [WARN] ModelIntegratedComponent:63 - No mode defined for component null
2025-10-19 16:28:14,303 [WARN] ModelIntegratedComponent:63 - No mode defined for component null
2025-10-19 16:28:14,304 [WARN] ModelIntegratedComponent:63 - No mode defined for component null
2025-10-19 16:28:14,304 [WARN] ModelIntegratedComponent:63 - No mode defined for component null
2025-10-19 16:28:14,304 [WARN] ModelPack:524 - Component already loaded: STMicroelectronics:HAL Drivers:0.0.0:STMicroelectronics:Device:STMicro_Driver:XSPI:HAL::0.0.1:HAL_XSPI
2025-10-19 16:28:14,526 [INFO] ThirdPartyModel:298 - Start build external matchings
2025-10-19 16:28:15,015 [INFO] ThirdPartyModel:316 - End build external matchings
2025-10-19 16:28:15,040 [INFO] ImportTextPane:234 - (OptionalMessage_ERROR) IP (RCC) : Invalid parameter (FamilyName)
2025-10-19 16:28:15,040 [INFO] ImportTextPane:234 - (OptionalMessage_ERROR) IP (RCC) : Parameter (USBFreq_Value) has invalid value (16000000)
2025-10-19 16:28:20,491 [INFO] UtilMem:75 - End LoadConfig() Used Memory: 262782288 Bytes (717225984)
2025-10-19 16:28:20,540 [WARN] ThirdParty:833 - waiting for thirdparty lock release [change project]
2025-10-19 16:28:20,546 [INFO] ThirdParty:835 - entering critical section [change project]
2025-10-19 16:28:20,546 [INFO] ThirdParty:1030 - CMSIS Pack Vendor :STMicroelectronics X-CUBE-PM33A1 1.0.0
2025-10-19 16:28:20,546 [INFO] ThirdParty:1030 - CMSIS Pack Vendor :STMicroelectronics USBPD 4.1
2025-10-19 16:28:20,557 [INFO] ThirdParty:1030 - CMSIS Pack Vendor :STMicroelectronics X-CUBE-NFC9 1.0.0
2025-10-19 16:28:20,557 [INFO] ThirdParty:1030 - CMSIS Pack Vendor :STMicroelectronics USB_HOST 2.0.0
2025-10-19 16:28:20,557 [INFO] ThirdParty:1030 - CMSIS Pack Vendor :STMicroelectronics FP-SNS-MOTENVWB1 1.4.0
2025-10-19 16:28:20,560 [INFO] ThirdParty:1030 - CMSIS Pack Vendor :STMicroelectronics X-CUBE-AZRTOS-F4 1.1.0
2025-10-19 16:28:20,561 [INFO] ThirdParty:1030 - CMSIS Pack Vendor :STMicroelectronics LIBJPEG 8.0.0
2025-10-19 16:28:20,561 [INFO] ThirdParty:1030 - CMSIS Pack Vendor :STMicroelectronics FP-ATR-ASTRA1 2.0.2
2025-10-19 16:28:20,561 [INFO] ThirdParty:1030 - CMSIS Pack Vendor :STMicroelectronics X-CUBE-BLE1 7.1.0
2025-10-19 16:28:20,562 [INFO] ThirdParty:1030 - CMSIS Pack Vendor :STMicroelectronics X-CUBE-SMBUS 2.1.0
2025-10-19 16:28:20,562 [INFO] ThirdParty:1030 - CMSIS Pack Vendor :STMicroelectronics USB_DEVICE 3.0.0
2025-10-19 16:28:20,562 [INFO] ThirdParty:1030 - CMSIS Pack Vendor :STMicroelectronics X-CUBE-ISPU 2.1.0
2025-10-19 16:28:20,562 [INFO] ThirdParty:1030 - CMSIS Pack Vendor :STMicroelectronics X-CUBE-EEPRMA1 5.2.0
2025-10-19 16:28:20,562 [INFO] ThirdParty:1030 - CMSIS Pack Vendor :STMicroelectronics X-CUBE-IPS 3.2.0
2025-10-19 16:28:20,562 [INFO] ThirdParty:1030 - CMSIS Pack Vendor :STMicroelectronics X-CUBE-BLEMGR 4.1.0
2025-10-19 16:28:20,562 [INFO] ThirdParty:1030 - CMSIS Pack Vendor :STMicroelectronics X-CUBE-AZRTOS-WB 2.0.0
2025-10-19 16:28:20,562 [INFO] ThirdParty:1030 - CMSIS Pack Vendor :STMicroelectronics X-CUBE-ST60 1.0.0
2025-10-19 16:28:20,570 [INFO] ThirdParty:1030 - CMSIS Pack Vendor :STMicroelectronics X-CUBE-GNSS1 7.0.1
2025-10-19 16:28:20,570 [INFO] ThirdParty:1030 - CMSIS Pack Vendor :STMicroelectronics X-CUBE-NFC12 1.0.0
2025-10-19 16:28:20,571 [INFO] ThirdParty:1030 - CMSIS Pack Vendor :STMicroelectronics X-CUBE-AZRTOS-F7 1.1.0
2025-10-19 16:28:20,571 [INFO] ThirdParty:1030 - CMSIS Pack Vendor :STMicroelectronics X-CUBE-AZRTOS-L5 2.0.0
2025-10-19 16:28:20,571 [INFO] ThirdParty:1030 - CMSIS Pack Vendor :STMicroelectronics X-CUBE-TOUCHGFX 4.25.0
2025-10-19 16:28:20,571 [INFO] ThirdParty:1030 - CMSIS Pack Vendor :STMicroelectronics USB_DEVICE 2.0.0
2025-10-19 16:28:20,571 [INFO] ThirdParty:1030 - CMSIS Pack Vendor :STMicroelectronics X-CUBE-NFC6 3.1.0
2025-10-19 16:28:20,571 [INFO] ThirdParty:1030 - CMSIS Pack Vendor :STMicroelectronics X-CUBE-ST67W61 1.1.0
2025-10-19 16:28:20,571 [INFO] ThirdParty:1030 - CMSIS Pack Vendor :Cesanta I-CUBE-Mongoose 7.19.0
2025-10-19 16:28:20,571 [INFO] ThirdParty:1030 - CMSIS Pack Vendor :quantropi X-CUBE-qispace-sdk-base 2.1.0
2025-10-19 16:28:20,571 [INFO] ThirdParty:1030 - CMSIS Pack Vendor :STMicroelectronics FreeRTOS 0.0.1
2025-10-19 16:28:20,571 [INFO] ThirdParty:1030 - CMSIS Pack Vendor :STMicroelectronics X-CUBE-AZRTOS-G0 1.1.0
2025-10-19 16:28:20,572 [INFO] ThirdParty:1030 - CMSIS Pack Vendor :STMicroelectronics X-CUBE-SAFEA1 1.2.2
2025-10-19 16:28:20,574 [INFO] ThirdParty:1030 - CMSIS Pack Vendor :STMicroelectronics X-CUBE-NFC4 3.0.0
2025-10-19 16:28:20,574 [INFO] ThirdParty:1030 - CMSIS Pack Vendor :STMicroelectronics X-CUBE-SUBG2 5.0.0
2025-10-19 16:28:20,574 [INFO] ThirdParty:1030 - CMSIS Pack Vendor :STMicroelectronics X-CUBE-AZRTOS-H7RS 1.1.0
2025-10-19 16:28:20,574 [INFO] ThirdParty:1030 - CMSIS Pack Vendor :STMicroelectronics STM32_WPAN 1.0.0
2025-10-19 16:28:20,574 [INFO] ThirdParty:1030 - CMSIS Pack Vendor :EmbeddedOffice I-CUBE-FS-RTOS 1.0.1
2025-10-19 16:28:20,578 [INFO] ThirdParty:1030 - CMSIS Pack Vendor :STMicroelectronics lwIP 2.0.3
2025-10-19 16:28:20,578 [INFO] ThirdParty:1030 - CMSIS Pack Vendor :STMicroelectronics USB_HOST 1.0.0
2025-10-19 16:28:20,578 [INFO] ThirdParty:1030 - CMSIS Pack Vendor :Infineon AIROC-Wi-Fi-Bluetooth-STM32 1.7.1
2025-10-19 16:28:20,578 [INFO] ThirdParty:1030 - CMSIS Pack Vendor :STMicroelectronics X-CUBE-AZRTOS-G4 2.0.0
2025-10-19 16:28:20,578 [INFO] ThirdParty:1030 - CMSIS Pack Vendor :STMicroelectronics X-CUBE-WB05N 2.0.0
2025-10-19 16:28:20,582 [INFO] ThirdParty:1030 - CMSIS Pack Vendor :STMicroelectronics PDM2PCM 3.1.0
2025-10-19 16:28:20,586 [INFO] ThirdParty:1030 - CMSIS Pack Vendor :STMicroelectronics PDM2PCM 3.3.0
2025-10-19 16:28:20,586 [INFO] ThirdParty:1030 - CMSIS Pack Vendor :STMicroelectronics X-CUBE-AZRTOS-H7 3.4.0
2025-10-19 16:28:20,586 [INFO] ThirdParty:1030 - CMSIS Pack Vendor :STMicroelectronics X-CUBE-DISPLAY 3.0.0
2025-10-19 16:28:20,586 [INFO] ThirdParty:1030 - CMSIS Pack Vendor :STMicroelectronics X-CUBE-NFC7 2.0.0
2025-10-19 16:28:20,586 [INFO] ThirdParty:1030 - CMSIS Pack Vendor :STMicroelectronics X-CUBE-TCPP 4.2.0
2025-10-19 16:28:20,587 [INFO] ThirdParty:1030 - CMSIS Pack Vendor :RealThread X-CUBE-RT-Thread_Nano 4.1.1
2025-10-19 16:28:20,587 [INFO] ThirdParty:1030 - CMSIS Pack Vendor :STMicroelectronics FP-ATR-SIGFOX1 3.2.0
2025-10-19 16:28:20,587 [INFO] ThirdParty:1030 - CMSIS Pack Vendor :STMicroelectronics X-CUBE-NFC10 1.0.0
2025-10-19 16:28:20,587 [INFO] ThirdParty:1030 - CMSIS Pack Vendor :STMicroelectronics X-CUBE-FREERTOS 1.3.1
2025-10-19 16:28:20,587 [INFO] ThirdParty:1030 - CMSIS Pack Vendor :STMicroelectronics HAL Drivers 0.0.0
2025-10-19 16:28:20,587 [INFO] ThirdParty:1030 - CMSIS Pack Vendor :STMicroelectronics MBEDTLS 2.16.2
2025-10-19 16:28:20,587 [INFO] ThirdParty:1030 - CMSIS Pack Vendor :STMicroelectronics X-CUBE-ST60 1.1.0
2025-10-19 16:28:20,587 [INFO] ThirdParty:1030 - CMSIS Pack Vendor :STMicroelectronics X-CUBE-IPS 3.1.0
2025-10-19 16:28:20,588 [INFO] ThirdParty:1030 - CMSIS Pack Vendor :STMicroelectronics X-CUBE-ALS 1.0.2
2025-10-19 16:28:20,588 [INFO] ThirdParty:1030 - CMSIS Pack Vendor :emotas I-CUBE-CANOPEN 1.3.0
2025-10-19 16:28:20,591 [INFO] ThirdParty:1030 - CMSIS Pack Vendor :STMicroelectronics MBEDTLS 2.14.1
2025-10-19 16:28:20,596 [INFO] ThirdParty:1030 - CMSIS Pack Vendor :ITTIA_DB I-CUBE-ITTIADB 8.9.0
2025-10-19 16:28:20,606 [INFO] ThirdParty:1030 - CMSIS Pack Vendor :STMicroelectronics X-CUBE-TOUCHGFX 4.26.0
2025-10-19 16:28:20,613 [INFO] ThirdParty:1030 - CMSIS Pack Vendor :STMicroelectronics X-CUBE-STSE01 1.0.0
2025-10-19 16:28:20,613 [INFO] ThirdParty:1030 - CMSIS Pack Vendor :STMicroelectronics X-CUBE-ST67W61 1.0.0
2025-10-19 16:28:20,614 [INFO] ThirdParty:1030 - CMSIS Pack Vendor :STMicroelectronics FP-SNS-STBOX1 2.1.0
2025-10-19 16:28:20,614 [INFO] ThirdParty:1030 - CMSIS Pack Vendor :STMicroelectronics X-CUBE-AI 10.2.0
2025-10-19 16:28:20,615 [INFO] ThirdParty:1030 - CMSIS Pack Vendor :STMicroelectronics FP-SNS-STAIOTCFT 1.0.0
2025-10-19 16:28:20,615 [INFO] ThirdParty:1030 - CMSIS Pack Vendor :STMicroelectronics ThreadX 1.0.0
2025-10-19 16:28:20,615 [INFO] ThirdParty:1030 - CMSIS Pack Vendor :STMicroelectronics FP-SNS-SMARTAG2 1.2.0
2025-10-19 16:28:20,615 [INFO] ThirdParty:1030 - CMSIS Pack Vendor :STMicroelectronics FP-SNS-FLIGHT1 5.1.0
2025-10-19 16:28:20,615 [INFO] ThirdParty:1030 - CMSIS Pack Vendor :STMicroelectronics X-CUBE-AZRTOS-WL 2.0.0
2025-10-19 16:28:20,615 [INFO] ThirdParty:1030 - CMSIS Pack Vendor :SEGGER I-CUBE-embOS 1.3.1
2025-10-19 16:28:20,615 [INFO] ThirdParty:1030 - CMSIS Pack Vendor :STMicroelectronics X-CUBE-ALGOBUILD 1.4.0
2025-10-19 16:28:20,615 [INFO] ThirdParty:1030 - CMSIS Pack Vendor :STMicroelectronics X-CUBE-DPower 1.3.0
2025-10-19 16:28:20,615 [INFO] ThirdParty:1030 - CMSIS Pack Vendor :STMicroelectronics X-CUBE-MEMS1 11.3.0
2025-10-19 16:28:20,615 [INFO] ThirdParty:1030 - CMSIS Pack Vendor :STMicroelectronics FP-SNS-MOTENV1 5.0.0
2025-10-19 16:28:20,615 [INFO] ThirdParty:1030 - CMSIS Pack Vendor :STMicroelectronics USB_DEVICE 1.0.0
2025-10-19 16:28:20,615 [INFO] ThirdParty:1030 - CMSIS Pack Vendor :STMicroelectronics X-CUBE-AZRTOS-L4 2.0.0
2025-10-19 16:28:20,615 [INFO] ThirdParty:1030 - CMSIS Pack Vendor :STMicroelectronics ThreadX 0.0.2
2025-10-19 16:28:20,615 [INFO] ThirdParty:1030 - CMSIS Pack Vendor :WES I-CUBE-Cesium 1.3.0
2025-10-19 16:28:20,616 [INFO] ThirdParty:1030 - CMSIS Pack Vendor :STMicroelectronics lwIP 2.1.2
2025-10-19 16:28:20,616 [INFO] ThirdParty:1030 - CMSIS Pack Vendor :STMicroelectronics X-CUBE-SFXS2LP1 4.0.0
2025-10-19 16:28:20,616 [INFO] ThirdParty:1030 - CMSIS Pack Vendor :STMicroelectronics X-CUBE-BLE2 3.3.0
2025-10-19 16:28:20,616 [INFO] ThirdParty:1030 - CMSIS Pack Vendor :STMicroelectronics X-CUBE-TOF1 3.4.3
2025-10-19 16:28:20,616 [INFO] ThirdParty:1030 - CMSIS Pack Vendor :STMicroelectronics PDM2PCM 3.2.0
2025-10-19 16:28:20,616 [INFO] ThirdParty:841 - exiting critical section [change project]
2025-10-19 16:28:21,025 [INFO] PinOutPanel:1589 - setPackage(No Configuration,No Configuration)
2025-10-19 16:28:21,026 [INFO] PinOutPanel:1589 - setPackage(STM32F103C8Tx,LQFP48)
2025-10-19 16:28:21,907 [INFO] UtilMem:75 - Before build in PCC Used Memory: 382838928 Bytes (717225984)
2025-10-19 16:28:22,863 [INFO] UtilMem:75 - After build in PCC Used Memory: 425304208 Bytes (717225984)
2025-10-19 16:28:22,937 [INFO] IPUIPlugin:80 - create IPUIPlugin
2025-10-19 16:28:22,937 [INFO] IPUIPlugin:80 - create IPUIPlugin
2025-10-19 16:28:22,937 [INFO] IPUIPlugin:80 - create IPUIPlugin
2025-10-19 16:28:22,937 [INFO] IPUIPlugin:80 - create IPUIPlugin
2025-10-19 16:28:22,938 [INFO] IPUIPlugin:80 - create IPUIPlugin
2025-10-19 16:28:22,938 [INFO] IPUIPlugin:80 - create IPUIPlugin
2025-10-19 16:28:22,938 [INFO] IPUIPlugin:80 - create IPUIPlugin
2025-10-19 16:28:22,938 [INFO] IPUIPlugin:80 - create IPUIPlugin
2025-10-19 16:28:22,938 [INFO] IPUIPlugin:80 - create IPUIPlugin
2025-10-19 16:28:22,939 [INFO] IPUIPlugin:80 - create IPUIPlugin
2025-10-19 16:28:22,939 [INFO] IPUIPlugin:80 - create IPUIPlugin
2025-10-19 16:28:22,939 [INFO] IPUIPlugin:80 - create IPUIPlugin
2025-10-19 16:28:22,939 [INFO] IPUIPlugin:80 - create IPUIPlugin
2025-10-19 16:28:22,939 [INFO] IPUIPlugin:80 - create IPUIPlugin
2025-10-19 16:28:22,939 [INFO] IPUIPlugin:80 - create IPUIPlugin
2025-10-19 16:28:22,939 [INFO] IPUIPlugin:80 - create IPUIPlugin
2025-10-19 16:28:22,939 [INFO] IPUIPlugin:80 - create IPUIPlugin
2025-10-19 16:28:22,939 [INFO] IPUIPlugin:80 - create IPUIPlugin
2025-10-19 16:28:22,939 [INFO] IPUIPlugin:80 - create IPUIPlugin
2025-10-19 16:28:22,939 [INFO] IPUIPlugin:80 - create IPUIPlugin
2025-10-19 16:28:22,939 [INFO] IPUIPlugin:80 - create IPUIPlugin
2025-10-19 16:28:22,939 [INFO] IPUIPlugin:80 - create IPUIPlugin
2025-10-19 16:28:22,939 [INFO] IPUIPlugin:80 - create IPUIPlugin
2025-10-19 16:28:22,939 [INFO] IPUIPlugin:80 - create IPUIPlugin
2025-10-19 16:28:22,940 [INFO] IPUIPlugin:80 - create IPUIPlugin
2025-10-19 16:28:22,940 [INFO] IPUIPlugin:80 - create IPUIPlugin
2025-10-19 16:28:22,940 [INFO] IPUIPlugin:80 - create IPUIPlugin
2025-10-19 16:28:22,943 [WARN] IP:2250 - I2C_Coeff_DF not found: check if there is a RefParameter without a condition.
2025-10-19 16:28:22,943 [WARN] IP:2250 - Analog_Filter not found: check if there is a RefParameter without a condition.
2025-10-19 16:28:23,024 [INFO] CADModel:165 - CPN selected for project levelSTM32F103C8T6
2025-10-19 16:28:23,024 [INFO] CADModel:114 - Register for checkConnection events
2025-10-19 16:28:23,080 [INFO] OpenFileManager:386 - Restore cursor
2025-10-19 16:28:23,203 [WARN] IP:2250 - I2C_Coeff_DF not found: check if there is a RefParameter without a condition.
2025-10-19 16:28:23,203 [WARN] IP:2250 - Analog_Filter not found: check if there is a RefParameter without a condition.
2025-10-19 16:28:23,203 [WARN] IP:2250 - I2C_Coeff_DF not found: check if there is a RefParameter without a condition.
2025-10-19 16:28:23,203 [WARN] IP:2250 - Analog_Filter not found: check if there is a RefParameter without a condition.
2025-10-19 16:28:37,689 [INFO] MainUpdater:2872 - connection check result : 10
2025-10-19 16:28:37,689 [INFO] MainUpdater:2872 - connection check result : 10
2025-10-19 16:28:37,889 [INFO] MicroXplorer:468 - Change Database Path : 
2025-10-19 16:28:37,889 [INFO] MicroXplorer:498 - Change Database Version : DB.6.0.150
2025-10-19 16:28:37,930 [ERROR] ProjectManagerView:395 - 
java.lang.NullPointerException: Cannot invoke "javax.swing.JTextField.getText()" because the return value of "java.util.List.get(int)" is null
	at com.st.microxplorer.plugins.projectmanager.gui.ProjectChoiceTab$9.caretUpdate(ProjectChoiceTab.java:2706) ~[filemanager.jar:?]
	at javax.swing.text.JTextComponent.fireCaretUpdate(JTextComponent.java:408) ~[?:?]
	at javax.swing.text.JTextComponent$MutableCaretEvent.fire(JTextComponent.java:4484) ~[?:?]
	at javax.swing.text.JTextComponent$MutableCaretEvent.stateChanged(JTextComponent.java:4506) ~[?:?]
	at javax.swing.text.DefaultCaret.fireStateChanged(DefaultCaret.java:857) ~[?:?]
	at javax.swing.text.DefaultCaret.changeCaretPosition(DefaultCaret.java:1343) ~[?:?]
	at javax.swing.text.DefaultCaret.handleSetDot(DefaultCaret.java:1242) ~[?:?]
	at javax.swing.text.DefaultCaret.setDot(DefaultCaret.java:1223) ~[?:?]
	at javax.swing.text.DefaultCaret$Handler.insertUpdate(DefaultCaret.java:1819) ~[?:?]
	at javax.swing.text.AbstractDocument.fireInsertUpdate(AbstractDocument.java:227) ~[?:?]
	at javax.swing.text.AbstractDocument.handleInsertString(AbstractDocument.java:781) ~[?:?]
	at javax.swing.text.AbstractDocument.insertString(AbstractDocument.java:740) ~[?:?]
	at javax.swing.text.PlainDocument.insertString(PlainDocument.java:131) ~[?:?]
	at javax.swing.text.AbstractDocument.replace(AbstractDocument.java:699) ~[?:?]
	at javax.swing.text.JTextComponent.setText(JTextComponent.java:1725) ~[?:?]
	at com.st.microxplorer.plugins.projectmanager.gui.ProjectChoiceTab.createHeapStackFields(ProjectChoiceTab.java:993) ~[filemanager.jar:?]
	at com.st.microxplorer.plugins.projectmanager.gui.ProjectChoiceTab.buildLinkSettingsPanel(ProjectChoiceTab.java:3813) ~[filemanager.jar:?]
	at com.st.microxplorer.plugins.projectmanager.gui.ProjectChoiceTab.defineWindowsFields(ProjectChoiceTab.java:1987) ~[filemanager.jar:?]
	at com.st.microxplorer.plugins.projectmanager.gui.ProjectChoiceTab.updateSettings(ProjectChoiceTab.java:558) ~[filemanager.jar:?]
	at com.st.microxplorer.plugins.projectmanager.gui.ProjectSettingsPanel.UpdateDialog(ProjectSettingsPanel.java:247) ~[filemanager.jar:?]
	at com.st.microxplorer.plugins.projectmanager.ProjectManagerView.propertyChange(ProjectManagerView.java:392) ~[filemanager.jar:?]
	at java.beans.PropertyChangeSupport.fire(PropertyChangeSupport.java:343) ~[?:?]
	at java.beans.PropertyChangeSupport.firePropertyChange(PropertyChangeSupport.java:335) ~[?:?]
	at java.beans.PropertyChangeSupport.firePropertyChange(PropertyChangeSupport.java:268) ~[?:?]
	at com.st.microxplorer.util.MXPropertyChangeSupport.firePropertyChange(MXPropertyChangeSupport.java:54) ~[STM32CubeMX.jar:?]
	at com.st.microxplorer.mxsystem.MxSystem.closeConfig(MxSystem.java:899) ~[STM32CubeMX.jar:?]
	at com.st.microxplorer.maingui.MainPanel.closeConfig(MainPanel.java:792) ~[STM32CubeMX.jar:?]
	at com.st.microxplorer.plugins.filemanager.engine.OpenFileManager.loadConfigurationFile(OpenFileManager.java:288) ~[filemanager.jar:?]
	at com.st.microxplorer.plugins.filemanager.engine.MainFileManager.userLoadConfig(MainFileManager.java:364) ~[filemanager.jar:?]
	at com.st.microxplorer.plugins.filemanager.engine.MainFileManager.userLoadConfig(MainFileManager.java:342) ~[filemanager.jar:?]
	at com.st.microxplorer.plugins.filemanager.FileManagerView.getSpecificTask(FileManagerView.java:264) ~[filemanager.jar:?]
	at com.st.stm32cube.common.mx.editor.CubeMxEditor.getMxTabbedPaneInstance(CubeMxEditor.java:1198) ~[com.st.stm32cube.common.mx_6.15.0.202507011659/:?]
	at com.st.stm32cube.common.mx.editor.CubeMxEditor$12$1.createSwingComponent(CubeMxEditor.java:1068) ~[com.st.stm32cube.common.mx_6.15.0.202507011659/:?]
	at com.st.stm32cube.common.mx.oss.core.awtswtbridge.EmbeddedSwingComposite.doComponentCreation(EmbeddedSwingComposite.java:492) ~[com.st.stm32cube.common.mx.oss_6.15.0.202507011659/:?]
	at com.st.stm32cube.common.mx.oss.core.awtswtbridge.EmbeddedSwingComposite$4.run(EmbeddedSwingComposite.java:291) ~[com.st.stm32cube.common.mx.oss_6.15.0.202507011659/:?]
	at com.st.stm32cube.common.mx.oss.core.awtswtbridge.AwtEnvironment$2.run(AwtEnvironment.java:166) ~[com.st.stm32cube.common.mx.oss_6.15.0.202507011659/:?]
	at java.awt.event.InvocationEvent.dispatch(InvocationEvent.java:318) ~[?:?]
	at java.awt.EventQueue.dispatchEventImpl(EventQueue.java:773) ~[?:?]
	at java.awt.EventQueue$4.run(EventQueue.java:720) ~[?:?]
	at java.awt.EventQueue$4.run(EventQueue.java:714) ~[?:?]
	at java.security.AccessController.doPrivileged(AccessController.java:400) ~[?:?]
	at java.security.ProtectionDomain$JavaSecurityAccessImpl.doIntersectionPrivilege(ProtectionDomain.java:87) ~[?:?]
	at java.awt.EventQueue.dispatchEvent(EventQueue.java:742) ~[?:?]
	at java.awt.EventDispatchThread.pumpOneEventForFilters(EventDispatchThread.java:203) ~[?:?]
	at java.awt.EventDispatchThread.pumpEventsForFilter(EventDispatchThread.java:124) ~[?:?]
	at java.awt.EventDispatchThread.pumpEventsForHierarchy(EventDispatchThread.java:113) ~[?:?]
	at java.awt.EventDispatchThread.pumpEvents(EventDispatchThread.java:109) ~[?:?]
	at java.awt.EventDispatchThread.pumpEvents(EventDispatchThread.java:101) ~[?:?]
	at java.awt.EventDispatchThread.run(EventDispatchThread.java:90) ~[?:?]
2025-10-19 16:28:38,041 [WARN] ThirdParty:871 - waiting for thirdparty lock release [close project]
2025-10-19 16:28:38,041 [INFO] ThirdParty:873 - entering critical section [close project]
2025-10-19 16:28:38,041 [INFO] ThirdParty:883 - exiting critical section [close project]
2025-10-19 16:28:38,042 [INFO] PinOutPanel:1589 - setPackage(No Configuration,No Configuration)
2025-10-19 16:28:38,044 [INFO] UtilMem:75 - Begin LoadConfig() Used Memory: 591539992 Bytes (717225984)
2025-10-19 16:28:38,045 [INFO] MicroXplorer:468 - Change Database Path : 
2025-10-19 16:28:38,045 [INFO] MicroXplorer:498 - Change Database Version : DB.6.0.150
2025-10-19 16:28:38,046 [INFO] OpenFileManager:355 - Change cursor
2025-10-19 16:28:38,146 [INFO] Mcu:2029 - Initializing MCU STM32F103C(8-B)Tx STM32F103C8Tx STM32F103C8T6
2025-10-19 16:28:44,717 [INFO] MainUpdater:2872 - connection check result : 10
2025-10-19 16:28:44,719 [INFO] MainUpdater:2872 - connection check result : 10
2025-10-19 16:28:44,731 [INFO] MicroXplorer:468 - Change Database Path : 
2025-10-19 16:28:44,731 [INFO] MicroXplorer:498 - Change Database Version : DB.6.0.150
2025-10-19 16:28:44,742 [ERROR] ProjectManagerView:395 - 
java.lang.NullPointerException: Cannot invoke "javax.swing.JTextField.getText()" because the return value of "java.util.List.get(int)" is null
	at com.st.microxplorer.plugins.projectmanager.gui.ProjectChoiceTab$9.caretUpdate(ProjectChoiceTab.java:2706) ~[filemanager.jar:?]
	at javax.swing.text.JTextComponent.fireCaretUpdate(JTextComponent.java:408) ~[?:?]
	at javax.swing.text.JTextComponent$MutableCaretEvent.fire(JTextComponent.java:4484) ~[?:?]
	at javax.swing.text.JTextComponent$MutableCaretEvent.stateChanged(JTextComponent.java:4506) ~[?:?]
	at javax.swing.text.DefaultCaret.fireStateChanged(DefaultCaret.java:857) ~[?:?]
	at javax.swing.text.DefaultCaret.changeCaretPosition(DefaultCaret.java:1343) ~[?:?]
	at javax.swing.text.DefaultCaret.handleSetDot(DefaultCaret.java:1242) ~[?:?]
	at javax.swing.text.DefaultCaret.setDot(DefaultCaret.java:1223) ~[?:?]
	at javax.swing.text.DefaultCaret$Handler.insertUpdate(DefaultCaret.java:1819) ~[?:?]
	at javax.swing.text.AbstractDocument.fireInsertUpdate(AbstractDocument.java:227) ~[?:?]
	at javax.swing.text.AbstractDocument.handleInsertString(AbstractDocument.java:781) ~[?:?]
	at javax.swing.text.AbstractDocument.insertString(AbstractDocument.java:740) ~[?:?]
	at javax.swing.text.PlainDocument.insertString(PlainDocument.java:131) ~[?:?]
	at javax.swing.text.AbstractDocument.replace(AbstractDocument.java:699) ~[?:?]
	at javax.swing.text.JTextComponent.setText(JTextComponent.java:1725) ~[?:?]
	at com.st.microxplorer.plugins.projectmanager.gui.ProjectChoiceTab.createHeapStackFields(ProjectChoiceTab.java:993) ~[filemanager.jar:?]
	at com.st.microxplorer.plugins.projectmanager.gui.ProjectChoiceTab.buildLinkSettingsPanel(ProjectChoiceTab.java:3813) ~[filemanager.jar:?]
	at com.st.microxplorer.plugins.projectmanager.gui.ProjectChoiceTab.defineWindowsFields(ProjectChoiceTab.java:1987) ~[filemanager.jar:?]
	at com.st.microxplorer.plugins.projectmanager.gui.ProjectChoiceTab.updateSettings(ProjectChoiceTab.java:558) ~[filemanager.jar:?]
	at com.st.microxplorer.plugins.projectmanager.gui.ProjectSettingsPanel.UpdateDialog(ProjectSettingsPanel.java:247) ~[filemanager.jar:?]
	at com.st.microxplorer.plugins.projectmanager.ProjectManagerView.propertyChange(ProjectManagerView.java:392) ~[filemanager.jar:?]
	at java.beans.PropertyChangeSupport.fire(PropertyChangeSupport.java:343) ~[?:?]
	at java.beans.PropertyChangeSupport.firePropertyChange(PropertyChangeSupport.java:335) ~[?:?]
	at java.beans.PropertyChangeSupport.firePropertyChange(PropertyChangeSupport.java:268) ~[?:?]
	at com.st.microxplorer.util.MXPropertyChangeSupport.firePropertyChange(MXPropertyChangeSupport.java:54) ~[STM32CubeMX.jar:?]
	at com.st.microxplorer.mxsystem.MxSystem.closeConfig(MxSystem.java:899) ~[STM32CubeMX.jar:?]
	at com.st.microxplorer.maingui.MainPanel.closeConfig(MainPanel.java:792) ~[STM32CubeMX.jar:?]
	at com.st.microxplorer.plugins.filemanager.engine.OpenFileManager.loadConfigurationFile(OpenFileManager.java:288) ~[filemanager.jar:?]
	at com.st.microxplorer.plugins.filemanager.engine.MainFileManager.userLoadConfig(MainFileManager.java:364) ~[filemanager.jar:?]
	at com.st.microxplorer.plugins.filemanager.engine.MainFileManager.userLoadConfig(MainFileManager.java:342) ~[filemanager.jar:?]
	at com.st.microxplorer.plugins.filemanager.FileManagerView.getSpecificTask(FileManagerView.java:264) ~[filemanager.jar:?]
	at com.st.stm32cube.common.mx.editor.CubeMxEditor.getMxTabbedPaneInstance(CubeMxEditor.java:1198) ~[com.st.stm32cube.common.mx_6.15.0.202507011659/:?]
	at com.st.stm32cube.common.mx.editor.CubeMxEditor$12$1.createSwingComponent(CubeMxEditor.java:1068) ~[com.st.stm32cube.common.mx_6.15.0.202507011659/:?]
	at com.st.stm32cube.common.mx.oss.core.awtswtbridge.EmbeddedSwingComposite.doComponentCreation(EmbeddedSwingComposite.java:492) ~[com.st.stm32cube.common.mx.oss_6.15.0.202507011659/:?]
	at com.st.stm32cube.common.mx.oss.core.awtswtbridge.EmbeddedSwingComposite$4.run(EmbeddedSwingComposite.java:291) ~[com.st.stm32cube.common.mx.oss_6.15.0.202507011659/:?]
	at com.st.stm32cube.common.mx.oss.core.awtswtbridge.AwtEnvironment$2.run(AwtEnvironment.java:166) ~[com.st.stm32cube.common.mx.oss_6.15.0.202507011659/:?]
	at java.awt.event.InvocationEvent.dispatch(InvocationEvent.java:318) ~[?:?]
	at java.awt.EventQueue.dispatchEventImpl(EventQueue.java:773) ~[?:?]
	at java.awt.EventQueue$4.run(EventQueue.java:720) ~[?:?]
	at java.awt.EventQueue$4.run(EventQueue.java:714) ~[?:?]
	at java.security.AccessController.doPrivileged(AccessController.java:400) ~[?:?]
	at java.security.ProtectionDomain$JavaSecurityAccessImpl.doIntersectionPrivilege(ProtectionDomain.java:87) ~[?:?]
	at java.awt.EventQueue.dispatchEvent(EventQueue.java:742) ~[?:?]
	at java.awt.EventDispatchThread.pumpOneEventForFilters(EventDispatchThread.java:203) ~[?:?]
	at java.awt.EventDispatchThread.pumpEventsForFilter(EventDispatchThread.java:124) ~[?:?]
	at java.awt.EventDispatchThread.pumpEventsForFilter(EventDispatchThread.java:117) ~[?:?]
	at java.awt.WaitDispatchSupport$2.run(WaitDispatchSupport.java:191) ~[?:?]
	at java.awt.WaitDispatchSupport$4.run(WaitDispatchSupport.java:236) ~[?:?]
	at java.awt.WaitDispatchSupport$4.run(WaitDispatchSupport.java:234) ~[?:?]
	at java.security.AccessController.doPrivileged(AccessController.java:319) ~[?:?]
	at java.awt.WaitDispatchSupport.enter(WaitDispatchSupport.java:234) ~[?:?]
	at java.awt.Dialog.show(Dialog.java:1079) ~[?:?]
	at java.awt.Component.show(Component.java:1728) ~[?:?]
	at java.awt.Component.setVisible(Component.java:1675) ~[?:?]
	at java.awt.Window.setVisible(Window.java:1036) ~[?:?]
	at java.awt.Dialog.setVisible(Dialog.java:1015) ~[?:?]
	at com.st.microxplorer.util.ProcessBarDialog.doAction(ProcessBarDialog.java:173) ~[STM32CubeMX.jar:?]
	at com.st.microxplorer.mxsystem.ProjectFactory.load(ProjectFactory.java:235) ~[STM32CubeMX.jar:?]
	at com.st.microxplorer.mxsystem.ProjectFactory.startLoadConfig(ProjectFactory.java:184) ~[STM32CubeMX.jar:?]
	at com.st.microxplorer.mxsystem.MxSystem.startLoadConfig(MxSystem.java:782) ~[STM32CubeMX.jar:?]
	at com.st.microxplorer.plugins.filemanager.engine.OpenFileManager.LoadConfig(OpenFileManager.java:357) ~[filemanager.jar:?]
	at com.st.microxplorer.plugins.filemanager.engine.OpenFileManager.loadConfigurationFile(OpenFileManager.java:292) ~[filemanager.jar:?]
	at com.st.microxplorer.plugins.filemanager.engine.MainFileManager.userLoadConfig(MainFileManager.java:364) ~[filemanager.jar:?]
	at com.st.microxplorer.plugins.filemanager.engine.MainFileManager.userLoadConfig(MainFileManager.java:342) ~[filemanager.jar:?]
	at com.st.microxplorer.plugins.filemanager.FileManagerView.getSpecificTask(FileManagerView.java:264) ~[filemanager.jar:?]
	at com.st.stm32cube.common.mx.editor.CubeMxEditor.getMxTabbedPaneInstance(CubeMxEditor.java:1198) ~[com.st.stm32cube.common.mx_6.15.0.202507011659/:?]
	at com.st.stm32cube.common.mx.editor.CubeMxEditor$12$1.createSwingComponent(CubeMxEditor.java:1068) ~[com.st.stm32cube.common.mx_6.15.0.202507011659/:?]
	at com.st.stm32cube.common.mx.oss.core.awtswtbridge.EmbeddedSwingComposite.doComponentCreation(EmbeddedSwingComposite.java:492) ~[com.st.stm32cube.common.mx.oss_6.15.0.202507011659/:?]
	at com.st.stm32cube.common.mx.oss.core.awtswtbridge.EmbeddedSwingComposite$4.run(EmbeddedSwingComposite.java:291) ~[com.st.stm32cube.common.mx.oss_6.15.0.202507011659/:?]
	at com.st.stm32cube.common.mx.oss.core.awtswtbridge.AwtEnvironment$2.run(AwtEnvironment.java:166) ~[com.st.stm32cube.common.mx.oss_6.15.0.202507011659/:?]
	at java.awt.event.InvocationEvent.dispatch(InvocationEvent.java:318) ~[?:?]
	at java.awt.EventQueue.dispatchEventImpl(EventQueue.java:773) ~[?:?]
	at java.awt.EventQueue$4.run(EventQueue.java:720) ~[?:?]
	at java.awt.EventQueue$4.run(EventQueue.java:714) ~[?:?]
	at java.security.AccessController.doPrivileged(AccessController.java:400) ~[?:?]
	at java.security.ProtectionDomain$JavaSecurityAccessImpl.doIntersectionPrivilege(ProtectionDomain.java:87) ~[?:?]
	at java.awt.EventQueue.dispatchEvent(EventQueue.java:742) ~[?:?]
	at java.awt.EventDispatchThread.pumpOneEventForFilters(EventDispatchThread.java:203) ~[?:?]
	at java.awt.EventDispatchThread.pumpEventsForFilter(EventDispatchThread.java:124) ~[?:?]
	at java.awt.EventDispatchThread.pumpEventsForHierarchy(EventDispatchThread.java:113) ~[?:?]
	at java.awt.EventDispatchThread.pumpEvents(EventDispatchThread.java:109) ~[?:?]
	at java.awt.EventDispatchThread.pumpEvents(EventDispatchThread.java:101) ~[?:?]
	at java.awt.EventDispatchThread.run(EventDispatchThread.java:90) ~[?:?]
2025-10-19 16:28:44,745 [WARN] ThirdParty:871 - waiting for thirdparty lock release [close project]
2025-10-19 16:28:44,746 [INFO] ThirdParty:873 - entering critical section [close project]
2025-10-19 16:28:44,746 [INFO] ThirdParty:883 - exiting critical section [close project]
2025-10-19 16:28:44,748 [INFO] PinOutPanel:1589 - setPackage(No Configuration,No Configuration)
2025-10-19 16:28:44,749 [INFO] UtilMem:75 - Begin LoadConfig() Used Memory: 240038856 Bytes (717225984)
2025-10-19 16:28:44,749 [INFO] MicroXplorer:468 - Change Database Path : 
2025-10-19 16:28:44,749 [INFO] MicroXplorer:498 - Change Database Version : DB.6.0.150
2025-10-19 16:28:44,749 [INFO] OpenFileManager:355 - Change cursor
2025-10-19 16:28:44,754 [INFO] Mcu:2029 - Initializing MCU STM32F103C(8-B)Tx STM32F103C8Tx STM32F103C8T6
2025-10-19 16:28:46,533 [INFO] Context:786 - Trying to add GPIOservice into a context  which must be forbidden
2025-10-19 16:28:46,770 [INFO] ImportTextPane:234 - (OptionalMessage_ERROR) Pin10 (VP_RIF_VS_RIF1) cannot be retrieved for this MCU
2025-10-19 16:28:46,859 [WARN] ModelPack:524 - Component already loaded: STMicroelectronics:STM32F103C8Tx:0.0.0:STMicroelectronics:Peripheral::IWDG:IWDG:HAL:0.0.0:
2025-10-19 16:28:46,859 [WARN] ModelPack:524 - Component already loaded: STMicroelectronics:STM32F103C8Tx:0.0.0:STMicroelectronics:Peripheral::IWDG:IWDG:LL:0.0.0:
2025-10-19 16:28:46,859 [WARN] ModelPack:524 - Component already loaded: STMicroelectronics:STM32F103C8Tx:0.0.0:STMicroelectronics:Peripheral::RCC:RCC:HAL:0.0.0:
2025-10-19 16:28:46,859 [WARN] ModelPack:524 - Component already loaded: STMicroelectronics:STM32F103C8Tx:0.0.0:STMicroelectronics:Peripheral::RCC:RCC:LL:0.0.0:
2025-10-19 16:28:46,859 [WARN] ModelPack:524 - Component already loaded: STMicroelectronics:STM32F103C8Tx:0.0.0:STMicroelectronics:Peripheral::RTC:RTC:HAL:0.0.0:
2025-10-19 16:28:46,859 [WARN] ModelPack:524 - Component already loaded: STMicroelectronics:STM32F103C8Tx:0.0.0:STMicroelectronics:Peripheral::RTC:RTC:LL:0.0.0:
2025-10-19 16:28:46,859 [WARN] ModelPack:524 - Component already loaded: STMicroelectronics:STM32F103C8Tx:0.0.0:STMicroelectronics:Peripheral::SPI:SPI1:HAL:0.0.0:
2025-10-19 16:28:46,859 [WARN] ModelPack:524 - Component already loaded: STMicroelectronics:STM32F103C8Tx:0.0.0:STMicroelectronics:Peripheral::SPI:SPI1:LL:0.0.0:
2025-10-19 16:28:46,859 [WARN] ModelPack:524 - Component already loaded: STMicroelectronics:STM32F103C8Tx:0.0.0:STMicroelectronics:Peripheral::SPI:SPI2:HAL:0.0.0:
2025-10-19 16:28:46,859 [WARN] ModelPack:524 - Component already loaded: STMicroelectronics:STM32F103C8Tx:0.0.0:STMicroelectronics:Peripheral::SPI:SPI2:LL:0.0.0:
2025-10-19 16:28:46,859 [WARN] ModelPack:524 - Component already loaded: STMicroelectronics:STM32F103C8Tx:0.0.0:STMicroelectronics:Peripheral::SYS:SYS:HAL:0.0.0:
2025-10-19 16:28:46,859 [WARN] ModelPack:524 - Component already loaded: STMicroelectronics:STM32F103C8Tx:0.0.0:STMicroelectronics:Peripheral::SYS:SYS:LL:0.0.0:
2025-10-19 16:28:46,859 [WARN] ModelPack:524 - Component already loaded: STMicroelectronics:STM32F103C8Tx:0.0.0:STMicroelectronics:Peripheral::TIM1_8F1:TIM1:HAL:0.0.0:
2025-10-19 16:28:46,859 [WARN] ModelPack:524 - Component already loaded: STMicroelectronics:STM32F103C8Tx:0.0.0:STMicroelectronics:Peripheral::TIM1_8F1:TIM1:LL:0.0.0:
2025-10-19 16:28:46,859 [WARN] ModelPack:524 - Component already loaded: STMicroelectronics:STM32F103C8Tx:0.0.0:STMicroelectronics:Peripheral::TIM1_8F1:TIM2:HAL:0.0.0:
2025-10-19 16:28:46,859 [WARN] ModelPack:524 - Component already loaded: STMicroelectronics:STM32F103C8Tx:0.0.0:STMicroelectronics:Peripheral::TIM1_8F1:TIM2:LL:0.0.0:
2025-10-19 16:28:46,859 [WARN] ModelPack:524 - Component already loaded: STMicroelectronics:STM32F103C8Tx:0.0.0:STMicroelectronics:Peripheral::TIM1_8F1:TIM3:HAL:0.0.0:
2025-10-19 16:28:46,859 [WARN] ModelPack:524 - Component already loaded: STMicroelectronics:STM32F103C8Tx:0.0.0:STMicroelectronics:Peripheral::TIM1_8F1:TIM3:LL:0.0.0:
2025-10-19 16:28:46,870 [INFO] RtosManager:558 - Registered RTOS mode: class=CMSIS, group=RTOS, mode=CMSIS_V1, owner=FREERTOS
2025-10-19 16:28:46,870 [INFO] RtosManager:558 - Registered RTOS mode: class=CMSIS, group=RTOS2, mode=CMSIS_V2, owner=FREERTOS
2025-10-19 16:28:46,870 [INFO] RtosManager:558 - Registered RTOS mode: class=RTOS, group=Core, mode=CMSIS_V1, owner=FREERTOS
2025-10-19 16:28:46,870 [INFO] RtosManager:558 - Registered RTOS mode: class=RTOS, group=Core, mode=CMSIS_V2, owner=FREERTOS
2025-10-19 16:28:46,870 [WARN] ModelIntegratedComponent:184 - Missing modes for component STMicroelectronics:FreeRTOS:0.0.1:STMicroelectronics:RTOS:FreeRTOS:Core:::10.2.0:
2025-10-19 16:28:46,879 [WARN] ModelIntegratedComponent:63 - No mode defined for component null
2025-10-19 16:28:46,879 [WARN] ModelIntegratedComponent:63 - No mode defined for component null
2025-10-19 16:28:46,879 [WARN] ModelIntegratedComponent:63 - No mode defined for component null
2025-10-19 16:28:46,879 [WARN] ModelIntegratedComponent:63 - No mode defined for component null
2025-10-19 16:28:46,879 [WARN] ModelIntegratedComponent:63 - No mode defined for component null
2025-10-19 16:28:46,879 [WARN] ModelIntegratedComponent:63 - No mode defined for component null
2025-10-19 16:28:46,879 [WARN] ModelIntegratedComponent:63 - No mode defined for component null
2025-10-19 16:28:46,879 [WARN] ModelIntegratedComponent:63 - No mode defined for component null
2025-10-19 16:28:46,879 [WARN] ModelIntegratedComponent:63 - No mode defined for component null
2025-10-19 16:28:46,879 [WARN] ModelIntegratedComponent:63 - No mode defined for component null
2025-10-19 16:28:46,879 [WARN] ModelIntegratedComponent:63 - No mode defined for component null
2025-10-19 16:28:46,879 [WARN] ModelIntegratedComponent:63 - No mode defined for component null
2025-10-19 16:28:46,879 [WARN] ModelIntegratedComponent:63 - No mode defined for component null
2025-10-19 16:28:46,879 [WARN] ModelIntegratedComponent:63 - No mode defined for component null
2025-10-19 16:28:46,879 [WARN] ModelIntegratedComponent:63 - No mode defined for component null
2025-10-19 16:28:46,879 [WARN] ModelIntegratedComponent:63 - No mode defined for component null
2025-10-19 16:28:46,879 [WARN] ModelIntegratedComponent:63 - No mode defined for component null
2025-10-19 16:28:46,879 [WARN] ModelIntegratedComponent:63 - No mode defined for component null
2025-10-19 16:28:46,879 [WARN] ModelIntegratedComponent:63 - No mode defined for component null
2025-10-19 16:28:46,879 [WARN] ModelIntegratedComponent:63 - No mode defined for component null
2025-10-19 16:28:46,879 [WARN] ModelIntegratedComponent:63 - No mode defined for component null
2025-10-19 16:28:46,879 [WARN] ModelIntegratedComponent:63 - No mode defined for component null
2025-10-19 16:28:46,879 [WARN] ModelIntegratedComponent:63 - No mode defined for component null
2025-10-19 16:28:46,879 [WARN] ModelIntegratedComponent:63 - No mode defined for component null
2025-10-19 16:28:46,879 [WARN] ModelIntegratedComponent:63 - No mode defined for component null
2025-10-19 16:28:46,879 [WARN] ModelIntegratedComponent:63 - No mode defined for component null
2025-10-19 16:28:46,879 [WARN] ModelIntegratedComponent:63 - No mode defined for component null
2025-10-19 16:28:46,882 [WARN] ModelIntegratedComponent:63 - No mode defined for component null
2025-10-19 16:28:46,882 [WARN] ModelIntegratedComponent:63 - No mode defined for component null
2025-10-19 16:28:46,882 [WARN] ModelIntegratedComponent:63 - No mode defined for component null
2025-10-19 16:28:46,882 [WARN] ModelIntegratedComponent:63 - No mode defined for component null
2025-10-19 16:28:46,882 [WARN] ModelIntegratedComponent:63 - No mode defined for component null
2025-10-19 16:28:46,882 [WARN] ModelIntegratedComponent:63 - No mode defined for component null
2025-10-19 16:28:46,882 [WARN] ModelIntegratedComponent:63 - No mode defined for component null
2025-10-19 16:28:46,882 [WARN] ModelIntegratedComponent:63 - No mode defined for component null
2025-10-19 16:28:46,882 [WARN] ModelPack:524 - Component already loaded: STMicroelectronics:HAL Drivers:0.0.0:STMicroelectronics:Device:STMicro_Driver:XSPI:HAL::0.0.1:HAL_XSPI
2025-10-19 16:28:47,089 [INFO] ThirdPartyModel:298 - Start build external matchings
2025-10-19 16:28:47,933 [INFO] ThirdPartyModel:316 - End build external matchings
2025-10-19 16:28:47,952 [INFO] ImportTextPane:234 - (OptionalMessage_ERROR) IP (RCC) : Invalid parameter (FamilyName)
2025-10-19 16:28:47,952 [INFO] ImportTextPane:234 - (OptionalMessage_ERROR) IP (RCC) : Parameter (USBFreq_Value) has invalid value (16000000)
2025-10-19 16:28:47,983 [FATAL] ProjectFactory:656 - Exception caught
java.util.ConcurrentModificationException: null
	at java.util.ArrayList$Itr.checkForComodification(ArrayList.java:1095) ~[?:?]
	at java.util.ArrayList$Itr.next(ArrayList.java:1049) ~[?:?]
	at com.st.microxplorer.mcu.Mcu.checkAvailability(Mcu.java:3478) ~[STM32CubeMX.jar:?]
	at com.st.microxplorer.mcu.Mcu.loadConfProperties(Mcu.java:6780) ~[STM32CubeMX.jar:?]
	at com.st.microxplorer.mxsystem.ProjectFactory.swingWorkerLoad(ProjectFactory.java:572) ~[STM32CubeMX.jar:?]
	at com.st.microxplorer.util.ProcessBarDialog.performAction(ProcessBarDialog.java:86) ~[STM32CubeMX.jar:?]
	at com.st.microxplorer.util.ProcessBarDialog$1.doInBackground(ProcessBarDialog.java:157) ~[STM32CubeMX.jar:?]
	at com.st.microxplorer.util.ProcessBarDialog$1.doInBackground(ProcessBarDialog.java:154) ~[STM32CubeMX.jar:?]
	at javax.swing.SwingWorker$1.call(SwingWorker.java:305) ~[?:?]
	at java.util.concurrent.FutureTask.run(FutureTask.java:317) ~[?:?]
	at javax.swing.SwingWorker.run(SwingWorker.java:342) ~[?:?]
	at java.util.concurrent.ThreadPoolExecutor.runWorker(ThreadPoolExecutor.java:1144) ~[?:?]
	at java.util.concurrent.ThreadPoolExecutor$Worker.run(ThreadPoolExecutor.java:642) ~[?:?]
	at java.lang.Thread.run(Thread.java:1583) ~[?:?]
2025-10-19 16:28:48,088 [INFO] Context:786 - Trying to add GPIOservice into a context  which must be forbidden
2025-10-19 16:28:48,390 [INFO] ImportTextPane:234 - (OptionalMessage_ERROR) Pin10 (VP_RIF_VS_RIF1) cannot be retrieved for this MCU
2025-10-19 16:28:48,466 [INFO] ThirdPartyModel:298 - Start build external matchings
2025-10-19 16:28:48,869 [INFO] ThirdPartyModel:316 - End build external matchings
2025-10-19 16:28:48,883 [INFO] ImportTextPane:234 - (OptionalMessage_ERROR) IP (RCC) : Invalid parameter (FamilyName)
2025-10-19 16:28:48,883 [INFO] ImportTextPane:234 - (OptionalMessage_ERROR) IP (RCC) : Parameter (USBFreq_Value) has invalid value (16000000)
2025-10-19 16:28:54,941 [INFO] UtilMem:75 - End LoadConfig() Used Memory: 260079200 Bytes (717225984)
2025-10-19 16:28:54,975 [WARN] ThirdParty:833 - waiting for thirdparty lock release [change project]
2025-10-19 16:28:54,975 [INFO] ThirdParty:835 - entering critical section [change project]
2025-10-19 16:28:54,975 [INFO] ThirdParty:1030 - CMSIS Pack Vendor :STMicroelectronics X-CUBE-PM33A1 1.0.0
2025-10-19 16:28:54,975 [INFO] ThirdParty:1030 - CMSIS Pack Vendor :STMicroelectronics USBPD 4.1
2025-10-19 16:28:54,975 [INFO] ThirdParty:1030 - CMSIS Pack Vendor :STMicroelectronics X-CUBE-NFC9 1.0.0
2025-10-19 16:28:54,975 [INFO] ThirdParty:1030 - CMSIS Pack Vendor :STMicroelectronics USB_HOST 2.0.0
2025-10-19 16:28:54,975 [INFO] ThirdParty:1030 - CMSIS Pack Vendor :STMicroelectronics FP-SNS-MOTENVWB1 1.4.0
2025-10-19 16:28:54,975 [INFO] ThirdParty:1030 - CMSIS Pack Vendor :STMicroelectronics X-CUBE-AZRTOS-F4 1.1.0
2025-10-19 16:28:54,975 [INFO] ThirdParty:1030 - CMSIS Pack Vendor :STMicroelectronics LIBJPEG 8.0.0
2025-10-19 16:28:54,975 [INFO] ThirdParty:1030 - CMSIS Pack Vendor :STMicroelectronics FP-ATR-ASTRA1 2.0.2
2025-10-19 16:28:54,975 [INFO] ThirdParty:1030 - CMSIS Pack Vendor :STMicroelectronics X-CUBE-BLE1 7.1.0
2025-10-19 16:28:54,975 [INFO] ThirdParty:1030 - CMSIS Pack Vendor :STMicroelectronics X-CUBE-SMBUS 2.1.0
2025-10-19 16:28:54,975 [INFO] ThirdParty:1030 - CMSIS Pack Vendor :STMicroelectronics USB_DEVICE 3.0.0
2025-10-19 16:28:54,975 [INFO] ThirdParty:1030 - CMSIS Pack Vendor :STMicroelectronics X-CUBE-ISPU 2.1.0
2025-10-19 16:28:54,975 [INFO] ThirdParty:1030 - CMSIS Pack Vendor :STMicroelectronics X-CUBE-EEPRMA1 5.2.0
2025-10-19 16:28:54,975 [INFO] ThirdParty:1030 - CMSIS Pack Vendor :STMicroelectronics X-CUBE-IPS 3.2.0
2025-10-19 16:28:54,975 [INFO] ThirdParty:1030 - CMSIS Pack Vendor :STMicroelectronics X-CUBE-BLEMGR 4.1.0
2025-10-19 16:28:54,975 [INFO] ThirdParty:1030 - CMSIS Pack Vendor :STMicroelectronics X-CUBE-AZRTOS-WB 2.0.0
2025-10-19 16:28:54,975 [INFO] ThirdParty:1030 - CMSIS Pack Vendor :STMicroelectronics X-CUBE-ST60 1.0.0
2025-10-19 16:28:54,975 [INFO] ThirdParty:1030 - CMSIS Pack Vendor :STMicroelectronics X-CUBE-GNSS1 7.0.1
2025-10-19 16:28:54,975 [INFO] ThirdParty:1030 - CMSIS Pack Vendor :STMicroelectronics X-CUBE-NFC12 1.0.0
2025-10-19 16:28:54,975 [INFO] ThirdParty:1030 - CMSIS Pack Vendor :STMicroelectronics X-CUBE-AZRTOS-F7 1.1.0
2025-10-19 16:28:54,976 [INFO] ThirdParty:1030 - CMSIS Pack Vendor :STMicroelectronics X-CUBE-AZRTOS-L5 2.0.0
2025-10-19 16:28:54,976 [INFO] ThirdParty:1030 - CMSIS Pack Vendor :STMicroelectronics X-CUBE-TOUCHGFX 4.25.0
2025-10-19 16:28:54,976 [INFO] ThirdParty:1030 - CMSIS Pack Vendor :STMicroelectronics USB_DEVICE 2.0.0
2025-10-19 16:28:54,976 [INFO] ThirdParty:1030 - CMSIS Pack Vendor :STMicroelectronics X-CUBE-NFC6 3.1.0
2025-10-19 16:28:54,976 [INFO] ThirdParty:1030 - CMSIS Pack Vendor :STMicroelectronics X-CUBE-ST67W61 1.1.0
2025-10-19 16:28:54,976 [INFO] ThirdParty:1030 - CMSIS Pack Vendor :Cesanta I-CUBE-Mongoose 7.19.0
2025-10-19 16:28:54,976 [INFO] ThirdParty:1030 - CMSIS Pack Vendor :quantropi X-CUBE-qispace-sdk-base 2.1.0
2025-10-19 16:28:54,976 [INFO] ThirdParty:1030 - CMSIS Pack Vendor :STMicroelectronics FreeRTOS 0.0.1
2025-10-19 16:28:54,976 [INFO] ThirdParty:1030 - CMSIS Pack Vendor :STMicroelectronics X-CUBE-AZRTOS-G0 1.1.0
2025-10-19 16:28:54,976 [INFO] ThirdParty:1030 - CMSIS Pack Vendor :STMicroelectronics X-CUBE-SAFEA1 1.2.2
2025-10-19 16:28:54,976 [INFO] ThirdParty:1030 - CMSIS Pack Vendor :STMicroelectronics X-CUBE-NFC4 3.0.0
2025-10-19 16:28:54,976 [INFO] ThirdParty:1030 - CMSIS Pack Vendor :STMicroelectronics X-CUBE-SUBG2 5.0.0
2025-10-19 16:28:54,976 [INFO] ThirdParty:1030 - CMSIS Pack Vendor :STMicroelectronics X-CUBE-AZRTOS-H7RS 1.1.0
2025-10-19 16:28:54,976 [INFO] ThirdParty:1030 - CMSIS Pack Vendor :STMicroelectronics STM32_WPAN 1.0.0
2025-10-19 16:28:54,976 [INFO] ThirdParty:1030 - CMSIS Pack Vendor :EmbeddedOffice I-CUBE-FS-RTOS 1.0.1
2025-10-19 16:28:54,976 [INFO] ThirdParty:1030 - CMSIS Pack Vendor :STMicroelectronics lwIP 2.0.3
2025-10-19 16:28:54,976 [INFO] ThirdParty:1030 - CMSIS Pack Vendor :STMicroelectronics USB_HOST 1.0.0
2025-10-19 16:28:54,976 [INFO] ThirdParty:1030 - CMSIS Pack Vendor :Infineon AIROC-Wi-Fi-Bluetooth-STM32 1.7.1
2025-10-19 16:28:54,976 [INFO] ThirdParty:1030 - CMSIS Pack Vendor :STMicroelectronics X-CUBE-AZRTOS-G4 2.0.0
2025-10-19 16:28:54,976 [INFO] ThirdParty:1030 - CMSIS Pack Vendor :STMicroelectronics X-CUBE-WB05N 2.0.0
2025-10-19 16:28:54,976 [INFO] ThirdParty:1030 - CMSIS Pack Vendor :STMicroelectronics PDM2PCM 3.1.0
2025-10-19 16:28:54,976 [INFO] ThirdParty:1030 - CMSIS Pack Vendor :STMicroelectronics PDM2PCM 3.3.0
2025-10-19 16:28:54,976 [INFO] ThirdParty:1030 - CMSIS Pack Vendor :STMicroelectronics X-CUBE-AZRTOS-H7 3.4.0
2025-10-19 16:28:54,976 [INFO] ThirdParty:1030 - CMSIS Pack Vendor :STMicroelectronics X-CUBE-DISPLAY 3.0.0
2025-10-19 16:28:54,976 [INFO] ThirdParty:1030 - CMSIS Pack Vendor :STMicroelectronics X-CUBE-NFC7 2.0.0
2025-10-19 16:28:54,976 [INFO] ThirdParty:1030 - CMSIS Pack Vendor :STMicroelectronics X-CUBE-TCPP 4.2.0
2025-10-19 16:28:54,976 [INFO] ThirdParty:1030 - CMSIS Pack Vendor :RealThread X-CUBE-RT-Thread_Nano 4.1.1
2025-10-19 16:28:54,976 [INFO] ThirdParty:1030 - CMSIS Pack Vendor :STMicroelectronics FP-ATR-SIGFOX1 3.2.0
2025-10-19 16:28:54,976 [INFO] ThirdParty:1030 - CMSIS Pack Vendor :STMicroelectronics X-CUBE-NFC10 1.0.0
2025-10-19 16:28:54,976 [INFO] ThirdParty:1030 - CMSIS Pack Vendor :STMicroelectronics X-CUBE-FREERTOS 1.3.1
2025-10-19 16:28:54,976 [INFO] ThirdParty:1030 - CMSIS Pack Vendor :STMicroelectronics HAL Drivers 0.0.0
2025-10-19 16:28:54,976 [INFO] ThirdParty:1030 - CMSIS Pack Vendor :STMicroelectronics MBEDTLS 2.16.2
2025-10-19 16:28:54,976 [INFO] ThirdParty:1030 - CMSIS Pack Vendor :STMicroelectronics X-CUBE-ST60 1.1.0
2025-10-19 16:28:54,976 [INFO] ThirdParty:1030 - CMSIS Pack Vendor :STMicroelectronics X-CUBE-IPS 3.1.0
2025-10-19 16:28:54,976 [INFO] ThirdParty:1030 - CMSIS Pack Vendor :STMicroelectronics X-CUBE-ALS 1.0.2
2025-10-19 16:28:54,976 [INFO] ThirdParty:1030 - CMSIS Pack Vendor :emotas I-CUBE-CANOPEN 1.3.0
2025-10-19 16:28:54,976 [INFO] ThirdParty:1030 - CMSIS Pack Vendor :STMicroelectronics MBEDTLS 2.14.1
2025-10-19 16:28:54,976 [INFO] ThirdParty:1030 - CMSIS Pack Vendor :ITTIA_DB I-CUBE-ITTIADB 8.9.0
2025-10-19 16:28:54,976 [INFO] ThirdParty:1030 - CMSIS Pack Vendor :STMicroelectronics X-CUBE-TOUCHGFX 4.26.0
2025-10-19 16:28:54,976 [INFO] ThirdParty:1030 - CMSIS Pack Vendor :STMicroelectronics X-CUBE-STSE01 1.0.0
2025-10-19 16:28:54,976 [INFO] ThirdParty:1030 - CMSIS Pack Vendor :STMicroelectronics X-CUBE-ST67W61 1.0.0
2025-10-19 16:28:54,976 [INFO] ThirdParty:1030 - CMSIS Pack Vendor :STMicroelectronics FP-SNS-STBOX1 2.1.0
2025-10-19 16:28:54,976 [INFO] ThirdParty:1030 - CMSIS Pack Vendor :STMicroelectronics X-CUBE-AI 10.2.0
2025-10-19 16:28:54,976 [INFO] ThirdParty:1030 - CMSIS Pack Vendor :STMicroelectronics FP-SNS-STAIOTCFT 1.0.0
2025-10-19 16:28:54,976 [INFO] ThirdParty:1030 - CMSIS Pack Vendor :STMicroelectronics ThreadX 1.0.0
2025-10-19 16:28:54,976 [INFO] ThirdParty:1030 - CMSIS Pack Vendor :STMicroelectronics FP-SNS-SMARTAG2 1.2.0
2025-10-19 16:28:54,976 [INFO] ThirdParty:1030 - CMSIS Pack Vendor :STMicroelectronics FP-SNS-FLIGHT1 5.1.0
2025-10-19 16:28:54,976 [INFO] ThirdParty:1030 - CMSIS Pack Vendor :STMicroelectronics X-CUBE-AZRTOS-WL 2.0.0
2025-10-19 16:28:54,976 [INFO] ThirdParty:1030 - CMSIS Pack Vendor :SEGGER I-CUBE-embOS 1.3.1
2025-10-19 16:28:54,976 [INFO] ThirdParty:1030 - CMSIS Pack Vendor :STMicroelectronics X-CUBE-ALGOBUILD 1.4.0
2025-10-19 16:28:54,976 [INFO] ThirdParty:1030 - CMSIS Pack Vendor :STMicroelectronics X-CUBE-DPower 1.3.0
2025-10-19 16:28:54,976 [INFO] ThirdParty:1030 - CMSIS Pack Vendor :STMicroelectronics X-CUBE-MEMS1 11.3.0
2025-10-19 16:28:54,976 [INFO] ThirdParty:1030 - CMSIS Pack Vendor :STMicroelectronics FP-SNS-MOTENV1 5.0.0
2025-10-19 16:28:54,976 [INFO] ThirdParty:1030 - CMSIS Pack Vendor :STMicroelectronics USB_DEVICE 1.0.0
2025-10-19 16:28:54,976 [INFO] ThirdParty:1030 - CMSIS Pack Vendor :STMicroelectronics X-CUBE-AZRTOS-L4 2.0.0
2025-10-19 16:28:54,976 [INFO] ThirdParty:1030 - CMSIS Pack Vendor :STMicroelectronics ThreadX 0.0.2
2025-10-19 16:28:54,976 [INFO] ThirdParty:1030 - CMSIS Pack Vendor :WES I-CUBE-Cesium 1.3.0
2025-10-19 16:28:54,976 [INFO] ThirdParty:1030 - CMSIS Pack Vendor :STMicroelectronics lwIP 2.1.2
2025-10-19 16:28:54,976 [INFO] ThirdParty:1030 - CMSIS Pack Vendor :STMicroelectronics X-CUBE-SFXS2LP1 4.0.0
2025-10-19 16:28:54,976 [INFO] ThirdParty:1030 - CMSIS Pack Vendor :STMicroelectronics X-CUBE-BLE2 3.3.0
2025-10-19 16:28:54,976 [INFO] ThirdParty:1030 - CMSIS Pack Vendor :STMicroelectronics X-CUBE-TOF1 3.4.3
2025-10-19 16:28:54,976 [INFO] ThirdParty:1030 - CMSIS Pack Vendor :STMicroelectronics PDM2PCM 3.2.0
2025-10-19 16:28:54,977 [INFO] ThirdParty:841 - exiting critical section [change project]
2025-10-19 16:28:55,272 [INFO] PinOutPanel:1589 - setPackage(No Configuration,No Configuration)
2025-10-19 16:28:55,273 [INFO] PinOutPanel:1589 - setPackage(STM32F103C8Tx,LQFP48)
2025-10-19 16:28:55,501 [INFO] UtilMem:75 - Before build in PCC Used Memory: 434669152 Bytes (717225984)
2025-10-19 16:28:56,115 [INFO] UtilMem:75 - After build in PCC Used Memory: 476612192 Bytes (717225984)
2025-10-19 16:28:56,130 [INFO] IPUIPlugin:80 - create IPUIPlugin
2025-10-19 16:28:56,130 [INFO] IPUIPlugin:80 - create IPUIPlugin
2025-10-19 16:28:56,130 [INFO] IPUIPlugin:80 - create IPUIPlugin
2025-10-19 16:28:56,130 [INFO] IPUIPlugin:80 - create IPUIPlugin
2025-10-19 16:28:56,130 [INFO] IPUIPlugin:80 - create IPUIPlugin
2025-10-19 16:28:56,130 [INFO] IPUIPlugin:80 - create IPUIPlugin
2025-10-19 16:28:56,130 [INFO] IPUIPlugin:80 - create IPUIPlugin
2025-10-19 16:28:56,130 [INFO] IPUIPlugin:80 - create IPUIPlugin
2025-10-19 16:28:56,130 [INFO] IPUIPlugin:80 - create IPUIPlugin
2025-10-19 16:28:56,130 [INFO] IPUIPlugin:80 - create IPUIPlugin
2025-10-19 16:28:56,130 [INFO] IPUIPlugin:80 - create IPUIPlugin
2025-10-19 16:28:56,130 [INFO] IPUIPlugin:80 - create IPUIPlugin
2025-10-19 16:28:56,130 [INFO] IPUIPlugin:80 - create IPUIPlugin
2025-10-19 16:28:56,130 [INFO] IPUIPlugin:80 - create IPUIPlugin
2025-10-19 16:28:56,130 [INFO] IPUIPlugin:80 - create IPUIPlugin
2025-10-19 16:28:56,130 [INFO] IPUIPlugin:80 - create IPUIPlugin
2025-10-19 16:28:56,131 [INFO] IPUIPlugin:80 - create IPUIPlugin
2025-10-19 16:28:56,131 [INFO] IPUIPlugin:80 - create IPUIPlugin
2025-10-19 16:28:56,131 [INFO] IPUIPlugin:80 - create IPUIPlugin
2025-10-19 16:28:56,131 [INFO] IPUIPlugin:80 - create IPUIPlugin
2025-10-19 16:28:56,131 [INFO] IPUIPlugin:80 - create IPUIPlugin
2025-10-19 16:28:56,131 [INFO] IPUIPlugin:80 - create IPUIPlugin
2025-10-19 16:28:56,131 [INFO] IPUIPlugin:80 - create IPUIPlugin
2025-10-19 16:28:56,131 [INFO] IPUIPlugin:80 - create IPUIPlugin
2025-10-19 16:28:56,131 [INFO] IPUIPlugin:80 - create IPUIPlugin
2025-10-19 16:28:56,131 [INFO] IPUIPlugin:80 - create IPUIPlugin
2025-10-19 16:28:56,132 [INFO] IPUIPlugin:80 - create IPUIPlugin
2025-10-19 16:28:56,132 [WARN] IP:2250 - I2C_Coeff_DF not found: check if there is a RefParameter without a condition.
2025-10-19 16:28:56,133 [WARN] IP:2250 - Analog_Filter not found: check if there is a RefParameter without a condition.
2025-10-19 16:28:56,143 [ERROR] ProjectManagerView:194 - 
java.lang.NullPointerException: Cannot invoke "javax.swing.JTextField.getText()" because the return value of "java.util.List.get(int)" is null
	at com.st.microxplorer.plugins.projectmanager.gui.ProjectChoiceTab$9.caretUpdate(ProjectChoiceTab.java:2706) ~[filemanager.jar:?]
	at javax.swing.text.JTextComponent.fireCaretUpdate(JTextComponent.java:408) ~[?:?]
	at javax.swing.text.JTextComponent$MutableCaretEvent.fire(JTextComponent.java:4484) ~[?:?]
	at javax.swing.text.JTextComponent$MutableCaretEvent.stateChanged(JTextComponent.java:4506) ~[?:?]
	at javax.swing.text.DefaultCaret.fireStateChanged(DefaultCaret.java:857) ~[?:?]
	at javax.swing.text.DefaultCaret.changeCaretPosition(DefaultCaret.java:1343) ~[?:?]
	at javax.swing.text.DefaultCaret.handleSetDot(DefaultCaret.java:1242) ~[?:?]
	at javax.swing.text.DefaultCaret.setDot(DefaultCaret.java:1223) ~[?:?]
	at javax.swing.text.DefaultCaret$Handler.insertUpdate(DefaultCaret.java:1819) ~[?:?]
	at javax.swing.text.AbstractDocument.fireInsertUpdate(AbstractDocument.java:227) ~[?:?]
	at javax.swing.text.AbstractDocument.handleInsertString(AbstractDocument.java:781) ~[?:?]
	at javax.swing.text.AbstractDocument.insertString(AbstractDocument.java:740) ~[?:?]
	at javax.swing.text.PlainDocument.insertString(PlainDocument.java:131) ~[?:?]
	at javax.swing.text.AbstractDocument.replace(AbstractDocument.java:699) ~[?:?]
	at javax.swing.text.JTextComponent.setText(JTextComponent.java:1725) ~[?:?]
	at com.st.microxplorer.plugins.projectmanager.gui.ProjectChoiceTab.createHeapStackFields(ProjectChoiceTab.java:993) ~[filemanager.jar:?]
	at com.st.microxplorer.plugins.projectmanager.gui.ProjectChoiceTab.buildLinkSettingsPanel(ProjectChoiceTab.java:3813) ~[filemanager.jar:?]
	at com.st.microxplorer.plugins.projectmanager.gui.ProjectChoiceTab.defineWindowsFields(ProjectChoiceTab.java:1987) ~[filemanager.jar:?]
	at com.st.microxplorer.plugins.projectmanager.gui.ProjectChoiceTab.updateSettings(ProjectChoiceTab.java:558) ~[filemanager.jar:?]
	at com.st.microxplorer.plugins.projectmanager.gui.ProjectSettingsPanel.showDialog(ProjectSettingsPanel.java:135) ~[filemanager.jar:?]
	at com.st.microxplorer.plugins.projectmanager.engine.MainProjectManager.showProjectSettingPanel(MainProjectManager.java:637) ~[filemanager.jar:?]
	at com.st.microxplorer.plugins.projectmanager.ProjectManagerView.getUI(ProjectManagerView.java:192) ~[filemanager.jar:?]
	at com.st.microxplorer.maingui.MainPanel.updateViewsTabPane(MainPanel.java:1885) ~[STM32CubeMX.jar:?]
	at com.st.microxplorer.maingui.MainPanel.propertyChange(MainPanel.java:1090) ~[STM32CubeMX.jar:?]
	at java.beans.PropertyChangeSupport.fire(PropertyChangeSupport.java:343) ~[?:?]
	at java.beans.PropertyChangeSupport.firePropertyChange(PropertyChangeSupport.java:335) ~[?:?]
	at java.beans.PropertyChangeSupport.firePropertyChange(PropertyChangeSupport.java:268) ~[?:?]
	at com.st.microxplorer.util.MXPropertyChangeSupport.firePropertyChange(MXPropertyChangeSupport.java:54) ~[STM32CubeMX.jar:?]
	at com.st.microxplorer.mxsystem.MxSystem.swingWorkerCompleteLoadConfig(MxSystem.java:834) ~[STM32CubeMX.jar:?]
	at com.st.microxplorer.mxsystem.MxSystem$DummyProgressBar.doAction(MxSystem.java:539) ~[STM32CubeMX.jar:?]
	at com.st.microxplorer.mxsystem.MxSystem.completeLoadConfig(MxSystem.java:828) ~[STM32CubeMX.jar:?]
	at com.st.microxplorer.plugins.filemanager.engine.OpenFileManager.LoadConfig(OpenFileManager.java:378) ~[filemanager.jar:?]
	at com.st.microxplorer.plugins.filemanager.engine.OpenFileManager.loadConfigurationFile(OpenFileManager.java:292) ~[filemanager.jar:?]
	at com.st.microxplorer.plugins.filemanager.engine.MainFileManager.userLoadConfig(MainFileManager.java:364) ~[filemanager.jar:?]
	at com.st.microxplorer.plugins.filemanager.engine.MainFileManager.userLoadConfig(MainFileManager.java:342) ~[filemanager.jar:?]
	at com.st.microxplorer.plugins.filemanager.FileManagerView.getSpecificTask(FileManagerView.java:264) ~[filemanager.jar:?]
	at com.st.stm32cube.common.mx.editor.CubeMxEditor.getMxTabbedPaneInstance(CubeMxEditor.java:1198) ~[com.st.stm32cube.common.mx_6.15.0.202507011659/:?]
	at com.st.stm32cube.common.mx.editor.CubeMxEditor$12$1.createSwingComponent(CubeMxEditor.java:1068) ~[com.st.stm32cube.common.mx_6.15.0.202507011659/:?]
	at com.st.stm32cube.common.mx.oss.core.awtswtbridge.EmbeddedSwingComposite.doComponentCreation(EmbeddedSwingComposite.java:492) ~[com.st.stm32cube.common.mx.oss_6.15.0.202507011659/:?]
	at com.st.stm32cube.common.mx.oss.core.awtswtbridge.EmbeddedSwingComposite$4.run(EmbeddedSwingComposite.java:291) ~[com.st.stm32cube.common.mx.oss_6.15.0.202507011659/:?]
	at com.st.stm32cube.common.mx.oss.core.awtswtbridge.AwtEnvironment$2.run(AwtEnvironment.java:166) ~[com.st.stm32cube.common.mx.oss_6.15.0.202507011659/:?]
	at java.awt.event.InvocationEvent.dispatch(InvocationEvent.java:318) ~[?:?]
	at java.awt.EventQueue.dispatchEventImpl(EventQueue.java:773) ~[?:?]
	at java.awt.EventQueue$4.run(EventQueue.java:720) ~[?:?]
	at java.awt.EventQueue$4.run(EventQueue.java:714) ~[?:?]
	at java.security.AccessController.doPrivileged(AccessController.java:400) ~[?:?]
	at java.security.ProtectionDomain$JavaSecurityAccessImpl.doIntersectionPrivilege(ProtectionDomain.java:87) ~[?:?]
	at java.awt.EventQueue.dispatchEvent(EventQueue.java:742) ~[?:?]
	at java.awt.EventDispatchThread.pumpOneEventForFilters(EventDispatchThread.java:203) ~[?:?]
	at java.awt.EventDispatchThread.pumpEventsForFilter(EventDispatchThread.java:124) ~[?:?]
	at java.awt.EventDispatchThread.pumpEventsForFilter(EventDispatchThread.java:117) ~[?:?]
	at java.awt.WaitDispatchSupport$2.run(WaitDispatchSupport.java:191) ~[?:?]
	at java.awt.WaitDispatchSupport$4.run(WaitDispatchSupport.java:236) ~[?:?]
	at java.awt.WaitDispatchSupport$4.run(WaitDispatchSupport.java:234) ~[?:?]
	at java.security.AccessController.doPrivileged(AccessController.java:319) ~[?:?]
	at java.awt.WaitDispatchSupport.enter(WaitDispatchSupport.java:234) ~[?:?]
	at java.awt.Dialog.show(Dialog.java:1079) ~[?:?]
	at java.awt.Component.show(Component.java:1728) ~[?:?]
	at java.awt.Component.setVisible(Component.java:1675) ~[?:?]
	at java.awt.Window.setVisible(Window.java:1036) ~[?:?]
	at java.awt.Dialog.setVisible(Dialog.java:1015) ~[?:?]
	at com.st.microxplorer.util.ProcessBarDialog.doAction(ProcessBarDialog.java:173) ~[STM32CubeMX.jar:?]
	at com.st.microxplorer.mxsystem.ProjectFactory.load(ProjectFactory.java:235) ~[STM32CubeMX.jar:?]
	at com.st.microxplorer.mxsystem.ProjectFactory.startLoadConfig(ProjectFactory.java:184) ~[STM32CubeMX.jar:?]
	at com.st.microxplorer.mxsystem.MxSystem.startLoadConfig(MxSystem.java:782) ~[STM32CubeMX.jar:?]
	at com.st.microxplorer.plugins.filemanager.engine.OpenFileManager.LoadConfig(OpenFileManager.java:357) ~[filemanager.jar:?]
	at com.st.microxplorer.plugins.filemanager.engine.OpenFileManager.loadConfigurationFile(OpenFileManager.java:292) ~[filemanager.jar:?]
	at com.st.microxplorer.plugins.filemanager.engine.MainFileManager.userLoadConfig(MainFileManager.java:364) ~[filemanager.jar:?]
	at com.st.microxplorer.plugins.filemanager.engine.MainFileManager.userLoadConfig(MainFileManager.java:342) ~[filemanager.jar:?]
	at com.st.microxplorer.plugins.filemanager.FileManagerView.getSpecificTask(FileManagerView.java:264) ~[filemanager.jar:?]
	at com.st.stm32cube.common.mx.editor.CubeMxEditor.getMxTabbedPaneInstance(CubeMxEditor.java:1198) ~[com.st.stm32cube.common.mx_6.15.0.202507011659/:?]
	at com.st.stm32cube.common.mx.editor.CubeMxEditor$12$1.createSwingComponent(CubeMxEditor.java:1068) ~[com.st.stm32cube.common.mx_6.15.0.202507011659/:?]
	at com.st.stm32cube.common.mx.oss.core.awtswtbridge.EmbeddedSwingComposite.doComponentCreation(EmbeddedSwingComposite.java:492) ~[com.st.stm32cube.common.mx.oss_6.15.0.202507011659/:?]
	at com.st.stm32cube.common.mx.oss.core.awtswtbridge.EmbeddedSwingComposite$4.run(EmbeddedSwingComposite.java:291) ~[com.st.stm32cube.common.mx.oss_6.15.0.202507011659/:?]
	at com.st.stm32cube.common.mx.oss.core.awtswtbridge.AwtEnvironment$2.run(AwtEnvironment.java:166) ~[com.st.stm32cube.common.mx.oss_6.15.0.202507011659/:?]
	at java.awt.event.InvocationEvent.dispatch(InvocationEvent.java:318) ~[?:?]
	at java.awt.EventQueue.dispatchEventImpl(EventQueue.java:773) ~[?:?]
	at java.awt.EventQueue$4.run(EventQueue.java:720) ~[?:?]
	at java.awt.EventQueue$4.run(EventQueue.java:714) ~[?:?]
	at java.security.AccessController.doPrivileged(AccessController.java:400) ~[?:?]
	at java.security.ProtectionDomain$JavaSecurityAccessImpl.doIntersectionPrivilege(ProtectionDomain.java:87) ~[?:?]
	at java.awt.EventQueue.dispatchEvent(EventQueue.java:742) ~[?:?]
	at java.awt.EventDispatchThread.pumpOneEventForFilters(EventDispatchThread.java:203) ~[?:?]
	at java.awt.EventDispatchThread.pumpEventsForFilter(EventDispatchThread.java:124) ~[?:?]
	at java.awt.EventDispatchThread.pumpEventsForHierarchy(EventDispatchThread.java:113) ~[?:?]
	at java.awt.EventDispatchThread.pumpEvents(EventDispatchThread.java:109) ~[?:?]
	at java.awt.EventDispatchThread.pumpEvents(EventDispatchThread.java:101) ~[?:?]
	at java.awt.EventDispatchThread.run(EventDispatchThread.java:90) ~[?:?]
2025-10-19 16:28:56,147 [INFO] CADModel:165 - CPN selected for project levelSTM32F103C8T6
2025-10-19 16:28:56,147 [INFO] CADModel:114 - Register for checkConnection events
2025-10-19 16:28:56,148 [INFO] OpenFileManager:386 - Restore cursor
2025-10-19 16:28:56,280 [WARN] IP:2250 - I2C_Coeff_DF not found: check if there is a RefParameter without a condition.
2025-10-19 16:28:56,280 [WARN] IP:2250 - Analog_Filter not found: check if there is a RefParameter without a condition.
2025-10-19 16:28:56,280 [WARN] IP:2250 - I2C_Coeff_DF not found: check if there is a RefParameter without a condition.
2025-10-19 16:28:56,280 [WARN] IP:2250 - Analog_Filter not found: check if there is a RefParameter without a condition.
2025-10-19 16:28:56,561 [INFO] UtilMem:75 - End LoadConfig() Used Memory: 539783016 Bytes (717225984)
2025-10-19 16:28:56,668 [INFO] ApiDb:581 - Connected to CubeFinder SQLite database (C:\Users\nico2\.stmcufinder\plugins\mcufinder\mcu\cube-finder-db.db)
2025-10-19 16:28:56,828 [WARN] ThirdParty:833 - waiting for thirdparty lock release [change project]
2025-10-19 16:28:56,828 [INFO] ThirdParty:835 - entering critical section [change project]
2025-10-19 16:28:56,828 [INFO] ThirdParty:1030 - CMSIS Pack Vendor :STMicroelectronics X-CUBE-PM33A1 1.0.0
2025-10-19 16:28:56,828 [INFO] ThirdParty:1030 - CMSIS Pack Vendor :STMicroelectronics USBPD 4.1
2025-10-19 16:28:56,828 [INFO] ThirdParty:1030 - CMSIS Pack Vendor :STMicroelectronics X-CUBE-NFC9 1.0.0
2025-10-19 16:28:56,828 [INFO] ThirdParty:1030 - CMSIS Pack Vendor :STMicroelectronics USB_HOST 2.0.0
2025-10-19 16:28:56,828 [INFO] ThirdParty:1030 - CMSIS Pack Vendor :STMicroelectronics FP-SNS-MOTENVWB1 1.4.0
2025-10-19 16:28:56,828 [INFO] ThirdParty:1030 - CMSIS Pack Vendor :STMicroelectronics X-CUBE-AZRTOS-F4 1.1.0
2025-10-19 16:28:56,828 [INFO] ThirdParty:1030 - CMSIS Pack Vendor :STMicroelectronics LIBJPEG 8.0.0
2025-10-19 16:28:56,828 [INFO] ThirdParty:1030 - CMSIS Pack Vendor :STMicroelectronics FP-ATR-ASTRA1 2.0.2
2025-10-19 16:28:56,828 [INFO] ThirdParty:1030 - CMSIS Pack Vendor :STMicroelectronics X-CUBE-BLE1 7.1.0
2025-10-19 16:28:56,828 [INFO] ThirdParty:1030 - CMSIS Pack Vendor :STMicroelectronics X-CUBE-SMBUS 2.1.0
2025-10-19 16:28:56,828 [INFO] ThirdParty:1030 - CMSIS Pack Vendor :STMicroelectronics USB_DEVICE 3.0.0
2025-10-19 16:28:56,828 [INFO] ThirdParty:1030 - CMSIS Pack Vendor :STMicroelectronics X-CUBE-ISPU 2.1.0
2025-10-19 16:28:56,829 [INFO] ThirdParty:1030 - CMSIS Pack Vendor :STMicroelectronics X-CUBE-EEPRMA1 5.2.0
2025-10-19 16:28:56,829 [INFO] ThirdParty:1030 - CMSIS Pack Vendor :STMicroelectronics X-CUBE-IPS 3.2.0
2025-10-19 16:28:56,829 [INFO] ThirdParty:1030 - CMSIS Pack Vendor :STMicroelectronics X-CUBE-BLEMGR 4.1.0
2025-10-19 16:28:56,829 [INFO] ThirdParty:1030 - CMSIS Pack Vendor :STMicroelectronics X-CUBE-AZRTOS-WB 2.0.0
2025-10-19 16:28:56,829 [INFO] ThirdParty:1030 - CMSIS Pack Vendor :STMicroelectronics X-CUBE-ST60 1.0.0
2025-10-19 16:28:56,829 [INFO] ThirdParty:1030 - CMSIS Pack Vendor :STMicroelectronics X-CUBE-GNSS1 7.0.1
2025-10-19 16:28:56,829 [INFO] ThirdParty:1030 - CMSIS Pack Vendor :STMicroelectronics X-CUBE-NFC12 1.0.0
2025-10-19 16:28:56,829 [INFO] ThirdParty:1030 - CMSIS Pack Vendor :STMicroelectronics X-CUBE-AZRTOS-F7 1.1.0
2025-10-19 16:28:56,829 [INFO] ThirdParty:1030 - CMSIS Pack Vendor :STMicroelectronics X-CUBE-AZRTOS-L5 2.0.0
2025-10-19 16:28:56,829 [INFO] ThirdParty:1030 - CMSIS Pack Vendor :STMicroelectronics X-CUBE-TOUCHGFX 4.25.0
2025-10-19 16:28:56,829 [INFO] ThirdParty:1030 - CMSIS Pack Vendor :STMicroelectronics USB_DEVICE 2.0.0
2025-10-19 16:28:56,829 [INFO] ThirdParty:1030 - CMSIS Pack Vendor :STMicroelectronics X-CUBE-NFC6 3.1.0
2025-10-19 16:28:56,829 [INFO] ThirdParty:1030 - CMSIS Pack Vendor :STMicroelectronics X-CUBE-ST67W61 1.1.0
2025-10-19 16:28:56,829 [INFO] ThirdParty:1030 - CMSIS Pack Vendor :Cesanta I-CUBE-Mongoose 7.19.0
2025-10-19 16:28:56,829 [INFO] ThirdParty:1030 - CMSIS Pack Vendor :quantropi X-CUBE-qispace-sdk-base 2.1.0
2025-10-19 16:28:56,829 [INFO] ThirdParty:1030 - CMSIS Pack Vendor :STMicroelectronics FreeRTOS 0.0.1
2025-10-19 16:28:56,829 [INFO] ThirdParty:1030 - CMSIS Pack Vendor :STMicroelectronics X-CUBE-AZRTOS-G0 1.1.0
2025-10-19 16:28:56,829 [INFO] ThirdParty:1030 - CMSIS Pack Vendor :STMicroelectronics X-CUBE-SAFEA1 1.2.2
2025-10-19 16:28:56,829 [INFO] ThirdParty:1030 - CMSIS Pack Vendor :STMicroelectronics X-CUBE-NFC4 3.0.0
2025-10-19 16:28:56,829 [INFO] ThirdParty:1030 - CMSIS Pack Vendor :STMicroelectronics X-CUBE-SUBG2 5.0.0
2025-10-19 16:28:56,829 [INFO] ThirdParty:1030 - CMSIS Pack Vendor :STMicroelectronics X-CUBE-AZRTOS-H7RS 1.1.0
2025-10-19 16:28:56,829 [INFO] ThirdParty:1030 - CMSIS Pack Vendor :STMicroelectronics STM32_WPAN 1.0.0
2025-10-19 16:28:56,829 [INFO] ThirdParty:1030 - CMSIS Pack Vendor :EmbeddedOffice I-CUBE-FS-RTOS 1.0.1
2025-10-19 16:28:56,829 [INFO] ThirdParty:1030 - CMSIS Pack Vendor :STMicroelectronics lwIP 2.0.3
2025-10-19 16:28:56,829 [INFO] ThirdParty:1030 - CMSIS Pack Vendor :STMicroelectronics USB_HOST 1.0.0
2025-10-19 16:28:56,829 [INFO] ThirdParty:1030 - CMSIS Pack Vendor :Infineon AIROC-Wi-Fi-Bluetooth-STM32 1.7.1
2025-10-19 16:28:56,829 [INFO] ThirdParty:1030 - CMSIS Pack Vendor :STMicroelectronics X-CUBE-AZRTOS-G4 2.0.0
2025-10-19 16:28:56,829 [INFO] ThirdParty:1030 - CMSIS Pack Vendor :STMicroelectronics X-CUBE-WB05N 2.0.0
2025-10-19 16:28:56,829 [INFO] ThirdParty:1030 - CMSIS Pack Vendor :STMicroelectronics PDM2PCM 3.1.0
2025-10-19 16:28:56,829 [INFO] ThirdParty:1030 - CMSIS Pack Vendor :STMicroelectronics PDM2PCM 3.3.0
2025-10-19 16:28:56,829 [INFO] ThirdParty:1030 - CMSIS Pack Vendor :STMicroelectronics X-CUBE-AZRTOS-H7 3.4.0
2025-10-19 16:28:56,829 [INFO] ThirdParty:1030 - CMSIS Pack Vendor :STMicroelectronics X-CUBE-DISPLAY 3.0.0
2025-10-19 16:28:56,829 [INFO] ThirdParty:1030 - CMSIS Pack Vendor :STMicroelectronics X-CUBE-NFC7 2.0.0
2025-10-19 16:28:56,829 [INFO] ThirdParty:1030 - CMSIS Pack Vendor :STMicroelectronics X-CUBE-TCPP 4.2.0
2025-10-19 16:28:56,829 [INFO] ThirdParty:1030 - CMSIS Pack Vendor :RealThread X-CUBE-RT-Thread_Nano 4.1.1
2025-10-19 16:28:56,829 [INFO] ThirdParty:1030 - CMSIS Pack Vendor :STMicroelectronics FP-ATR-SIGFOX1 3.2.0
2025-10-19 16:28:56,829 [INFO] ThirdParty:1030 - CMSIS Pack Vendor :STMicroelectronics X-CUBE-NFC10 1.0.0
2025-10-19 16:28:56,829 [INFO] ThirdParty:1030 - CMSIS Pack Vendor :STMicroelectronics X-CUBE-FREERTOS 1.3.1
2025-10-19 16:28:56,829 [INFO] ThirdParty:1030 - CMSIS Pack Vendor :STMicroelectronics HAL Drivers 0.0.0
2025-10-19 16:28:56,829 [INFO] ThirdParty:1030 - CMSIS Pack Vendor :STMicroelectronics MBEDTLS 2.16.2
2025-10-19 16:28:56,829 [INFO] ThirdParty:1030 - CMSIS Pack Vendor :STMicroelectronics X-CUBE-ST60 1.1.0
2025-10-19 16:28:56,829 [INFO] ThirdParty:1030 - CMSIS Pack Vendor :STMicroelectronics X-CUBE-IPS 3.1.0
2025-10-19 16:28:56,829 [INFO] ThirdParty:1030 - CMSIS Pack Vendor :STMicroelectronics X-CUBE-ALS 1.0.2
2025-10-19 16:28:56,829 [INFO] ThirdParty:1030 - CMSIS Pack Vendor :emotas I-CUBE-CANOPEN 1.3.0
2025-10-19 16:28:56,829 [INFO] ThirdParty:1030 - CMSIS Pack Vendor :STMicroelectronics MBEDTLS 2.14.1
2025-10-19 16:28:56,829 [INFO] ThirdParty:1030 - CMSIS Pack Vendor :ITTIA_DB I-CUBE-ITTIADB 8.9.0
2025-10-19 16:28:56,829 [INFO] ThirdParty:1030 - CMSIS Pack Vendor :STMicroelectronics X-CUBE-TOUCHGFX 4.26.0
2025-10-19 16:28:56,829 [INFO] ThirdParty:1030 - CMSIS Pack Vendor :STMicroelectronics X-CUBE-STSE01 1.0.0
2025-10-19 16:28:56,829 [INFO] ThirdParty:1030 - CMSIS Pack Vendor :STMicroelectronics X-CUBE-ST67W61 1.0.0
2025-10-19 16:28:56,829 [INFO] ThirdParty:1030 - CMSIS Pack Vendor :STMicroelectronics FP-SNS-STBOX1 2.1.0
2025-10-19 16:28:56,829 [INFO] ThirdParty:1030 - CMSIS Pack Vendor :STMicroelectronics X-CUBE-AI 10.2.0
2025-10-19 16:28:56,829 [INFO] ThirdParty:1030 - CMSIS Pack Vendor :STMicroelectronics FP-SNS-STAIOTCFT 1.0.0
2025-10-19 16:28:56,829 [INFO] ThirdParty:1030 - CMSIS Pack Vendor :STMicroelectronics ThreadX 1.0.0
2025-10-19 16:28:56,829 [INFO] ThirdParty:1030 - CMSIS Pack Vendor :STMicroelectronics FP-SNS-SMARTAG2 1.2.0
2025-10-19 16:28:56,829 [INFO] ThirdParty:1030 - CMSIS Pack Vendor :STMicroelectronics FP-SNS-FLIGHT1 5.1.0
2025-10-19 16:28:56,829 [INFO] ThirdParty:1030 - CMSIS Pack Vendor :STMicroelectronics X-CUBE-AZRTOS-WL 2.0.0
2025-10-19 16:28:56,829 [INFO] ThirdParty:1030 - CMSIS Pack Vendor :SEGGER I-CUBE-embOS 1.3.1
2025-10-19 16:28:56,829 [INFO] ThirdParty:1030 - CMSIS Pack Vendor :STMicroelectronics X-CUBE-ALGOBUILD 1.4.0
2025-10-19 16:28:56,829 [INFO] ThirdParty:1030 - CMSIS Pack Vendor :STMicroelectronics X-CUBE-DPower 1.3.0
2025-10-19 16:28:56,829 [INFO] ThirdParty:1030 - CMSIS Pack Vendor :STMicroelectronics X-CUBE-MEMS1 11.3.0
2025-10-19 16:28:56,829 [INFO] ThirdParty:1030 - CMSIS Pack Vendor :STMicroelectronics FP-SNS-MOTENV1 5.0.0
2025-10-19 16:28:56,829 [INFO] ThirdParty:1030 - CMSIS Pack Vendor :STMicroelectronics USB_DEVICE 1.0.0
2025-10-19 16:28:56,829 [INFO] ThirdParty:1030 - CMSIS Pack Vendor :STMicroelectronics X-CUBE-AZRTOS-L4 2.0.0
2025-10-19 16:28:56,829 [INFO] ThirdParty:1030 - CMSIS Pack Vendor :STMicroelectronics ThreadX 0.0.2
2025-10-19 16:28:56,829 [INFO] ThirdParty:1030 - CMSIS Pack Vendor :WES I-CUBE-Cesium 1.3.0
2025-10-19 16:28:56,829 [INFO] ThirdParty:1030 - CMSIS Pack Vendor :STMicroelectronics lwIP 2.1.2
2025-10-19 16:28:56,829 [INFO] ThirdParty:1030 - CMSIS Pack Vendor :STMicroelectronics X-CUBE-SFXS2LP1 4.0.0
2025-10-19 16:28:56,829 [INFO] ThirdParty:1030 - CMSIS Pack Vendor :STMicroelectronics X-CUBE-BLE2 3.3.0
2025-10-19 16:28:56,829 [INFO] ThirdParty:1030 - CMSIS Pack Vendor :STMicroelectronics X-CUBE-TOF1 3.4.3
2025-10-19 16:28:56,829 [INFO] ThirdParty:1030 - CMSIS Pack Vendor :STMicroelectronics PDM2PCM 3.2.0
2025-10-19 16:28:56,829 [INFO] ThirdParty:841 - exiting critical section [change project]
2025-10-19 16:28:57,154 [INFO] PinOutPanel:1589 - setPackage(No Configuration,No Configuration)
2025-10-19 16:28:57,155 [INFO] PinOutPanel:1589 - setPackage(STM32F103C8Tx,LQFP48)
2025-10-19 16:28:57,347 [INFO] UtilMem:75 - Before build in PCC Used Memory: 266894944 Bytes (717225984)
2025-10-19 16:28:58,101 [INFO] UtilMem:75 - After build in PCC Used Memory: 315129440 Bytes (717225984)
2025-10-19 16:28:58,182 [INFO] IPUIPlugin:80 - create IPUIPlugin
2025-10-19 16:28:58,182 [INFO] IPUIPlugin:80 - create IPUIPlugin
2025-10-19 16:28:58,182 [INFO] IPUIPlugin:80 - create IPUIPlugin
2025-10-19 16:28:58,183 [INFO] IPUIPlugin:80 - create IPUIPlugin
2025-10-19 16:28:58,183 [INFO] IPUIPlugin:80 - create IPUIPlugin
2025-10-19 16:28:58,183 [INFO] IPUIPlugin:80 - create IPUIPlugin
2025-10-19 16:28:58,183 [INFO] IPUIPlugin:80 - create IPUIPlugin
2025-10-19 16:28:58,183 [INFO] IPUIPlugin:80 - create IPUIPlugin
2025-10-19 16:28:58,183 [INFO] IPUIPlugin:80 - create IPUIPlugin
2025-10-19 16:28:58,183 [INFO] IPUIPlugin:80 - create IPUIPlugin
2025-10-19 16:28:58,183 [INFO] IPUIPlugin:80 - create IPUIPlugin
2025-10-19 16:28:58,183 [INFO] IPUIPlugin:80 - create IPUIPlugin
2025-10-19 16:28:58,183 [INFO] IPUIPlugin:80 - create IPUIPlugin
2025-10-19 16:28:58,183 [INFO] IPUIPlugin:80 - create IPUIPlugin
2025-10-19 16:28:58,183 [INFO] IPUIPlugin:80 - create IPUIPlugin
2025-10-19 16:28:58,183 [INFO] IPUIPlugin:80 - create IPUIPlugin
2025-10-19 16:28:58,183 [INFO] IPUIPlugin:80 - create IPUIPlugin
2025-10-19 16:28:58,183 [INFO] IPUIPlugin:80 - create IPUIPlugin
2025-10-19 16:28:58,184 [INFO] IPUIPlugin:80 - create IPUIPlugin
2025-10-19 16:28:58,184 [INFO] IPUIPlugin:80 - create IPUIPlugin
2025-10-19 16:28:58,184 [INFO] IPUIPlugin:80 - create IPUIPlugin
2025-10-19 16:28:58,184 [INFO] IPUIPlugin:80 - create IPUIPlugin
2025-10-19 16:28:58,185 [INFO] IPUIPlugin:80 - create IPUIPlugin
2025-10-19 16:28:58,185 [INFO] IPUIPlugin:80 - create IPUIPlugin
2025-10-19 16:28:58,185 [INFO] IPUIPlugin:80 - create IPUIPlugin
2025-10-19 16:28:58,186 [INFO] IPUIPlugin:80 - create IPUIPlugin
2025-10-19 16:28:58,186 [INFO] IPUIPlugin:80 - create IPUIPlugin
2025-10-19 16:28:58,187 [WARN] IP:2250 - I2C_Coeff_DF not found: check if there is a RefParameter without a condition.
2025-10-19 16:28:58,187 [WARN] IP:2250 - Analog_Filter not found: check if there is a RefParameter without a condition.
2025-10-19 16:28:58,210 [WARN] IP:2250 - I2C_Coeff_DF not found: check if there is a RefParameter without a condition.
2025-10-19 16:28:58,210 [WARN] IP:2250 - Analog_Filter not found: check if there is a RefParameter without a condition.
2025-10-19 16:28:58,210 [WARN] IP:2250 - I2C_Coeff_DF not found: check if there is a RefParameter without a condition.
2025-10-19 16:28:58,210 [WARN] IP:2250 - Analog_Filter not found: check if there is a RefParameter without a condition.
2025-10-19 16:28:58,668 [INFO] CADModel:165 - CPN selected for project levelSTM32F103C8T6
2025-10-19 16:28:58,668 [INFO] CADModel:114 - Register for checkConnection events
2025-10-19 16:28:59,131 [INFO] OpenFileManager:386 - Restore cursor
2025-10-19 16:28:59,340 [WARN] IP:2250 - I2C_Coeff_DF not found: check if there is a RefParameter without a condition.
2025-10-19 16:28:59,340 [WARN] IP:2250 - Analog_Filter not found: check if there is a RefParameter without a condition.
2025-10-19 16:28:59,340 [WARN] IP:2250 - I2C_Coeff_DF not found: check if there is a RefParameter without a condition.
2025-10-19 16:28:59,340 [WARN] IP:2250 - Analog_Filter not found: check if there is a RefParameter without a condition.
2025-10-19 16:28:59,750 [ERROR] LogOutputStream:75 - [STDERR_REDIRECT] Exception in thread "AWT-EventQueue-0" java.lang.NullPointerException: Cannot invoke "com.st.stm32cube.common.mx.oss.core.awtswtbridge.EmbeddedSwingComposite$AwtContext.setContentPane(java.awt.Container)" because "this.awtContext" is null
2025-10-19 16:28:59,751 [ERROR] LogOutputStream:75 - [STDERR_REDIRECT] 	at com.st.stm32cube.common.mx.oss.core.awtswtbridge.EmbeddedSwingComposite.doComponentCreation(EmbeddedSwingComposite.java:494)
2025-10-19 16:28:59,752 [ERROR] LogOutputStream:75 - [STDERR_REDIRECT] 	at com.st.stm32cube.common.mx.oss.core.awtswtbridge.EmbeddedSwingComposite$4.run(EmbeddedSwingComposite.java:291)
2025-10-19 16:28:59,753 [ERROR] LogOutputStream:75 - [STDERR_REDIRECT] 	at com.st.stm32cube.common.mx.oss.core.awtswtbridge.AwtEnvironment$2.run(AwtEnvironment.java:166)
2025-10-19 16:28:59,753 [ERROR] LogOutputStream:75 - [STDERR_REDIRECT] 	at java.desktop/java.awt.event.InvocationEvent.dispatch(InvocationEvent.java:318)
2025-10-19 16:28:59,754 [ERROR] LogOutputStream:75 - [STDERR_REDIRECT] 	at java.desktop/java.awt.EventQueue.dispatchEventImpl(EventQueue.java:773)
2025-10-19 16:28:59,755 [ERROR] LogOutputStream:75 - [STDERR_REDIRECT] 	at java.desktop/java.awt.EventQueue$4.run(EventQueue.java:720)
2025-10-19 16:28:59,755 [ERROR] LogOutputStream:75 - [STDERR_REDIRECT] 	at java.desktop/java.awt.EventQueue$4.run(EventQueue.java:714)
2025-10-19 16:28:59,756 [ERROR] LogOutputStream:75 - [STDERR_REDIRECT] 	at java.base/java.security.AccessController.doPrivileged(AccessController.java:400)
2025-10-19 16:28:59,757 [ERROR] LogOutputStream:75 - [STDERR_REDIRECT] 	at java.base/java.security.ProtectionDomain$JavaSecurityAccessImpl.doIntersectionPrivilege(ProtectionDomain.java:87)
2025-10-19 16:28:59,757 [ERROR] LogOutputStream:75 - [STDERR_REDIRECT] 	at java.desktop/java.awt.EventQueue.dispatchEvent(EventQueue.java:742)
2025-10-19 16:28:59,758 [ERROR] LogOutputStream:75 - [STDERR_REDIRECT] 	at java.desktop/java.awt.EventDispatchThread.pumpOneEventForFilters(EventDispatchThread.java:203)
2025-10-19 16:28:59,759 [ERROR] LogOutputStream:75 - [STDERR_REDIRECT] 	at java.desktop/java.awt.EventDispatchThread.pumpEventsForFilter(EventDispatchThread.java:124)
2025-10-19 16:28:59,759 [ERROR] LogOutputStream:75 - [STDERR_REDIRECT] 	at java.desktop/java.awt.EventDispatchThread.pumpEventsForHierarchy(EventDispatchThread.java:113)
2025-10-19 16:28:59,760 [ERROR] LogOutputStream:75 - [STDERR_REDIRECT] 	at java.desktop/java.awt.EventDispatchThread.pumpEvents(EventDispatchThread.java:109)
2025-10-19 16:28:59,761 [ERROR] LogOutputStream:75 - [STDERR_REDIRECT] 	at java.desktop/java.awt.EventDispatchThread.pumpEvents(EventDispatchThread.java:101)
2025-10-19 16:28:59,761 [ERROR] LogOutputStream:75 - [STDERR_REDIRECT] 	at java.desktop/java.awt.EventDispatchThread.run(EventDispatchThread.java:90)
2025-10-19 16:34:17,211 [INFO] MainUpdater:2872 - connection check result : 10
2025-10-19 16:34:17,212 [INFO] MainUpdater:2872 - connection check result : 10
2025-10-19 16:34:17,554 [INFO] MicroXplorer:468 - Change Database Path : 
2025-10-19 16:34:17,555 [INFO] MicroXplorer:498 - Change Database Version : DB.6.0.150
2025-10-19 16:34:17,571 [ERROR] ProjectManagerView:395 - 
java.lang.NullPointerException: Cannot invoke "javax.swing.JTextField.getText()" because the return value of "java.util.List.get(int)" is null
	at com.st.microxplorer.plugins.projectmanager.gui.ProjectChoiceTab$9.caretUpdate(ProjectChoiceTab.java:2706) ~[filemanager.jar:?]
	at javax.swing.text.JTextComponent.fireCaretUpdate(JTextComponent.java:408) ~[?:?]
	at javax.swing.text.JTextComponent$MutableCaretEvent.fire(JTextComponent.java:4484) ~[?:?]
	at javax.swing.text.JTextComponent$MutableCaretEvent.stateChanged(JTextComponent.java:4506) ~[?:?]
	at javax.swing.text.DefaultCaret.fireStateChanged(DefaultCaret.java:857) ~[?:?]
	at javax.swing.text.DefaultCaret.changeCaretPosition(DefaultCaret.java:1343) ~[?:?]
	at javax.swing.text.DefaultCaret.handleSetDot(DefaultCaret.java:1242) ~[?:?]
	at javax.swing.text.DefaultCaret.setDot(DefaultCaret.java:1223) ~[?:?]
	at javax.swing.text.DefaultCaret$Handler.insertUpdate(DefaultCaret.java:1819) ~[?:?]
	at javax.swing.text.AbstractDocument.fireInsertUpdate(AbstractDocument.java:227) ~[?:?]
	at javax.swing.text.AbstractDocument.handleInsertString(AbstractDocument.java:781) ~[?:?]
	at javax.swing.text.AbstractDocument.insertString(AbstractDocument.java:740) ~[?:?]
	at javax.swing.text.PlainDocument.insertString(PlainDocument.java:131) ~[?:?]
	at javax.swing.text.AbstractDocument.replace(AbstractDocument.java:699) ~[?:?]
	at javax.swing.text.JTextComponent.setText(JTextComponent.java:1725) ~[?:?]
	at com.st.microxplorer.plugins.projectmanager.gui.ProjectChoiceTab.createHeapStackFields(ProjectChoiceTab.java:993) ~[filemanager.jar:?]
	at com.st.microxplorer.plugins.projectmanager.gui.ProjectChoiceTab.buildLinkSettingsPanel(ProjectChoiceTab.java:3813) ~[filemanager.jar:?]
	at com.st.microxplorer.plugins.projectmanager.gui.ProjectChoiceTab.defineWindowsFields(ProjectChoiceTab.java:1987) ~[filemanager.jar:?]
	at com.st.microxplorer.plugins.projectmanager.gui.ProjectChoiceTab.updateSettings(ProjectChoiceTab.java:558) ~[filemanager.jar:?]
	at com.st.microxplorer.plugins.projectmanager.gui.ProjectSettingsPanel.UpdateDialog(ProjectSettingsPanel.java:247) ~[filemanager.jar:?]
	at com.st.microxplorer.plugins.projectmanager.ProjectManagerView.propertyChange(ProjectManagerView.java:392) ~[filemanager.jar:?]
	at java.beans.PropertyChangeSupport.fire(PropertyChangeSupport.java:343) ~[?:?]
	at java.beans.PropertyChangeSupport.firePropertyChange(PropertyChangeSupport.java:335) ~[?:?]
	at java.beans.PropertyChangeSupport.firePropertyChange(PropertyChangeSupport.java:268) ~[?:?]
	at com.st.microxplorer.util.MXPropertyChangeSupport.firePropertyChange(MXPropertyChangeSupport.java:54) ~[STM32CubeMX.jar:?]
	at com.st.microxplorer.mxsystem.MxSystem.closeConfig(MxSystem.java:899) ~[STM32CubeMX.jar:?]
	at com.st.microxplorer.maingui.MainPanel.closeConfig(MainPanel.java:792) ~[STM32CubeMX.jar:?]
	at com.st.microxplorer.plugins.filemanager.engine.OpenFileManager.loadConfigurationFile(OpenFileManager.java:288) ~[filemanager.jar:?]
	at com.st.microxplorer.plugins.filemanager.engine.MainFileManager.userLoadConfig(MainFileManager.java:364) ~[filemanager.jar:?]
	at com.st.microxplorer.plugins.filemanager.engine.MainFileManager.userLoadConfig(MainFileManager.java:342) ~[filemanager.jar:?]
	at com.st.microxplorer.plugins.filemanager.FileManagerView.getSpecificTask(FileManagerView.java:264) ~[filemanager.jar:?]
	at com.st.stm32cube.common.mx.editor.CubeMxEditor.getMxTabbedPaneInstance(CubeMxEditor.java:1198) ~[com.st.stm32cube.common.mx_6.15.0.202507011659/:?]
	at com.st.stm32cube.common.mx.editor.CubeMxEditor$12$1.createSwingComponent(CubeMxEditor.java:1068) ~[com.st.stm32cube.common.mx_6.15.0.202507011659/:?]
	at com.st.stm32cube.common.mx.oss.core.awtswtbridge.EmbeddedSwingComposite.doComponentCreation(EmbeddedSwingComposite.java:492) ~[com.st.stm32cube.common.mx.oss_6.15.0.202507011659/:?]
	at com.st.stm32cube.common.mx.oss.core.awtswtbridge.EmbeddedSwingComposite$4.run(EmbeddedSwingComposite.java:291) ~[com.st.stm32cube.common.mx.oss_6.15.0.202507011659/:?]
	at com.st.stm32cube.common.mx.oss.core.awtswtbridge.AwtEnvironment$2.run(AwtEnvironment.java:166) ~[com.st.stm32cube.common.mx.oss_6.15.0.202507011659/:?]
	at java.awt.event.InvocationEvent.dispatch(InvocationEvent.java:318) ~[?:?]
	at java.awt.EventQueue.dispatchEventImpl(EventQueue.java:773) ~[?:?]
	at java.awt.EventQueue$4.run(EventQueue.java:720) ~[?:?]
	at java.awt.EventQueue$4.run(EventQueue.java:714) ~[?:?]
	at java.security.AccessController.doPrivileged(AccessController.java:400) ~[?:?]
	at java.security.ProtectionDomain$JavaSecurityAccessImpl.doIntersectionPrivilege(ProtectionDomain.java:87) ~[?:?]
	at java.awt.EventQueue.dispatchEvent(EventQueue.java:742) ~[?:?]
	at java.awt.EventDispatchThread.pumpOneEventForFilters(EventDispatchThread.java:203) ~[?:?]
	at java.awt.EventDispatchThread.pumpEventsForFilter(EventDispatchThread.java:124) ~[?:?]
	at java.awt.EventDispatchThread.pumpEventsForHierarchy(EventDispatchThread.java:113) ~[?:?]
	at java.awt.EventDispatchThread.pumpEvents(EventDispatchThread.java:109) ~[?:?]
	at java.awt.EventDispatchThread.pumpEvents(EventDispatchThread.java:101) ~[?:?]
	at java.awt.EventDispatchThread.run(EventDispatchThread.java:90) ~[?:?]
2025-10-19 16:34:17,581 [WARN] ThirdParty:871 - waiting for thirdparty lock release [close project]
2025-10-19 16:34:17,581 [INFO] ThirdParty:873 - entering critical section [close project]
2025-10-19 16:34:17,581 [INFO] ThirdParty:883 - exiting critical section [close project]
2025-10-19 16:34:17,582 [INFO] PinOutPanel:1589 - setPackage(No Configuration,No Configuration)
2025-10-19 16:34:17,586 [INFO] UtilMem:75 - Begin LoadConfig() Used Memory: 577273440 Bytes (717225984)
2025-10-19 16:34:17,587 [INFO] MicroXplorer:468 - Change Database Path : 
2025-10-19 16:34:17,587 [INFO] MicroXplorer:498 - Change Database Version : DB.6.0.150
2025-10-19 16:34:17,587 [INFO] OpenFileManager:355 - Change cursor
2025-10-19 16:34:17,753 [INFO] Mcu:2029 - Initializing MCU STM32F103C(8-B)Tx STM32F103C8Tx STM32F103C8T6
2025-10-19 16:34:25,448 [INFO] Context:786 - Trying to add GPIOservice into a context  which must be forbidden
2025-10-19 16:34:25,549 [INFO] ImportTextPane:234 - (OptionalMessage_ERROR) Pin10 (VP_RIF_VS_RIF1) cannot be retrieved for this MCU
2025-10-19 16:34:25,653 [INFO] RtosManager:558 - Registered RTOS mode: class=CMSIS, group=RTOS, mode=CMSIS_V1, owner=FREERTOS
2025-10-19 16:34:25,653 [INFO] RtosManager:558 - Registered RTOS mode: class=CMSIS, group=RTOS2, mode=CMSIS_V2, owner=FREERTOS
2025-10-19 16:34:25,653 [INFO] RtosManager:558 - Registered RTOS mode: class=RTOS, group=Core, mode=CMSIS_V1, owner=FREERTOS
2025-10-19 16:34:25,653 [INFO] RtosManager:558 - Registered RTOS mode: class=RTOS, group=Core, mode=CMSIS_V2, owner=FREERTOS
2025-10-19 16:34:25,653 [WARN] ModelIntegratedComponent:184 - Missing modes for component STMicroelectronics:FreeRTOS:0.0.1:STMicroelectronics:RTOS:FreeRTOS:Core:::10.2.0:
2025-10-19 16:34:25,662 [WARN] ModelIntegratedComponent:63 - No mode defined for component null
2025-10-19 16:34:25,662 [WARN] ModelIntegratedComponent:63 - No mode defined for component null
2025-10-19 16:34:25,662 [WARN] ModelIntegratedComponent:63 - No mode defined for component null
2025-10-19 16:34:25,662 [WARN] ModelIntegratedComponent:63 - No mode defined for component null
2025-10-19 16:34:25,662 [WARN] ModelIntegratedComponent:63 - No mode defined for component null
2025-10-19 16:34:25,662 [WARN] ModelIntegratedComponent:63 - No mode defined for component null
2025-10-19 16:34:25,662 [WARN] ModelIntegratedComponent:63 - No mode defined for component null
2025-10-19 16:34:25,662 [WARN] ModelIntegratedComponent:63 - No mode defined for component null
2025-10-19 16:34:25,662 [WARN] ModelIntegratedComponent:63 - No mode defined for component null
2025-10-19 16:34:25,662 [WARN] ModelIntegratedComponent:63 - No mode defined for component null
2025-10-19 16:34:25,662 [WARN] ModelIntegratedComponent:63 - No mode defined for component null
2025-10-19 16:34:25,662 [WARN] ModelIntegratedComponent:63 - No mode defined for component null
2025-10-19 16:34:25,662 [WARN] ModelIntegratedComponent:63 - No mode defined for component null
2025-10-19 16:34:25,662 [WARN] ModelIntegratedComponent:63 - No mode defined for component null
2025-10-19 16:34:25,662 [WARN] ModelIntegratedComponent:63 - No mode defined for component null
2025-10-19 16:34:25,662 [WARN] ModelIntegratedComponent:63 - No mode defined for component null
2025-10-19 16:34:25,662 [WARN] ModelIntegratedComponent:63 - No mode defined for component null
2025-10-19 16:34:25,662 [WARN] ModelIntegratedComponent:63 - No mode defined for component null
2025-10-19 16:34:25,662 [WARN] ModelIntegratedComponent:63 - No mode defined for component null
2025-10-19 16:34:25,662 [WARN] ModelIntegratedComponent:63 - No mode defined for component null
2025-10-19 16:34:25,662 [WARN] ModelIntegratedComponent:63 - No mode defined for component null
2025-10-19 16:34:25,662 [WARN] ModelIntegratedComponent:63 - No mode defined for component null
2025-10-19 16:34:25,663 [WARN] ModelIntegratedComponent:63 - No mode defined for component null
2025-10-19 16:34:25,663 [WARN] ModelIntegratedComponent:63 - No mode defined for component null
2025-10-19 16:34:25,663 [WARN] ModelIntegratedComponent:63 - No mode defined for component null
2025-10-19 16:34:25,663 [WARN] ModelIntegratedComponent:63 - No mode defined for component null
2025-10-19 16:34:25,663 [WARN] ModelIntegratedComponent:63 - No mode defined for component null
2025-10-19 16:34:25,663 [WARN] ModelIntegratedComponent:63 - No mode defined for component null
2025-10-19 16:34:25,663 [WARN] ModelIntegratedComponent:63 - No mode defined for component null
2025-10-19 16:34:25,663 [WARN] ModelIntegratedComponent:63 - No mode defined for component null
2025-10-19 16:34:25,663 [WARN] ModelIntegratedComponent:63 - No mode defined for component null
2025-10-19 16:34:25,663 [WARN] ModelIntegratedComponent:63 - No mode defined for component null
2025-10-19 16:34:25,663 [WARN] ModelIntegratedComponent:63 - No mode defined for component null
2025-10-19 16:34:25,663 [WARN] ModelIntegratedComponent:63 - No mode defined for component null
2025-10-19 16:34:25,664 [WARN] ModelIntegratedComponent:63 - No mode defined for component null
2025-10-19 16:34:25,664 [WARN] ModelPack:524 - Component already loaded: STMicroelectronics:HAL Drivers:0.0.0:STMicroelectronics:Device:STMicro_Driver:XSPI:HAL::0.0.1:HAL_XSPI
2025-10-19 16:34:26,185 [INFO] ThirdPartyModel:298 - Start build external matchings
2025-10-19 16:34:26,606 [INFO] ThirdPartyModel:316 - End build external matchings
2025-10-19 16:34:26,638 [INFO] ImportTextPane:234 - (OptionalMessage_ERROR) IP (RCC) : Invalid parameter (FamilyName)
2025-10-19 16:34:26,639 [INFO] ImportTextPane:234 - (OptionalMessage_ERROR) IP (RCC) : Parameter (USBFreq_Value) has invalid value (16000000)
2025-10-19 16:34:26,866 [INFO] UtilMem:75 - End LoadConfig() Used Memory: 567805832 Bytes (717225984)
2025-10-19 16:34:26,906 [WARN] ThirdParty:833 - waiting for thirdparty lock release [change project]
2025-10-19 16:34:26,906 [INFO] ThirdParty:835 - entering critical section [change project]
2025-10-19 16:34:26,906 [INFO] ThirdParty:1030 - CMSIS Pack Vendor :STMicroelectronics X-CUBE-PM33A1 1.0.0
2025-10-19 16:34:26,906 [INFO] ThirdParty:1030 - CMSIS Pack Vendor :STMicroelectronics USBPD 4.1
2025-10-19 16:34:26,906 [INFO] ThirdParty:1030 - CMSIS Pack Vendor :STMicroelectronics X-CUBE-NFC9 1.0.0
2025-10-19 16:34:26,906 [INFO] ThirdParty:1030 - CMSIS Pack Vendor :STMicroelectronics USB_HOST 2.0.0
2025-10-19 16:34:26,906 [INFO] ThirdParty:1030 - CMSIS Pack Vendor :STMicroelectronics FP-SNS-MOTENVWB1 1.4.0
2025-10-19 16:34:26,906 [INFO] ThirdParty:1030 - CMSIS Pack Vendor :STMicroelectronics X-CUBE-AZRTOS-F4 1.1.0
2025-10-19 16:34:26,906 [INFO] ThirdParty:1030 - CMSIS Pack Vendor :STMicroelectronics LIBJPEG 8.0.0
2025-10-19 16:34:26,906 [INFO] ThirdParty:1030 - CMSIS Pack Vendor :STMicroelectronics FP-ATR-ASTRA1 2.0.2
2025-10-19 16:34:26,906 [INFO] ThirdParty:1030 - CMSIS Pack Vendor :STMicroelectronics X-CUBE-BLE1 7.1.0
2025-10-19 16:34:26,906 [INFO] ThirdParty:1030 - CMSIS Pack Vendor :STMicroelectronics X-CUBE-SMBUS 2.1.0
2025-10-19 16:34:26,906 [INFO] ThirdParty:1030 - CMSIS Pack Vendor :STMicroelectronics USB_DEVICE 3.0.0
2025-10-19 16:34:26,906 [INFO] ThirdParty:1030 - CMSIS Pack Vendor :STMicroelectronics X-CUBE-ISPU 2.1.0
2025-10-19 16:34:26,906 [INFO] ThirdParty:1030 - CMSIS Pack Vendor :STMicroelectronics X-CUBE-EEPRMA1 5.2.0
2025-10-19 16:34:26,906 [INFO] ThirdParty:1030 - CMSIS Pack Vendor :STMicroelectronics X-CUBE-IPS 3.2.0
2025-10-19 16:34:26,906 [INFO] ThirdParty:1030 - CMSIS Pack Vendor :STMicroelectronics X-CUBE-BLEMGR 4.1.0
2025-10-19 16:34:26,906 [INFO] ThirdParty:1030 - CMSIS Pack Vendor :STMicroelectronics X-CUBE-AZRTOS-WB 2.0.0
2025-10-19 16:34:26,906 [INFO] ThirdParty:1030 - CMSIS Pack Vendor :STMicroelectronics X-CUBE-ST60 1.0.0
2025-10-19 16:34:26,906 [INFO] ThirdParty:1030 - CMSIS Pack Vendor :STMicroelectronics X-CUBE-GNSS1 7.0.1
2025-10-19 16:34:26,906 [INFO] ThirdParty:1030 - CMSIS Pack Vendor :STMicroelectronics X-CUBE-NFC12 1.0.0
2025-10-19 16:34:26,906 [INFO] ThirdParty:1030 - CMSIS Pack Vendor :STMicroelectronics X-CUBE-AZRTOS-F7 1.1.0
2025-10-19 16:34:26,906 [INFO] ThirdParty:1030 - CMSIS Pack Vendor :STMicroelectronics X-CUBE-AZRTOS-L5 2.0.0
2025-10-19 16:34:26,906 [INFO] ThirdParty:1030 - CMSIS Pack Vendor :STMicroelectronics X-CUBE-TOUCHGFX 4.25.0
2025-10-19 16:34:26,913 [INFO] ThirdParty:1030 - CMSIS Pack Vendor :STMicroelectronics USB_DEVICE 2.0.0
2025-10-19 16:34:26,913 [INFO] ThirdParty:1030 - CMSIS Pack Vendor :STMicroelectronics X-CUBE-NFC6 3.1.0
2025-10-19 16:34:26,913 [INFO] ThirdParty:1030 - CMSIS Pack Vendor :STMicroelectronics X-CUBE-ST67W61 1.1.0
2025-10-19 16:34:26,913 [INFO] ThirdParty:1030 - CMSIS Pack Vendor :Cesanta I-CUBE-Mongoose 7.19.0
2025-10-19 16:34:26,913 [INFO] ThirdParty:1030 - CMSIS Pack Vendor :quantropi X-CUBE-qispace-sdk-base 2.1.0
2025-10-19 16:34:26,913 [INFO] ThirdParty:1030 - CMSIS Pack Vendor :STMicroelectronics FreeRTOS 0.0.1
2025-10-19 16:34:26,913 [INFO] ThirdParty:1030 - CMSIS Pack Vendor :STMicroelectronics X-CUBE-AZRTOS-G0 1.1.0
2025-10-19 16:34:26,913 [INFO] ThirdParty:1030 - CMSIS Pack Vendor :STMicroelectronics X-CUBE-SAFEA1 1.2.2
2025-10-19 16:34:26,913 [INFO] ThirdParty:1030 - CMSIS Pack Vendor :STMicroelectronics X-CUBE-NFC4 3.0.0
2025-10-19 16:34:26,913 [INFO] ThirdParty:1030 - CMSIS Pack Vendor :STMicroelectronics X-CUBE-SUBG2 5.0.0
2025-10-19 16:34:26,913 [INFO] ThirdParty:1030 - CMSIS Pack Vendor :STMicroelectronics X-CUBE-AZRTOS-H7RS 1.1.0
2025-10-19 16:34:26,913 [INFO] ThirdParty:1030 - CMSIS Pack Vendor :STMicroelectronics STM32_WPAN 1.0.0
2025-10-19 16:34:26,913 [INFO] ThirdParty:1030 - CMSIS Pack Vendor :EmbeddedOffice I-CUBE-FS-RTOS 1.0.1
2025-10-19 16:34:26,913 [INFO] ThirdParty:1030 - CMSIS Pack Vendor :STMicroelectronics lwIP 2.0.3
2025-10-19 16:34:26,913 [INFO] ThirdParty:1030 - CMSIS Pack Vendor :STMicroelectronics USB_HOST 1.0.0
2025-10-19 16:34:26,913 [INFO] ThirdParty:1030 - CMSIS Pack Vendor :Infineon AIROC-Wi-Fi-Bluetooth-STM32 1.7.1
2025-10-19 16:34:26,913 [INFO] ThirdParty:1030 - CMSIS Pack Vendor :STMicroelectronics X-CUBE-AZRTOS-G4 2.0.0
2025-10-19 16:34:26,913 [INFO] ThirdParty:1030 - CMSIS Pack Vendor :STMicroelectronics X-CUBE-WB05N 2.0.0
2025-10-19 16:34:26,913 [INFO] ThirdParty:1030 - CMSIS Pack Vendor :STMicroelectronics PDM2PCM 3.1.0
2025-10-19 16:34:26,913 [INFO] ThirdParty:1030 - CMSIS Pack Vendor :STMicroelectronics PDM2PCM 3.3.0
2025-10-19 16:34:26,913 [INFO] ThirdParty:1030 - CMSIS Pack Vendor :STMicroelectronics X-CUBE-AZRTOS-H7 3.4.0
2025-10-19 16:34:26,913 [INFO] ThirdParty:1030 - CMSIS Pack Vendor :STMicroelectronics X-CUBE-DISPLAY 3.0.0
2025-10-19 16:34:26,913 [INFO] ThirdParty:1030 - CMSIS Pack Vendor :STMicroelectronics X-CUBE-NFC7 2.0.0
2025-10-19 16:34:26,913 [INFO] ThirdParty:1030 - CMSIS Pack Vendor :STMicroelectronics X-CUBE-TCPP 4.2.0
2025-10-19 16:34:26,913 [INFO] ThirdParty:1030 - CMSIS Pack Vendor :RealThread X-CUBE-RT-Thread_Nano 4.1.1
2025-10-19 16:34:26,913 [INFO] ThirdParty:1030 - CMSIS Pack Vendor :STMicroelectronics FP-ATR-SIGFOX1 3.2.0
2025-10-19 16:34:26,913 [INFO] ThirdParty:1030 - CMSIS Pack Vendor :STMicroelectronics X-CUBE-NFC10 1.0.0
2025-10-19 16:34:26,913 [INFO] ThirdParty:1030 - CMSIS Pack Vendor :STMicroelectronics X-CUBE-FREERTOS 1.3.1
2025-10-19 16:34:26,913 [INFO] ThirdParty:1030 - CMSIS Pack Vendor :STMicroelectronics HAL Drivers 0.0.0
2025-10-19 16:34:26,913 [INFO] ThirdParty:1030 - CMSIS Pack Vendor :STMicroelectronics MBEDTLS 2.16.2
2025-10-19 16:34:26,913 [INFO] ThirdParty:1030 - CMSIS Pack Vendor :STMicroelectronics X-CUBE-ST60 1.1.0
2025-10-19 16:34:26,913 [INFO] ThirdParty:1030 - CMSIS Pack Vendor :STMicroelectronics X-CUBE-IPS 3.1.0
2025-10-19 16:34:26,913 [INFO] ThirdParty:1030 - CMSIS Pack Vendor :STMicroelectronics X-CUBE-ALS 1.0.2
2025-10-19 16:34:26,913 [INFO] ThirdParty:1030 - CMSIS Pack Vendor :emotas I-CUBE-CANOPEN 1.3.0
2025-10-19 16:34:26,913 [INFO] ThirdParty:1030 - CMSIS Pack Vendor :STMicroelectronics MBEDTLS 2.14.1
2025-10-19 16:34:26,913 [INFO] ThirdParty:1030 - CMSIS Pack Vendor :ITTIA_DB I-CUBE-ITTIADB 8.9.0
2025-10-19 16:34:26,913 [INFO] ThirdParty:1030 - CMSIS Pack Vendor :STMicroelectronics X-CUBE-TOUCHGFX 4.26.0
2025-10-19 16:34:26,913 [INFO] ThirdParty:1030 - CMSIS Pack Vendor :STMicroelectronics X-CUBE-STSE01 1.0.0
2025-10-19 16:34:26,913 [INFO] ThirdParty:1030 - CMSIS Pack Vendor :STMicroelectronics X-CUBE-ST67W61 1.0.0
2025-10-19 16:34:26,913 [INFO] ThirdParty:1030 - CMSIS Pack Vendor :STMicroelectronics FP-SNS-STBOX1 2.1.0
2025-10-19 16:34:26,913 [INFO] ThirdParty:1030 - CMSIS Pack Vendor :STMicroelectronics X-CUBE-AI 10.2.0
2025-10-19 16:34:26,913 [INFO] ThirdParty:1030 - CMSIS Pack Vendor :STMicroelectronics FP-SNS-STAIOTCFT 1.0.0
2025-10-19 16:34:26,913 [INFO] ThirdParty:1030 - CMSIS Pack Vendor :STMicroelectronics ThreadX 1.0.0
2025-10-19 16:34:26,913 [INFO] ThirdParty:1030 - CMSIS Pack Vendor :STMicroelectronics FP-SNS-SMARTAG2 1.2.0
2025-10-19 16:34:26,913 [INFO] ThirdParty:1030 - CMSIS Pack Vendor :STMicroelectronics FP-SNS-FLIGHT1 5.1.0
2025-10-19 16:34:26,913 [INFO] ThirdParty:1030 - CMSIS Pack Vendor :STMicroelectronics X-CUBE-AZRTOS-WL 2.0.0
2025-10-19 16:34:26,913 [INFO] ThirdParty:1030 - CMSIS Pack Vendor :SEGGER I-CUBE-embOS 1.3.1
2025-10-19 16:34:26,913 [INFO] ThirdParty:1030 - CMSIS Pack Vendor :STMicroelectronics X-CUBE-ALGOBUILD 1.4.0
2025-10-19 16:34:26,913 [INFO] ThirdParty:1030 - CMSIS Pack Vendor :STMicroelectronics X-CUBE-DPower 1.3.0
2025-10-19 16:34:26,913 [INFO] ThirdParty:1030 - CMSIS Pack Vendor :STMicroelectronics X-CUBE-MEMS1 11.3.0
2025-10-19 16:34:26,913 [INFO] ThirdParty:1030 - CMSIS Pack Vendor :STMicroelectronics FP-SNS-MOTENV1 5.0.0
2025-10-19 16:34:26,913 [INFO] ThirdParty:1030 - CMSIS Pack Vendor :STMicroelectronics USB_DEVICE 1.0.0
2025-10-19 16:34:26,913 [INFO] ThirdParty:1030 - CMSIS Pack Vendor :STMicroelectronics X-CUBE-AZRTOS-L4 2.0.0
2025-10-19 16:34:26,913 [INFO] ThirdParty:1030 - CMSIS Pack Vendor :STMicroelectronics ThreadX 0.0.2
2025-10-19 16:34:26,913 [INFO] ThirdParty:1030 - CMSIS Pack Vendor :WES I-CUBE-Cesium 1.3.0
2025-10-19 16:34:26,913 [INFO] ThirdParty:1030 - CMSIS Pack Vendor :STMicroelectronics lwIP 2.1.2
2025-10-19 16:34:26,913 [INFO] ThirdParty:1030 - CMSIS Pack Vendor :STMicroelectronics X-CUBE-SFXS2LP1 4.0.0
2025-10-19 16:34:26,913 [INFO] ThirdParty:1030 - CMSIS Pack Vendor :STMicroelectronics X-CUBE-BLE2 3.3.0
2025-10-19 16:34:26,914 [INFO] ThirdParty:1030 - CMSIS Pack Vendor :STMicroelectronics X-CUBE-TOF1 3.4.3
2025-10-19 16:34:26,914 [INFO] ThirdParty:1030 - CMSIS Pack Vendor :STMicroelectronics PDM2PCM 3.2.0
2025-10-19 16:34:26,914 [INFO] ThirdParty:841 - exiting critical section [change project]
2025-10-19 16:34:27,073 [INFO] PinOutPanel:1589 - setPackage(No Configuration,No Configuration)
2025-10-19 16:34:27,074 [INFO] PinOutPanel:1589 - setPackage(STM32F103C8Tx,LQFP48)
2025-10-19 16:34:33,704 [INFO] UtilMem:75 - Before build in PCC Used Memory: 273316048 Bytes (717225984)
2025-10-19 16:34:33,924 [INFO] UtilMem:75 - After build in PCC Used Memory: 315781328 Bytes (717225984)
2025-10-19 16:34:33,940 [INFO] IPUIPlugin:80 - create IPUIPlugin
2025-10-19 16:34:33,940 [INFO] IPUIPlugin:80 - create IPUIPlugin
2025-10-19 16:34:33,940 [INFO] IPUIPlugin:80 - create IPUIPlugin
2025-10-19 16:34:33,946 [INFO] IPUIPlugin:80 - create IPUIPlugin
2025-10-19 16:34:33,946 [INFO] IPUIPlugin:80 - create IPUIPlugin
2025-10-19 16:34:33,946 [INFO] IPUIPlugin:80 - create IPUIPlugin
2025-10-19 16:34:33,946 [INFO] IPUIPlugin:80 - create IPUIPlugin
2025-10-19 16:34:33,946 [INFO] IPUIPlugin:80 - create IPUIPlugin
2025-10-19 16:34:33,946 [INFO] IPUIPlugin:80 - create IPUIPlugin
2025-10-19 16:34:33,948 [INFO] IPUIPlugin:80 - create IPUIPlugin
2025-10-19 16:34:33,948 [INFO] IPUIPlugin:80 - create IPUIPlugin
2025-10-19 16:34:33,948 [INFO] IPUIPlugin:80 - create IPUIPlugin
2025-10-19 16:34:33,948 [INFO] IPUIPlugin:80 - create IPUIPlugin
2025-10-19 16:34:33,948 [INFO] IPUIPlugin:80 - create IPUIPlugin
2025-10-19 16:34:33,948 [INFO] IPUIPlugin:80 - create IPUIPlugin
2025-10-19 16:34:33,949 [INFO] IPUIPlugin:80 - create IPUIPlugin
2025-10-19 16:34:33,949 [INFO] IPUIPlugin:80 - create IPUIPlugin
2025-10-19 16:34:33,949 [INFO] IPUIPlugin:80 - create IPUIPlugin
2025-10-19 16:34:33,949 [INFO] IPUIPlugin:80 - create IPUIPlugin
2025-10-19 16:34:33,949 [INFO] IPUIPlugin:80 - create IPUIPlugin
2025-10-19 16:34:33,949 [INFO] IPUIPlugin:80 - create IPUIPlugin
2025-10-19 16:34:33,949 [INFO] IPUIPlugin:80 - create IPUIPlugin
2025-10-19 16:34:33,949 [INFO] IPUIPlugin:80 - create IPUIPlugin
2025-10-19 16:34:33,949 [INFO] IPUIPlugin:80 - create IPUIPlugin
2025-10-19 16:34:33,949 [INFO] IPUIPlugin:80 - create IPUIPlugin
2025-10-19 16:34:33,949 [INFO] IPUIPlugin:80 - create IPUIPlugin
2025-10-19 16:34:33,949 [INFO] IPUIPlugin:80 - create IPUIPlugin
2025-10-19 16:34:33,951 [WARN] IP:2250 - I2C_Coeff_DF not found: check if there is a RefParameter without a condition.
2025-10-19 16:34:33,951 [WARN] IP:2250 - Analog_Filter not found: check if there is a RefParameter without a condition.
2025-10-19 16:34:34,071 [INFO] CADModel:165 - CPN selected for project levelSTM32F103C8T6
2025-10-19 16:34:34,071 [INFO] CADModel:114 - Register for checkConnection events
2025-10-19 16:34:34,124 [INFO] OpenFileManager:386 - Restore cursor
2025-10-19 16:34:34,203 [WARN] IP:2250 - I2C_Coeff_DF not found: check if there is a RefParameter without a condition.
2025-10-19 16:34:34,203 [WARN] IP:2250 - Analog_Filter not found: check if there is a RefParameter without a condition.
2025-10-19 16:34:34,203 [WARN] IP:2250 - I2C_Coeff_DF not found: check if there is a RefParameter without a condition.
2025-10-19 16:34:34,203 [WARN] IP:2250 - Analog_Filter not found: check if there is a RefParameter without a condition.
2025-10-19 16:35:34,036 [INFO] MainUpdater:2872 - connection check result : 10
2025-10-19 16:35:34,037 [INFO] MainUpdater:2872 - connection check result : 10
2025-10-19 16:35:34,244 [INFO] MicroXplorer:468 - Change Database Path : 
2025-10-19 16:35:34,244 [INFO] MicroXplorer:498 - Change Database Version : DB.6.0.150
2025-10-19 16:35:34,276 [ERROR] ProjectManagerView:395 - 
java.lang.NullPointerException: Cannot invoke "javax.swing.JTextField.getText()" because the return value of "java.util.List.get(int)" is null
	at com.st.microxplorer.plugins.projectmanager.gui.ProjectChoiceTab$9.caretUpdate(ProjectChoiceTab.java:2706) ~[filemanager.jar:?]
	at javax.swing.text.JTextComponent.fireCaretUpdate(JTextComponent.java:408) ~[?:?]
	at javax.swing.text.JTextComponent$MutableCaretEvent.fire(JTextComponent.java:4484) ~[?:?]
	at javax.swing.text.JTextComponent$MutableCaretEvent.stateChanged(JTextComponent.java:4506) ~[?:?]
	at javax.swing.text.DefaultCaret.fireStateChanged(DefaultCaret.java:857) ~[?:?]
	at javax.swing.text.DefaultCaret.changeCaretPosition(DefaultCaret.java:1343) ~[?:?]
	at javax.swing.text.DefaultCaret.handleSetDot(DefaultCaret.java:1242) ~[?:?]
	at javax.swing.text.DefaultCaret.setDot(DefaultCaret.java:1223) ~[?:?]
	at javax.swing.text.DefaultCaret$Handler.insertUpdate(DefaultCaret.java:1819) ~[?:?]
	at javax.swing.text.AbstractDocument.fireInsertUpdate(AbstractDocument.java:227) ~[?:?]
	at javax.swing.text.AbstractDocument.handleInsertString(AbstractDocument.java:781) ~[?:?]
	at javax.swing.text.AbstractDocument.insertString(AbstractDocument.java:740) ~[?:?]
	at javax.swing.text.PlainDocument.insertString(PlainDocument.java:131) ~[?:?]
	at javax.swing.text.AbstractDocument.replace(AbstractDocument.java:699) ~[?:?]
	at javax.swing.text.JTextComponent.setText(JTextComponent.java:1725) ~[?:?]
	at com.st.microxplorer.plugins.projectmanager.gui.ProjectChoiceTab.createHeapStackFields(ProjectChoiceTab.java:993) ~[filemanager.jar:?]
	at com.st.microxplorer.plugins.projectmanager.gui.ProjectChoiceTab.buildLinkSettingsPanel(ProjectChoiceTab.java:3813) ~[filemanager.jar:?]
	at com.st.microxplorer.plugins.projectmanager.gui.ProjectChoiceTab.defineWindowsFields(ProjectChoiceTab.java:1987) ~[filemanager.jar:?]
	at com.st.microxplorer.plugins.projectmanager.gui.ProjectChoiceTab.updateSettings(ProjectChoiceTab.java:558) ~[filemanager.jar:?]
	at com.st.microxplorer.plugins.projectmanager.gui.ProjectSettingsPanel.UpdateDialog(ProjectSettingsPanel.java:247) ~[filemanager.jar:?]
	at com.st.microxplorer.plugins.projectmanager.ProjectManagerView.propertyChange(ProjectManagerView.java:392) ~[filemanager.jar:?]
	at java.beans.PropertyChangeSupport.fire(PropertyChangeSupport.java:343) ~[?:?]
	at java.beans.PropertyChangeSupport.firePropertyChange(PropertyChangeSupport.java:335) ~[?:?]
	at java.beans.PropertyChangeSupport.firePropertyChange(PropertyChangeSupport.java:268) ~[?:?]
	at com.st.microxplorer.util.MXPropertyChangeSupport.firePropertyChange(MXPropertyChangeSupport.java:54) ~[STM32CubeMX.jar:?]
	at com.st.microxplorer.mxsystem.MxSystem.closeConfig(MxSystem.java:899) ~[STM32CubeMX.jar:?]
	at com.st.microxplorer.maingui.MainPanel.closeConfig(MainPanel.java:792) ~[STM32CubeMX.jar:?]
	at com.st.microxplorer.plugins.filemanager.engine.OpenFileManager.loadConfigurationFile(OpenFileManager.java:288) ~[filemanager.jar:?]
	at com.st.microxplorer.plugins.filemanager.engine.MainFileManager.userLoadConfig(MainFileManager.java:364) ~[filemanager.jar:?]
	at com.st.microxplorer.plugins.filemanager.engine.MainFileManager.userLoadConfig(MainFileManager.java:342) ~[filemanager.jar:?]
	at com.st.microxplorer.plugins.filemanager.FileManagerView.getSpecificTask(FileManagerView.java:264) ~[filemanager.jar:?]
	at com.st.stm32cube.common.mx.editor.CubeMxEditor.getMxTabbedPaneInstance(CubeMxEditor.java:1198) ~[com.st.stm32cube.common.mx_6.15.0.202507011659/:?]
	at com.st.stm32cube.common.mx.editor.CubeMxEditor$12$1.createSwingComponent(CubeMxEditor.java:1068) ~[com.st.stm32cube.common.mx_6.15.0.202507011659/:?]
	at com.st.stm32cube.common.mx.oss.core.awtswtbridge.EmbeddedSwingComposite.doComponentCreation(EmbeddedSwingComposite.java:492) ~[com.st.stm32cube.common.mx.oss_6.15.0.202507011659/:?]
	at com.st.stm32cube.common.mx.oss.core.awtswtbridge.EmbeddedSwingComposite$4.run(EmbeddedSwingComposite.java:291) ~[com.st.stm32cube.common.mx.oss_6.15.0.202507011659/:?]
	at com.st.stm32cube.common.mx.oss.core.awtswtbridge.AwtEnvironment$2.run(AwtEnvironment.java:166) ~[com.st.stm32cube.common.mx.oss_6.15.0.202507011659/:?]
	at java.awt.event.InvocationEvent.dispatch(InvocationEvent.java:318) ~[?:?]
	at java.awt.EventQueue.dispatchEventImpl(EventQueue.java:773) ~[?:?]
	at java.awt.EventQueue$4.run(EventQueue.java:720) ~[?:?]
	at java.awt.EventQueue$4.run(EventQueue.java:714) ~[?:?]
	at java.security.AccessController.doPrivileged(AccessController.java:400) ~[?:?]
	at java.security.ProtectionDomain$JavaSecurityAccessImpl.doIntersectionPrivilege(ProtectionDomain.java:87) ~[?:?]
	at java.awt.EventQueue.dispatchEvent(EventQueue.java:742) ~[?:?]
	at java.awt.EventDispatchThread.pumpOneEventForFilters(EventDispatchThread.java:203) ~[?:?]
	at java.awt.EventDispatchThread.pumpEventsForFilter(EventDispatchThread.java:124) ~[?:?]
	at java.awt.EventDispatchThread.pumpEventsForHierarchy(EventDispatchThread.java:113) ~[?:?]
	at java.awt.EventDispatchThread.pumpEvents(EventDispatchThread.java:109) ~[?:?]
	at java.awt.EventDispatchThread.pumpEvents(EventDispatchThread.java:101) ~[?:?]
	at java.awt.EventDispatchThread.run(EventDispatchThread.java:90) ~[?:?]
2025-10-19 16:35:34,277 [WARN] ThirdParty:871 - waiting for thirdparty lock release [close project]
2025-10-19 16:35:34,277 [INFO] ThirdParty:873 - entering critical section [close project]
2025-10-19 16:35:34,277 [INFO] ThirdParty:883 - exiting critical section [close project]
2025-10-19 16:35:34,279 [INFO] PinOutPanel:1589 - setPackage(No Configuration,No Configuration)
2025-10-19 16:35:34,285 [INFO] UtilMem:75 - Begin LoadConfig() Used Memory: 323146320 Bytes (717225984)
2025-10-19 16:35:34,286 [INFO] MicroXplorer:468 - Change Database Path : 
2025-10-19 16:35:34,286 [INFO] MicroXplorer:498 - Change Database Version : DB.6.0.150
2025-10-19 16:35:34,286 [INFO] OpenFileManager:355 - Change cursor
2025-10-19 16:35:34,401 [INFO] Mcu:2029 - Initializing MCU STM32F103C(8-B)Tx STM32F103C8Tx STM32F103C8T6
2025-10-19 16:35:44,219 [INFO] Context:786 - Trying to add GPIOservice into a context  which must be forbidden
2025-10-19 16:35:44,511 [INFO] ImportTextPane:234 - (OptionalMessage_ERROR) Pin10 (VP_RIF_VS_RIF1) cannot be retrieved for this MCU
2025-10-19 16:35:44,625 [INFO] RtosManager:558 - Registered RTOS mode: class=CMSIS, group=RTOS, mode=CMSIS_V1, owner=FREERTOS
2025-10-19 16:35:44,625 [INFO] RtosManager:558 - Registered RTOS mode: class=CMSIS, group=RTOS2, mode=CMSIS_V2, owner=FREERTOS
2025-10-19 16:35:44,625 [INFO] RtosManager:558 - Registered RTOS mode: class=RTOS, group=Core, mode=CMSIS_V1, owner=FREERTOS
2025-10-19 16:35:44,625 [INFO] RtosManager:558 - Registered RTOS mode: class=RTOS, group=Core, mode=CMSIS_V2, owner=FREERTOS
2025-10-19 16:35:44,625 [WARN] ModelIntegratedComponent:184 - Missing modes for component STMicroelectronics:FreeRTOS:0.0.1:STMicroelectronics:RTOS:FreeRTOS:Core:::10.2.0:
2025-10-19 16:35:44,630 [WARN] ModelIntegratedComponent:63 - No mode defined for component null
2025-10-19 16:35:44,630 [WARN] ModelIntegratedComponent:63 - No mode defined for component null
2025-10-19 16:35:44,630 [WARN] ModelIntegratedComponent:63 - No mode defined for component null
2025-10-19 16:35:44,630 [WARN] ModelIntegratedComponent:63 - No mode defined for component null
2025-10-19 16:35:44,630 [WARN] ModelIntegratedComponent:63 - No mode defined for component null
2025-10-19 16:35:44,630 [WARN] ModelIntegratedComponent:63 - No mode defined for component null
2025-10-19 16:35:44,630 [WARN] ModelIntegratedComponent:63 - No mode defined for component null
2025-10-19 16:35:44,630 [WARN] ModelIntegratedComponent:63 - No mode defined for component null
2025-10-19 16:35:44,630 [WARN] ModelIntegratedComponent:63 - No mode defined for component null
2025-10-19 16:35:44,630 [WARN] ModelIntegratedComponent:63 - No mode defined for component null
2025-10-19 16:35:44,630 [WARN] ModelIntegratedComponent:63 - No mode defined for component null
2025-10-19 16:35:44,630 [WARN] ModelIntegratedComponent:63 - No mode defined for component null
2025-10-19 16:35:44,630 [WARN] ModelIntegratedComponent:63 - No mode defined for component null
2025-10-19 16:35:44,630 [WARN] ModelIntegratedComponent:63 - No mode defined for component null
2025-10-19 16:35:44,630 [WARN] ModelIntegratedComponent:63 - No mode defined for component null
2025-10-19 16:35:44,630 [WARN] ModelIntegratedComponent:63 - No mode defined for component null
2025-10-19 16:35:44,630 [WARN] ModelIntegratedComponent:63 - No mode defined for component null
2025-10-19 16:35:44,630 [WARN] ModelIntegratedComponent:63 - No mode defined for component null
2025-10-19 16:35:44,630 [WARN] ModelIntegratedComponent:63 - No mode defined for component null
2025-10-19 16:35:44,630 [WARN] ModelIntegratedComponent:63 - No mode defined for component null
2025-10-19 16:35:44,630 [WARN] ModelIntegratedComponent:63 - No mode defined for component null
2025-10-19 16:35:44,630 [WARN] ModelIntegratedComponent:63 - No mode defined for component null
2025-10-19 16:35:44,630 [WARN] ModelIntegratedComponent:63 - No mode defined for component null
2025-10-19 16:35:44,630 [WARN] ModelIntegratedComponent:63 - No mode defined for component null
2025-10-19 16:35:44,630 [WARN] ModelIntegratedComponent:63 - No mode defined for component null
2025-10-19 16:35:44,630 [WARN] ModelIntegratedComponent:63 - No mode defined for component null
2025-10-19 16:35:44,630 [WARN] ModelIntegratedComponent:63 - No mode defined for component null
2025-10-19 16:35:44,630 [WARN] ModelIntegratedComponent:63 - No mode defined for component null
2025-10-19 16:35:44,630 [WARN] ModelIntegratedComponent:63 - No mode defined for component null
2025-10-19 16:35:44,630 [WARN] ModelIntegratedComponent:63 - No mode defined for component null
2025-10-19 16:35:44,630 [WARN] ModelIntegratedComponent:63 - No mode defined for component null
2025-10-19 16:35:44,630 [WARN] ModelIntegratedComponent:63 - No mode defined for component null
2025-10-19 16:35:44,631 [WARN] ModelIntegratedComponent:63 - No mode defined for component null
2025-10-19 16:35:44,631 [WARN] ModelIntegratedComponent:63 - No mode defined for component null
2025-10-19 16:35:44,631 [WARN] ModelIntegratedComponent:63 - No mode defined for component null
2025-10-19 16:35:44,631 [WARN] ModelPack:524 - Component already loaded: STMicroelectronics:HAL Drivers:0.0.0:STMicroelectronics:Device:STMicro_Driver:XSPI:HAL::0.0.1:HAL_XSPI
2025-10-19 16:35:44,803 [INFO] ThirdPartyModel:298 - Start build external matchings
2025-10-19 16:35:45,972 [INFO] ThirdPartyModel:316 - End build external matchings
2025-10-19 16:35:45,993 [INFO] ImportTextPane:234 - (OptionalMessage_ERROR) IP (RCC) : Invalid parameter (FamilyName)
2025-10-19 16:35:45,993 [INFO] ImportTextPane:234 - (OptionalMessage_ERROR) IP (RCC) : Parameter (USBFreq_Value) has invalid value (16000000)
2025-10-19 16:35:52,412 [INFO] UtilMem:75 - End LoadConfig() Used Memory: 352724752 Bytes (717225984)
2025-10-19 16:35:52,464 [WARN] ThirdParty:833 - waiting for thirdparty lock release [change project]
2025-10-19 16:35:52,465 [INFO] ThirdParty:835 - entering critical section [change project]
2025-10-19 16:35:52,465 [INFO] ThirdParty:1030 - CMSIS Pack Vendor :STMicroelectronics X-CUBE-PM33A1 1.0.0
2025-10-19 16:35:52,465 [INFO] ThirdParty:1030 - CMSIS Pack Vendor :STMicroelectronics USBPD 4.1
2025-10-19 16:35:52,465 [INFO] ThirdParty:1030 - CMSIS Pack Vendor :STMicroelectronics X-CUBE-NFC9 1.0.0
2025-10-19 16:35:52,465 [INFO] ThirdParty:1030 - CMSIS Pack Vendor :STMicroelectronics USB_HOST 2.0.0
2025-10-19 16:35:52,465 [INFO] ThirdParty:1030 - CMSIS Pack Vendor :STMicroelectronics FP-SNS-MOTENVWB1 1.4.0
2025-10-19 16:35:52,465 [INFO] ThirdParty:1030 - CMSIS Pack Vendor :STMicroelectronics X-CUBE-AZRTOS-F4 1.1.0
2025-10-19 16:35:52,465 [INFO] ThirdParty:1030 - CMSIS Pack Vendor :STMicroelectronics LIBJPEG 8.0.0
2025-10-19 16:35:52,465 [INFO] ThirdParty:1030 - CMSIS Pack Vendor :STMicroelectronics FP-ATR-ASTRA1 2.0.2
2025-10-19 16:35:52,465 [INFO] ThirdParty:1030 - CMSIS Pack Vendor :STMicroelectronics X-CUBE-BLE1 7.1.0
2025-10-19 16:35:52,465 [INFO] ThirdParty:1030 - CMSIS Pack Vendor :STMicroelectronics X-CUBE-SMBUS 2.1.0
2025-10-19 16:35:52,465 [INFO] ThirdParty:1030 - CMSIS Pack Vendor :STMicroelectronics USB_DEVICE 3.0.0
2025-10-19 16:35:52,465 [INFO] ThirdParty:1030 - CMSIS Pack Vendor :STMicroelectronics X-CUBE-ISPU 2.1.0
2025-10-19 16:35:52,465 [INFO] ThirdParty:1030 - CMSIS Pack Vendor :STMicroelectronics X-CUBE-EEPRMA1 5.2.0
2025-10-19 16:35:52,465 [INFO] ThirdParty:1030 - CMSIS Pack Vendor :STMicroelectronics X-CUBE-IPS 3.2.0
2025-10-19 16:35:52,473 [INFO] ThirdParty:1030 - CMSIS Pack Vendor :STMicroelectronics X-CUBE-BLEMGR 4.1.0
2025-10-19 16:35:52,473 [INFO] ThirdParty:1030 - CMSIS Pack Vendor :STMicroelectronics X-CUBE-AZRTOS-WB 2.0.0
2025-10-19 16:35:52,473 [INFO] ThirdParty:1030 - CMSIS Pack Vendor :STMicroelectronics X-CUBE-ST60 1.0.0
2025-10-19 16:35:52,473 [INFO] ThirdParty:1030 - CMSIS Pack Vendor :STMicroelectronics X-CUBE-GNSS1 7.0.1
2025-10-19 16:35:52,473 [INFO] ThirdParty:1030 - CMSIS Pack Vendor :STMicroelectronics X-CUBE-NFC12 1.0.0
2025-10-19 16:35:52,473 [INFO] ThirdParty:1030 - CMSIS Pack Vendor :STMicroelectronics X-CUBE-AZRTOS-F7 1.1.0
2025-10-19 16:35:52,473 [INFO] ThirdParty:1030 - CMSIS Pack Vendor :STMicroelectronics X-CUBE-AZRTOS-L5 2.0.0
2025-10-19 16:35:52,473 [INFO] ThirdParty:1030 - CMSIS Pack Vendor :STMicroelectronics X-CUBE-TOUCHGFX 4.25.0
2025-10-19 16:35:52,473 [INFO] ThirdParty:1030 - CMSIS Pack Vendor :STMicroelectronics USB_DEVICE 2.0.0
2025-10-19 16:35:52,473 [INFO] ThirdParty:1030 - CMSIS Pack Vendor :STMicroelectronics X-CUBE-NFC6 3.1.0
2025-10-19 16:35:52,473 [INFO] ThirdParty:1030 - CMSIS Pack Vendor :STMicroelectronics X-CUBE-ST67W61 1.1.0
2025-10-19 16:35:52,473 [INFO] ThirdParty:1030 - CMSIS Pack Vendor :Cesanta I-CUBE-Mongoose 7.19.0
2025-10-19 16:35:52,473 [INFO] ThirdParty:1030 - CMSIS Pack Vendor :quantropi X-CUBE-qispace-sdk-base 2.1.0
2025-10-19 16:35:52,474 [INFO] ThirdParty:1030 - CMSIS Pack Vendor :STMicroelectronics FreeRTOS 0.0.1
2025-10-19 16:35:52,474 [INFO] ThirdParty:1030 - CMSIS Pack Vendor :STMicroelectronics X-CUBE-AZRTOS-G0 1.1.0
2025-10-19 16:35:52,474 [INFO] ThirdParty:1030 - CMSIS Pack Vendor :STMicroelectronics X-CUBE-SAFEA1 1.2.2
2025-10-19 16:35:52,474 [INFO] ThirdParty:1030 - CMSIS Pack Vendor :STMicroelectronics X-CUBE-NFC4 3.0.0
2025-10-19 16:35:52,474 [INFO] ThirdParty:1030 - CMSIS Pack Vendor :STMicroelectronics X-CUBE-SUBG2 5.0.0
2025-10-19 16:35:52,474 [INFO] ThirdParty:1030 - CMSIS Pack Vendor :STMicroelectronics X-CUBE-AZRTOS-H7RS 1.1.0
2025-10-19 16:35:52,474 [INFO] ThirdParty:1030 - CMSIS Pack Vendor :STMicroelectronics STM32_WPAN 1.0.0
2025-10-19 16:35:52,474 [INFO] ThirdParty:1030 - CMSIS Pack Vendor :EmbeddedOffice I-CUBE-FS-RTOS 1.0.1
2025-10-19 16:35:52,474 [INFO] ThirdParty:1030 - CMSIS Pack Vendor :STMicroelectronics lwIP 2.0.3
2025-10-19 16:35:52,474 [INFO] ThirdParty:1030 - CMSIS Pack Vendor :STMicroelectronics USB_HOST 1.0.0
2025-10-19 16:35:52,474 [INFO] ThirdParty:1030 - CMSIS Pack Vendor :Infineon AIROC-Wi-Fi-Bluetooth-STM32 1.7.1
2025-10-19 16:35:52,474 [INFO] ThirdParty:1030 - CMSIS Pack Vendor :STMicroelectronics X-CUBE-AZRTOS-G4 2.0.0
2025-10-19 16:35:52,474 [INFO] ThirdParty:1030 - CMSIS Pack Vendor :STMicroelectronics X-CUBE-WB05N 2.0.0
2025-10-19 16:35:52,474 [INFO] ThirdParty:1030 - CMSIS Pack Vendor :STMicroelectronics PDM2PCM 3.1.0
2025-10-19 16:35:52,474 [INFO] ThirdParty:1030 - CMSIS Pack Vendor :STMicroelectronics PDM2PCM 3.3.0
2025-10-19 16:35:52,474 [INFO] ThirdParty:1030 - CMSIS Pack Vendor :STMicroelectronics X-CUBE-AZRTOS-H7 3.4.0
2025-10-19 16:35:52,474 [INFO] ThirdParty:1030 - CMSIS Pack Vendor :STMicroelectronics X-CUBE-DISPLAY 3.0.0
2025-10-19 16:35:52,474 [INFO] ThirdParty:1030 - CMSIS Pack Vendor :STMicroelectronics X-CUBE-NFC7 2.0.0
2025-10-19 16:35:52,474 [INFO] ThirdParty:1030 - CMSIS Pack Vendor :STMicroelectronics X-CUBE-TCPP 4.2.0
2025-10-19 16:35:52,474 [INFO] ThirdParty:1030 - CMSIS Pack Vendor :RealThread X-CUBE-RT-Thread_Nano 4.1.1
2025-10-19 16:35:52,474 [INFO] ThirdParty:1030 - CMSIS Pack Vendor :STMicroelectronics FP-ATR-SIGFOX1 3.2.0
2025-10-19 16:35:52,474 [INFO] ThirdParty:1030 - CMSIS Pack Vendor :STMicroelectronics X-CUBE-NFC10 1.0.0
2025-10-19 16:35:52,474 [INFO] ThirdParty:1030 - CMSIS Pack Vendor :STMicroelectronics X-CUBE-FREERTOS 1.3.1
2025-10-19 16:35:52,474 [INFO] ThirdParty:1030 - CMSIS Pack Vendor :STMicroelectronics HAL Drivers 0.0.0
2025-10-19 16:35:52,474 [INFO] ThirdParty:1030 - CMSIS Pack Vendor :STMicroelectronics MBEDTLS 2.16.2
2025-10-19 16:35:52,474 [INFO] ThirdParty:1030 - CMSIS Pack Vendor :STMicroelectronics X-CUBE-ST60 1.1.0
2025-10-19 16:35:52,474 [INFO] ThirdParty:1030 - CMSIS Pack Vendor :STMicroelectronics X-CUBE-IPS 3.1.0
2025-10-19 16:35:52,474 [INFO] ThirdParty:1030 - CMSIS Pack Vendor :STMicroelectronics X-CUBE-ALS 1.0.2
2025-10-19 16:35:52,474 [INFO] ThirdParty:1030 - CMSIS Pack Vendor :emotas I-CUBE-CANOPEN 1.3.0
2025-10-19 16:35:52,474 [INFO] ThirdParty:1030 - CMSIS Pack Vendor :STMicroelectronics MBEDTLS 2.14.1
2025-10-19 16:35:52,474 [INFO] ThirdParty:1030 - CMSIS Pack Vendor :ITTIA_DB I-CUBE-ITTIADB 8.9.0
2025-10-19 16:35:52,474 [INFO] ThirdParty:1030 - CMSIS Pack Vendor :STMicroelectronics X-CUBE-TOUCHGFX 4.26.0
2025-10-19 16:35:52,474 [INFO] ThirdParty:1030 - CMSIS Pack Vendor :STMicroelectronics X-CUBE-STSE01 1.0.0
2025-10-19 16:35:52,474 [INFO] ThirdParty:1030 - CMSIS Pack Vendor :STMicroelectronics X-CUBE-ST67W61 1.0.0
2025-10-19 16:35:52,474 [INFO] ThirdParty:1030 - CMSIS Pack Vendor :STMicroelectronics FP-SNS-STBOX1 2.1.0
2025-10-19 16:35:52,474 [INFO] ThirdParty:1030 - CMSIS Pack Vendor :STMicroelectronics X-CUBE-AI 10.2.0
2025-10-19 16:35:52,474 [INFO] ThirdParty:1030 - CMSIS Pack Vendor :STMicroelectronics FP-SNS-STAIOTCFT 1.0.0
2025-10-19 16:35:52,474 [INFO] ThirdParty:1030 - CMSIS Pack Vendor :STMicroelectronics ThreadX 1.0.0
2025-10-19 16:35:52,474 [INFO] ThirdParty:1030 - CMSIS Pack Vendor :STMicroelectronics FP-SNS-SMARTAG2 1.2.0
2025-10-19 16:35:52,474 [INFO] ThirdParty:1030 - CMSIS Pack Vendor :STMicroelectronics FP-SNS-FLIGHT1 5.1.0
2025-10-19 16:35:52,474 [INFO] ThirdParty:1030 - CMSIS Pack Vendor :STMicroelectronics X-CUBE-AZRTOS-WL 2.0.0
2025-10-19 16:35:52,474 [INFO] ThirdParty:1030 - CMSIS Pack Vendor :SEGGER I-CUBE-embOS 1.3.1
2025-10-19 16:35:52,474 [INFO] ThirdParty:1030 - CMSIS Pack Vendor :STMicroelectronics X-CUBE-ALGOBUILD 1.4.0
2025-10-19 16:35:52,474 [INFO] ThirdParty:1030 - CMSIS Pack Vendor :STMicroelectronics X-CUBE-DPower 1.3.0
2025-10-19 16:35:52,474 [INFO] ThirdParty:1030 - CMSIS Pack Vendor :STMicroelectronics X-CUBE-MEMS1 11.3.0
2025-10-19 16:35:52,474 [INFO] ThirdParty:1030 - CMSIS Pack Vendor :STMicroelectronics FP-SNS-MOTENV1 5.0.0
2025-10-19 16:35:52,474 [INFO] ThirdParty:1030 - CMSIS Pack Vendor :STMicroelectronics USB_DEVICE 1.0.0
2025-10-19 16:35:52,474 [INFO] ThirdParty:1030 - CMSIS Pack Vendor :STMicroelectronics X-CUBE-AZRTOS-L4 2.0.0
2025-10-19 16:35:52,474 [INFO] ThirdParty:1030 - CMSIS Pack Vendor :STMicroelectronics ThreadX 0.0.2
2025-10-19 16:35:52,474 [INFO] ThirdParty:1030 - CMSIS Pack Vendor :WES I-CUBE-Cesium 1.3.0
2025-10-19 16:35:52,474 [INFO] ThirdParty:1030 - CMSIS Pack Vendor :STMicroelectronics lwIP 2.1.2
2025-10-19 16:35:52,474 [INFO] ThirdParty:1030 - CMSIS Pack Vendor :STMicroelectronics X-CUBE-SFXS2LP1 4.0.0
2025-10-19 16:35:52,474 [INFO] ThirdParty:1030 - CMSIS Pack Vendor :STMicroelectronics X-CUBE-BLE2 3.3.0
2025-10-19 16:35:52,474 [INFO] ThirdParty:1030 - CMSIS Pack Vendor :STMicroelectronics X-CUBE-TOF1 3.4.3
2025-10-19 16:35:52,474 [INFO] ThirdParty:1030 - CMSIS Pack Vendor :STMicroelectronics PDM2PCM 3.2.0
2025-10-19 16:35:52,474 [INFO] ThirdParty:841 - exiting critical section [change project]
2025-10-19 16:35:52,914 [INFO] PinOutPanel:1589 - setPackage(No Configuration,No Configuration)
2025-10-19 16:35:52,915 [INFO] PinOutPanel:1589 - setPackage(STM32F103C8Tx,LQFP48)
2025-10-19 16:35:53,534 [INFO] UtilMem:75 - Before build in PCC Used Memory: 471735472 Bytes (717225984)
2025-10-19 16:35:54,051 [INFO] UtilMem:75 - After build in PCC Used Memory: 513678528 Bytes (717225984)
2025-10-19 16:35:54,067 [INFO] IPUIPlugin:80 - create IPUIPlugin
2025-10-19 16:35:54,067 [INFO] IPUIPlugin:80 - create IPUIPlugin
2025-10-19 16:35:54,067 [INFO] IPUIPlugin:80 - create IPUIPlugin
2025-10-19 16:35:54,067 [INFO] IPUIPlugin:80 - create IPUIPlugin
2025-10-19 16:35:54,067 [INFO] IPUIPlugin:80 - create IPUIPlugin
2025-10-19 16:35:54,067 [INFO] IPUIPlugin:80 - create IPUIPlugin
2025-10-19 16:35:54,067 [INFO] IPUIPlugin:80 - create IPUIPlugin
2025-10-19 16:35:54,067 [INFO] IPUIPlugin:80 - create IPUIPlugin
2025-10-19 16:35:54,068 [INFO] IPUIPlugin:80 - create IPUIPlugin
2025-10-19 16:35:54,068 [INFO] IPUIPlugin:80 - create IPUIPlugin
2025-10-19 16:35:54,068 [INFO] IPUIPlugin:80 - create IPUIPlugin
2025-10-19 16:35:54,068 [INFO] IPUIPlugin:80 - create IPUIPlugin
2025-10-19 16:35:54,068 [INFO] IPUIPlugin:80 - create IPUIPlugin
2025-10-19 16:35:54,068 [INFO] IPUIPlugin:80 - create IPUIPlugin
2025-10-19 16:35:54,068 [INFO] IPUIPlugin:80 - create IPUIPlugin
2025-10-19 16:35:54,068 [INFO] IPUIPlugin:80 - create IPUIPlugin
2025-10-19 16:35:54,068 [INFO] IPUIPlugin:80 - create IPUIPlugin
2025-10-19 16:35:54,068 [INFO] IPUIPlugin:80 - create IPUIPlugin
2025-10-19 16:35:54,068 [INFO] IPUIPlugin:80 - create IPUIPlugin
2025-10-19 16:35:54,068 [INFO] IPUIPlugin:80 - create IPUIPlugin
2025-10-19 16:35:54,068 [INFO] IPUIPlugin:80 - create IPUIPlugin
2025-10-19 16:35:54,068 [INFO] IPUIPlugin:80 - create IPUIPlugin
2025-10-19 16:35:54,068 [INFO] IPUIPlugin:80 - create IPUIPlugin
2025-10-19 16:35:54,068 [INFO] IPUIPlugin:80 - create IPUIPlugin
2025-10-19 16:35:54,068 [INFO] IPUIPlugin:80 - create IPUIPlugin
2025-10-19 16:35:54,069 [INFO] IPUIPlugin:80 - create IPUIPlugin
2025-10-19 16:35:54,069 [INFO] IPUIPlugin:80 - create IPUIPlugin
2025-10-19 16:35:54,191 [INFO] CADModel:165 - CPN selected for project levelSTM32F103C8T6
2025-10-19 16:35:54,191 [INFO] CADModel:114 - Register for checkConnection events
2025-10-19 16:35:54,280 [INFO] OpenFileManager:386 - Restore cursor
2025-10-19 16:39:50,846 [INFO] MainUpdater:2872 - connection check result : 10
2025-10-19 16:39:50,847 [INFO] MainUpdater:2872 - connection check result : 10
2025-10-19 16:39:51,128 [INFO] MicroXplorer:468 - Change Database Path : 
2025-10-19 16:39:51,128 [INFO] MicroXplorer:498 - Change Database Version : DB.6.0.150
2025-10-19 16:39:51,143 [ERROR] ProjectManagerView:395 - 
java.lang.NullPointerException: Cannot invoke "javax.swing.JTextField.getText()" because the return value of "java.util.List.get(int)" is null
	at com.st.microxplorer.plugins.projectmanager.gui.ProjectChoiceTab$9.caretUpdate(ProjectChoiceTab.java:2706) ~[filemanager.jar:?]
	at javax.swing.text.JTextComponent.fireCaretUpdate(JTextComponent.java:408) ~[?:?]
	at javax.swing.text.JTextComponent$MutableCaretEvent.fire(JTextComponent.java:4484) ~[?:?]
	at javax.swing.text.JTextComponent$MutableCaretEvent.stateChanged(JTextComponent.java:4506) ~[?:?]
	at javax.swing.text.DefaultCaret.fireStateChanged(DefaultCaret.java:857) ~[?:?]
	at javax.swing.text.DefaultCaret.changeCaretPosition(DefaultCaret.java:1343) ~[?:?]
	at javax.swing.text.DefaultCaret.handleSetDot(DefaultCaret.java:1242) ~[?:?]
	at javax.swing.text.DefaultCaret.setDot(DefaultCaret.java:1223) ~[?:?]
	at javax.swing.text.DefaultCaret$Handler.insertUpdate(DefaultCaret.java:1819) ~[?:?]
	at javax.swing.text.AbstractDocument.fireInsertUpdate(AbstractDocument.java:227) ~[?:?]
	at javax.swing.text.AbstractDocument.handleInsertString(AbstractDocument.java:781) ~[?:?]
	at javax.swing.text.AbstractDocument.insertString(AbstractDocument.java:740) ~[?:?]
	at javax.swing.text.PlainDocument.insertString(PlainDocument.java:131) ~[?:?]
	at javax.swing.text.AbstractDocument.replace(AbstractDocument.java:699) ~[?:?]
	at javax.swing.text.JTextComponent.setText(JTextComponent.java:1725) ~[?:?]
	at com.st.microxplorer.plugins.projectmanager.gui.ProjectChoiceTab.createHeapStackFields(ProjectChoiceTab.java:993) ~[filemanager.jar:?]
	at com.st.microxplorer.plugins.projectmanager.gui.ProjectChoiceTab.buildLinkSettingsPanel(ProjectChoiceTab.java:3813) ~[filemanager.jar:?]
	at com.st.microxplorer.plugins.projectmanager.gui.ProjectChoiceTab.defineWindowsFields(ProjectChoiceTab.java:1987) ~[filemanager.jar:?]
	at com.st.microxplorer.plugins.projectmanager.gui.ProjectChoiceTab.updateSettings(ProjectChoiceTab.java:558) ~[filemanager.jar:?]
	at com.st.microxplorer.plugins.projectmanager.gui.ProjectSettingsPanel.UpdateDialog(ProjectSettingsPanel.java:247) ~[filemanager.jar:?]
	at com.st.microxplorer.plugins.projectmanager.ProjectManagerView.propertyChange(ProjectManagerView.java:392) ~[filemanager.jar:?]
	at java.beans.PropertyChangeSupport.fire(PropertyChangeSupport.java:343) ~[?:?]
	at java.beans.PropertyChangeSupport.firePropertyChange(PropertyChangeSupport.java:335) ~[?:?]
	at java.beans.PropertyChangeSupport.firePropertyChange(PropertyChangeSupport.java:268) ~[?:?]
	at com.st.microxplorer.util.MXPropertyChangeSupport.firePropertyChange(MXPropertyChangeSupport.java:54) ~[STM32CubeMX.jar:?]
	at com.st.microxplorer.mxsystem.MxSystem.closeConfig(MxSystem.java:899) ~[STM32CubeMX.jar:?]
	at com.st.microxplorer.maingui.MainPanel.closeConfig(MainPanel.java:792) ~[STM32CubeMX.jar:?]
	at com.st.microxplorer.plugins.filemanager.engine.OpenFileManager.loadConfigurationFile(OpenFileManager.java:288) ~[filemanager.jar:?]
	at com.st.microxplorer.plugins.filemanager.engine.MainFileManager.userLoadConfig(MainFileManager.java:364) ~[filemanager.jar:?]
	at com.st.microxplorer.plugins.filemanager.engine.MainFileManager.userLoadConfig(MainFileManager.java:342) ~[filemanager.jar:?]
	at com.st.microxplorer.plugins.filemanager.FileManagerView.getSpecificTask(FileManagerView.java:264) ~[filemanager.jar:?]
	at com.st.stm32cube.common.mx.editor.CubeMxEditor.getMxTabbedPaneInstance(CubeMxEditor.java:1198) ~[com.st.stm32cube.common.mx_6.15.0.202507011659/:?]
	at com.st.stm32cube.common.mx.editor.CubeMxEditor$12$1.createSwingComponent(CubeMxEditor.java:1068) ~[com.st.stm32cube.common.mx_6.15.0.202507011659/:?]
	at com.st.stm32cube.common.mx.oss.core.awtswtbridge.EmbeddedSwingComposite.doComponentCreation(EmbeddedSwingComposite.java:492) ~[com.st.stm32cube.common.mx.oss_6.15.0.202507011659/:?]
	at com.st.stm32cube.common.mx.oss.core.awtswtbridge.EmbeddedSwingComposite$4.run(EmbeddedSwingComposite.java:291) ~[com.st.stm32cube.common.mx.oss_6.15.0.202507011659/:?]
	at com.st.stm32cube.common.mx.oss.core.awtswtbridge.AwtEnvironment$2.run(AwtEnvironment.java:166) ~[com.st.stm32cube.common.mx.oss_6.15.0.202507011659/:?]
	at java.awt.event.InvocationEvent.dispatch(InvocationEvent.java:318) ~[?:?]
	at java.awt.EventQueue.dispatchEventImpl(EventQueue.java:773) ~[?:?]
	at java.awt.EventQueue$4.run(EventQueue.java:720) ~[?:?]
	at java.awt.EventQueue$4.run(EventQueue.java:714) ~[?:?]
	at java.security.AccessController.doPrivileged(AccessController.java:400) ~[?:?]
	at java.security.ProtectionDomain$JavaSecurityAccessImpl.doIntersectionPrivilege(ProtectionDomain.java:87) ~[?:?]
	at java.awt.EventQueue.dispatchEvent(EventQueue.java:742) ~[?:?]
	at java.awt.EventDispatchThread.pumpOneEventForFilters(EventDispatchThread.java:203) ~[?:?]
	at java.awt.EventDispatchThread.pumpEventsForFilter(EventDispatchThread.java:124) ~[?:?]
	at java.awt.EventDispatchThread.pumpEventsForHierarchy(EventDispatchThread.java:113) ~[?:?]
	at java.awt.EventDispatchThread.pumpEvents(EventDispatchThread.java:109) ~[?:?]
	at java.awt.EventDispatchThread.pumpEvents(EventDispatchThread.java:101) ~[?:?]
	at java.awt.EventDispatchThread.run(EventDispatchThread.java:90) ~[?:?]
2025-10-19 16:39:51,147 [WARN] ThirdParty:871 - waiting for thirdparty lock release [close project]
2025-10-19 16:39:51,147 [INFO] ThirdParty:873 - entering critical section [close project]
2025-10-19 16:39:51,147 [INFO] ThirdParty:883 - exiting critical section [close project]
2025-10-19 16:39:51,148 [INFO] PinOutPanel:1589 - setPackage(No Configuration,No Configuration)
2025-10-19 16:39:51,158 [INFO] UtilMem:75 - Begin LoadConfig() Used Memory: 350355968 Bytes (717225984)
2025-10-19 16:39:51,159 [INFO] MicroXplorer:468 - Change Database Path : 
2025-10-19 16:39:51,159 [INFO] MicroXplorer:498 - Change Database Version : DB.6.0.150
2025-10-19 16:39:51,159 [INFO] OpenFileManager:355 - Change cursor
2025-10-19 16:39:51,166 [INFO] Mcu:2029 - Initializing MCU STM32F103C(8-B)Tx STM32F103C8Tx STM32F103C8T6
2025-10-19 16:39:57,976 [INFO] Context:786 - Trying to add GPIOservice into a context  which must be forbidden
2025-10-19 16:39:58,316 [INFO] ImportTextPane:234 - (OptionalMessage_ERROR) Pin8 (VP_RIF_VS_RIF1) cannot be retrieved for this MCU
2025-10-19 16:39:58,435 [INFO] RtosManager:558 - Registered RTOS mode: class=CMSIS, group=RTOS, mode=CMSIS_V1, owner=FREERTOS
2025-10-19 16:39:58,435 [INFO] RtosManager:558 - Registered RTOS mode: class=CMSIS, group=RTOS2, mode=CMSIS_V2, owner=FREERTOS
2025-10-19 16:39:58,435 [INFO] RtosManager:558 - Registered RTOS mode: class=RTOS, group=Core, mode=CMSIS_V1, owner=FREERTOS
2025-10-19 16:39:58,435 [INFO] RtosManager:558 - Registered RTOS mode: class=RTOS, group=Core, mode=CMSIS_V2, owner=FREERTOS
2025-10-19 16:39:58,435 [WARN] ModelIntegratedComponent:184 - Missing modes for component STMicroelectronics:FreeRTOS:0.0.1:STMicroelectronics:RTOS:FreeRTOS:Core:::10.2.0:
2025-10-19 16:39:58,443 [WARN] ModelIntegratedComponent:63 - No mode defined for component null
2025-10-19 16:39:58,443 [WARN] ModelIntegratedComponent:63 - No mode defined for component null
2025-10-19 16:39:58,443 [WARN] ModelIntegratedComponent:63 - No mode defined for component null
2025-10-19 16:39:58,443 [WARN] ModelIntegratedComponent:63 - No mode defined for component null
2025-10-19 16:39:58,443 [WARN] ModelIntegratedComponent:63 - No mode defined for component null
2025-10-19 16:39:58,443 [WARN] ModelIntegratedComponent:63 - No mode defined for component null
2025-10-19 16:39:58,443 [WARN] ModelIntegratedComponent:63 - No mode defined for component null
2025-10-19 16:39:58,443 [WARN] ModelIntegratedComponent:63 - No mode defined for component null
2025-10-19 16:39:58,443 [WARN] ModelIntegratedComponent:63 - No mode defined for component null
2025-10-19 16:39:58,443 [WARN] ModelIntegratedComponent:63 - No mode defined for component null
2025-10-19 16:39:58,443 [WARN] ModelIntegratedComponent:63 - No mode defined for component null
2025-10-19 16:39:58,443 [WARN] ModelIntegratedComponent:63 - No mode defined for component null
2025-10-19 16:39:58,443 [WARN] ModelIntegratedComponent:63 - No mode defined for component null
2025-10-19 16:39:58,443 [WARN] ModelIntegratedComponent:63 - No mode defined for component null
2025-10-19 16:39:58,443 [WARN] ModelIntegratedComponent:63 - No mode defined for component null
2025-10-19 16:39:58,443 [WARN] ModelIntegratedComponent:63 - No mode defined for component null
2025-10-19 16:39:58,443 [WARN] ModelIntegratedComponent:63 - No mode defined for component null
2025-10-19 16:39:58,443 [WARN] ModelIntegratedComponent:63 - No mode defined for component null
2025-10-19 16:39:58,444 [WARN] ModelIntegratedComponent:63 - No mode defined for component null
2025-10-19 16:39:58,444 [WARN] ModelIntegratedComponent:63 - No mode defined for component null
2025-10-19 16:39:58,444 [WARN] ModelIntegratedComponent:63 - No mode defined for component null
2025-10-19 16:39:58,444 [WARN] ModelIntegratedComponent:63 - No mode defined for component null
2025-10-19 16:39:58,444 [WARN] ModelIntegratedComponent:63 - No mode defined for component null
2025-10-19 16:39:58,444 [WARN] ModelIntegratedComponent:63 - No mode defined for component null
2025-10-19 16:39:58,444 [WARN] ModelIntegratedComponent:63 - No mode defined for component null
2025-10-19 16:39:58,444 [WARN] ModelIntegratedComponent:63 - No mode defined for component null
2025-10-19 16:39:58,446 [WARN] ModelIntegratedComponent:63 - No mode defined for component null
2025-10-19 16:39:58,446 [WARN] ModelIntegratedComponent:63 - No mode defined for component null
2025-10-19 16:39:58,446 [WARN] ModelIntegratedComponent:63 - No mode defined for component null
2025-10-19 16:39:58,446 [WARN] ModelIntegratedComponent:63 - No mode defined for component null
2025-10-19 16:39:58,446 [WARN] ModelIntegratedComponent:63 - No mode defined for component null
2025-10-19 16:39:58,446 [WARN] ModelIntegratedComponent:63 - No mode defined for component null
2025-10-19 16:39:58,446 [WARN] ModelIntegratedComponent:63 - No mode defined for component null
2025-10-19 16:39:58,446 [WARN] ModelIntegratedComponent:63 - No mode defined for component null
2025-10-19 16:39:58,446 [WARN] ModelIntegratedComponent:63 - No mode defined for component null
2025-10-19 16:39:58,446 [WARN] ModelPack:524 - Component already loaded: STMicroelectronics:HAL Drivers:0.0.0:STMicroelectronics:Device:STMicro_Driver:XSPI:HAL::0.0.1:HAL_XSPI
2025-10-19 16:39:58,644 [INFO] ThirdPartyModel:298 - Start build external matchings
2025-10-19 16:39:59,562 [INFO] ThirdPartyModel:316 - End build external matchings
2025-10-19 16:39:59,587 [INFO] ImportTextPane:234 - (OptionalMessage_ERROR) IP (RCC) : Invalid parameter (FamilyName)
2025-10-19 16:39:59,588 [INFO] ImportTextPane:234 - (OptionalMessage_ERROR) IP (RCC) : Parameter (USBFreq_Value) has invalid value (16000000)
2025-10-19 16:39:59,814 [INFO] UtilMem:75 - End LoadConfig() Used Memory: 366762984 Bytes (717225984)
2025-10-19 16:39:59,843 [WARN] ThirdParty:833 - waiting for thirdparty lock release [change project]
2025-10-19 16:39:59,844 [INFO] ThirdParty:835 - entering critical section [change project]
2025-10-19 16:39:59,844 [INFO] ThirdParty:1030 - CMSIS Pack Vendor :STMicroelectronics X-CUBE-PM33A1 1.0.0
2025-10-19 16:39:59,844 [INFO] ThirdParty:1030 - CMSIS Pack Vendor :STMicroelectronics USBPD 4.1
2025-10-19 16:39:59,844 [INFO] ThirdParty:1030 - CMSIS Pack Vendor :STMicroelectronics X-CUBE-NFC9 1.0.0
2025-10-19 16:39:59,844 [INFO] ThirdParty:1030 - CMSIS Pack Vendor :STMicroelectronics USB_HOST 2.0.0
2025-10-19 16:39:59,844 [INFO] ThirdParty:1030 - CMSIS Pack Vendor :STMicroelectronics FP-SNS-MOTENVWB1 1.4.0
2025-10-19 16:39:59,844 [INFO] ThirdParty:1030 - CMSIS Pack Vendor :STMicroelectronics X-CUBE-AZRTOS-F4 1.1.0
2025-10-19 16:39:59,844 [INFO] ThirdParty:1030 - CMSIS Pack Vendor :STMicroelectronics LIBJPEG 8.0.0
2025-10-19 16:39:59,844 [INFO] ThirdParty:1030 - CMSIS Pack Vendor :STMicroelectronics FP-ATR-ASTRA1 2.0.2
2025-10-19 16:39:59,844 [INFO] ThirdParty:1030 - CMSIS Pack Vendor :STMicroelectronics X-CUBE-BLE1 7.1.0
2025-10-19 16:39:59,844 [INFO] ThirdParty:1030 - CMSIS Pack Vendor :STMicroelectronics X-CUBE-SMBUS 2.1.0
2025-10-19 16:39:59,844 [INFO] ThirdParty:1030 - CMSIS Pack Vendor :STMicroelectronics USB_DEVICE 3.0.0
2025-10-19 16:39:59,844 [INFO] ThirdParty:1030 - CMSIS Pack Vendor :STMicroelectronics X-CUBE-ISPU 2.1.0
2025-10-19 16:39:59,844 [INFO] ThirdParty:1030 - CMSIS Pack Vendor :STMicroelectronics X-CUBE-EEPRMA1 5.2.0
2025-10-19 16:39:59,844 [INFO] ThirdParty:1030 - CMSIS Pack Vendor :STMicroelectronics X-CUBE-IPS 3.2.0
2025-10-19 16:39:59,844 [INFO] ThirdParty:1030 - CMSIS Pack Vendor :STMicroelectronics X-CUBE-BLEMGR 4.1.0
2025-10-19 16:39:59,844 [INFO] ThirdParty:1030 - CMSIS Pack Vendor :STMicroelectronics X-CUBE-AZRTOS-WB 2.0.0
2025-10-19 16:39:59,844 [INFO] ThirdParty:1030 - CMSIS Pack Vendor :STMicroelectronics X-CUBE-ST60 1.0.0
2025-10-19 16:39:59,844 [INFO] ThirdParty:1030 - CMSIS Pack Vendor :STMicroelectronics X-CUBE-GNSS1 7.0.1
2025-10-19 16:39:59,844 [INFO] ThirdParty:1030 - CMSIS Pack Vendor :STMicroelectronics X-CUBE-NFC12 1.0.0
2025-10-19 16:39:59,844 [INFO] ThirdParty:1030 - CMSIS Pack Vendor :STMicroelectronics X-CUBE-AZRTOS-F7 1.1.0
2025-10-19 16:39:59,844 [INFO] ThirdParty:1030 - CMSIS Pack Vendor :STMicroelectronics X-CUBE-AZRTOS-L5 2.0.0
2025-10-19 16:39:59,844 [INFO] ThirdParty:1030 - CMSIS Pack Vendor :STMicroelectronics X-CUBE-TOUCHGFX 4.25.0
2025-10-19 16:39:59,844 [INFO] ThirdParty:1030 - CMSIS Pack Vendor :STMicroelectronics USB_DEVICE 2.0.0
2025-10-19 16:39:59,844 [INFO] ThirdParty:1030 - CMSIS Pack Vendor :STMicroelectronics X-CUBE-NFC6 3.1.0
2025-10-19 16:39:59,844 [INFO] ThirdParty:1030 - CMSIS Pack Vendor :STMicroelectronics X-CUBE-ST67W61 1.1.0
2025-10-19 16:39:59,844 [INFO] ThirdParty:1030 - CMSIS Pack Vendor :Cesanta I-CUBE-Mongoose 7.19.0
2025-10-19 16:39:59,844 [INFO] ThirdParty:1030 - CMSIS Pack Vendor :quantropi X-CUBE-qispace-sdk-base 2.1.0
2025-10-19 16:39:59,844 [INFO] ThirdParty:1030 - CMSIS Pack Vendor :STMicroelectronics FreeRTOS 0.0.1
2025-10-19 16:39:59,844 [INFO] ThirdParty:1030 - CMSIS Pack Vendor :STMicroelectronics X-CUBE-AZRTOS-G0 1.1.0
2025-10-19 16:39:59,844 [INFO] ThirdParty:1030 - CMSIS Pack Vendor :STMicroelectronics X-CUBE-SAFEA1 1.2.2
2025-10-19 16:39:59,844 [INFO] ThirdParty:1030 - CMSIS Pack Vendor :STMicroelectronics X-CUBE-NFC4 3.0.0
2025-10-19 16:39:59,844 [INFO] ThirdParty:1030 - CMSIS Pack Vendor :STMicroelectronics X-CUBE-SUBG2 5.0.0
2025-10-19 16:39:59,844 [INFO] ThirdParty:1030 - CMSIS Pack Vendor :STMicroelectronics X-CUBE-AZRTOS-H7RS 1.1.0
2025-10-19 16:39:59,844 [INFO] ThirdParty:1030 - CMSIS Pack Vendor :STMicroelectronics STM32_WPAN 1.0.0
2025-10-19 16:39:59,844 [INFO] ThirdParty:1030 - CMSIS Pack Vendor :EmbeddedOffice I-CUBE-FS-RTOS 1.0.1
2025-10-19 16:39:59,844 [INFO] ThirdParty:1030 - CMSIS Pack Vendor :STMicroelectronics lwIP 2.0.3
2025-10-19 16:39:59,844 [INFO] ThirdParty:1030 - CMSIS Pack Vendor :STMicroelectronics USB_HOST 1.0.0
2025-10-19 16:39:59,845 [INFO] ThirdParty:1030 - CMSIS Pack Vendor :Infineon AIROC-Wi-Fi-Bluetooth-STM32 1.7.1
2025-10-19 16:39:59,845 [INFO] ThirdParty:1030 - CMSIS Pack Vendor :STMicroelectronics X-CUBE-AZRTOS-G4 2.0.0
2025-10-19 16:39:59,845 [INFO] ThirdParty:1030 - CMSIS Pack Vendor :STMicroelectronics X-CUBE-WB05N 2.0.0
2025-10-19 16:39:59,845 [INFO] ThirdParty:1030 - CMSIS Pack Vendor :STMicroelectronics PDM2PCM 3.1.0
2025-10-19 16:39:59,845 [INFO] ThirdParty:1030 - CMSIS Pack Vendor :STMicroelectronics PDM2PCM 3.3.0
2025-10-19 16:39:59,845 [INFO] ThirdParty:1030 - CMSIS Pack Vendor :STMicroelectronics X-CUBE-AZRTOS-H7 3.4.0
2025-10-19 16:39:59,845 [INFO] ThirdParty:1030 - CMSIS Pack Vendor :STMicroelectronics X-CUBE-DISPLAY 3.0.0
2025-10-19 16:39:59,845 [INFO] ThirdParty:1030 - CMSIS Pack Vendor :STMicroelectronics X-CUBE-NFC7 2.0.0
2025-10-19 16:39:59,845 [INFO] ThirdParty:1030 - CMSIS Pack Vendor :STMicroelectronics X-CUBE-TCPP 4.2.0
2025-10-19 16:39:59,845 [INFO] ThirdParty:1030 - CMSIS Pack Vendor :RealThread X-CUBE-RT-Thread_Nano 4.1.1
2025-10-19 16:39:59,845 [INFO] ThirdParty:1030 - CMSIS Pack Vendor :STMicroelectronics FP-ATR-SIGFOX1 3.2.0
2025-10-19 16:39:59,845 [INFO] ThirdParty:1030 - CMSIS Pack Vendor :STMicroelectronics X-CUBE-NFC10 1.0.0
2025-10-19 16:39:59,845 [INFO] ThirdParty:1030 - CMSIS Pack Vendor :STMicroelectronics X-CUBE-FREERTOS 1.3.1
2025-10-19 16:39:59,845 [INFO] ThirdParty:1030 - CMSIS Pack Vendor :STMicroelectronics HAL Drivers 0.0.0
2025-10-19 16:39:59,845 [INFO] ThirdParty:1030 - CMSIS Pack Vendor :STMicroelectronics MBEDTLS 2.16.2
2025-10-19 16:39:59,845 [INFO] ThirdParty:1030 - CMSIS Pack Vendor :STMicroelectronics X-CUBE-ST60 1.1.0
2025-10-19 16:39:59,845 [INFO] ThirdParty:1030 - CMSIS Pack Vendor :STMicroelectronics X-CUBE-IPS 3.1.0
2025-10-19 16:39:59,846 [INFO] ThirdParty:1030 - CMSIS Pack Vendor :STMicroelectronics X-CUBE-ALS 1.0.2
2025-10-19 16:39:59,846 [INFO] ThirdParty:1030 - CMSIS Pack Vendor :emotas I-CUBE-CANOPEN 1.3.0
2025-10-19 16:39:59,846 [INFO] ThirdParty:1030 - CMSIS Pack Vendor :STMicroelectronics MBEDTLS 2.14.1
2025-10-19 16:39:59,846 [INFO] ThirdParty:1030 - CMSIS Pack Vendor :ITTIA_DB I-CUBE-ITTIADB 8.9.0
2025-10-19 16:39:59,846 [INFO] ThirdParty:1030 - CMSIS Pack Vendor :STMicroelectronics X-CUBE-TOUCHGFX 4.26.0
2025-10-19 16:39:59,846 [INFO] ThirdParty:1030 - CMSIS Pack Vendor :STMicroelectronics X-CUBE-STSE01 1.0.0
2025-10-19 16:39:59,846 [INFO] ThirdParty:1030 - CMSIS Pack Vendor :STMicroelectronics X-CUBE-ST67W61 1.0.0
2025-10-19 16:39:59,846 [INFO] ThirdParty:1030 - CMSIS Pack Vendor :STMicroelectronics FP-SNS-STBOX1 2.1.0
2025-10-19 16:39:59,846 [INFO] ThirdParty:1030 - CMSIS Pack Vendor :STMicroelectronics X-CUBE-AI 10.2.0
2025-10-19 16:39:59,846 [INFO] ThirdParty:1030 - CMSIS Pack Vendor :STMicroelectronics FP-SNS-STAIOTCFT 1.0.0
2025-10-19 16:39:59,846 [INFO] ThirdParty:1030 - CMSIS Pack Vendor :STMicroelectronics ThreadX 1.0.0
2025-10-19 16:39:59,847 [INFO] ThirdParty:1030 - CMSIS Pack Vendor :STMicroelectronics FP-SNS-SMARTAG2 1.2.0
2025-10-19 16:39:59,847 [INFO] ThirdParty:1030 - CMSIS Pack Vendor :STMicroelectronics FP-SNS-FLIGHT1 5.1.0
2025-10-19 16:39:59,847 [INFO] ThirdParty:1030 - CMSIS Pack Vendor :STMicroelectronics X-CUBE-AZRTOS-WL 2.0.0
2025-10-19 16:39:59,847 [INFO] ThirdParty:1030 - CMSIS Pack Vendor :SEGGER I-CUBE-embOS 1.3.1
2025-10-19 16:39:59,847 [INFO] ThirdParty:1030 - CMSIS Pack Vendor :STMicroelectronics X-CUBE-ALGOBUILD 1.4.0
2025-10-19 16:39:59,847 [INFO] ThirdParty:1030 - CMSIS Pack Vendor :STMicroelectronics X-CUBE-DPower 1.3.0
2025-10-19 16:39:59,847 [INFO] ThirdParty:1030 - CMSIS Pack Vendor :STMicroelectronics X-CUBE-MEMS1 11.3.0
2025-10-19 16:39:59,847 [INFO] ThirdParty:1030 - CMSIS Pack Vendor :STMicroelectronics FP-SNS-MOTENV1 5.0.0
2025-10-19 16:39:59,847 [INFO] ThirdParty:1030 - CMSIS Pack Vendor :STMicroelectronics USB_DEVICE 1.0.0
2025-10-19 16:39:59,847 [INFO] ThirdParty:1030 - CMSIS Pack Vendor :STMicroelectronics X-CUBE-AZRTOS-L4 2.0.0
2025-10-19 16:39:59,847 [INFO] ThirdParty:1030 - CMSIS Pack Vendor :STMicroelectronics ThreadX 0.0.2
2025-10-19 16:39:59,847 [INFO] ThirdParty:1030 - CMSIS Pack Vendor :WES I-CUBE-Cesium 1.3.0
2025-10-19 16:39:59,847 [INFO] ThirdParty:1030 - CMSIS Pack Vendor :STMicroelectronics lwIP 2.1.2
2025-10-19 16:39:59,847 [INFO] ThirdParty:1030 - CMSIS Pack Vendor :STMicroelectronics X-CUBE-SFXS2LP1 4.0.0
2025-10-19 16:39:59,847 [INFO] ThirdParty:1030 - CMSIS Pack Vendor :STMicroelectronics X-CUBE-BLE2 3.3.0
2025-10-19 16:39:59,847 [INFO] ThirdParty:1030 - CMSIS Pack Vendor :STMicroelectronics X-CUBE-TOF1 3.4.3
2025-10-19 16:39:59,847 [INFO] ThirdParty:1030 - CMSIS Pack Vendor :STMicroelectronics PDM2PCM 3.2.0
2025-10-19 16:39:59,847 [INFO] ThirdParty:841 - exiting critical section [change project]
2025-10-19 16:39:59,999 [INFO] PinOutPanel:1589 - setPackage(No Configuration,No Configuration)
2025-10-19 16:40:00,000 [INFO] PinOutPanel:1589 - setPackage(STM32F103C8Tx,LQFP48)
2025-10-19 16:40:01,078 [INFO] UtilMem:75 - Before build in PCC Used Memory: 277145824 Bytes (717225984)
2025-10-19 16:40:01,311 [INFO] UtilMem:75 - After build in PCC Used Memory: 319088864 Bytes (717225984)
2025-10-19 16:40:01,325 [INFO] IPUIPlugin:80 - create IPUIPlugin
2025-10-19 16:40:01,325 [INFO] IPUIPlugin:80 - create IPUIPlugin
2025-10-19 16:40:01,325 [INFO] IPUIPlugin:80 - create IPUIPlugin
2025-10-19 16:40:01,325 [INFO] IPUIPlugin:80 - create IPUIPlugin
2025-10-19 16:40:01,325 [INFO] IPUIPlugin:80 - create IPUIPlugin
2025-10-19 16:40:01,325 [INFO] IPUIPlugin:80 - create IPUIPlugin
2025-10-19 16:40:01,325 [INFO] IPUIPlugin:80 - create IPUIPlugin
2025-10-19 16:40:01,325 [INFO] IPUIPlugin:80 - create IPUIPlugin
2025-10-19 16:40:01,325 [INFO] IPUIPlugin:80 - create IPUIPlugin
2025-10-19 16:40:01,325 [INFO] IPUIPlugin:80 - create IPUIPlugin
2025-10-19 16:40:01,325 [INFO] IPUIPlugin:80 - create IPUIPlugin
2025-10-19 16:40:01,325 [INFO] IPUIPlugin:80 - create IPUIPlugin
2025-10-19 16:40:01,326 [INFO] IPUIPlugin:80 - create IPUIPlugin
2025-10-19 16:40:01,326 [INFO] IPUIPlugin:80 - create IPUIPlugin
2025-10-19 16:40:01,329 [INFO] IPUIPlugin:80 - create IPUIPlugin
2025-10-19 16:40:01,329 [INFO] IPUIPlugin:80 - create IPUIPlugin
2025-10-19 16:40:01,329 [INFO] IPUIPlugin:80 - create IPUIPlugin
2025-10-19 16:40:01,329 [INFO] IPUIPlugin:80 - create IPUIPlugin
2025-10-19 16:40:01,329 [INFO] IPUIPlugin:80 - create IPUIPlugin
2025-10-19 16:40:01,329 [INFO] IPUIPlugin:80 - create IPUIPlugin
2025-10-19 16:40:01,329 [INFO] IPUIPlugin:80 - create IPUIPlugin
2025-10-19 16:40:01,329 [INFO] IPUIPlugin:80 - create IPUIPlugin
2025-10-19 16:40:01,329 [INFO] IPUIPlugin:80 - create IPUIPlugin
2025-10-19 16:40:01,330 [INFO] IPUIPlugin:80 - create IPUIPlugin
2025-10-19 16:40:01,330 [INFO] IPUIPlugin:80 - create IPUIPlugin
2025-10-19 16:40:01,330 [INFO] IPUIPlugin:80 - create IPUIPlugin
2025-10-19 16:40:01,330 [INFO] IPUIPlugin:80 - create IPUIPlugin
2025-10-19 16:40:01,411 [INFO] CADModel:165 - CPN selected for project levelSTM32F103C8T6
2025-10-19 16:40:01,411 [INFO] CADModel:114 - Register for checkConnection events
2025-10-19 16:40:01,473 [INFO] OpenFileManager:386 - Restore cursor
2025-10-19 16:40:49,605 [INFO] MainUpdater:2872 - connection check result : 10
2025-10-19 16:40:49,606 [INFO] MainUpdater:2872 - connection check result : 10
2025-10-19 16:40:50,058 [INFO] MicroXplorer:468 - Change Database Path : 
2025-10-19 16:40:50,058 [INFO] MicroXplorer:498 - Change Database Version : DB.6.0.150
2025-10-19 16:40:50,068 [ERROR] ProjectManagerView:395 - 
java.lang.NullPointerException: Cannot invoke "javax.swing.JTextField.getText()" because the return value of "java.util.List.get(int)" is null
	at com.st.microxplorer.plugins.projectmanager.gui.ProjectChoiceTab$9.caretUpdate(ProjectChoiceTab.java:2706) ~[filemanager.jar:?]
	at javax.swing.text.JTextComponent.fireCaretUpdate(JTextComponent.java:408) ~[?:?]
	at javax.swing.text.JTextComponent$MutableCaretEvent.fire(JTextComponent.java:4484) ~[?:?]
	at javax.swing.text.JTextComponent$MutableCaretEvent.stateChanged(JTextComponent.java:4506) ~[?:?]
	at javax.swing.text.DefaultCaret.fireStateChanged(DefaultCaret.java:857) ~[?:?]
	at javax.swing.text.DefaultCaret.changeCaretPosition(DefaultCaret.java:1343) ~[?:?]
	at javax.swing.text.DefaultCaret.handleSetDot(DefaultCaret.java:1242) ~[?:?]
	at javax.swing.text.DefaultCaret.setDot(DefaultCaret.java:1223) ~[?:?]
	at javax.swing.text.DefaultCaret$Handler.insertUpdate(DefaultCaret.java:1819) ~[?:?]
	at javax.swing.text.AbstractDocument.fireInsertUpdate(AbstractDocument.java:227) ~[?:?]
	at javax.swing.text.AbstractDocument.handleInsertString(AbstractDocument.java:781) ~[?:?]
	at javax.swing.text.AbstractDocument.insertString(AbstractDocument.java:740) ~[?:?]
	at javax.swing.text.PlainDocument.insertString(PlainDocument.java:131) ~[?:?]
	at javax.swing.text.AbstractDocument.replace(AbstractDocument.java:699) ~[?:?]
	at javax.swing.text.JTextComponent.setText(JTextComponent.java:1725) ~[?:?]
	at com.st.microxplorer.plugins.projectmanager.gui.ProjectChoiceTab.createHeapStackFields(ProjectChoiceTab.java:993) ~[filemanager.jar:?]
	at com.st.microxplorer.plugins.projectmanager.gui.ProjectChoiceTab.buildLinkSettingsPanel(ProjectChoiceTab.java:3813) ~[filemanager.jar:?]
	at com.st.microxplorer.plugins.projectmanager.gui.ProjectChoiceTab.defineWindowsFields(ProjectChoiceTab.java:1987) ~[filemanager.jar:?]
	at com.st.microxplorer.plugins.projectmanager.gui.ProjectChoiceTab.updateSettings(ProjectChoiceTab.java:558) ~[filemanager.jar:?]
	at com.st.microxplorer.plugins.projectmanager.gui.ProjectSettingsPanel.UpdateDialog(ProjectSettingsPanel.java:247) ~[filemanager.jar:?]
	at com.st.microxplorer.plugins.projectmanager.ProjectManagerView.propertyChange(ProjectManagerView.java:392) ~[filemanager.jar:?]
	at java.beans.PropertyChangeSupport.fire(PropertyChangeSupport.java:343) ~[?:?]
	at java.beans.PropertyChangeSupport.firePropertyChange(PropertyChangeSupport.java:335) ~[?:?]
	at java.beans.PropertyChangeSupport.firePropertyChange(PropertyChangeSupport.java:268) ~[?:?]
	at com.st.microxplorer.util.MXPropertyChangeSupport.firePropertyChange(MXPropertyChangeSupport.java:54) ~[STM32CubeMX.jar:?]
	at com.st.microxplorer.mxsystem.MxSystem.closeConfig(MxSystem.java:899) ~[STM32CubeMX.jar:?]
	at com.st.microxplorer.maingui.MainPanel.closeConfig(MainPanel.java:792) ~[STM32CubeMX.jar:?]
	at com.st.microxplorer.plugins.filemanager.engine.OpenFileManager.loadConfigurationFile(OpenFileManager.java:288) ~[filemanager.jar:?]
	at com.st.microxplorer.plugins.filemanager.engine.MainFileManager.userLoadConfig(MainFileManager.java:364) ~[filemanager.jar:?]
	at com.st.microxplorer.plugins.filemanager.engine.MainFileManager.userLoadConfig(MainFileManager.java:342) ~[filemanager.jar:?]
	at com.st.microxplorer.plugins.filemanager.FileManagerView.getSpecificTask(FileManagerView.java:264) ~[filemanager.jar:?]
	at com.st.stm32cube.common.mx.editor.CubeMxEditor.getMxTabbedPaneInstance(CubeMxEditor.java:1198) ~[com.st.stm32cube.common.mx_6.15.0.202507011659/:?]
	at com.st.stm32cube.common.mx.editor.CubeMxEditor$12$1.createSwingComponent(CubeMxEditor.java:1068) ~[com.st.stm32cube.common.mx_6.15.0.202507011659/:?]
	at com.st.stm32cube.common.mx.oss.core.awtswtbridge.EmbeddedSwingComposite.doComponentCreation(EmbeddedSwingComposite.java:492) ~[com.st.stm32cube.common.mx.oss_6.15.0.202507011659/:?]
	at com.st.stm32cube.common.mx.oss.core.awtswtbridge.EmbeddedSwingComposite$4.run(EmbeddedSwingComposite.java:291) ~[com.st.stm32cube.common.mx.oss_6.15.0.202507011659/:?]
	at com.st.stm32cube.common.mx.oss.core.awtswtbridge.AwtEnvironment$2.run(AwtEnvironment.java:166) ~[com.st.stm32cube.common.mx.oss_6.15.0.202507011659/:?]
	at java.awt.event.InvocationEvent.dispatch(InvocationEvent.java:318) ~[?:?]
	at java.awt.EventQueue.dispatchEventImpl(EventQueue.java:773) ~[?:?]
	at java.awt.EventQueue$4.run(EventQueue.java:720) ~[?:?]
	at java.awt.EventQueue$4.run(EventQueue.java:714) ~[?:?]
	at java.security.AccessController.doPrivileged(AccessController.java:400) ~[?:?]
	at java.security.ProtectionDomain$JavaSecurityAccessImpl.doIntersectionPrivilege(ProtectionDomain.java:87) ~[?:?]
	at java.awt.EventQueue.dispatchEvent(EventQueue.java:742) ~[?:?]
	at java.awt.EventDispatchThread.pumpOneEventForFilters(EventDispatchThread.java:203) ~[?:?]
	at java.awt.EventDispatchThread.pumpEventsForFilter(EventDispatchThread.java:124) ~[?:?]
	at java.awt.EventDispatchThread.pumpEventsForHierarchy(EventDispatchThread.java:113) ~[?:?]
	at java.awt.EventDispatchThread.pumpEvents(EventDispatchThread.java:109) ~[?:?]
	at java.awt.EventDispatchThread.pumpEvents(EventDispatchThread.java:101) ~[?:?]
	at java.awt.EventDispatchThread.run(EventDispatchThread.java:90) ~[?:?]
2025-10-19 16:40:50,070 [WARN] ThirdParty:871 - waiting for thirdparty lock release [close project]
2025-10-19 16:40:50,070 [INFO] ThirdParty:873 - entering critical section [close project]
2025-10-19 16:40:50,070 [INFO] ThirdParty:883 - exiting critical section [close project]
2025-10-19 16:40:50,071 [INFO] PinOutPanel:1589 - setPackage(No Configuration,No Configuration)
2025-10-19 16:40:50,075 [INFO] UtilMem:75 - Begin LoadConfig() Used Memory: 457520072 Bytes (717225984)
2025-10-19 16:40:50,076 [INFO] MicroXplorer:468 - Change Database Path : 
2025-10-19 16:40:50,076 [INFO] MicroXplorer:498 - Change Database Version : DB.6.0.150
2025-10-19 16:40:50,076 [INFO] OpenFileManager:355 - Change cursor
2025-10-19 16:40:50,085 [INFO] Mcu:2029 - Initializing MCU STM32F103C(8-B)Tx STM32F103C8Tx STM32F103C8T6
2025-10-19 16:40:58,346 [INFO] Context:786 - Trying to add GPIOservice into a context  which must be forbidden
2025-10-19 16:40:58,422 [INFO] ImportTextPane:234 - (OptionalMessage_ERROR) Pin10 (VP_RIF_VS_RIF1) cannot be retrieved for this MCU
2025-10-19 16:40:58,438 [INFO] RtosManager:558 - Registered RTOS mode: class=CMSIS, group=RTOS, mode=CMSIS_V1, owner=FREERTOS
2025-10-19 16:40:58,438 [INFO] RtosManager:558 - Registered RTOS mode: class=CMSIS, group=RTOS2, mode=CMSIS_V2, owner=FREERTOS
2025-10-19 16:40:58,438 [INFO] RtosManager:558 - Registered RTOS mode: class=RTOS, group=Core, mode=CMSIS_V1, owner=FREERTOS
2025-10-19 16:40:58,438 [INFO] RtosManager:558 - Registered RTOS mode: class=RTOS, group=Core, mode=CMSIS_V2, owner=FREERTOS
2025-10-19 16:40:58,439 [WARN] ModelIntegratedComponent:184 - Missing modes for component STMicroelectronics:FreeRTOS:0.0.1:STMicroelectronics:RTOS:FreeRTOS:Core:::10.2.0:
2025-10-19 16:40:58,448 [WARN] ModelIntegratedComponent:63 - No mode defined for component null
2025-10-19 16:40:58,448 [WARN] ModelIntegratedComponent:63 - No mode defined for component null
2025-10-19 16:40:58,448 [WARN] ModelIntegratedComponent:63 - No mode defined for component null
2025-10-19 16:40:58,448 [WARN] ModelIntegratedComponent:63 - No mode defined for component null
2025-10-19 16:40:58,448 [WARN] ModelIntegratedComponent:63 - No mode defined for component null
2025-10-19 16:40:58,448 [WARN] ModelIntegratedComponent:63 - No mode defined for component null
2025-10-19 16:40:58,448 [WARN] ModelIntegratedComponent:63 - No mode defined for component null
2025-10-19 16:40:58,448 [WARN] ModelIntegratedComponent:63 - No mode defined for component null
2025-10-19 16:40:58,448 [WARN] ModelIntegratedComponent:63 - No mode defined for component null
2025-10-19 16:40:58,449 [WARN] ModelIntegratedComponent:63 - No mode defined for component null
2025-10-19 16:40:58,449 [WARN] ModelIntegratedComponent:63 - No mode defined for component null
2025-10-19 16:40:58,449 [WARN] ModelIntegratedComponent:63 - No mode defined for component null
2025-10-19 16:40:58,449 [WARN] ModelIntegratedComponent:63 - No mode defined for component null
2025-10-19 16:40:58,449 [WARN] ModelIntegratedComponent:63 - No mode defined for component null
2025-10-19 16:40:58,449 [WARN] ModelIntegratedComponent:63 - No mode defined for component null
2025-10-19 16:40:58,449 [WARN] ModelIntegratedComponent:63 - No mode defined for component null
2025-10-19 16:40:58,449 [WARN] ModelIntegratedComponent:63 - No mode defined for component null
2025-10-19 16:40:58,449 [WARN] ModelIntegratedComponent:63 - No mode defined for component null
2025-10-19 16:40:58,449 [WARN] ModelIntegratedComponent:63 - No mode defined for component null
2025-10-19 16:40:58,449 [WARN] ModelIntegratedComponent:63 - No mode defined for component null
2025-10-19 16:40:58,449 [WARN] ModelIntegratedComponent:63 - No mode defined for component null
2025-10-19 16:40:58,449 [WARN] ModelIntegratedComponent:63 - No mode defined for component null
2025-10-19 16:40:58,449 [WARN] ModelIntegratedComponent:63 - No mode defined for component null
2025-10-19 16:40:58,449 [WARN] ModelIntegratedComponent:63 - No mode defined for component null
2025-10-19 16:40:58,449 [WARN] ModelIntegratedComponent:63 - No mode defined for component null
2025-10-19 16:40:58,449 [WARN] ModelIntegratedComponent:63 - No mode defined for component null
2025-10-19 16:40:58,449 [WARN] ModelIntegratedComponent:63 - No mode defined for component null
2025-10-19 16:40:58,449 [WARN] ModelIntegratedComponent:63 - No mode defined for component null
2025-10-19 16:40:58,449 [WARN] ModelIntegratedComponent:63 - No mode defined for component null
2025-10-19 16:40:58,449 [WARN] ModelIntegratedComponent:63 - No mode defined for component null
2025-10-19 16:40:58,449 [WARN] ModelIntegratedComponent:63 - No mode defined for component null
2025-10-19 16:40:58,450 [WARN] ModelIntegratedComponent:63 - No mode defined for component null
2025-10-19 16:40:58,450 [WARN] ModelIntegratedComponent:63 - No mode defined for component null
2025-10-19 16:40:58,450 [WARN] ModelIntegratedComponent:63 - No mode defined for component null
2025-10-19 16:40:58,450 [WARN] ModelIntegratedComponent:63 - No mode defined for component null
2025-10-19 16:40:58,450 [WARN] ModelPack:524 - Component already loaded: STMicroelectronics:HAL Drivers:0.0.0:STMicroelectronics:Device:STMicro_Driver:XSPI:HAL::0.0.1:HAL_XSPI
2025-10-19 16:40:58,529 [INFO] ThirdPartyModel:298 - Start build external matchings
2025-10-19 16:40:59,039 [INFO] ThirdPartyModel:316 - End build external matchings
2025-10-19 16:40:59,048 [INFO] ImportTextPane:234 - (OptionalMessage_ERROR) IP (RCC) : Invalid parameter (FamilyName)
2025-10-19 16:40:59,048 [INFO] ImportTextPane:234 - (OptionalMessage_ERROR) IP (RCC) : Parameter (USBFreq_Value) has invalid value (16000000)
2025-10-19 16:40:59,311 [INFO] UtilMem:75 - End LoadConfig() Used Memory: 472302840 Bytes (717225984)
2025-10-19 16:40:59,341 [WARN] ThirdParty:833 - waiting for thirdparty lock release [change project]
2025-10-19 16:40:59,341 [INFO] ThirdParty:835 - entering critical section [change project]
2025-10-19 16:40:59,341 [INFO] ThirdParty:1030 - CMSIS Pack Vendor :STMicroelectronics X-CUBE-PM33A1 1.0.0
2025-10-19 16:40:59,341 [INFO] ThirdParty:1030 - CMSIS Pack Vendor :STMicroelectronics USBPD 4.1
2025-10-19 16:40:59,341 [INFO] ThirdParty:1030 - CMSIS Pack Vendor :STMicroelectronics X-CUBE-NFC9 1.0.0
2025-10-19 16:40:59,341 [INFO] ThirdParty:1030 - CMSIS Pack Vendor :STMicroelectronics USB_HOST 2.0.0
2025-10-19 16:40:59,341 [INFO] ThirdParty:1030 - CMSIS Pack Vendor :STMicroelectronics FP-SNS-MOTENVWB1 1.4.0
2025-10-19 16:40:59,341 [INFO] ThirdParty:1030 - CMSIS Pack Vendor :STMicroelectronics X-CUBE-AZRTOS-F4 1.1.0
2025-10-19 16:40:59,341 [INFO] ThirdParty:1030 - CMSIS Pack Vendor :STMicroelectronics LIBJPEG 8.0.0
2025-10-19 16:40:59,341 [INFO] ThirdParty:1030 - CMSIS Pack Vendor :STMicroelectronics FP-ATR-ASTRA1 2.0.2
2025-10-19 16:40:59,341 [INFO] ThirdParty:1030 - CMSIS Pack Vendor :STMicroelectronics X-CUBE-BLE1 7.1.0
2025-10-19 16:40:59,341 [INFO] ThirdParty:1030 - CMSIS Pack Vendor :STMicroelectronics X-CUBE-SMBUS 2.1.0
2025-10-19 16:40:59,341 [INFO] ThirdParty:1030 - CMSIS Pack Vendor :STMicroelectronics USB_DEVICE 3.0.0
2025-10-19 16:40:59,341 [INFO] ThirdParty:1030 - CMSIS Pack Vendor :STMicroelectronics X-CUBE-ISPU 2.1.0
2025-10-19 16:40:59,341 [INFO] ThirdParty:1030 - CMSIS Pack Vendor :STMicroelectronics X-CUBE-EEPRMA1 5.2.0
2025-10-19 16:40:59,341 [INFO] ThirdParty:1030 - CMSIS Pack Vendor :STMicroelectronics X-CUBE-IPS 3.2.0
2025-10-19 16:40:59,341 [INFO] ThirdParty:1030 - CMSIS Pack Vendor :STMicroelectronics X-CUBE-BLEMGR 4.1.0
2025-10-19 16:40:59,341 [INFO] ThirdParty:1030 - CMSIS Pack Vendor :STMicroelectronics X-CUBE-AZRTOS-WB 2.0.0
2025-10-19 16:40:59,341 [INFO] ThirdParty:1030 - CMSIS Pack Vendor :STMicroelectronics X-CUBE-ST60 1.0.0
2025-10-19 16:40:59,341 [INFO] ThirdParty:1030 - CMSIS Pack Vendor :STMicroelectronics X-CUBE-GNSS1 7.0.1
2025-10-19 16:40:59,341 [INFO] ThirdParty:1030 - CMSIS Pack Vendor :STMicroelectronics X-CUBE-NFC12 1.0.0
2025-10-19 16:40:59,341 [INFO] ThirdParty:1030 - CMSIS Pack Vendor :STMicroelectronics X-CUBE-AZRTOS-F7 1.1.0
2025-10-19 16:40:59,341 [INFO] ThirdParty:1030 - CMSIS Pack Vendor :STMicroelectronics X-CUBE-AZRTOS-L5 2.0.0
2025-10-19 16:40:59,341 [INFO] ThirdParty:1030 - CMSIS Pack Vendor :STMicroelectronics X-CUBE-TOUCHGFX 4.25.0
2025-10-19 16:40:59,341 [INFO] ThirdParty:1030 - CMSIS Pack Vendor :STMicroelectronics USB_DEVICE 2.0.0
2025-10-19 16:40:59,341 [INFO] ThirdParty:1030 - CMSIS Pack Vendor :STMicroelectronics X-CUBE-NFC6 3.1.0
2025-10-19 16:40:59,341 [INFO] ThirdParty:1030 - CMSIS Pack Vendor :STMicroelectronics X-CUBE-ST67W61 1.1.0
2025-10-19 16:40:59,341 [INFO] ThirdParty:1030 - CMSIS Pack Vendor :Cesanta I-CUBE-Mongoose 7.19.0
2025-10-19 16:40:59,341 [INFO] ThirdParty:1030 - CMSIS Pack Vendor :quantropi X-CUBE-qispace-sdk-base 2.1.0
2025-10-19 16:40:59,341 [INFO] ThirdParty:1030 - CMSIS Pack Vendor :STMicroelectronics FreeRTOS 0.0.1
2025-10-19 16:40:59,341 [INFO] ThirdParty:1030 - CMSIS Pack Vendor :STMicroelectronics X-CUBE-AZRTOS-G0 1.1.0
2025-10-19 16:40:59,341 [INFO] ThirdParty:1030 - CMSIS Pack Vendor :STMicroelectronics X-CUBE-SAFEA1 1.2.2
2025-10-19 16:40:59,341 [INFO] ThirdParty:1030 - CMSIS Pack Vendor :STMicroelectronics X-CUBE-NFC4 3.0.0
2025-10-19 16:40:59,341 [INFO] ThirdParty:1030 - CMSIS Pack Vendor :STMicroelectronics X-CUBE-SUBG2 5.0.0
2025-10-19 16:40:59,341 [INFO] ThirdParty:1030 - CMSIS Pack Vendor :STMicroelectronics X-CUBE-AZRTOS-H7RS 1.1.0
2025-10-19 16:40:59,341 [INFO] ThirdParty:1030 - CMSIS Pack Vendor :STMicroelectronics STM32_WPAN 1.0.0
2025-10-19 16:40:59,341 [INFO] ThirdParty:1030 - CMSIS Pack Vendor :EmbeddedOffice I-CUBE-FS-RTOS 1.0.1
2025-10-19 16:40:59,341 [INFO] ThirdParty:1030 - CMSIS Pack Vendor :STMicroelectronics lwIP 2.0.3
2025-10-19 16:40:59,341 [INFO] ThirdParty:1030 - CMSIS Pack Vendor :STMicroelectronics USB_HOST 1.0.0
2025-10-19 16:40:59,341 [INFO] ThirdParty:1030 - CMSIS Pack Vendor :Infineon AIROC-Wi-Fi-Bluetooth-STM32 1.7.1
2025-10-19 16:40:59,341 [INFO] ThirdParty:1030 - CMSIS Pack Vendor :STMicroelectronics X-CUBE-AZRTOS-G4 2.0.0
2025-10-19 16:40:59,341 [INFO] ThirdParty:1030 - CMSIS Pack Vendor :STMicroelectronics X-CUBE-WB05N 2.0.0
2025-10-19 16:40:59,341 [INFO] ThirdParty:1030 - CMSIS Pack Vendor :STMicroelectronics PDM2PCM 3.1.0
2025-10-19 16:40:59,341 [INFO] ThirdParty:1030 - CMSIS Pack Vendor :STMicroelectronics PDM2PCM 3.3.0
2025-10-19 16:40:59,341 [INFO] ThirdParty:1030 - CMSIS Pack Vendor :STMicroelectronics X-CUBE-AZRTOS-H7 3.4.0
2025-10-19 16:40:59,341 [INFO] ThirdParty:1030 - CMSIS Pack Vendor :STMicroelectronics X-CUBE-DISPLAY 3.0.0
2025-10-19 16:40:59,341 [INFO] ThirdParty:1030 - CMSIS Pack Vendor :STMicroelectronics X-CUBE-NFC7 2.0.0
2025-10-19 16:40:59,341 [INFO] ThirdParty:1030 - CMSIS Pack Vendor :STMicroelectronics X-CUBE-TCPP 4.2.0
2025-10-19 16:40:59,341 [INFO] ThirdParty:1030 - CMSIS Pack Vendor :RealThread X-CUBE-RT-Thread_Nano 4.1.1
2025-10-19 16:40:59,341 [INFO] ThirdParty:1030 - CMSIS Pack Vendor :STMicroelectronics FP-ATR-SIGFOX1 3.2.0
2025-10-19 16:40:59,341 [INFO] ThirdParty:1030 - CMSIS Pack Vendor :STMicroelectronics X-CUBE-NFC10 1.0.0
2025-10-19 16:40:59,341 [INFO] ThirdParty:1030 - CMSIS Pack Vendor :STMicroelectronics X-CUBE-FREERTOS 1.3.1
2025-10-19 16:40:59,341 [INFO] ThirdParty:1030 - CMSIS Pack Vendor :STMicroelectronics HAL Drivers 0.0.0
2025-10-19 16:40:59,341 [INFO] ThirdParty:1030 - CMSIS Pack Vendor :STMicroelectronics MBEDTLS 2.16.2
2025-10-19 16:40:59,341 [INFO] ThirdParty:1030 - CMSIS Pack Vendor :STMicroelectronics X-CUBE-ST60 1.1.0
2025-10-19 16:40:59,341 [INFO] ThirdParty:1030 - CMSIS Pack Vendor :STMicroelectronics X-CUBE-IPS 3.1.0
2025-10-19 16:40:59,341 [INFO] ThirdParty:1030 - CMSIS Pack Vendor :STMicroelectronics X-CUBE-ALS 1.0.2
2025-10-19 16:40:59,341 [INFO] ThirdParty:1030 - CMSIS Pack Vendor :emotas I-CUBE-CANOPEN 1.3.0
2025-10-19 16:40:59,341 [INFO] ThirdParty:1030 - CMSIS Pack Vendor :STMicroelectronics MBEDTLS 2.14.1
2025-10-19 16:40:59,341 [INFO] ThirdParty:1030 - CMSIS Pack Vendor :ITTIA_DB I-CUBE-ITTIADB 8.9.0
2025-10-19 16:40:59,341 [INFO] ThirdParty:1030 - CMSIS Pack Vendor :STMicroelectronics X-CUBE-TOUCHGFX 4.26.0
2025-10-19 16:40:59,341 [INFO] ThirdParty:1030 - CMSIS Pack Vendor :STMicroelectronics X-CUBE-STSE01 1.0.0
2025-10-19 16:40:59,341 [INFO] ThirdParty:1030 - CMSIS Pack Vendor :STMicroelectronics X-CUBE-ST67W61 1.0.0
2025-10-19 16:40:59,341 [INFO] ThirdParty:1030 - CMSIS Pack Vendor :STMicroelectronics FP-SNS-STBOX1 2.1.0
2025-10-19 16:40:59,341 [INFO] ThirdParty:1030 - CMSIS Pack Vendor :STMicroelectronics X-CUBE-AI 10.2.0
2025-10-19 16:40:59,341 [INFO] ThirdParty:1030 - CMSIS Pack Vendor :STMicroelectronics FP-SNS-STAIOTCFT 1.0.0
2025-10-19 16:40:59,341 [INFO] ThirdParty:1030 - CMSIS Pack Vendor :STMicroelectronics ThreadX 1.0.0
2025-10-19 16:40:59,341 [INFO] ThirdParty:1030 - CMSIS Pack Vendor :STMicroelectronics FP-SNS-SMARTAG2 1.2.0
2025-10-19 16:40:59,341 [INFO] ThirdParty:1030 - CMSIS Pack Vendor :STMicroelectronics FP-SNS-FLIGHT1 5.1.0
2025-10-19 16:40:59,341 [INFO] ThirdParty:1030 - CMSIS Pack Vendor :STMicroelectronics X-CUBE-AZRTOS-WL 2.0.0
2025-10-19 16:40:59,341 [INFO] ThirdParty:1030 - CMSIS Pack Vendor :SEGGER I-CUBE-embOS 1.3.1
2025-10-19 16:40:59,341 [INFO] ThirdParty:1030 - CMSIS Pack Vendor :STMicroelectronics X-CUBE-ALGOBUILD 1.4.0
2025-10-19 16:40:59,341 [INFO] ThirdParty:1030 - CMSIS Pack Vendor :STMicroelectronics X-CUBE-DPower 1.3.0
2025-10-19 16:40:59,341 [INFO] ThirdParty:1030 - CMSIS Pack Vendor :STMicroelectronics X-CUBE-MEMS1 11.3.0
2025-10-19 16:40:59,341 [INFO] ThirdParty:1030 - CMSIS Pack Vendor :STMicroelectronics FP-SNS-MOTENV1 5.0.0
2025-10-19 16:40:59,341 [INFO] ThirdParty:1030 - CMSIS Pack Vendor :STMicroelectronics USB_DEVICE 1.0.0
2025-10-19 16:40:59,341 [INFO] ThirdParty:1030 - CMSIS Pack Vendor :STMicroelectronics X-CUBE-AZRTOS-L4 2.0.0
2025-10-19 16:40:59,341 [INFO] ThirdParty:1030 - CMSIS Pack Vendor :STMicroelectronics ThreadX 0.0.2
2025-10-19 16:40:59,342 [INFO] ThirdParty:1030 - CMSIS Pack Vendor :WES I-CUBE-Cesium 1.3.0
2025-10-19 16:40:59,342 [INFO] ThirdParty:1030 - CMSIS Pack Vendor :STMicroelectronics lwIP 2.1.2
2025-10-19 16:40:59,342 [INFO] ThirdParty:1030 - CMSIS Pack Vendor :STMicroelectronics X-CUBE-SFXS2LP1 4.0.0
2025-10-19 16:40:59,342 [INFO] ThirdParty:1030 - CMSIS Pack Vendor :STMicroelectronics X-CUBE-BLE2 3.3.0
2025-10-19 16:40:59,342 [INFO] ThirdParty:1030 - CMSIS Pack Vendor :STMicroelectronics X-CUBE-TOF1 3.4.3
2025-10-19 16:40:59,342 [INFO] ThirdParty:1030 - CMSIS Pack Vendor :STMicroelectronics PDM2PCM 3.2.0
2025-10-19 16:40:59,342 [INFO] ThirdParty:841 - exiting critical section [change project]
2025-10-19 16:40:59,501 [INFO] PinOutPanel:1589 - setPackage(No Configuration,No Configuration)
2025-10-19 16:40:59,502 [INFO] PinOutPanel:1589 - setPackage(STM32F103C8Tx,LQFP48)
2025-10-19 16:41:00,516 [INFO] UtilMem:75 - Before build in PCC Used Memory: 277862232 Bytes (717225984)
2025-10-19 16:41:00,947 [INFO] UtilMem:75 - After build in PCC Used Memory: 319805272 Bytes (717225984)
2025-10-19 16:41:00,961 [INFO] IPUIPlugin:80 - create IPUIPlugin
2025-10-19 16:41:00,961 [INFO] IPUIPlugin:80 - create IPUIPlugin
2025-10-19 16:41:00,961 [INFO] IPUIPlugin:80 - create IPUIPlugin
2025-10-19 16:41:00,961 [INFO] IPUIPlugin:80 - create IPUIPlugin
2025-10-19 16:41:00,961 [INFO] IPUIPlugin:80 - create IPUIPlugin
2025-10-19 16:41:00,961 [INFO] IPUIPlugin:80 - create IPUIPlugin
2025-10-19 16:41:00,961 [INFO] IPUIPlugin:80 - create IPUIPlugin
2025-10-19 16:41:00,961 [INFO] IPUIPlugin:80 - create IPUIPlugin
2025-10-19 16:41:00,962 [INFO] IPUIPlugin:80 - create IPUIPlugin
2025-10-19 16:41:00,962 [INFO] IPUIPlugin:80 - create IPUIPlugin
2025-10-19 16:41:00,962 [INFO] IPUIPlugin:80 - create IPUIPlugin
2025-10-19 16:41:00,962 [INFO] IPUIPlugin:80 - create IPUIPlugin
2025-10-19 16:41:00,962 [INFO] IPUIPlugin:80 - create IPUIPlugin
2025-10-19 16:41:00,962 [INFO] IPUIPlugin:80 - create IPUIPlugin
2025-10-19 16:41:00,962 [INFO] IPUIPlugin:80 - create IPUIPlugin
2025-10-19 16:41:00,962 [INFO] IPUIPlugin:80 - create IPUIPlugin
2025-10-19 16:41:00,962 [INFO] IPUIPlugin:80 - create IPUIPlugin
2025-10-19 16:41:00,962 [INFO] IPUIPlugin:80 - create IPUIPlugin
2025-10-19 16:41:00,962 [INFO] IPUIPlugin:80 - create IPUIPlugin
2025-10-19 16:41:00,962 [INFO] IPUIPlugin:80 - create IPUIPlugin
2025-10-19 16:41:00,963 [INFO] IPUIPlugin:80 - create IPUIPlugin
2025-10-19 16:41:00,963 [INFO] IPUIPlugin:80 - create IPUIPlugin
2025-10-19 16:41:00,963 [INFO] IPUIPlugin:80 - create IPUIPlugin
2025-10-19 16:41:00,963 [INFO] IPUIPlugin:80 - create IPUIPlugin
2025-10-19 16:41:00,963 [INFO] IPUIPlugin:80 - create IPUIPlugin
2025-10-19 16:41:00,963 [INFO] IPUIPlugin:80 - create IPUIPlugin
2025-10-19 16:41:00,963 [INFO] IPUIPlugin:80 - create IPUIPlugin
2025-10-19 16:41:00,964 [WARN] IP:2250 - I2C_Coeff_DF not found: check if there is a RefParameter without a condition.
2025-10-19 16:41:00,964 [WARN] IP:2250 - Analog_Filter not found: check if there is a RefParameter without a condition.
2025-10-19 16:41:01,013 [INFO] CADModel:165 - CPN selected for project levelSTM32F103C8T6
2025-10-19 16:41:01,013 [INFO] CADModel:114 - Register for checkConnection events
2025-10-19 16:41:01,070 [INFO] OpenFileManager:386 - Restore cursor
2025-10-19 16:41:01,151 [WARN] IP:2250 - I2C_Coeff_DF not found: check if there is a RefParameter without a condition.
2025-10-19 16:41:01,151 [WARN] IP:2250 - Analog_Filter not found: check if there is a RefParameter without a condition.
2025-10-19 16:41:01,151 [WARN] IP:2250 - I2C_Coeff_DF not found: check if there is a RefParameter without a condition.
2025-10-19 16:41:01,151 [WARN] IP:2250 - Analog_Filter not found: check if there is a RefParameter without a condition.
2025-10-19 16:41:10,013 [INFO] MainUpdater:2872 - connection check result : 10
2025-10-19 16:41:10,013 [INFO] MainUpdater:2872 - connection check result : 10
2025-10-19 16:41:11,924 [INFO] MicroXplorer:468 - Change Database Path : 
2025-10-19 16:41:11,924 [INFO] MicroXplorer:498 - Change Database Version : DB.6.0.150
2025-10-19 16:41:11,939 [ERROR] ProjectManagerView:395 - 
java.lang.NullPointerException: Cannot invoke "javax.swing.JTextField.getText()" because the return value of "java.util.List.get(int)" is null
	at com.st.microxplorer.plugins.projectmanager.gui.ProjectChoiceTab$9.caretUpdate(ProjectChoiceTab.java:2706) ~[filemanager.jar:?]
	at javax.swing.text.JTextComponent.fireCaretUpdate(JTextComponent.java:408) ~[?:?]
	at javax.swing.text.JTextComponent$MutableCaretEvent.fire(JTextComponent.java:4484) ~[?:?]
	at javax.swing.text.JTextComponent$MutableCaretEvent.stateChanged(JTextComponent.java:4506) ~[?:?]
	at javax.swing.text.DefaultCaret.fireStateChanged(DefaultCaret.java:857) ~[?:?]
	at javax.swing.text.DefaultCaret.changeCaretPosition(DefaultCaret.java:1343) ~[?:?]
	at javax.swing.text.DefaultCaret.handleSetDot(DefaultCaret.java:1242) ~[?:?]
	at javax.swing.text.DefaultCaret.setDot(DefaultCaret.java:1223) ~[?:?]
	at javax.swing.text.DefaultCaret$Handler.insertUpdate(DefaultCaret.java:1819) ~[?:?]
	at javax.swing.text.AbstractDocument.fireInsertUpdate(AbstractDocument.java:227) ~[?:?]
	at javax.swing.text.AbstractDocument.handleInsertString(AbstractDocument.java:781) ~[?:?]
	at javax.swing.text.AbstractDocument.insertString(AbstractDocument.java:740) ~[?:?]
	at javax.swing.text.PlainDocument.insertString(PlainDocument.java:131) ~[?:?]
	at javax.swing.text.AbstractDocument.replace(AbstractDocument.java:699) ~[?:?]
	at javax.swing.text.JTextComponent.setText(JTextComponent.java:1725) ~[?:?]
	at com.st.microxplorer.plugins.projectmanager.gui.ProjectChoiceTab.createHeapStackFields(ProjectChoiceTab.java:993) ~[filemanager.jar:?]
	at com.st.microxplorer.plugins.projectmanager.gui.ProjectChoiceTab.buildLinkSettingsPanel(ProjectChoiceTab.java:3813) ~[filemanager.jar:?]
	at com.st.microxplorer.plugins.projectmanager.gui.ProjectChoiceTab.defineWindowsFields(ProjectChoiceTab.java:1987) ~[filemanager.jar:?]
	at com.st.microxplorer.plugins.projectmanager.gui.ProjectChoiceTab.updateSettings(ProjectChoiceTab.java:558) ~[filemanager.jar:?]
	at com.st.microxplorer.plugins.projectmanager.gui.ProjectSettingsPanel.UpdateDialog(ProjectSettingsPanel.java:247) ~[filemanager.jar:?]
	at com.st.microxplorer.plugins.projectmanager.ProjectManagerView.propertyChange(ProjectManagerView.java:392) ~[filemanager.jar:?]
	at java.beans.PropertyChangeSupport.fire(PropertyChangeSupport.java:343) ~[?:?]
	at java.beans.PropertyChangeSupport.firePropertyChange(PropertyChangeSupport.java:335) ~[?:?]
	at java.beans.PropertyChangeSupport.firePropertyChange(PropertyChangeSupport.java:268) ~[?:?]
	at com.st.microxplorer.util.MXPropertyChangeSupport.firePropertyChange(MXPropertyChangeSupport.java:54) ~[STM32CubeMX.jar:?]
	at com.st.microxplorer.mxsystem.MxSystem.closeConfig(MxSystem.java:899) ~[STM32CubeMX.jar:?]
	at com.st.microxplorer.maingui.MainPanel.closeConfig(MainPanel.java:792) ~[STM32CubeMX.jar:?]
	at com.st.microxplorer.plugins.filemanager.engine.OpenFileManager.loadConfigurationFile(OpenFileManager.java:288) ~[filemanager.jar:?]
	at com.st.microxplorer.plugins.filemanager.engine.MainFileManager.userLoadConfig(MainFileManager.java:364) ~[filemanager.jar:?]
	at com.st.microxplorer.plugins.filemanager.engine.MainFileManager.userLoadConfig(MainFileManager.java:342) ~[filemanager.jar:?]
	at com.st.microxplorer.plugins.filemanager.FileManagerView.getSpecificTask(FileManagerView.java:264) ~[filemanager.jar:?]
	at com.st.stm32cube.common.mx.editor.CubeMxEditor.getMxTabbedPaneInstance(CubeMxEditor.java:1198) ~[com.st.stm32cube.common.mx_6.15.0.202507011659/:?]
	at com.st.stm32cube.common.mx.editor.CubeMxEditor$12$1.createSwingComponent(CubeMxEditor.java:1068) ~[com.st.stm32cube.common.mx_6.15.0.202507011659/:?]
	at com.st.stm32cube.common.mx.oss.core.awtswtbridge.EmbeddedSwingComposite.doComponentCreation(EmbeddedSwingComposite.java:492) ~[com.st.stm32cube.common.mx.oss_6.15.0.202507011659/:?]
	at com.st.stm32cube.common.mx.oss.core.awtswtbridge.EmbeddedSwingComposite$4.run(EmbeddedSwingComposite.java:291) ~[com.st.stm32cube.common.mx.oss_6.15.0.202507011659/:?]
	at com.st.stm32cube.common.mx.oss.core.awtswtbridge.AwtEnvironment$2.run(AwtEnvironment.java:166) ~[com.st.stm32cube.common.mx.oss_6.15.0.202507011659/:?]
	at java.awt.event.InvocationEvent.dispatch(InvocationEvent.java:318) ~[?:?]
	at java.awt.EventQueue.dispatchEventImpl(EventQueue.java:773) ~[?:?]
	at java.awt.EventQueue$4.run(EventQueue.java:720) ~[?:?]
	at java.awt.EventQueue$4.run(EventQueue.java:714) ~[?:?]
	at java.security.AccessController.doPrivileged(AccessController.java:400) ~[?:?]
	at java.security.ProtectionDomain$JavaSecurityAccessImpl.doIntersectionPrivilege(ProtectionDomain.java:87) ~[?:?]
	at java.awt.EventQueue.dispatchEvent(EventQueue.java:742) ~[?:?]
	at java.awt.EventDispatchThread.pumpOneEventForFilters(EventDispatchThread.java:203) ~[?:?]
	at java.awt.EventDispatchThread.pumpEventsForFilter(EventDispatchThread.java:124) ~[?:?]
	at java.awt.EventDispatchThread.pumpEventsForHierarchy(EventDispatchThread.java:113) ~[?:?]
	at java.awt.EventDispatchThread.pumpEvents(EventDispatchThread.java:109) ~[?:?]
	at java.awt.EventDispatchThread.pumpEvents(EventDispatchThread.java:101) ~[?:?]
	at java.awt.EventDispatchThread.run(EventDispatchThread.java:90) ~[?:?]
2025-10-19 16:41:11,945 [WARN] ThirdParty:871 - waiting for thirdparty lock release [close project]
2025-10-19 16:41:11,945 [INFO] ThirdParty:873 - entering critical section [close project]
2025-10-19 16:41:11,945 [INFO] ThirdParty:883 - exiting critical section [close project]
2025-10-19 16:41:11,946 [INFO] PinOutPanel:1589 - setPackage(No Configuration,No Configuration)
2025-10-19 16:41:11,949 [INFO] UtilMem:75 - Begin LoadConfig() Used Memory: 547925920 Bytes (717225984)
2025-10-19 16:41:11,951 [INFO] MicroXplorer:468 - Change Database Path : 
2025-10-19 16:41:11,951 [INFO] MicroXplorer:498 - Change Database Version : DB.6.0.150
2025-10-19 16:41:11,951 [INFO] OpenFileManager:355 - Change cursor
2025-10-19 16:41:11,999 [INFO] Mcu:2029 - Initializing MCU STM32F103C(8-B)Tx STM32F103C8Tx STM32F103C8T6
2025-10-19 16:41:18,940 [INFO] Context:786 - Trying to add GPIOservice into a context  which must be forbidden
2025-10-19 16:41:19,032 [INFO] ImportTextPane:234 - (OptionalMessage_ERROR) Pin8 (VP_RIF_VS_RIF1) cannot be retrieved for this MCU
2025-10-19 16:41:19,046 [INFO] RtosManager:558 - Registered RTOS mode: class=CMSIS, group=RTOS, mode=CMSIS_V1, owner=FREERTOS
2025-10-19 16:41:19,046 [INFO] RtosManager:558 - Registered RTOS mode: class=CMSIS, group=RTOS2, mode=CMSIS_V2, owner=FREERTOS
2025-10-19 16:41:19,046 [INFO] RtosManager:558 - Registered RTOS mode: class=RTOS, group=Core, mode=CMSIS_V1, owner=FREERTOS
2025-10-19 16:41:19,046 [INFO] RtosManager:558 - Registered RTOS mode: class=RTOS, group=Core, mode=CMSIS_V2, owner=FREERTOS
2025-10-19 16:41:19,046 [WARN] ModelIntegratedComponent:184 - Missing modes for component STMicroelectronics:FreeRTOS:0.0.1:STMicroelectronics:RTOS:FreeRTOS:Core:::10.2.0:
2025-10-19 16:41:19,056 [WARN] ModelIntegratedComponent:63 - No mode defined for component null
2025-10-19 16:41:19,056 [WARN] ModelIntegratedComponent:63 - No mode defined for component null
2025-10-19 16:41:19,056 [WARN] ModelIntegratedComponent:63 - No mode defined for component null
2025-10-19 16:41:19,056 [WARN] ModelIntegratedComponent:63 - No mode defined for component null
2025-10-19 16:41:19,056 [WARN] ModelIntegratedComponent:63 - No mode defined for component null
2025-10-19 16:41:19,059 [WARN] ModelIntegratedComponent:63 - No mode defined for component null
2025-10-19 16:41:19,059 [WARN] ModelIntegratedComponent:63 - No mode defined for component null
2025-10-19 16:41:19,059 [WARN] ModelIntegratedComponent:63 - No mode defined for component null
2025-10-19 16:41:19,059 [WARN] ModelIntegratedComponent:63 - No mode defined for component null
2025-10-19 16:41:19,059 [WARN] ModelIntegratedComponent:63 - No mode defined for component null
2025-10-19 16:41:19,059 [WARN] ModelIntegratedComponent:63 - No mode defined for component null
2025-10-19 16:41:19,059 [WARN] ModelIntegratedComponent:63 - No mode defined for component null
2025-10-19 16:41:19,059 [WARN] ModelIntegratedComponent:63 - No mode defined for component null
2025-10-19 16:41:19,059 [WARN] ModelIntegratedComponent:63 - No mode defined for component null
2025-10-19 16:41:19,059 [WARN] ModelIntegratedComponent:63 - No mode defined for component null
2025-10-19 16:41:19,059 [WARN] ModelIntegratedComponent:63 - No mode defined for component null
2025-10-19 16:41:19,059 [WARN] ModelIntegratedComponent:63 - No mode defined for component null
2025-10-19 16:41:19,059 [WARN] ModelIntegratedComponent:63 - No mode defined for component null
2025-10-19 16:41:19,059 [WARN] ModelIntegratedComponent:63 - No mode defined for component null
2025-10-19 16:41:19,059 [WARN] ModelIntegratedComponent:63 - No mode defined for component null
2025-10-19 16:41:19,059 [WARN] ModelIntegratedComponent:63 - No mode defined for component null
2025-10-19 16:41:19,059 [WARN] ModelIntegratedComponent:63 - No mode defined for component null
2025-10-19 16:41:19,059 [WARN] ModelIntegratedComponent:63 - No mode defined for component null
2025-10-19 16:41:19,059 [WARN] ModelIntegratedComponent:63 - No mode defined for component null
2025-10-19 16:41:19,059 [WARN] ModelIntegratedComponent:63 - No mode defined for component null
2025-10-19 16:41:19,059 [WARN] ModelIntegratedComponent:63 - No mode defined for component null
2025-10-19 16:41:19,060 [WARN] ModelIntegratedComponent:63 - No mode defined for component null
2025-10-19 16:41:19,060 [WARN] ModelIntegratedComponent:63 - No mode defined for component null
2025-10-19 16:41:19,060 [WARN] ModelIntegratedComponent:63 - No mode defined for component null
2025-10-19 16:41:19,060 [WARN] ModelIntegratedComponent:63 - No mode defined for component null
2025-10-19 16:41:19,060 [WARN] ModelIntegratedComponent:63 - No mode defined for component null
2025-10-19 16:41:19,060 [WARN] ModelIntegratedComponent:63 - No mode defined for component null
2025-10-19 16:41:19,060 [WARN] ModelIntegratedComponent:63 - No mode defined for component null
2025-10-19 16:41:19,060 [WARN] ModelIntegratedComponent:63 - No mode defined for component null
2025-10-19 16:41:19,060 [WARN] ModelIntegratedComponent:63 - No mode defined for component null
2025-10-19 16:41:19,060 [WARN] ModelPack:524 - Component already loaded: STMicroelectronics:HAL Drivers:0.0.0:STMicroelectronics:Device:STMicro_Driver:XSPI:HAL::0.0.1:HAL_XSPI
2025-10-19 16:41:19,796 [INFO] ThirdPartyModel:298 - Start build external matchings
2025-10-19 16:41:20,235 [INFO] ThirdPartyModel:316 - End build external matchings
2025-10-19 16:41:20,251 [INFO] ImportTextPane:234 - (OptionalMessage_ERROR) IP (RCC) : Invalid parameter (FamilyName)
2025-10-19 16:41:20,251 [INFO] ImportTextPane:234 - (OptionalMessage_ERROR) IP (RCC) : Parameter (USBFreq_Value) has invalid value (16000000)
2025-10-19 16:41:20,487 [INFO] UtilMem:75 - End LoadConfig() Used Memory: 565937960 Bytes (717225984)
2025-10-19 16:41:20,491 [WARN] ThirdParty:833 - waiting for thirdparty lock release [change project]
2025-10-19 16:41:20,491 [INFO] ThirdParty:835 - entering critical section [change project]
2025-10-19 16:41:20,491 [INFO] ThirdParty:1030 - CMSIS Pack Vendor :STMicroelectronics X-CUBE-PM33A1 1.0.0
2025-10-19 16:41:20,491 [INFO] ThirdParty:1030 - CMSIS Pack Vendor :STMicroelectronics USBPD 4.1
2025-10-19 16:41:20,491 [INFO] ThirdParty:1030 - CMSIS Pack Vendor :STMicroelectronics X-CUBE-NFC9 1.0.0
2025-10-19 16:41:20,491 [INFO] ThirdParty:1030 - CMSIS Pack Vendor :STMicroelectronics USB_HOST 2.0.0
2025-10-19 16:41:20,491 [INFO] ThirdParty:1030 - CMSIS Pack Vendor :STMicroelectronics FP-SNS-MOTENVWB1 1.4.0
2025-10-19 16:41:20,491 [INFO] ThirdParty:1030 - CMSIS Pack Vendor :STMicroelectronics X-CUBE-AZRTOS-F4 1.1.0
2025-10-19 16:41:20,491 [INFO] ThirdParty:1030 - CMSIS Pack Vendor :STMicroelectronics LIBJPEG 8.0.0
2025-10-19 16:41:20,491 [INFO] ThirdParty:1030 - CMSIS Pack Vendor :STMicroelectronics FP-ATR-ASTRA1 2.0.2
2025-10-19 16:41:20,491 [INFO] ThirdParty:1030 - CMSIS Pack Vendor :STMicroelectronics X-CUBE-BLE1 7.1.0
2025-10-19 16:41:20,491 [INFO] ThirdParty:1030 - CMSIS Pack Vendor :STMicroelectronics X-CUBE-SMBUS 2.1.0
2025-10-19 16:41:20,491 [INFO] ThirdParty:1030 - CMSIS Pack Vendor :STMicroelectronics USB_DEVICE 3.0.0
2025-10-19 16:41:20,491 [INFO] ThirdParty:1030 - CMSIS Pack Vendor :STMicroelectronics X-CUBE-ISPU 2.1.0
2025-10-19 16:41:20,491 [INFO] ThirdParty:1030 - CMSIS Pack Vendor :STMicroelectronics X-CUBE-EEPRMA1 5.2.0
2025-10-19 16:41:20,491 [INFO] ThirdParty:1030 - CMSIS Pack Vendor :STMicroelectronics X-CUBE-IPS 3.2.0
2025-10-19 16:41:20,491 [INFO] ThirdParty:1030 - CMSIS Pack Vendor :STMicroelectronics X-CUBE-BLEMGR 4.1.0
2025-10-19 16:41:20,491 [INFO] ThirdParty:1030 - CMSIS Pack Vendor :STMicroelectronics X-CUBE-AZRTOS-WB 2.0.0
2025-10-19 16:41:20,491 [INFO] ThirdParty:1030 - CMSIS Pack Vendor :STMicroelectronics X-CUBE-ST60 1.0.0
2025-10-19 16:41:20,491 [INFO] ThirdParty:1030 - CMSIS Pack Vendor :STMicroelectronics X-CUBE-GNSS1 7.0.1
2025-10-19 16:41:20,491 [INFO] ThirdParty:1030 - CMSIS Pack Vendor :STMicroelectronics X-CUBE-NFC12 1.0.0
2025-10-19 16:41:20,491 [INFO] ThirdParty:1030 - CMSIS Pack Vendor :STMicroelectronics X-CUBE-AZRTOS-F7 1.1.0
2025-10-19 16:41:20,491 [INFO] ThirdParty:1030 - CMSIS Pack Vendor :STMicroelectronics X-CUBE-AZRTOS-L5 2.0.0
2025-10-19 16:41:20,491 [INFO] ThirdParty:1030 - CMSIS Pack Vendor :STMicroelectronics X-CUBE-TOUCHGFX 4.25.0
2025-10-19 16:41:20,491 [INFO] ThirdParty:1030 - CMSIS Pack Vendor :STMicroelectronics USB_DEVICE 2.0.0
2025-10-19 16:41:20,491 [INFO] ThirdParty:1030 - CMSIS Pack Vendor :STMicroelectronics X-CUBE-NFC6 3.1.0
2025-10-19 16:41:20,491 [INFO] ThirdParty:1030 - CMSIS Pack Vendor :STMicroelectronics X-CUBE-ST67W61 1.1.0
2025-10-19 16:41:20,491 [INFO] ThirdParty:1030 - CMSIS Pack Vendor :Cesanta I-CUBE-Mongoose 7.19.0
2025-10-19 16:41:20,491 [INFO] ThirdParty:1030 - CMSIS Pack Vendor :quantropi X-CUBE-qispace-sdk-base 2.1.0
2025-10-19 16:41:20,491 [INFO] ThirdParty:1030 - CMSIS Pack Vendor :STMicroelectronics FreeRTOS 0.0.1
2025-10-19 16:41:20,491 [INFO] ThirdParty:1030 - CMSIS Pack Vendor :STMicroelectronics X-CUBE-AZRTOS-G0 1.1.0
2025-10-19 16:41:20,491 [INFO] ThirdParty:1030 - CMSIS Pack Vendor :STMicroelectronics X-CUBE-SAFEA1 1.2.2
2025-10-19 16:41:20,491 [INFO] ThirdParty:1030 - CMSIS Pack Vendor :STMicroelectronics X-CUBE-NFC4 3.0.0
2025-10-19 16:41:20,491 [INFO] ThirdParty:1030 - CMSIS Pack Vendor :STMicroelectronics X-CUBE-SUBG2 5.0.0
2025-10-19 16:41:20,491 [INFO] ThirdParty:1030 - CMSIS Pack Vendor :STMicroelectronics X-CUBE-AZRTOS-H7RS 1.1.0
2025-10-19 16:41:20,491 [INFO] ThirdParty:1030 - CMSIS Pack Vendor :STMicroelectronics STM32_WPAN 1.0.0
2025-10-19 16:41:20,491 [INFO] ThirdParty:1030 - CMSIS Pack Vendor :EmbeddedOffice I-CUBE-FS-RTOS 1.0.1
2025-10-19 16:41:20,491 [INFO] ThirdParty:1030 - CMSIS Pack Vendor :STMicroelectronics lwIP 2.0.3
2025-10-19 16:41:20,491 [INFO] ThirdParty:1030 - CMSIS Pack Vendor :STMicroelectronics USB_HOST 1.0.0
2025-10-19 16:41:20,491 [INFO] ThirdParty:1030 - CMSIS Pack Vendor :Infineon AIROC-Wi-Fi-Bluetooth-STM32 1.7.1
2025-10-19 16:41:20,492 [INFO] ThirdParty:1030 - CMSIS Pack Vendor :STMicroelectronics X-CUBE-AZRTOS-G4 2.0.0
2025-10-19 16:41:20,492 [INFO] ThirdParty:1030 - CMSIS Pack Vendor :STMicroelectronics X-CUBE-WB05N 2.0.0
2025-10-19 16:41:20,492 [INFO] ThirdParty:1030 - CMSIS Pack Vendor :STMicroelectronics PDM2PCM 3.1.0
2025-10-19 16:41:20,492 [INFO] ThirdParty:1030 - CMSIS Pack Vendor :STMicroelectronics PDM2PCM 3.3.0
2025-10-19 16:41:20,492 [INFO] ThirdParty:1030 - CMSIS Pack Vendor :STMicroelectronics X-CUBE-AZRTOS-H7 3.4.0
2025-10-19 16:41:20,492 [INFO] ThirdParty:1030 - CMSIS Pack Vendor :STMicroelectronics X-CUBE-DISPLAY 3.0.0
2025-10-19 16:41:20,492 [INFO] ThirdParty:1030 - CMSIS Pack Vendor :STMicroelectronics X-CUBE-NFC7 2.0.0
2025-10-19 16:41:20,492 [INFO] ThirdParty:1030 - CMSIS Pack Vendor :STMicroelectronics X-CUBE-TCPP 4.2.0
2025-10-19 16:41:20,492 [INFO] ThirdParty:1030 - CMSIS Pack Vendor :RealThread X-CUBE-RT-Thread_Nano 4.1.1
2025-10-19 16:41:20,492 [INFO] ThirdParty:1030 - CMSIS Pack Vendor :STMicroelectronics FP-ATR-SIGFOX1 3.2.0
2025-10-19 16:41:20,492 [INFO] ThirdParty:1030 - CMSIS Pack Vendor :STMicroelectronics X-CUBE-NFC10 1.0.0
2025-10-19 16:41:20,492 [INFO] ThirdParty:1030 - CMSIS Pack Vendor :STMicroelectronics X-CUBE-FREERTOS 1.3.1
2025-10-19 16:41:20,492 [INFO] ThirdParty:1030 - CMSIS Pack Vendor :STMicroelectronics HAL Drivers 0.0.0
2025-10-19 16:41:20,492 [INFO] ThirdParty:1030 - CMSIS Pack Vendor :STMicroelectronics MBEDTLS 2.16.2
2025-10-19 16:41:20,492 [INFO] ThirdParty:1030 - CMSIS Pack Vendor :STMicroelectronics X-CUBE-ST60 1.1.0
2025-10-19 16:41:20,492 [INFO] ThirdParty:1030 - CMSIS Pack Vendor :STMicroelectronics X-CUBE-IPS 3.1.0
2025-10-19 16:41:20,492 [INFO] ThirdParty:1030 - CMSIS Pack Vendor :STMicroelectronics X-CUBE-ALS 1.0.2
2025-10-19 16:41:20,492 [INFO] ThirdParty:1030 - CMSIS Pack Vendor :emotas I-CUBE-CANOPEN 1.3.0
2025-10-19 16:41:20,492 [INFO] ThirdParty:1030 - CMSIS Pack Vendor :STMicroelectronics MBEDTLS 2.14.1
2025-10-19 16:41:20,492 [INFO] ThirdParty:1030 - CMSIS Pack Vendor :ITTIA_DB I-CUBE-ITTIADB 8.9.0
2025-10-19 16:41:20,492 [INFO] ThirdParty:1030 - CMSIS Pack Vendor :STMicroelectronics X-CUBE-TOUCHGFX 4.26.0
2025-10-19 16:41:20,492 [INFO] ThirdParty:1030 - CMSIS Pack Vendor :STMicroelectronics X-CUBE-STSE01 1.0.0
2025-10-19 16:41:20,492 [INFO] ThirdParty:1030 - CMSIS Pack Vendor :STMicroelectronics X-CUBE-ST67W61 1.0.0
2025-10-19 16:41:20,492 [INFO] ThirdParty:1030 - CMSIS Pack Vendor :STMicroelectronics FP-SNS-STBOX1 2.1.0
2025-10-19 16:41:20,492 [INFO] ThirdParty:1030 - CMSIS Pack Vendor :STMicroelectronics X-CUBE-AI 10.2.0
2025-10-19 16:41:20,492 [INFO] ThirdParty:1030 - CMSIS Pack Vendor :STMicroelectronics FP-SNS-STAIOTCFT 1.0.0
2025-10-19 16:41:20,492 [INFO] ThirdParty:1030 - CMSIS Pack Vendor :STMicroelectronics ThreadX 1.0.0
2025-10-19 16:41:20,492 [INFO] ThirdParty:1030 - CMSIS Pack Vendor :STMicroelectronics FP-SNS-SMARTAG2 1.2.0
2025-10-19 16:41:20,492 [INFO] ThirdParty:1030 - CMSIS Pack Vendor :STMicroelectronics FP-SNS-FLIGHT1 5.1.0
2025-10-19 16:41:20,492 [INFO] ThirdParty:1030 - CMSIS Pack Vendor :STMicroelectronics X-CUBE-AZRTOS-WL 2.0.0
2025-10-19 16:41:20,492 [INFO] ThirdParty:1030 - CMSIS Pack Vendor :SEGGER I-CUBE-embOS 1.3.1
2025-10-19 16:41:20,492 [INFO] ThirdParty:1030 - CMSIS Pack Vendor :STMicroelectronics X-CUBE-ALGOBUILD 1.4.0
2025-10-19 16:41:20,492 [INFO] ThirdParty:1030 - CMSIS Pack Vendor :STMicroelectronics X-CUBE-DPower 1.3.0
2025-10-19 16:41:20,492 [INFO] ThirdParty:1030 - CMSIS Pack Vendor :STMicroelectronics X-CUBE-MEMS1 11.3.0
2025-10-19 16:41:20,493 [INFO] ThirdParty:1030 - CMSIS Pack Vendor :STMicroelectronics FP-SNS-MOTENV1 5.0.0
2025-10-19 16:41:20,493 [INFO] ThirdParty:1030 - CMSIS Pack Vendor :STMicroelectronics USB_DEVICE 1.0.0
2025-10-19 16:41:20,493 [INFO] ThirdParty:1030 - CMSIS Pack Vendor :STMicroelectronics X-CUBE-AZRTOS-L4 2.0.0
2025-10-19 16:41:20,493 [INFO] ThirdParty:1030 - CMSIS Pack Vendor :STMicroelectronics ThreadX 0.0.2
2025-10-19 16:41:20,493 [INFO] ThirdParty:1030 - CMSIS Pack Vendor :WES I-CUBE-Cesium 1.3.0
2025-10-19 16:41:20,493 [INFO] ThirdParty:1030 - CMSIS Pack Vendor :STMicroelectronics lwIP 2.1.2
2025-10-19 16:41:20,501 [INFO] ThirdParty:1030 - CMSIS Pack Vendor :STMicroelectronics X-CUBE-SFXS2LP1 4.0.0
2025-10-19 16:41:20,501 [INFO] ThirdParty:1030 - CMSIS Pack Vendor :STMicroelectronics X-CUBE-BLE2 3.3.0
2025-10-19 16:41:20,501 [INFO] ThirdParty:1030 - CMSIS Pack Vendor :STMicroelectronics X-CUBE-TOF1 3.4.3
2025-10-19 16:41:20,501 [INFO] ThirdParty:1030 - CMSIS Pack Vendor :STMicroelectronics PDM2PCM 3.2.0
2025-10-19 16:41:20,501 [INFO] ThirdParty:841 - exiting critical section [change project]
2025-10-19 16:41:20,706 [INFO] PinOutPanel:1589 - setPackage(No Configuration,No Configuration)
2025-10-19 16:41:20,707 [INFO] PinOutPanel:1589 - setPackage(STM32F103C8Tx,LQFP48)
2025-10-19 16:41:22,058 [INFO] UtilMem:75 - Before build in PCC Used Memory: 277492328 Bytes (717225984)
2025-10-19 16:41:22,320 [INFO] UtilMem:75 - After build in PCC Used Memory: 319435368 Bytes (717225984)
2025-10-19 16:41:22,385 [INFO] IPUIPlugin:80 - create IPUIPlugin
2025-10-19 16:41:22,385 [INFO] IPUIPlugin:80 - create IPUIPlugin
2025-10-19 16:41:22,385 [INFO] IPUIPlugin:80 - create IPUIPlugin
2025-10-19 16:41:22,385 [INFO] IPUIPlugin:80 - create IPUIPlugin
2025-10-19 16:41:22,385 [INFO] IPUIPlugin:80 - create IPUIPlugin
2025-10-19 16:41:22,385 [INFO] IPUIPlugin:80 - create IPUIPlugin
2025-10-19 16:41:22,385 [INFO] IPUIPlugin:80 - create IPUIPlugin
2025-10-19 16:41:22,385 [INFO] IPUIPlugin:80 - create IPUIPlugin
2025-10-19 16:41:22,385 [INFO] IPUIPlugin:80 - create IPUIPlugin
2025-10-19 16:41:22,386 [INFO] IPUIPlugin:80 - create IPUIPlugin
2025-10-19 16:41:22,386 [INFO] IPUIPlugin:80 - create IPUIPlugin
2025-10-19 16:41:22,386 [INFO] IPUIPlugin:80 - create IPUIPlugin
2025-10-19 16:41:22,386 [INFO] IPUIPlugin:80 - create IPUIPlugin
2025-10-19 16:41:22,386 [INFO] IPUIPlugin:80 - create IPUIPlugin
2025-10-19 16:41:22,386 [INFO] IPUIPlugin:80 - create IPUIPlugin
2025-10-19 16:41:22,386 [INFO] IPUIPlugin:80 - create IPUIPlugin
2025-10-19 16:41:22,386 [INFO] IPUIPlugin:80 - create IPUIPlugin
2025-10-19 16:41:22,386 [INFO] IPUIPlugin:80 - create IPUIPlugin
2025-10-19 16:41:22,386 [INFO] IPUIPlugin:80 - create IPUIPlugin
2025-10-19 16:41:22,386 [INFO] IPUIPlugin:80 - create IPUIPlugin
2025-10-19 16:41:22,386 [INFO] IPUIPlugin:80 - create IPUIPlugin
2025-10-19 16:41:22,386 [INFO] IPUIPlugin:80 - create IPUIPlugin
2025-10-19 16:41:22,386 [INFO] IPUIPlugin:80 - create IPUIPlugin
2025-10-19 16:41:22,386 [INFO] IPUIPlugin:80 - create IPUIPlugin
2025-10-19 16:41:22,386 [INFO] IPUIPlugin:80 - create IPUIPlugin
2025-10-19 16:41:22,386 [INFO] IPUIPlugin:80 - create IPUIPlugin
2025-10-19 16:41:22,387 [INFO] IPUIPlugin:80 - create IPUIPlugin
2025-10-19 16:41:22,569 [INFO] CADModel:165 - CPN selected for project levelSTM32F103C8T6
2025-10-19 16:41:22,569 [INFO] CADModel:114 - Register for checkConnection events
2025-10-19 16:41:22,624 [INFO] OpenFileManager:386 - Restore cursor
2025-10-19 16:45:32,026 [INFO] MainUpdater:2872 - connection check result : 10
2025-10-19 16:45:32,026 [INFO] MainUpdater:2872 - connection check result : 10
2025-10-19 16:45:33,555 [INFO] MicroXplorer:468 - Change Database Path : 
2025-10-19 16:45:33,555 [INFO] MicroXplorer:498 - Change Database Version : DB.6.0.150
2025-10-19 16:45:33,573 [ERROR] ProjectManagerView:395 - 
java.lang.NullPointerException: Cannot invoke "javax.swing.JTextField.getText()" because the return value of "java.util.List.get(int)" is null
	at com.st.microxplorer.plugins.projectmanager.gui.ProjectChoiceTab$9.caretUpdate(ProjectChoiceTab.java:2706) ~[filemanager.jar:?]
	at javax.swing.text.JTextComponent.fireCaretUpdate(JTextComponent.java:408) ~[?:?]
	at javax.swing.text.JTextComponent$MutableCaretEvent.fire(JTextComponent.java:4484) ~[?:?]
	at javax.swing.text.JTextComponent$MutableCaretEvent.stateChanged(JTextComponent.java:4506) ~[?:?]
	at javax.swing.text.DefaultCaret.fireStateChanged(DefaultCaret.java:857) ~[?:?]
	at javax.swing.text.DefaultCaret.changeCaretPosition(DefaultCaret.java:1343) ~[?:?]
	at javax.swing.text.DefaultCaret.handleSetDot(DefaultCaret.java:1242) ~[?:?]
	at javax.swing.text.DefaultCaret.setDot(DefaultCaret.java:1223) ~[?:?]
	at javax.swing.text.DefaultCaret$Handler.insertUpdate(DefaultCaret.java:1819) ~[?:?]
	at javax.swing.text.AbstractDocument.fireInsertUpdate(AbstractDocument.java:227) ~[?:?]
	at javax.swing.text.AbstractDocument.handleInsertString(AbstractDocument.java:781) ~[?:?]
	at javax.swing.text.AbstractDocument.insertString(AbstractDocument.java:740) ~[?:?]
	at javax.swing.text.PlainDocument.insertString(PlainDocument.java:131) ~[?:?]
	at javax.swing.text.AbstractDocument.replace(AbstractDocument.java:699) ~[?:?]
	at javax.swing.text.JTextComponent.setText(JTextComponent.java:1725) ~[?:?]
	at com.st.microxplorer.plugins.projectmanager.gui.ProjectChoiceTab.createHeapStackFields(ProjectChoiceTab.java:993) ~[filemanager.jar:?]
	at com.st.microxplorer.plugins.projectmanager.gui.ProjectChoiceTab.buildLinkSettingsPanel(ProjectChoiceTab.java:3813) ~[filemanager.jar:?]
	at com.st.microxplorer.plugins.projectmanager.gui.ProjectChoiceTab.defineWindowsFields(ProjectChoiceTab.java:1987) ~[filemanager.jar:?]
	at com.st.microxplorer.plugins.projectmanager.gui.ProjectChoiceTab.updateSettings(ProjectChoiceTab.java:558) ~[filemanager.jar:?]
	at com.st.microxplorer.plugins.projectmanager.gui.ProjectSettingsPanel.UpdateDialog(ProjectSettingsPanel.java:247) ~[filemanager.jar:?]
	at com.st.microxplorer.plugins.projectmanager.ProjectManagerView.propertyChange(ProjectManagerView.java:392) ~[filemanager.jar:?]
	at java.beans.PropertyChangeSupport.fire(PropertyChangeSupport.java:343) ~[?:?]
	at java.beans.PropertyChangeSupport.firePropertyChange(PropertyChangeSupport.java:335) ~[?:?]
	at java.beans.PropertyChangeSupport.firePropertyChange(PropertyChangeSupport.java:268) ~[?:?]
	at com.st.microxplorer.util.MXPropertyChangeSupport.firePropertyChange(MXPropertyChangeSupport.java:54) ~[STM32CubeMX.jar:?]
	at com.st.microxplorer.mxsystem.MxSystem.closeConfig(MxSystem.java:899) ~[STM32CubeMX.jar:?]
	at com.st.microxplorer.maingui.MainPanel.closeConfig(MainPanel.java:792) ~[STM32CubeMX.jar:?]
	at com.st.microxplorer.plugins.filemanager.engine.OpenFileManager.loadConfigurationFile(OpenFileManager.java:288) ~[filemanager.jar:?]
	at com.st.microxplorer.plugins.filemanager.engine.MainFileManager.userLoadConfig(MainFileManager.java:364) ~[filemanager.jar:?]
	at com.st.microxplorer.plugins.filemanager.engine.MainFileManager.userLoadConfig(MainFileManager.java:342) ~[filemanager.jar:?]
	at com.st.microxplorer.plugins.filemanager.FileManagerView.getSpecificTask(FileManagerView.java:264) ~[filemanager.jar:?]
	at com.st.stm32cube.common.mx.editor.CubeMxEditor.getMxTabbedPaneInstance(CubeMxEditor.java:1198) ~[com.st.stm32cube.common.mx_6.15.0.202507011659/:?]
	at com.st.stm32cube.common.mx.editor.CubeMxEditor$12$1.createSwingComponent(CubeMxEditor.java:1068) ~[com.st.stm32cube.common.mx_6.15.0.202507011659/:?]
	at com.st.stm32cube.common.mx.oss.core.awtswtbridge.EmbeddedSwingComposite.doComponentCreation(EmbeddedSwingComposite.java:492) ~[com.st.stm32cube.common.mx.oss_6.15.0.202507011659/:?]
	at com.st.stm32cube.common.mx.oss.core.awtswtbridge.EmbeddedSwingComposite$4.run(EmbeddedSwingComposite.java:291) ~[com.st.stm32cube.common.mx.oss_6.15.0.202507011659/:?]
	at com.st.stm32cube.common.mx.oss.core.awtswtbridge.AwtEnvironment$2.run(AwtEnvironment.java:166) ~[com.st.stm32cube.common.mx.oss_6.15.0.202507011659/:?]
	at java.awt.event.InvocationEvent.dispatch(InvocationEvent.java:318) ~[?:?]
	at java.awt.EventQueue.dispatchEventImpl(EventQueue.java:773) ~[?:?]
	at java.awt.EventQueue$4.run(EventQueue.java:720) ~[?:?]
	at java.awt.EventQueue$4.run(EventQueue.java:714) ~[?:?]
	at java.security.AccessController.doPrivileged(AccessController.java:400) ~[?:?]
	at java.security.ProtectionDomain$JavaSecurityAccessImpl.doIntersectionPrivilege(ProtectionDomain.java:87) ~[?:?]
	at java.awt.EventQueue.dispatchEvent(EventQueue.java:742) ~[?:?]
	at java.awt.EventDispatchThread.pumpOneEventForFilters(EventDispatchThread.java:203) ~[?:?]
	at java.awt.EventDispatchThread.pumpEventsForFilter(EventDispatchThread.java:124) ~[?:?]
	at java.awt.EventDispatchThread.pumpEventsForHierarchy(EventDispatchThread.java:113) ~[?:?]
	at java.awt.EventDispatchThread.pumpEvents(EventDispatchThread.java:109) ~[?:?]
	at java.awt.EventDispatchThread.pumpEvents(EventDispatchThread.java:101) ~[?:?]
	at java.awt.EventDispatchThread.run(EventDispatchThread.java:90) ~[?:?]
2025-10-19 16:45:33,574 [WARN] ThirdParty:871 - waiting for thirdparty lock release [close project]
2025-10-19 16:45:33,574 [INFO] ThirdParty:873 - entering critical section [close project]
2025-10-19 16:45:33,574 [INFO] ThirdParty:883 - exiting critical section [close project]
2025-10-19 16:45:33,577 [INFO] PinOutPanel:1589 - setPackage(No Configuration,No Configuration)
2025-10-19 16:45:33,581 [INFO] UtilMem:75 - Begin LoadConfig() Used Memory: 551715568 Bytes (717225984)
2025-10-19 16:45:33,583 [INFO] MicroXplorer:468 - Change Database Path : 
2025-10-19 16:45:33,583 [INFO] MicroXplorer:498 - Change Database Version : DB.6.0.150
2025-10-19 16:45:33,583 [INFO] OpenFileManager:355 - Change cursor
2025-10-19 16:45:33,716 [INFO] Mcu:2029 - Initializing MCU STM32F103C(8-B)Tx STM32F103C8Tx STM32F103C8T6
2025-10-19 16:45:41,094 [INFO] Context:786 - Trying to add GPIOservice into a context  which must be forbidden
2025-10-19 16:45:41,352 [INFO] ImportTextPane:234 - (OptionalMessage_ERROR) Pin10 (VP_RIF_VS_RIF1) cannot be retrieved for this MCU
2025-10-19 16:45:41,368 [INFO] RtosManager:558 - Registered RTOS mode: class=CMSIS, group=RTOS, mode=CMSIS_V1, owner=FREERTOS
2025-10-19 16:45:41,368 [INFO] RtosManager:558 - Registered RTOS mode: class=CMSIS, group=RTOS2, mode=CMSIS_V2, owner=FREERTOS
2025-10-19 16:45:41,368 [INFO] RtosManager:558 - Registered RTOS mode: class=RTOS, group=Core, mode=CMSIS_V1, owner=FREERTOS
2025-10-19 16:45:41,368 [INFO] RtosManager:558 - Registered RTOS mode: class=RTOS, group=Core, mode=CMSIS_V2, owner=FREERTOS
2025-10-19 16:45:41,368 [WARN] ModelIntegratedComponent:184 - Missing modes for component STMicroelectronics:FreeRTOS:0.0.1:STMicroelectronics:RTOS:FreeRTOS:Core:::10.2.0:
2025-10-19 16:45:41,376 [WARN] ModelIntegratedComponent:63 - No mode defined for component null
2025-10-19 16:45:41,376 [WARN] ModelIntegratedComponent:63 - No mode defined for component null
2025-10-19 16:45:41,376 [WARN] ModelIntegratedComponent:63 - No mode defined for component null
2025-10-19 16:45:41,376 [WARN] ModelIntegratedComponent:63 - No mode defined for component null
2025-10-19 16:45:41,376 [WARN] ModelIntegratedComponent:63 - No mode defined for component null
2025-10-19 16:45:41,376 [WARN] ModelIntegratedComponent:63 - No mode defined for component null
2025-10-19 16:45:41,376 [WARN] ModelIntegratedComponent:63 - No mode defined for component null
2025-10-19 16:45:41,376 [WARN] ModelIntegratedComponent:63 - No mode defined for component null
2025-10-19 16:45:41,376 [WARN] ModelIntegratedComponent:63 - No mode defined for component null
2025-10-19 16:45:41,376 [WARN] ModelIntegratedComponent:63 - No mode defined for component null
2025-10-19 16:45:41,376 [WARN] ModelIntegratedComponent:63 - No mode defined for component null
2025-10-19 16:45:41,376 [WARN] ModelIntegratedComponent:63 - No mode defined for component null
2025-10-19 16:45:41,376 [WARN] ModelIntegratedComponent:63 - No mode defined for component null
2025-10-19 16:45:41,376 [WARN] ModelIntegratedComponent:63 - No mode defined for component null
2025-10-19 16:45:41,376 [WARN] ModelIntegratedComponent:63 - No mode defined for component null
2025-10-19 16:45:41,376 [WARN] ModelIntegratedComponent:63 - No mode defined for component null
2025-10-19 16:45:41,376 [WARN] ModelIntegratedComponent:63 - No mode defined for component null
2025-10-19 16:45:41,376 [WARN] ModelIntegratedComponent:63 - No mode defined for component null
2025-10-19 16:45:41,376 [WARN] ModelIntegratedComponent:63 - No mode defined for component null
2025-10-19 16:45:41,376 [WARN] ModelIntegratedComponent:63 - No mode defined for component null
2025-10-19 16:45:41,376 [WARN] ModelIntegratedComponent:63 - No mode defined for component null
2025-10-19 16:45:41,376 [WARN] ModelIntegratedComponent:63 - No mode defined for component null
2025-10-19 16:45:41,376 [WARN] ModelIntegratedComponent:63 - No mode defined for component null
2025-10-19 16:45:41,376 [WARN] ModelIntegratedComponent:63 - No mode defined for component null
2025-10-19 16:45:41,376 [WARN] ModelIntegratedComponent:63 - No mode defined for component null
2025-10-19 16:45:41,376 [WARN] ModelIntegratedComponent:63 - No mode defined for component null
2025-10-19 16:45:41,376 [WARN] ModelIntegratedComponent:63 - No mode defined for component null
2025-10-19 16:45:41,376 [WARN] ModelIntegratedComponent:63 - No mode defined for component null
2025-10-19 16:45:41,376 [WARN] ModelIntegratedComponent:63 - No mode defined for component null
2025-10-19 16:45:41,376 [WARN] ModelIntegratedComponent:63 - No mode defined for component null
2025-10-19 16:45:41,376 [WARN] ModelIntegratedComponent:63 - No mode defined for component null
2025-10-19 16:45:41,376 [WARN] ModelIntegratedComponent:63 - No mode defined for component null
2025-10-19 16:45:41,376 [WARN] ModelIntegratedComponent:63 - No mode defined for component null
2025-10-19 16:45:41,376 [WARN] ModelIntegratedComponent:63 - No mode defined for component null
2025-10-19 16:45:41,376 [WARN] ModelIntegratedComponent:63 - No mode defined for component null
2025-10-19 16:45:41,377 [WARN] ModelPack:524 - Component already loaded: STMicroelectronics:HAL Drivers:0.0.0:STMicroelectronics:Device:STMicro_Driver:XSPI:HAL::0.0.1:HAL_XSPI
2025-10-19 16:45:42,107 [INFO] ThirdPartyModel:298 - Start build external matchings
2025-10-19 16:45:42,589 [INFO] ThirdPartyModel:316 - End build external matchings
2025-10-19 16:45:42,599 [INFO] ImportTextPane:234 - (OptionalMessage_ERROR) IP (RCC) : Invalid parameter (FamilyName)
2025-10-19 16:45:42,599 [INFO] ImportTextPane:234 - (OptionalMessage_ERROR) IP (RCC) : Parameter (USBFreq_Value) has invalid value (16000000)
2025-10-19 16:45:42,974 [INFO] UtilMem:75 - End LoadConfig() Used Memory: 568633992 Bytes (717225984)
2025-10-19 16:45:42,988 [WARN] ThirdParty:833 - waiting for thirdparty lock release [change project]
2025-10-19 16:45:42,988 [INFO] ThirdParty:835 - entering critical section [change project]
2025-10-19 16:45:42,988 [INFO] ThirdParty:1030 - CMSIS Pack Vendor :STMicroelectronics X-CUBE-PM33A1 1.0.0
2025-10-19 16:45:42,988 [INFO] ThirdParty:1030 - CMSIS Pack Vendor :STMicroelectronics USBPD 4.1
2025-10-19 16:45:42,989 [INFO] ThirdParty:1030 - CMSIS Pack Vendor :STMicroelectronics X-CUBE-NFC9 1.0.0
2025-10-19 16:45:42,989 [INFO] ThirdParty:1030 - CMSIS Pack Vendor :STMicroelectronics USB_HOST 2.0.0
2025-10-19 16:45:42,989 [INFO] ThirdParty:1030 - CMSIS Pack Vendor :STMicroelectronics FP-SNS-MOTENVWB1 1.4.0
2025-10-19 16:45:42,989 [INFO] ThirdParty:1030 - CMSIS Pack Vendor :STMicroelectronics X-CUBE-AZRTOS-F4 1.1.0
2025-10-19 16:45:42,989 [INFO] ThirdParty:1030 - CMSIS Pack Vendor :STMicroelectronics LIBJPEG 8.0.0
2025-10-19 16:45:42,989 [INFO] ThirdParty:1030 - CMSIS Pack Vendor :STMicroelectronics FP-ATR-ASTRA1 2.0.2
2025-10-19 16:45:42,989 [INFO] ThirdParty:1030 - CMSIS Pack Vendor :STMicroelectronics X-CUBE-BLE1 7.1.0
2025-10-19 16:45:42,989 [INFO] ThirdParty:1030 - CMSIS Pack Vendor :STMicroelectronics X-CUBE-SMBUS 2.1.0
2025-10-19 16:45:42,989 [INFO] ThirdParty:1030 - CMSIS Pack Vendor :STMicroelectronics USB_DEVICE 3.0.0
2025-10-19 16:45:42,989 [INFO] ThirdParty:1030 - CMSIS Pack Vendor :STMicroelectronics X-CUBE-ISPU 2.1.0
2025-10-19 16:45:42,989 [INFO] ThirdParty:1030 - CMSIS Pack Vendor :STMicroelectronics X-CUBE-EEPRMA1 5.2.0
2025-10-19 16:45:42,989 [INFO] ThirdParty:1030 - CMSIS Pack Vendor :STMicroelectronics X-CUBE-IPS 3.2.0
2025-10-19 16:45:42,989 [INFO] ThirdParty:1030 - CMSIS Pack Vendor :STMicroelectronics X-CUBE-BLEMGR 4.1.0
2025-10-19 16:45:42,989 [INFO] ThirdParty:1030 - CMSIS Pack Vendor :STMicroelectronics X-CUBE-AZRTOS-WB 2.0.0
2025-10-19 16:45:42,989 [INFO] ThirdParty:1030 - CMSIS Pack Vendor :STMicroelectronics X-CUBE-ST60 1.0.0
2025-10-19 16:45:42,989 [INFO] ThirdParty:1030 - CMSIS Pack Vendor :STMicroelectronics X-CUBE-GNSS1 7.0.1
2025-10-19 16:45:42,989 [INFO] ThirdParty:1030 - CMSIS Pack Vendor :STMicroelectronics X-CUBE-NFC12 1.0.0
2025-10-19 16:45:42,989 [INFO] ThirdParty:1030 - CMSIS Pack Vendor :STMicroelectronics X-CUBE-AZRTOS-F7 1.1.0
2025-10-19 16:45:42,989 [INFO] ThirdParty:1030 - CMSIS Pack Vendor :STMicroelectronics X-CUBE-AZRTOS-L5 2.0.0
2025-10-19 16:45:42,989 [INFO] ThirdParty:1030 - CMSIS Pack Vendor :STMicroelectronics X-CUBE-TOUCHGFX 4.25.0
2025-10-19 16:45:42,989 [INFO] ThirdParty:1030 - CMSIS Pack Vendor :STMicroelectronics USB_DEVICE 2.0.0
2025-10-19 16:45:42,989 [INFO] ThirdParty:1030 - CMSIS Pack Vendor :STMicroelectronics X-CUBE-NFC6 3.1.0
2025-10-19 16:45:42,989 [INFO] ThirdParty:1030 - CMSIS Pack Vendor :STMicroelectronics X-CUBE-ST67W61 1.1.0
2025-10-19 16:45:42,989 [INFO] ThirdParty:1030 - CMSIS Pack Vendor :Cesanta I-CUBE-Mongoose 7.19.0
2025-10-19 16:45:42,989 [INFO] ThirdParty:1030 - CMSIS Pack Vendor :quantropi X-CUBE-qispace-sdk-base 2.1.0
2025-10-19 16:45:42,989 [INFO] ThirdParty:1030 - CMSIS Pack Vendor :STMicroelectronics FreeRTOS 0.0.1
2025-10-19 16:45:42,989 [INFO] ThirdParty:1030 - CMSIS Pack Vendor :STMicroelectronics X-CUBE-AZRTOS-G0 1.1.0
2025-10-19 16:45:42,989 [INFO] ThirdParty:1030 - CMSIS Pack Vendor :STMicroelectronics X-CUBE-SAFEA1 1.2.2
2025-10-19 16:45:42,989 [INFO] ThirdParty:1030 - CMSIS Pack Vendor :STMicroelectronics X-CUBE-NFC4 3.0.0
2025-10-19 16:45:42,989 [INFO] ThirdParty:1030 - CMSIS Pack Vendor :STMicroelectronics X-CUBE-SUBG2 5.0.0
2025-10-19 16:45:42,989 [INFO] ThirdParty:1030 - CMSIS Pack Vendor :STMicroelectronics X-CUBE-AZRTOS-H7RS 1.1.0
2025-10-19 16:45:42,989 [INFO] ThirdParty:1030 - CMSIS Pack Vendor :STMicroelectronics STM32_WPAN 1.0.0
2025-10-19 16:45:42,989 [INFO] ThirdParty:1030 - CMSIS Pack Vendor :EmbeddedOffice I-CUBE-FS-RTOS 1.0.1
2025-10-19 16:45:42,989 [INFO] ThirdParty:1030 - CMSIS Pack Vendor :STMicroelectronics lwIP 2.0.3
2025-10-19 16:45:42,989 [INFO] ThirdParty:1030 - CMSIS Pack Vendor :STMicroelectronics USB_HOST 1.0.0
2025-10-19 16:45:42,989 [INFO] ThirdParty:1030 - CMSIS Pack Vendor :Infineon AIROC-Wi-Fi-Bluetooth-STM32 1.7.1
2025-10-19 16:45:42,989 [INFO] ThirdParty:1030 - CMSIS Pack Vendor :STMicroelectronics X-CUBE-AZRTOS-G4 2.0.0
2025-10-19 16:45:42,989 [INFO] ThirdParty:1030 - CMSIS Pack Vendor :STMicroelectronics X-CUBE-WB05N 2.0.0
2025-10-19 16:45:42,989 [INFO] ThirdParty:1030 - CMSIS Pack Vendor :STMicroelectronics PDM2PCM 3.1.0
2025-10-19 16:45:42,989 [INFO] ThirdParty:1030 - CMSIS Pack Vendor :STMicroelectronics PDM2PCM 3.3.0
2025-10-19 16:45:42,989 [INFO] ThirdParty:1030 - CMSIS Pack Vendor :STMicroelectronics X-CUBE-AZRTOS-H7 3.4.0
2025-10-19 16:45:42,989 [INFO] ThirdParty:1030 - CMSIS Pack Vendor :STMicroelectronics X-CUBE-DISPLAY 3.0.0
2025-10-19 16:45:42,989 [INFO] ThirdParty:1030 - CMSIS Pack Vendor :STMicroelectronics X-CUBE-NFC7 2.0.0
2025-10-19 16:45:42,989 [INFO] ThirdParty:1030 - CMSIS Pack Vendor :STMicroelectronics X-CUBE-TCPP 4.2.0
2025-10-19 16:45:42,989 [INFO] ThirdParty:1030 - CMSIS Pack Vendor :RealThread X-CUBE-RT-Thread_Nano 4.1.1
2025-10-19 16:45:42,989 [INFO] ThirdParty:1030 - CMSIS Pack Vendor :STMicroelectronics FP-ATR-SIGFOX1 3.2.0
2025-10-19 16:45:42,989 [INFO] ThirdParty:1030 - CMSIS Pack Vendor :STMicroelectronics X-CUBE-NFC10 1.0.0
2025-10-19 16:45:42,989 [INFO] ThirdParty:1030 - CMSIS Pack Vendor :STMicroelectronics X-CUBE-FREERTOS 1.3.1
2025-10-19 16:45:42,989 [INFO] ThirdParty:1030 - CMSIS Pack Vendor :STMicroelectronics HAL Drivers 0.0.0
2025-10-19 16:45:42,989 [INFO] ThirdParty:1030 - CMSIS Pack Vendor :STMicroelectronics MBEDTLS 2.16.2
2025-10-19 16:45:42,989 [INFO] ThirdParty:1030 - CMSIS Pack Vendor :STMicroelectronics X-CUBE-ST60 1.1.0
2025-10-19 16:45:42,989 [INFO] ThirdParty:1030 - CMSIS Pack Vendor :STMicroelectronics X-CUBE-IPS 3.1.0
2025-10-19 16:45:42,989 [INFO] ThirdParty:1030 - CMSIS Pack Vendor :STMicroelectronics X-CUBE-ALS 1.0.2
2025-10-19 16:45:42,989 [INFO] ThirdParty:1030 - CMSIS Pack Vendor :emotas I-CUBE-CANOPEN 1.3.0
2025-10-19 16:45:42,989 [INFO] ThirdParty:1030 - CMSIS Pack Vendor :STMicroelectronics MBEDTLS 2.14.1
2025-10-19 16:45:42,989 [INFO] ThirdParty:1030 - CMSIS Pack Vendor :ITTIA_DB I-CUBE-ITTIADB 8.9.0
2025-10-19 16:45:42,989 [INFO] ThirdParty:1030 - CMSIS Pack Vendor :STMicroelectronics X-CUBE-TOUCHGFX 4.26.0
2025-10-19 16:45:42,989 [INFO] ThirdParty:1030 - CMSIS Pack Vendor :STMicroelectronics X-CUBE-STSE01 1.0.0
2025-10-19 16:45:42,989 [INFO] ThirdParty:1030 - CMSIS Pack Vendor :STMicroelectronics X-CUBE-ST67W61 1.0.0
2025-10-19 16:45:42,989 [INFO] ThirdParty:1030 - CMSIS Pack Vendor :STMicroelectronics FP-SNS-STBOX1 2.1.0
2025-10-19 16:45:42,989 [INFO] ThirdParty:1030 - CMSIS Pack Vendor :STMicroelectronics X-CUBE-AI 10.2.0
2025-10-19 16:45:42,989 [INFO] ThirdParty:1030 - CMSIS Pack Vendor :STMicroelectronics FP-SNS-STAIOTCFT 1.0.0
2025-10-19 16:45:42,989 [INFO] ThirdParty:1030 - CMSIS Pack Vendor :STMicroelectronics ThreadX 1.0.0
2025-10-19 16:45:42,989 [INFO] ThirdParty:1030 - CMSIS Pack Vendor :STMicroelectronics FP-SNS-SMARTAG2 1.2.0
2025-10-19 16:45:42,989 [INFO] ThirdParty:1030 - CMSIS Pack Vendor :STMicroelectronics FP-SNS-FLIGHT1 5.1.0
2025-10-19 16:45:42,989 [INFO] ThirdParty:1030 - CMSIS Pack Vendor :STMicroelectronics X-CUBE-AZRTOS-WL 2.0.0
2025-10-19 16:45:42,989 [INFO] ThirdParty:1030 - CMSIS Pack Vendor :SEGGER I-CUBE-embOS 1.3.1
2025-10-19 16:45:42,989 [INFO] ThirdParty:1030 - CMSIS Pack Vendor :STMicroelectronics X-CUBE-ALGOBUILD 1.4.0
2025-10-19 16:45:42,989 [INFO] ThirdParty:1030 - CMSIS Pack Vendor :STMicroelectronics X-CUBE-DPower 1.3.0
2025-10-19 16:45:42,989 [INFO] ThirdParty:1030 - CMSIS Pack Vendor :STMicroelectronics X-CUBE-MEMS1 11.3.0
2025-10-19 16:45:42,989 [INFO] ThirdParty:1030 - CMSIS Pack Vendor :STMicroelectronics FP-SNS-MOTENV1 5.0.0
2025-10-19 16:45:42,989 [INFO] ThirdParty:1030 - CMSIS Pack Vendor :STMicroelectronics USB_DEVICE 1.0.0
2025-10-19 16:45:42,989 [INFO] ThirdParty:1030 - CMSIS Pack Vendor :STMicroelectronics X-CUBE-AZRTOS-L4 2.0.0
2025-10-19 16:45:42,989 [INFO] ThirdParty:1030 - CMSIS Pack Vendor :STMicroelectronics ThreadX 0.0.2
2025-10-19 16:45:42,989 [INFO] ThirdParty:1030 - CMSIS Pack Vendor :WES I-CUBE-Cesium 1.3.0
2025-10-19 16:45:42,989 [INFO] ThirdParty:1030 - CMSIS Pack Vendor :STMicroelectronics lwIP 2.1.2
2025-10-19 16:45:42,989 [INFO] ThirdParty:1030 - CMSIS Pack Vendor :STMicroelectronics X-CUBE-SFXS2LP1 4.0.0
2025-10-19 16:45:42,989 [INFO] ThirdParty:1030 - CMSIS Pack Vendor :STMicroelectronics X-CUBE-BLE2 3.3.0
2025-10-19 16:45:42,989 [INFO] ThirdParty:1030 - CMSIS Pack Vendor :STMicroelectronics X-CUBE-TOF1 3.4.3
2025-10-19 16:45:42,989 [INFO] ThirdParty:1030 - CMSIS Pack Vendor :STMicroelectronics PDM2PCM 3.2.0
2025-10-19 16:45:42,990 [INFO] ThirdParty:841 - exiting critical section [change project]
2025-10-19 16:45:43,079 [INFO] PinOutPanel:1589 - setPackage(No Configuration,No Configuration)
2025-10-19 16:45:43,080 [INFO] PinOutPanel:1589 - setPackage(STM32F103C8Tx,LQFP48)
2025-10-19 16:45:43,964 [INFO] UtilMem:75 - Before build in PCC Used Memory: 277947816 Bytes (717225984)
2025-10-19 16:45:44,242 [INFO] UtilMem:75 - After build in PCC Used Memory: 319890856 Bytes (717225984)
2025-10-19 16:45:44,260 [INFO] IPUIPlugin:80 - create IPUIPlugin
2025-10-19 16:45:44,260 [INFO] IPUIPlugin:80 - create IPUIPlugin
2025-10-19 16:45:44,260 [INFO] IPUIPlugin:80 - create IPUIPlugin
2025-10-19 16:45:44,261 [INFO] IPUIPlugin:80 - create IPUIPlugin
2025-10-19 16:45:44,261 [INFO] IPUIPlugin:80 - create IPUIPlugin
2025-10-19 16:45:44,261 [INFO] IPUIPlugin:80 - create IPUIPlugin
2025-10-19 16:45:44,261 [INFO] IPUIPlugin:80 - create IPUIPlugin
2025-10-19 16:45:44,261 [INFO] IPUIPlugin:80 - create IPUIPlugin
2025-10-19 16:45:44,261 [INFO] IPUIPlugin:80 - create IPUIPlugin
2025-10-19 16:45:44,261 [INFO] IPUIPlugin:80 - create IPUIPlugin
2025-10-19 16:45:44,261 [INFO] IPUIPlugin:80 - create IPUIPlugin
2025-10-19 16:45:44,261 [INFO] IPUIPlugin:80 - create IPUIPlugin
2025-10-19 16:45:44,261 [INFO] IPUIPlugin:80 - create IPUIPlugin
2025-10-19 16:45:44,261 [INFO] IPUIPlugin:80 - create IPUIPlugin
2025-10-19 16:45:44,261 [INFO] IPUIPlugin:80 - create IPUIPlugin
2025-10-19 16:45:44,261 [INFO] IPUIPlugin:80 - create IPUIPlugin
2025-10-19 16:45:44,261 [INFO] IPUIPlugin:80 - create IPUIPlugin
2025-10-19 16:45:44,261 [INFO] IPUIPlugin:80 - create IPUIPlugin
2025-10-19 16:45:44,261 [INFO] IPUIPlugin:80 - create IPUIPlugin
2025-10-19 16:45:44,261 [INFO] IPUIPlugin:80 - create IPUIPlugin
2025-10-19 16:45:44,261 [INFO] IPUIPlugin:80 - create IPUIPlugin
2025-10-19 16:45:44,261 [INFO] IPUIPlugin:80 - create IPUIPlugin
2025-10-19 16:45:44,262 [INFO] IPUIPlugin:80 - create IPUIPlugin
2025-10-19 16:45:44,262 [INFO] IPUIPlugin:80 - create IPUIPlugin
2025-10-19 16:45:44,262 [INFO] IPUIPlugin:80 - create IPUIPlugin
2025-10-19 16:45:44,262 [INFO] IPUIPlugin:80 - create IPUIPlugin
2025-10-19 16:45:44,262 [INFO] IPUIPlugin:80 - create IPUIPlugin
2025-10-19 16:45:44,263 [WARN] IP:2250 - I2C_Coeff_DF not found: check if there is a RefParameter without a condition.
2025-10-19 16:45:44,263 [WARN] IP:2250 - Analog_Filter not found: check if there is a RefParameter without a condition.
2025-10-19 16:45:44,306 [INFO] CADModel:165 - CPN selected for project levelSTM32F103C8T6
2025-10-19 16:45:44,306 [INFO] CADModel:114 - Register for checkConnection events
2025-10-19 16:45:44,364 [INFO] OpenFileManager:386 - Restore cursor
2025-10-19 16:45:44,432 [WARN] IP:2250 - I2C_Coeff_DF not found: check if there is a RefParameter without a condition.
2025-10-19 16:45:44,432 [WARN] IP:2250 - Analog_Filter not found: check if there is a RefParameter without a condition.
2025-10-19 16:45:44,432 [WARN] IP:2250 - I2C_Coeff_DF not found: check if there is a RefParameter without a condition.
2025-10-19 16:45:44,432 [WARN] IP:2250 - Analog_Filter not found: check if there is a RefParameter without a condition.
2025-10-19 16:46:41,527 [WARN] IP:2250 - I2C_Coeff_DF not found: check if there is a RefParameter without a condition.
2025-10-19 16:46:41,527 [WARN] IP:2250 - Analog_Filter not found: check if there is a RefParameter without a condition.
2025-10-19 16:46:41,527 [WARN] IP:2250 - I2C_Coeff_DF not found: check if there is a RefParameter without a condition.
2025-10-19 16:46:41,527 [WARN] IP:2250 - Analog_Filter not found: check if there is a RefParameter without a condition.
2025-10-19 16:46:41,540 [WARN] IP:2250 - I2C_Coeff_DF not found: check if there is a RefParameter without a condition.
2025-10-19 16:46:41,540 [WARN] IP:2250 - Analog_Filter not found: check if there is a RefParameter without a condition.
2025-10-19 16:46:41,592 [WARN] IP:2250 - I2C_Coeff_DF not found: check if there is a RefParameter without a condition.
2025-10-19 16:46:41,592 [WARN] IP:2250 - Analog_Filter not found: check if there is a RefParameter without a condition.
2025-10-19 16:46:47,630 [WARN] IP:2250 - I2C_Coeff_DF not found: check if there is a RefParameter without a condition.
2025-10-19 16:46:47,630 [WARN] IP:2250 - Analog_Filter not found: check if there is a RefParameter without a condition.
2025-10-19 16:46:47,631 [WARN] IP:2250 - I2C_Coeff_DF not found: check if there is a RefParameter without a condition.
2025-10-19 16:46:47,631 [WARN] IP:2250 - Analog_Filter not found: check if there is a RefParameter without a condition.
2025-10-19 16:46:47,658 [WARN] IP:2250 - I2C_Coeff_DF not found: check if there is a RefParameter without a condition.
2025-10-19 16:46:47,658 [WARN] IP:2250 - Analog_Filter not found: check if there is a RefParameter without a condition.
2025-10-19 16:46:47,676 [WARN] IP:2250 - I2C_Coeff_DF not found: check if there is a RefParameter without a condition.
2025-10-19 16:46:47,677 [WARN] IP:2250 - Analog_Filter not found: check if there is a RefParameter without a condition.
2025-10-19 16:52:05,392 [INFO] UtilMem:75 - End SaveConfig() Used Memory: 345031952 Bytes (717225984)
2025-10-19 17:02:09,557 [WARN] IP:2250 - I2C_Coeff_DF not found: check if there is a RefParameter without a condition.
2025-10-19 17:02:09,557 [WARN] IP:2250 - Analog_Filter not found: check if there is a RefParameter without a condition.
2025-10-19 17:07:22,950 [INFO] NvicIntPanel:101 - NVIC parent = com.st.microxplorer.plugins.ip.nvic.MultiNvicIntPanel[,0,0,0x0,invalid,layout=javax.swing.BoxLayout,alignmentX=0.0,alignmentY=0.0,border=,flags=9,maximumSize=,minimumSize=,preferredSize=]
2025-10-19 17:07:30,463 [INFO] NvicIntPanel:101 - NVIC parent = com.st.microxplorer.plugins.ip.nvic.MultiNvicIntPanel[,0,0,0x0,invalid,layout=javax.swing.BoxLayout,alignmentX=0.0,alignmentY=0.0,border=,flags=9,maximumSize=,minimumSize=,preferredSize=]
2025-10-19 17:08:05,552 [INFO] UtilMem:75 - End SaveConfig() Used Memory: 646552488 Bytes (753926144)
2025-10-19 17:10:29,410 [WARN] IP:2250 - I2C_Coeff_DF not found: check if there is a RefParameter without a condition.
2025-10-19 17:10:29,410 [WARN] IP:2250 - Analog_Filter not found: check if there is a RefParameter without a condition.
2025-10-19 17:10:29,411 [WARN] IP:2250 - I2C_Coeff_DF not found: check if there is a RefParameter without a condition.
2025-10-19 17:10:29,411 [WARN] IP:2250 - Analog_Filter not found: check if there is a RefParameter without a condition.
2025-10-19 17:10:29,419 [WARN] IP:2250 - I2C_Coeff_DF not found: check if there is a RefParameter without a condition.
2025-10-19 17:10:29,419 [WARN] IP:2250 - Analog_Filter not found: check if there is a RefParameter without a condition.
2025-10-19 17:10:29,430 [WARN] IP:2250 - I2C_Coeff_DF not found: check if there is a RefParameter without a condition.
2025-10-19 17:10:29,430 [WARN] IP:2250 - Analog_Filter not found: check if there is a RefParameter without a condition.
2025-10-19 17:10:33,552 [WARN] IP:2250 - I2C_Coeff_DF not found: check if there is a RefParameter without a condition.
2025-10-19 17:10:33,552 [WARN] IP:2250 - Analog_Filter not found: check if there is a RefParameter without a condition.
2025-10-19 17:10:33,553 [WARN] IP:2250 - I2C_Coeff_DF not found: check if there is a RefParameter without a condition.
2025-10-19 17:10:33,553 [WARN] IP:2250 - Analog_Filter not found: check if there is a RefParameter without a condition.
2025-10-19 17:10:33,576 [WARN] IP:2250 - I2C_Coeff_DF not found: check if there is a RefParameter without a condition.
2025-10-19 17:10:33,576 [WARN] IP:2250 - Analog_Filter not found: check if there is a RefParameter without a condition.
2025-10-19 17:10:33,603 [WARN] IP:2250 - I2C_Coeff_DF not found: check if there is a RefParameter without a condition.
2025-10-19 17:10:33,603 [WARN] IP:2250 - Analog_Filter not found: check if there is a RefParameter without a condition.
2025-10-19 17:18:35,387 [INFO] UtilMem:75 - End SaveConfig() Used Memory: 460644264 Bytes (753926144)
2025-10-19 17:18:37,693 [INFO] UtilMem:75 - End SaveConfig() Used Memory: 475769600 Bytes (753926144)
2025-10-19 17:18:42,587 [INFO] UtilMem:75 - End SaveConfig() Used Memory: 549864496 Bytes (753926144)
2025-10-19 17:18:44,924 [INFO] BlockDiagram:2775 - set Specific Code input for plugin: RTC
2025-10-19 17:18:44,924 [INFO] BlockDiagram:2775 - set Specific Code input for plugin: NVIC
2025-10-19 17:18:44,924 [INFO] BlockDiagram:2775 - set Specific Code input for plugin: TIM1_8F1
2025-10-19 17:18:44,924 [INFO] BlockDiagram:2775 - set Specific Code input for plugin: SYS
2025-10-19 17:18:44,925 [INFO] BlockDiagram:2775 - set Specific Code input for plugin: GPIO
2025-10-19 17:18:44,925 [INFO] BlockDiagram:2775 - set Specific Code input for plugin: RCC
2025-10-19 17:18:44,925 [INFO] BlockDiagram:2775 - set Specific Code input for plugin: I2C
2025-10-19 17:18:44,926 [INFO] CodeGenerator:892 - code generatio: config db path: C:\ST\STM32CubeIDE_1.19.0\STM32CubeIDE\plugins\com.st.stm32cube.common.mx_6.15.0.202507011659\\db\
2025-10-19 17:18:44,930 [WARN] IP:2250 - I2C_Coeff_DF not found: check if there is a RefParameter without a condition.
2025-10-19 17:18:44,930 [WARN] IP:2250 - Analog_Filter not found: check if there is a RefParameter without a condition.
2025-10-19 17:18:45,436 [INFO] CodeEngine:265 - oldGeneratedFile, C:\Users\nico2\OneDrive\Desktop\EMBEBIDOS\COMEDERO_INTEGRACION\MXTmpFiles\license.tmp_save
2025-10-19 17:18:46,524 [INFO] CodeEngine:289 - Generated code: C:\Users\nico2\OneDrive\Desktop\EMBEBIDOS\COMEDERO_INTEGRACION\MXTmpFiles\license.tmp
2025-10-19 17:18:46,929 [INFO] CodeEngine:265 - oldGeneratedFile, C:\Users\nico2\OneDrive\Desktop\EMBEBIDOS\COMEDERO_INTEGRACION\MXTmpFiles\gpio.tmp_save
2025-10-19 17:18:47,242 [INFO] CodeEngine:289 - Generated code: C:\Users\nico2\OneDrive\Desktop\EMBEBIDOS\COMEDERO_INTEGRACION\MXTmpFiles\gpio.tmp
2025-10-19 17:18:47,537 [INFO] CodeEngine:265 - oldGeneratedFile, C:\Users\nico2\OneDrive\Desktop\EMBEBIDOS\COMEDERO_INTEGRACION\Core\Src\stm32f1xx_it.c_save
2025-10-19 17:18:47,875 [INFO] CodeEngine:289 - Generated code: C:\Users\nico2\OneDrive\Desktop\EMBEBIDOS\COMEDERO_INTEGRACION\Core\Src\stm32f1xx_it.c
2025-10-19 17:18:47,911 [INFO] CodeEngine:265 - oldGeneratedFile, C:\Users\nico2\OneDrive\Desktop\EMBEBIDOS\COMEDERO_INTEGRACION\Core\Inc\stm32f1xx_it.h_save
2025-10-19 17:18:48,020 [INFO] CodeEngine:289 - Generated code: C:\Users\nico2\OneDrive\Desktop\EMBEBIDOS\COMEDERO_INTEGRACION\Core\Inc\stm32f1xx_it.h
2025-10-19 17:18:48,094 [INFO] CodeEngine:265 - oldGeneratedFile, C:\Users\nico2\OneDrive\Desktop\EMBEBIDOS\COMEDERO_INTEGRACION\Core\Src\stm32f1xx_hal_msp.c_save
2025-10-19 17:18:48,583 [INFO] CodeEngine:289 - Generated code: C:\Users\nico2\OneDrive\Desktop\EMBEBIDOS\COMEDERO_INTEGRACION\Core\Src\stm32f1xx_hal_msp.c
2025-10-19 17:18:48,585 [INFO] CodeEngine:265 - oldGeneratedFile, C:\Users\nico2\OneDrive\Desktop\EMBEBIDOS\COMEDERO_INTEGRACION\MXTmpFiles\system.tmp_save
2025-10-19 17:18:48,715 [INFO] CodeEngine:289 - Generated code: C:\Users\nico2\OneDrive\Desktop\EMBEBIDOS\COMEDERO_INTEGRACION\MXTmpFiles\system.tmp
2025-10-19 17:18:48,730 [INFO] CodeEngine:321 - oldGeneratedFile, C:\Users\nico2\OneDrive\Desktop\EMBEBIDOS\COMEDERO_INTEGRACION\Core\Inc\stm32f1xx_hal_conf.h_save
2025-10-19 17:18:48,846 [INFO] CodeEngine:345 - Generated code: C:\Users\nico2\OneDrive\Desktop\EMBEBIDOS\COMEDERO_INTEGRACION\Core\Inc\stm32f1xx_hal_conf.h
2025-10-19 17:18:48,999 [INFO] ApiDbMcu:532 - Load IP Config File for I2C1
2025-10-19 17:18:49,012 [INFO] ApiDbMcu:532 - Load IP Config File for RTC
2025-10-19 17:18:49,018 [INFO] ApiDbMcu:532 - Load IP Config File for TIM2
2025-10-19 17:18:49,019 [INFO] ApiDbMcu:532 - Load IP Config File for RCC
2025-10-19 17:18:49,021 [WARN] IPConfigManager:3811 - IP not found : TIM
2025-10-19 17:18:49,021 [WARN] CodeGenerator:4259 - IP not found : null
2025-10-19 17:18:49,026 [INFO] CodeEngine:265 - oldGeneratedFile, C:\Users\nico2\OneDrive\Desktop\EMBEBIDOS\COMEDERO_INTEGRACION\Core\Inc\main.h_save
2025-10-19 17:18:49,217 [INFO] CodeEngine:289 - Generated code: C:\Users\nico2\OneDrive\Desktop\EMBEBIDOS\COMEDERO_INTEGRACION\Core\Inc\main.h
2025-10-19 17:18:49,222 [INFO] CodeEngine:265 - oldGeneratedFile, C:\Users\nico2\OneDrive\Desktop\EMBEBIDOS\COMEDERO_INTEGRACION\Core\Src\main.c_save
2025-10-19 17:18:49,461 [INFO] CodeEngine:289 - Generated code: C:\Users\nico2\OneDrive\Desktop\EMBEBIDOS\COMEDERO_INTEGRACION\Core\Src\main.c
2025-10-19 17:18:49,814 [INFO] ProjectBuilder:3606 - Time for Copy HAL[1] : 87mS.
2025-10-19 17:18:49,818 [INFO] ProjectBuilder:5216 - Project Generator version: 4.7.0-B52
2025-10-19 17:18:50,028 [INFO] ConfigFileManager:1595 - The Die is : DIE410
2025-10-19 17:18:50,030 [INFO] ApiDbMcu:532 - Load IP Config File for FATFS
2025-10-19 17:18:50,032 [INFO] ApiDbMcu:532 - Load IP Config File for FREERTOS
2025-10-19 17:18:50,106 [INFO] ApiDbMcu:532 - Load IP Config File for USB_DEVICE
2025-10-19 17:19:01,529 [INFO] ProjectBuilder:5496 - Time for Generating toolchain IDE Files: 11711mS.
2025-10-19 17:19:01,530 [INFO] ProjectBuilder:3463 - Time for Copy CMSIS : 1mS.
2025-10-19 17:19:01,531 [INFO] ProjectBuilder:3463 - Time for Copy CMSIS : 0mS.
2025-10-19 17:19:21,462 [ERROR] LogOutputStream:75 - [STDERR_REDIRECT] 
2025-10-19 17:19:21,465 [ERROR] LogOutputStream:75 - [STDERR_REDIRECT] 
