2025-10-31 16:20:13,295 [INFO] Activator:176 - 


2025-10-31 16:20:13,299 [INFO] Activator:177 - !SESSION log4j initialized
2025-10-31 16:20:41,601 [INFO] LogOutputStream:77 - [STDOUT_REDIRECT] 
2025-10-31 16:20:44,352 [INFO] ApplicationProperties:184 - Using Application install path: C:\ST\STM32CubeIDE_1.19.0\STM32CubeIDE\plugins\com.st.stm32cube.common.mx_6.15.0.202507011659
2025-10-31 16:20:44,375 [INFO] DbMcusXml:78 - Set database path to: C:\ST\STM32CubeIDE_1.19.0\STM32CubeIDE\plugins\com.st.stm32cube.common.mx_6.15.0.202507011659\\db\/mcu/
2025-10-31 16:20:44,375 [INFO] ApiDb:274 - Set plugin database path to: C:\ST\STM32CubeIDE_1.19.0\STM32CubeIDE\plugins\com.st.stm32cube.common.mx_6.15.0.202507011659\\db\/plugins/boardmanager/
2025-10-31 16:20:44,376 [WARN] ApiDb:259 - Overriding images path with different value:  => C:\ST\STM32CubeIDE_1.19.0\STM32CubeIDE\plugins\com.st.stm32cube.common.mx_6.15.0.202507011659\\db\/plugins/mcufinder/images/
2025-10-31 16:20:44,396 [INFO] ApiDb:250 - Set database path to: C:\Users\nico2\.stmcufinder\plugins\mcufinder//mcu/
2025-10-31 16:20:44,398 [INFO] DbMcusAds:125 - Set database path to: C:\Users\nico2\.stmcufinder\plugins\mcufinder//mcu/
2025-10-31 16:20:44,402 [INFO] CrossReferenceDbSqlite:203 - Set database path to: C:\Users\nico2\.stmcufinder\plugins\mcufinder//mcu/cs/
2025-10-31 16:20:44,637 [INFO] RulesReader:64 - Compatibility file has been processed (317 Rules)
2025-10-31 16:20:44,826 [INFO] DbMcusXml:78 - Set database path to: C:\ST\STM32CubeIDE_1.19.0\STM32CubeIDE\plugins\com.st.stm32cube.common.mx_6.15.0.202507011659\\db\/mcu/
2025-10-31 16:20:44,826 [INFO] ApiDb:274 - Set plugin database path to: C:\ST\STM32CubeIDE_1.19.0\STM32CubeIDE\plugins\com.st.stm32cube.common.mx_6.15.0.202507011659\\db\/plugins/boardmanager/
2025-10-31 16:20:44,827 [INFO] ApiDb:261 - Set plugin images path to: C:\ST\STM32CubeIDE_1.19.0\STM32CubeIDE\plugins\com.st.stm32cube.common.mx_6.15.0.202507011659\\db\/plugins/mcufinder/images/
2025-10-31 16:20:44,827 [WARN] DbFile:41 - Overriding database path with different value: C:\Users\nico2\.stmcufinder\plugins\mcufinder/ => C:\Users\nico2\.stmcufinder\plugins\mcufinder
2025-10-31 16:20:44,827 [INFO] ApiDb:250 - Set database path to: C:\Users\nico2\.stmcufinder\plugins\mcufinder//mcu/
2025-10-31 16:20:44,827 [WARN] DbFile:41 - Overriding database path with different value: C:\Users\nico2\.stmcufinder\plugins\mcufinder/ => C:\Users\nico2\.stmcufinder\plugins\mcufinder
2025-10-31 16:20:44,827 [INFO] DbMcusAds:125 - Set database path to: C:\Users\nico2\.stmcufinder\plugins\mcufinder//mcu/
2025-10-31 16:20:44,827 [WARN] DbFile:41 - Overriding database path with different value: C:\Users\nico2\.stmcufinder\plugins\mcufinder/ => C:\Users\nico2\.stmcufinder\plugins\mcufinder
2025-10-31 16:20:44,828 [WARN] DbFile:41 - Overriding database path with different value: C:\Users\nico2\.stmcufinder\plugins\mcufinder/ => C:\Users\nico2\.stmcufinder\plugins\mcufinder
2025-10-31 16:20:44,828 [INFO] CrossReferenceDbSqlite:203 - Set database path to: C:\Users\nico2\.stmcufinder\plugins\mcufinder//mcu/cs/
2025-10-31 16:20:45,055 [INFO] MainPanel:274 - HeapMemory: 268435456
2025-10-31 16:20:45,287 [INFO] DbMcusXml:78 - Set database path to: C:\ST\STM32CubeIDE_1.19.0\STM32CubeIDE\plugins\com.st.stm32cube.common.mx_6.15.0.202507011659\\db\/mcu/
2025-10-31 16:20:45,287 [INFO] ApiDb:274 - Set plugin database path to: C:\ST\STM32CubeIDE_1.19.0\STM32CubeIDE\plugins\com.st.stm32cube.common.mx_6.15.0.202507011659\\db\/plugins/boardmanager/
2025-10-31 16:20:45,287 [INFO] ApiDb:261 - Set plugin images path to: C:\ST\STM32CubeIDE_1.19.0\STM32CubeIDE\plugins\com.st.stm32cube.common.mx_6.15.0.202507011659\\db\/plugins/mcufinder/images/
2025-10-31 16:20:45,288 [WARN] DbFile:41 - Overriding database path with different value: C:\Users\nico2\.stmcufinder\plugins\mcufinder/ => C:\Users\nico2\.stmcufinder\plugins\mcufinder
2025-10-31 16:20:45,289 [INFO] ApiDb:250 - Set database path to: C:\Users\nico2\.stmcufinder\plugins\mcufinder//mcu/
2025-10-31 16:20:45,289 [WARN] DbFile:41 - Overriding database path with different value: C:\Users\nico2\.stmcufinder\plugins\mcufinder/ => C:\Users\nico2\.stmcufinder\plugins\mcufinder
2025-10-31 16:20:45,289 [INFO] DbMcusAds:125 - Set database path to: C:\Users\nico2\.stmcufinder\plugins\mcufinder//mcu/
2025-10-31 16:20:45,289 [WARN] DbFile:41 - Overriding database path with different value: C:\Users\nico2\.stmcufinder\plugins\mcufinder/ => C:\Users\nico2\.stmcufinder\plugins\mcufinder
2025-10-31 16:20:45,289 [WARN] DbFile:41 - Overriding database path with different value: C:\Users\nico2\.stmcufinder\plugins\mcufinder/ => C:\Users\nico2\.stmcufinder\plugins\mcufinder
2025-10-31 16:20:45,289 [INFO] CrossReferenceDbSqlite:203 - Set database path to: C:\Users\nico2\.stmcufinder\plugins\mcufinder//mcu/cs/
2025-10-31 16:20:45,359 [INFO] ApplicationProperties:184 - Using Application install path: C:\ST\STM32CubeIDE_1.19.0\STM32CubeIDE\plugins\com.st.stm32cube.common.mx_6.15.0.202507011659
2025-10-31 16:20:45,361 [INFO] PluginManage:196 - Search for loadable plugins [exclusion list=, ]
2025-10-31 16:20:45,363 [INFO] PluginManage:310 - Check plugin analytics
2025-10-31 16:20:46,335 [INFO] AnalyticsPlugin:253 - Accepted Software Licenses: 
2025-10-31 16:20:46,336 [INFO] AnalyticsPlugin:255 - Accepted CMSIS Pack Licenses: 
2025-10-31 16:20:46,336 [INFO] AnalyticsPlugin:257 - Accepted Firmware Licenses: 
2025-10-31 16:20:46,362 [INFO] PluginManage:359 - Loaded plugin analytics (category:tool,tabindex:-1)
2025-10-31 16:20:46,365 [INFO] PluginManage:310 - Check plugin cadmodel
2025-10-31 16:20:46,529 [INFO] CADModel:105 - Init CAD model plugin
2025-10-31 16:20:46,529 [INFO] PluginManage:359 - Loaded plugin cadmodel (category:power,tabindex:5)
2025-10-31 16:20:46,530 [INFO] PluginManage:310 - Check plugin clock
2025-10-31 16:20:46,567 [INFO] PluginManage:359 - Loaded plugin clock (category:base,tabindex:2)
2025-10-31 16:20:46,567 [INFO] PluginManage:310 - Check plugin ddr
2025-10-31 16:20:46,571 [INFO] PluginManage:359 - Loaded plugin ddr (category:tool,tabindex:6)
2025-10-31 16:20:46,572 [INFO] PluginManage:310 - Check plugin filemanager
2025-10-31 16:20:47,250 [INFO] PluginManage:359 - Loaded plugin filemanager (category:base,tabindex:10)
2025-10-31 16:20:47,251 [INFO] PluginManage:310 - Check plugin ipmanager
2025-10-31 16:20:47,272 [INFO] PluginManage:359 - Loaded plugin ipmanager (category:base,tabindex:5)
2025-10-31 16:20:47,273 [INFO] PluginManage:310 - Check plugin lpbam
2025-10-31 16:20:47,294 [INFO] PluginManage:359 - Loaded plugin lpbam (category:base,tabindex:0)
2025-10-31 16:20:47,303 [INFO] PluginManage:310 - Check plugin memorymap
2025-10-31 16:20:47,336 [INFO] PluginManage:359 - Loaded plugin memorymap (category:base,tabindex:4)
2025-10-31 16:20:47,337 [INFO] PluginManage:310 - Check plugin pinoutandconfiguration
2025-10-31 16:20:47,355 [INFO] PluginManage:359 - Loaded plugin pinoutandconfiguration (category:base,tabindex:1)
2025-10-31 16:20:47,356 [INFO] PluginManage:310 - Check plugin pinoutconfig
2025-10-31 16:20:47,739 [WARN] SupportedApi:132 - Cannot load RTOS API schema: s4s-elt-must-match.1: The content of 'definitions' must match (annotation?, (simpleType | complexType)?, (unique | key | keyref)*)). A problem was found starting at: attribute.
2025-10-31 16:20:48,224 [INFO] PluginManage:359 - Loaded plugin pinoutconfig (category:base,tabindex:0)
2025-10-31 16:20:48,224 [INFO] PluginManage:310 - Check plugin power
2025-10-31 16:20:48,249 [INFO] PluginManage:359 - Loaded plugin power (category:power,tabindex:4)
2025-10-31 16:20:48,249 [INFO] PluginManage:310 - Check plugin projectmanager
2025-10-31 16:20:48,335 [INFO] PluginManage:359 - Loaded plugin projectmanager (category:projectmanager,tabindex:4)
2025-10-31 16:20:48,335 [INFO] PluginManage:310 - Check plugin rif
2025-10-31 16:20:48,355 [INFO] PluginManage:359 - Loaded plugin rif (category:base,tabindex:3)
2025-10-31 16:20:48,355 [INFO] PluginManage:310 - Check plugin thirdparty
2025-10-31 16:20:49,140 [INFO] PluginManage:359 - Loaded plugin thirdparty (category:base,tabindex:-1)
2025-10-31 16:20:49,141 [INFO] PluginManage:310 - Check plugin tools
2025-10-31 16:20:49,172 [INFO] PluginManage:359 - Loaded plugin tools (category:base,tabindex:7)
2025-10-31 16:20:49,172 [INFO] PluginManage:310 - Check plugin tutovideos
2025-10-31 16:20:49,142 [WARN] IntegrityCheckThread:84 - waiting for thirdparty lock release [integrity check]
2025-10-31 16:20:49,172 [INFO] IntegrityCheckThread:86 - entering critical section [integrity check]
2025-10-31 16:20:49,175 [INFO] ThirdPartyUpdaterWithRetryManager:70 - Updater plugin not ready yet. [1/15]
2025-10-31 16:20:49,521 [INFO] PluginManage:359 - Loaded plugin tutovideos (category:base,tabindex:-1)
2025-10-31 16:20:49,521 [INFO] PluginManage:310 - Check plugin updater
2025-10-31 16:20:49,967 [INFO] PluginManage:359 - Loaded plugin updater (category:base,tabindex:12)
2025-10-31 16:20:49,967 [INFO] PluginManage:310 - Check plugin userauth
2025-10-31 16:20:49,983 [INFO] UserAuth:118 - Init User Auth plugin
2025-10-31 16:20:49,984 [INFO] PluginManage:359 - Loaded plugin userauth (category:base,tabindex:14)
2025-10-31 16:20:49,985 [INFO] PluginManage:283 - PluginManage : Loaded plugins [18]
2025-10-31 16:20:50,366 [INFO] PinOutPanel:1589 - setPackage(No Configuration,No Configuration)
2025-10-31 16:20:50,793 [INFO] CADModel:165 - CPN selected for project level
2025-10-31 16:20:50,793 [INFO] CADModel:114 - Register for checkConnection events
2025-10-31 16:20:50,949 [INFO] IPUIPlugin:80 - create IPUIPlugin
2025-10-31 16:20:50,950 [INFO] PluginManager:220 - loadIPPluginJar : add adc
2025-10-31 16:20:50,958 [INFO] IPUIPlugin:80 - create IPUIPlugin
2025-10-31 16:20:50,958 [INFO] PluginManager:220 - loadIPPluginJar : add aes
2025-10-31 16:20:50,963 [INFO] IPUIPlugin:80 - create IPUIPlugin
2025-10-31 16:20:50,965 [INFO] PluginManager:220 - loadIPPluginJar : add can
2025-10-31 16:20:50,968 [INFO] IPUIPlugin:80 - create IPUIPlugin
2025-10-31 16:20:50,968 [INFO] PluginManager:220 - loadIPPluginJar : add comp
2025-10-31 16:20:50,975 [INFO] IPUIPlugin:80 - create IPUIPlugin
2025-10-31 16:20:50,975 [INFO] PluginManager:220 - loadIPPluginJar : add cryp
2025-10-31 16:20:50,982 [INFO] IPUIPlugin:80 - create IPUIPlugin
2025-10-31 16:20:50,983 [INFO] PluginManager:220 - loadIPPluginJar : add ddr_ctrl_phy
2025-10-31 16:20:50,990 [INFO] IPUIPlugin:80 - create IPUIPlugin
2025-10-31 16:20:50,991 [INFO] PluginManager:220 - loadIPPluginJar : add dfsdm
2025-10-31 16:20:51,000 [INFO] IPUIPlugin:80 - create IPUIPlugin
2025-10-31 16:20:51,001 [INFO] PluginManager:220 - loadIPPluginJar : add dma
2025-10-31 16:20:51,006 [INFO] IPUIPlugin:80 - create IPUIPlugin
2025-10-31 16:20:51,006 [INFO] PluginManager:220 - loadIPPluginJar : add dma3
2025-10-31 16:20:51,012 [INFO] IPUIPlugin:80 - create IPUIPlugin
2025-10-31 16:20:51,012 [INFO] PluginManager:220 - loadIPPluginJar : add extmemmanager
2025-10-31 16:20:51,014 [INFO] IPUIPlugin:80 - create IPUIPlugin
2025-10-31 16:20:51,014 [INFO] PluginManager:220 - loadIPPluginJar : add fatfs
2025-10-31 16:20:51,022 [INFO] IPUIPlugin:80 - create IPUIPlugin
2025-10-31 16:20:51,022 [INFO] PluginManager:220 - loadIPPluginJar : add fmc
2025-10-31 16:20:51,033 [INFO] IPUIPlugin:80 - create IPUIPlugin
2025-10-31 16:20:51,033 [INFO] PluginManager:220 - loadIPPluginJar : add freertos
2025-10-31 16:20:51,035 [INFO] IPUIPlugin:80 - create IPUIPlugin
2025-10-31 16:20:51,035 [INFO] PluginManager:220 - loadIPPluginJar : add genericplugin
2025-10-31 16:20:51,039 [INFO] IPUIPlugin:80 - create IPUIPlugin
2025-10-31 16:20:51,049 [INFO] PluginManager:220 - loadIPPluginJar : add gfxmmu
2025-10-31 16:20:51,057 [INFO] IPUIPlugin:80 - create IPUIPlugin
2025-10-31 16:20:51,058 [INFO] PluginManager:220 - loadIPPluginJar : add gic
2025-10-31 16:20:51,065 [INFO] IPUIPlugin:80 - create IPUIPlugin
2025-10-31 16:20:51,065 [INFO] PluginManager:220 - loadIPPluginJar : add gpio
2025-10-31 16:20:51,069 [INFO] IPUIPlugin:80 - create IPUIPlugin
2025-10-31 16:20:51,069 [INFO] PluginManager:220 - loadIPPluginJar : add gtzc
2025-10-31 16:20:51,073 [INFO] IPUIPlugin:80 - create IPUIPlugin
2025-10-31 16:20:51,073 [INFO] PluginManager:220 - loadIPPluginJar : add hash
2025-10-31 16:20:51,077 [INFO] IPUIPlugin:80 - create IPUIPlugin
2025-10-31 16:20:51,077 [INFO] PluginManager:220 - loadIPPluginJar : add i2c
2025-10-31 16:20:51,081 [INFO] IPUIPlugin:80 - create IPUIPlugin
2025-10-31 16:20:51,082 [INFO] PluginManager:220 - loadIPPluginJar : add i2s
2025-10-31 16:20:51,086 [INFO] IPUIPlugin:80 - create IPUIPlugin
2025-10-31 16:20:51,086 [INFO] PluginManager:220 - loadIPPluginJar : add i3c
2025-10-31 16:20:51,091 [INFO] IPUIPlugin:80 - create IPUIPlugin
2025-10-31 16:20:51,091 [INFO] PluginManager:220 - loadIPPluginJar : add ipddr
2025-10-31 16:20:51,100 [INFO] IPUIPlugin:80 - create IPUIPlugin
2025-10-31 16:20:51,101 [INFO] PluginManager:220 - loadIPPluginJar : add linkedlist
2025-10-31 16:20:51,109 [INFO] IPUIPlugin:80 - create IPUIPlugin
2025-10-31 16:20:51,109 [INFO] PluginManager:220 - loadIPPluginJar : add lorawan
2025-10-31 16:20:51,112 [INFO] IPUIPlugin:80 - create IPUIPlugin
2025-10-31 16:20:51,113 [INFO] PluginManager:220 - loadIPPluginJar : add ltdc
2025-10-31 16:20:51,133 [INFO] IPUIPlugin:80 - create IPUIPlugin
2025-10-31 16:20:51,133 [INFO] PluginManager:220 - loadIPPluginJar : add mdma
2025-10-31 16:20:51,253 [INFO] IPUIPlugin:80 - create IPUIPlugin
2025-10-31 16:20:51,253 [INFO] PluginManager:220 - loadIPPluginJar : add nvic
2025-10-31 16:20:51,258 [INFO] IPUIPlugin:80 - create IPUIPlugin
2025-10-31 16:20:51,258 [INFO] PluginManager:220 - loadIPPluginJar : add opamp
2025-10-31 16:20:51,262 [INFO] IPUIPlugin:80 - create IPUIPlugin
2025-10-31 16:20:51,263 [INFO] PluginManager:220 - loadIPPluginJar : add openamp
2025-10-31 16:20:51,268 [INFO] IPUIPlugin:80 - create IPUIPlugin
2025-10-31 16:20:51,268 [INFO] PluginManager:220 - loadIPPluginJar : add pdm2pcm
2025-10-31 16:20:51,275 [INFO] IPUIPlugin:80 - create IPUIPlugin
2025-10-31 16:20:51,278 [INFO] PluginManager:220 - loadIPPluginJar : add plateformsettings
2025-10-31 16:20:51,282 [INFO] IPUIPlugin:80 - create IPUIPlugin
2025-10-31 16:20:51,282 [INFO] PluginManager:220 - loadIPPluginJar : add quadspi
2025-10-31 16:20:51,285 [INFO] IPUIPlugin:80 - create IPUIPlugin
2025-10-31 16:20:51,285 [INFO] PluginManager:220 - loadIPPluginJar : add radio
2025-10-31 16:20:51,292 [INFO] IPUIPlugin:80 - create IPUIPlugin
2025-10-31 16:20:51,292 [INFO] PluginManager:220 - loadIPPluginJar : add resmgrutility
2025-10-31 16:20:51,297 [INFO] IPUIPlugin:80 - create IPUIPlugin
2025-10-31 16:20:51,298 [INFO] PluginManager:220 - loadIPPluginJar : add sai
2025-10-31 16:20:51,302 [INFO] IPUIPlugin:80 - create IPUIPlugin
2025-10-31 16:20:51,302 [INFO] PluginManager:220 - loadIPPluginJar : add spi
2025-10-31 16:20:51,374 [INFO] IPUIPlugin:80 - create IPUIPlugin
2025-10-31 16:20:51,375 [INFO] PluginManager:220 - loadIPPluginJar : add stm32_wpan
2025-10-31 16:20:51,382 [INFO] IPUIPlugin:80 - create IPUIPlugin
2025-10-31 16:20:51,382 [INFO] PluginManager:220 - loadIPPluginJar : add tim
2025-10-31 16:20:51,469 [INFO] IPUIPlugin:80 - create IPUIPlugin
2025-10-31 16:20:51,469 [INFO] PluginManager:220 - loadIPPluginJar : add touchsensing
2025-10-31 16:20:51,474 [INFO] IPUIPlugin:80 - create IPUIPlugin
2025-10-31 16:20:51,475 [INFO] PluginManager:220 - loadIPPluginJar : add tracer_emb
2025-10-31 16:20:51,478 [INFO] IPUIPlugin:80 - create IPUIPlugin
2025-10-31 16:20:51,479 [INFO] PluginManager:220 - loadIPPluginJar : add ts
2025-10-31 16:20:51,482 [INFO] IPUIPlugin:80 - create IPUIPlugin
2025-10-31 16:20:51,484 [INFO] PluginManager:220 - loadIPPluginJar : add tsc
2025-10-31 16:20:51,493 [INFO] IPUIPlugin:80 - create IPUIPlugin
2025-10-31 16:20:51,494 [INFO] PluginManager:220 - loadIPPluginJar : add ucpd
2025-10-31 16:20:51,500 [INFO] IPUIPlugin:80 - create IPUIPlugin
2025-10-31 16:20:51,500 [INFO] PluginManager:220 - loadIPPluginJar : add usart
2025-10-31 16:20:51,511 [INFO] IPUIPlugin:80 - create IPUIPlugin
2025-10-31 16:20:51,512 [INFO] PluginManager:220 - loadIPPluginJar : add usbx
2025-10-31 16:20:51,818 [FATAL] Updater:351 - Updater called before beeing initialized
2025-10-31 16:20:52,062 [INFO] RulesReader:64 - Compatibility file has been processed (317 Rules)
2025-10-31 16:20:52,174 [INFO] RulesReader:64 - Compatibility file has been processed (317 Rules)
2025-10-31 16:20:52,187 [INFO] CADModel:165 - CPN selected for project level
2025-10-31 16:20:52,188 [INFO] CADModel:114 - Register for checkConnection events
2025-10-31 16:20:52,188 [FATAL] Updater:351 - Updater called before beeing initialized
2025-10-31 16:20:52,212 [ERROR] CADModel:125 - Updater not yet initialized, retry later 
2025-10-31 16:20:52,216 [INFO] ThirdPartyUpdaterWithRetryManager:70 - Updater plugin not ready yet. [2/15]
2025-10-31 16:20:52,648 [FATAL] Updater:351 - Updater called before beeing initialized
2025-10-31 16:20:52,653 [INFO] CADModel:165 - CPN selected for project level
2025-10-31 16:20:52,653 [INFO] CADModel:114 - Register for checkConnection events
2025-10-31 16:20:52,653 [FATAL] Updater:351 - Updater called before beeing initialized
2025-10-31 16:20:52,654 [ERROR] CADModel:125 - Updater not yet initialized, retry later 
2025-10-31 16:20:52,659 [FATAL] Updater:351 - Updater called before beeing initialized
2025-10-31 16:20:53,335 [FATAL] Updater:351 - Updater called before beeing initialized
2025-10-31 16:20:53,342 [INFO] DbMcusAds:53 - JSON generation date=Thu Oct 02 02:36:05 PDT 2025 (1759397765645)
2025-10-31 16:20:53,343 [FATAL] Updater:351 - Updater called before beeing initialized
2025-10-31 16:20:53,423 [WARN] DetailPanel:346 - Failed to get advertising image, set to default
2025-10-31 16:20:53,581 [FATAL] Updater:351 - Updater called before beeing initialized
2025-10-31 16:20:53,583 [FATAL] Updater:351 - Updater called before beeing initialized
2025-10-31 16:20:53,584 [FATAL] Updater:351 - Updater called before beeing initialized
2025-10-31 16:20:53,584 [WARN] DetailPanel:346 - Failed to get advertising image, set to default
2025-10-31 16:20:53,586 [FATAL] Updater:351 - Updater called before beeing initialized
2025-10-31 16:20:53,693 [ERROR] Updater:1198 - MainUpdater not yet initialized. External WinMGr cannot be set.
2025-10-31 16:20:53,696 [INFO] Updater:1134 - Updater Version found : 6.15.0
2025-10-31 16:20:53,726 [INFO] ApplicationProperties:184 - Using Application install path: C:\ST\STM32CubeIDE_1.19.0\STM32CubeIDE\plugins\com.st.stm32cube.common.mx_6.15.0.202507011659
2025-10-31 16:20:55,219 [FATAL] Updater:351 - Updater called before beeing initialized
2025-10-31 16:20:55,219 [ERROR] IntegrityCheckThread:130 - Cannot retrieve database content from updater: error 21
2025-10-31 16:20:55,219 [INFO] ThirdParty:978 - Integrity check success = false
2025-10-31 16:20:55,219 [INFO] IntegrityCheckThread:100 - exiting critical section [integrity check]
2025-10-31 16:20:55,219 [INFO] IntegrityCheckThread:103 - End integrity checks thread
2025-10-31 16:20:55,310 [ERROR] LogOutputStream:75 - [STDERR_REDIRECT] Oct 31, 2025 4:20:55 PM java.util.prefs.WindowsPreferences <init>
2025-10-31 16:20:55,312 [ERROR] LogOutputStream:75 - [STDERR_REDIRECT] WARNING: Could not open/create prefs root node Software\JavaSoft\Prefs at root 0xffffffff80000002. Windows RegCreateKeyEx(...) returned error code 5.
2025-10-31 16:20:55,312 [ERROR] LogOutputStream:75 - [STDERR_REDIRECT] 
2025-10-31 12:20:57,936 [INFO] MainUpdater:2872 - connection check result : 10
2025-10-31 12:20:57,937 [INFO] MainUpdater:3604 - Updater definition file requires update
2025-10-31 12:20:57,938 [INFO] MainUpdater:289 - Updater Check For Update Now.
2025-10-31 12:20:57,938 [INFO] MicroXplorer:498 - Change Database Version : DB.6.0.150
2025-10-31 12:20:57,944 [INFO] McuFinderGlobals:63 - Set McuFinder mode to 2 (CubeIDE integrated)
2025-10-31 12:20:57,947 [INFO] UserAuth:487 - Internet connection configuration mode: 1
2025-10-31 12:20:57,987 [INFO] JxBrowserEngine:152 - Initiate JxBrowser Engine with user profile folder
2025-10-31 12:20:58,116 [INFO] ServerAccessManage:452 - Complete download http(s) 200
2025-10-31 12:20:58,117 [INFO] ServerAccessManage:509 - Download File updaters.zip
2025-10-31 12:20:58,737 [INFO] FileExtend:248 - Unzip File : updaters.zip
2025-10-31 12:20:58,737 [INFO] FileExtend:263 - Standard Zip Deflate
2025-10-31 12:21:00,527 [INFO] ServerAccessManage:452 - Complete download http(s) 200
2025-10-31 12:21:00,527 [INFO] ServerAccessManage:509 - Download File PacksControlFlags.xml
2025-10-31 12:21:00,716 [INFO] ServerAccessManage:452 - Complete download http(s) 200
2025-10-31 12:21:00,716 [INFO] ServerAccessManage:509 - Download File cubemx.pidx
2025-10-31 12:21:01,553 [INFO] ServerAccessManage:452 - Complete download http(s) 200
2025-10-31 12:21:01,553 [INFO] ServerAccessManage:509 - Download File STMicroelectronics.FP-SNS-MOTENV1.pdsc
2025-10-31 12:21:03,286 [INFO] ServerAccessManage:452 - Complete download http(s) 200
2025-10-31 12:21:03,286 [INFO] ServerAccessManage:509 - Download File STMicroelectronics.X-CUBE-GNSS1.pdsc
2025-10-31 12:21:03,649 [INFO] WebApp:169 - Instantiating new browser for Auth
2025-10-31 12:21:06,061 [INFO] WebApp:463 - Apply proxy settings
2025-10-31 12:21:06,064 [INFO] WebApp:548 - Chromium requires no authentication
2025-10-31 12:21:06,080 [INFO] WebApp:491 - Direct internet connection detected
2025-10-31 12:21:06,128 [INFO] WebApp:900 - Register for checkConnection events
2025-10-31 12:21:06,128 [INFO] WebApp:463 - Apply proxy settings
2025-10-31 12:21:06,128 [INFO] WebApp:548 - Chromium requires no authentication
2025-10-31 12:21:06,129 [INFO] WebApp:491 - Direct internet connection detected
2025-10-31 12:21:06,475 [INFO] WebApp:225 - Starting web application
2025-10-31 12:21:06,475 [INFO] WebApp:593 - Web application path used C:\ST\STM32CubeIDE_1.19.0\STM32CubeIDE\plugins\com.st.stm32cube.common.mx_6.15.0.202507011659\db\plugins\mcufinder\reactClient1\index.html
2025-10-31 12:21:06,673 [INFO] UserAuth:487 - Internet connection configuration mode: 1
2025-10-31 12:21:07,275 [ERROR] ServerAccessManage:1212 - Problem, file not found on Server
2025-10-31 12:21:07,844 [INFO] WebApp:191 - Connection restablished
2025-10-31 12:21:07,985 [ERROR] ServerAccessManage:1212 - Problem, file not found on Server
2025-10-31 12:21:08,786 [ERROR] ServerAccessManage:1212 - Problem, file not found on Server
2025-10-31 12:21:09,070 [ERROR] ServerAccessManage:1212 - Problem, file not found on Server
2025-10-31 12:21:10,088 [ERROR] ServerAccessManage:1212 - Problem, file not found on Server
2025-10-31 12:21:11,186 [ERROR] ServerAccessManage:1212 - Problem, file not found on Server
2025-10-31 12:21:13,465 [ERROR] ServerAccessManage:1295 - Problem during Server Connection :  IO error PKIX path building failed: sun.security.provider.certpath.SunCertPathBuilderException: unable to find valid certification path to requested target
2025-10-31 12:21:13,465 [ERROR] ServerAccessManage:740 - Problem during Server Connection :  : wolfSSL.I-CUBE-wolfSSL.pdsc.
2025-10-31 12:21:13,496 [ERROR] ServerAccessManage:1295 - Problem during Server Connection :  IO error PKIX path building failed: sun.security.provider.certpath.SunCertPathBuilderException: unable to find valid certification path to requested target
2025-10-31 12:21:13,496 [ERROR] ServerAccessManage:740 - Problem during Server Connection :  : wolfSSL.I-CUBE-wolfMQTT.pdsc.
2025-10-31 12:21:13,531 [ERROR] ServerAccessManage:1295 - Problem during Server Connection :  IO error PKIX path building failed: sun.security.provider.certpath.SunCertPathBuilderException: unable to find valid certification path to requested target
2025-10-31 12:21:13,531 [ERROR] ServerAccessManage:740 - Problem during Server Connection :  : wolfSSL.I-CUBE-wolfTPM.pdsc.
2025-10-31 12:21:13,565 [ERROR] ServerAccessManage:1295 - Problem during Server Connection :  IO error PKIX path building failed: sun.security.provider.certpath.SunCertPathBuilderException: unable to find valid certification path to requested target
2025-10-31 12:21:13,565 [ERROR] ServerAccessManage:740 - Problem during Server Connection :  : wolfSSL.I-CUBE-wolfSSH.pdsc.
2025-10-31 12:21:14,064 [WARN] PackLoader:240 - Cannot read IP mode file for STMicroelectronics.FP-SNS-MOTENV1.5.1.0
2025-10-31 12:21:14,110 [WARN] PackLoader:240 - Cannot read IP mode file for STMicroelectronics.X-CUBE-GNSS1.7.1.0
2025-10-31 12:21:14,113 [INFO] PopulateThirdPartyThread:66 - Ending populate Thread
2025-10-31 12:21:14,163 [INFO] ThirdParty:1030 - CMSIS Pack Vendor :STMicroelectronics X-CUBE-GNSS1 7.1.0
2025-10-31 12:21:14,163 [INFO] ThirdParty:1030 - CMSIS Pack Vendor :STMicroelectronics FP-SNS-MOTENV1 5.1.0
2025-10-31 12:21:14,163 [INFO] LoadServerUpdatesThread:375 - End of LoadServerUpdate Thread
2025-10-31 12:21:14,568 [INFO] CheckServerUpdateThread:120 - End of CheckServer Thread
2025-10-31 12:24:38,128 [INFO] McuFinderGlobals:63 - Set McuFinder mode to 2 (CubeIDE integrated)
2025-10-31 12:24:38,149 [INFO] MainUpdater:2872 - connection check result : 10
2025-10-31 12:24:38,150 [INFO] MainUpdater:2872 - connection check result : 10
2025-10-31 12:24:38,210 [INFO] MicroXplorer:468 - Change Database Path : 
2025-10-31 12:24:38,211 [INFO] MicroXplorer:498 - Change Database Version : DB.6.0.150
2025-10-31 12:24:38,217 [WARN] ThirdParty:871 - waiting for thirdparty lock release [close project]
2025-10-31 12:24:38,217 [INFO] ThirdParty:873 - entering critical section [close project]
2025-10-31 12:24:38,218 [INFO] ThirdParty:883 - exiting critical section [close project]
2025-10-31 12:24:38,219 [INFO] PinOutPanel:1589 - setPackage(No Configuration,No Configuration)
2025-10-31 12:24:38,223 [INFO] UtilMem:75 - Begin LoadConfig() Used Memory: 553657336 Bytes (827326464)
2025-10-31 12:24:38,224 [INFO] MicroXplorer:468 - Change Database Path : 
2025-10-31 12:24:38,224 [INFO] MicroXplorer:498 - Change Database Version : DB.6.0.150
2025-10-31 12:24:38,224 [INFO] OpenFileManager:355 - Change cursor
2025-10-31 12:24:38,239 [WARN] IntegrityCheckThread:84 - waiting for thirdparty lock release [integrity check]
2025-10-31 12:24:38,239 [INFO] IntegrityCheckThread:86 - entering critical section [integrity check]
2025-10-31 12:24:38,613 [WARN] PackLoader:240 - Cannot read IP mode file for STMicroelectronics.FP-SNS-MOTENVWB1.1.4.0
2025-10-31 12:24:38,622 [WARN] PackLoader:240 - Cannot read IP mode file for STMicroelectronics.FP-ATR-ASTRA1.2.0.2
2025-10-31 12:24:38,632 [WARN] PackLoader:240 - Cannot read IP mode file for STMicroelectronics.X-CUBE-SMBUS.2.1.0
2025-10-31 12:24:38,649 [WARN] PackLoader:240 - Cannot read IP mode file for STMicroelectronics.X-CUBE-ST60.1.0.0
2025-10-31 12:24:38,778 [WARN] PackLoader:240 - Cannot read IP mode file for STMicroelectronics.X-CUBE-AZRTOS-F7.1.1.0
2025-10-31 12:24:38,839 [WARN] PackLoader:240 - Cannot read IP mode file for Cesanta.I-CUBE-Mongoose.7.19.0
2025-10-31 12:24:38,844 [WARN] PackLoader:240 - Cannot read IP mode file for STMicroelectronics.FP-SNS-MOTENV1.5.1.0
2025-10-31 12:24:38,946 [WARN] PackLoader:240 - Cannot read IP mode file for Infineon.AIROC-Wi-Fi-Bluetooth-STM32.1.7.1
2025-10-31 12:24:39,050 [WARN] PackLoader:240 - Cannot read IP mode file for STMicroelectronics.X-CUBE-AZRTOS-H7.3.4.0
2025-10-31 12:24:39,063 [WARN] PackLoader:240 - Cannot read IP mode file for STMicroelectronics.X-CUBE-DISPLAY.3.0.0
2025-10-31 12:24:39,077 [WARN] PackLoader:240 - Cannot read IP mode file for STMicroelectronics.X-CUBE-NFC10.1.0.0
2025-10-31 12:24:39,175 [WARN] PackLoader:240 - Cannot read IP mode file for STMicroelectronics.X-CUBE-ST60.1.1.0
2025-10-31 12:24:39,180 [WARN] PackLoader:240 - Cannot read IP mode file for emotas.I-CUBE-CANOPEN.1.3.0
2025-10-31 12:24:39,183 [WARN] PackLoader:240 - Cannot read IP mode file for STMicroelectronics.X-CUBE-GNSS1.7.1.0
2025-10-31 12:24:39,187 [WARN] PackLoader:240 - Cannot read IP mode file for STMicroelectronics.FP-SNS-STBOX1.2.1.0
2025-10-31 12:24:39,192 [WARN] PackLoader:240 - Cannot read IP mode file for STMicroelectronics.FP-SNS-SMARTAG2.1.2.0
2025-10-31 12:24:39,224 [WARN] PackLoader:240 - Cannot read IP mode file for STMicroelectronics.FP-SNS-FLIGHT1.5.1.0
2025-10-31 12:24:39,237 [INFO] LogOutputStream:77 - [STDOUT_REDIRECT] 1 : Invalid condition id : UX_CORESTACK_Condition cause : null
2025-10-31 12:24:39,238 [INFO] LogOutputStream:77 - [STDOUT_REDIRECT] 1 : Invalid condition id : UX_CORESTACK_Condition cause : null
2025-10-31 12:24:39,239 [INFO] LogOutputStream:77 - [STDOUT_REDIRECT] 1 : Invalid condition id : UX_CORESTACK_Condition cause : null
2025-10-31 12:24:39,239 [INFO] LogOutputStream:77 - [STDOUT_REDIRECT] 1 : Invalid condition id : UX_CORESTACK_Condition cause : null
2025-10-31 12:24:39,241 [INFO] LogOutputStream:77 - [STDOUT_REDIRECT] 1 : Invalid condition id : UX_CORESTACK_Condition cause : null
2025-10-31 12:24:39,292 [WARN] PackLoader:240 - Cannot read IP mode file for STMicroelectronics.X-CUBE-AZRTOS-WL.2.0.0
2025-10-31 12:24:39,314 [WARN] PackLoader:240 - Cannot read IP mode file for STMicroelectronics.FP-SNS-MOTENV1.5.0.0
2025-10-31 12:24:39,320 [WARN] PackLoader:240 - Cannot read IP mode file for WES.I-CUBE-Cesium.1.3.0
2025-10-31 12:24:39,375 [WARN] PackLoader:240 - Cannot read IP mode file for STMicroelectronics.X-CUBE-BLE2.3.3.0
2025-10-31 12:24:39,389 [WARN] PackLoader:240 - Cannot read IP mode file for STMicroelectronics.X-CUBE-NFC9.1.0.0
2025-10-31 12:24:39,402 [WARN] PackLoader:240 - Cannot read IP mode file for STMicroelectronics.X-CUBE-BLE1.7.1.0
2025-10-31 12:24:39,407 [WARN] PackLoader:240 - Cannot read IP mode file for STMicroelectronics.X-CUBE-EEPRMA1.5.2.0
2025-10-31 12:24:39,423 [WARN] PackLoader:240 - Cannot read IP mode file for STMicroelectronics.X-CUBE-ST67W61.1.1.0
2025-10-31 12:24:39,437 [WARN] PackLoader:240 - Cannot read IP mode file for STMicroelectronics.X-CUBE-AZRTOS-G0.1.1.0
2025-10-31 12:24:39,447 [WARN] PackLoader:240 - Cannot read IP mode file for STMicroelectronics.X-CUBE-SAFEA1.1.2.2
2025-10-31 12:24:39,461 [WARN] PackLoader:240 - Cannot read IP mode file for STMicroelectronics.X-CUBE-NFC4.3.0.0
2025-10-31 12:24:39,468 [WARN] PackLoader:240 - Cannot read IP mode file for EmbeddedOffice.I-CUBE-FS-RTOS.1.0.1
2025-10-31 12:24:39,475 [WARN] PackLoader:240 - Cannot read IP mode file for STMicroelectronics.X-CUBE-WB05N.2.0.0
2025-10-31 12:24:39,507 [WARN] PackLoader:240 - Cannot read IP mode file for STMicroelectronics.X-CUBE-TCPP.4.2.0
2025-10-31 12:24:39,514 [WARN] PackLoader:240 - Cannot read IP mode file for RealThread.X-CUBE-RT-Thread_Nano.4.1.1
2025-10-31 12:24:39,518 [WARN] PackLoader:240 - Cannot read IP mode file for STMicroelectronics.FP-ATR-SIGFOX1.3.2.0
2025-10-31 12:24:39,522 [WARN] PackLoader:240 - Cannot read IP mode file for ITTIA_DB.I-CUBE-ITTIADB.8.9.0
2025-10-31 12:24:39,526 [WARN] PackLoader:240 - Cannot read IP mode file for STMicroelectronics.X-CUBE-ST67W61.1.0.0
2025-10-31 12:24:39,562 [WARN] PackLoader:240 - Cannot read IP mode file for STMicroelectronics.X-CUBE-AI.10.2.0
2025-10-31 12:24:39,638 [WARN] PackLoader:240 - Cannot read IP mode file for SEGGER.I-CUBE-embOS.1.3.1
2025-10-31 12:24:39,750 [WARN] PackLoader:240 - Cannot read IP mode file for STMicroelectronics.X-CUBE-ALGOBUILD.1.4.0
2025-10-31 12:24:39,864 [WARN] PackLoader:240 - Cannot read IP mode file for STMicroelectronics.X-CUBE-MEMS1.11.3.0
2025-10-31 12:24:40,911 [WARN] PackLoader:240 - Cannot read IP mode file for STMicroelectronics.X-CUBE-PM33A1.1.0.0
2025-10-31 12:24:41,373 [WARN] PackLoader:240 - Cannot read IP mode file for STMicroelectronics.X-CUBE-AZRTOS-F4.1.1.0
2025-10-31 12:24:41,762 [WARN] PackLoader:240 - Cannot read IP mode file for STMicroelectronics.X-CUBE-ISPU.2.1.0
2025-10-31 12:24:41,873 [WARN] PackLoader:240 - Cannot read IP mode file for STMicroelectronics.X-CUBE-IPS.3.2.0
2025-10-31 12:24:41,882 [WARN] PackLoader:240 - Cannot read IP mode file for STMicroelectronics.X-CUBE-NFC12.1.0.0
2025-10-31 12:24:41,892 [WARN] PackLoader:240 - Cannot read IP mode file for STMicroelectronics.X-CUBE-AZRTOS-L5.2.0.0
2025-10-31 12:24:41,998 [WARN] PackLoader:240 - Cannot read IP mode file for STMicroelectronics.X-CUBE-NFC6.3.1.0
2025-10-31 12:24:42,004 [WARN] PackLoader:240 - Cannot read IP mode file for STMicroelectronics.X-CUBE-FREERTOS.1.3.1
2025-10-31 12:24:42,007 [WARN] PackLoader:240 - Cannot read IP mode file for STMicroelectronics.X-CUBE-TOUCHGFX.4.26.0
2025-10-31 12:24:42,011 [WARN] PackLoader:240 - Cannot read IP mode file for STMicroelectronics.FP-SNS-STAIOTCFT.1.0.0
2025-10-31 12:24:42,016 [WARN] PackLoader:240 - Cannot read IP mode file for STMicroelectronics.X-CUBE-DPower.1.3.0
2025-10-31 12:24:42,122 [WARN] ConditionMgr:438 - getConditionDescription Invalid condition id : LAN8742 Phy interface Condition cause : null
2025-10-31 12:24:42,123 [WARN] PackLoader:240 - Cannot read IP mode file for STMicroelectronics.X-CUBE-AZRTOS-L4.2.0.0
2025-10-31 12:24:42,124 [WARN] ConditionMgr:1044 - genDependencies : Invalid condition id : LAN8742 Phy interface Condition cause : null
2025-10-31 12:24:42,124 [WARN] ConditionMgr:1044 - genDependencies : Invalid condition id : LAN8742 Phy interface Condition cause : null
2025-10-31 12:24:42,124 [WARN] ConditionMgr:1044 - genDependencies : Invalid condition id : LAN8742 Phy interface Condition cause : null
2025-10-31 12:24:42,129 [WARN] PackLoader:240 - Cannot read IP mode file for STMicroelectronics.X-CUBE-SFXS2LP1.4.0.0
2025-10-31 12:24:42,232 [WARN] PackLoader:240 - Cannot read IP mode file for STMicroelectronics.X-CUBE-BLEMGR.4.1.0
2025-10-31 12:24:42,242 [WARN] ConditionMgr:438 - getConditionDescription Invalid condition id : UX DEVICE CLASS RTOS Condition cause : null
2025-10-31 12:24:42,242 [WARN] ConditionMgr:438 - getConditionDescription Invalid condition id : UX DEVICE CLASS RTOS Condition cause : null
2025-10-31 12:24:42,243 [WARN] PackLoader:240 - Cannot read IP mode file for STMicroelectronics.X-CUBE-AZRTOS-WB.2.0.0
2025-10-31 12:24:42,243 [WARN] ConditionMgr:1044 - genDependencies : Invalid condition id : UX DEVICE CLASS RTOS Condition cause : null
2025-10-31 12:24:42,243 [WARN] ConditionMgr:1044 - genDependencies : Invalid condition id : UX DEVICE CLASS RTOS Condition cause : null
2025-10-31 12:24:42,244 [WARN] ConditionMgr:1044 - genDependencies : Invalid condition id : UX DEVICE CLASS RTOS Condition cause : null
2025-10-31 12:24:42,244 [WARN] ConditionMgr:1044 - genDependencies : Invalid condition id : UX DEVICE CLASS RTOS Condition cause : null
2025-10-31 12:24:42,244 [WARN] ConditionMgr:1044 - genDependencies : Invalid condition id : UX DEVICE CLASS RTOS Condition cause : null
2025-10-31 12:24:42,344 [WARN] PackLoader:240 - Cannot read IP mode file for STMicroelectronics.X-CUBE-GNSS1.7.0.1
2025-10-31 12:24:42,346 [WARN] PackLoader:240 - Cannot read IP mode file for STMicroelectronics.X-CUBE-TOUCHGFX.4.25.0
2025-10-31 12:24:42,348 [WARN] ConditionMgr:438 - getConditionDescription Invalid condition id : Cortex-A Device cause : null
2025-10-31 12:24:42,358 [WARN] ConditionMgr:1044 - genDependencies : Invalid condition id : Cortex-A Device cause : null
2025-10-31 12:24:42,358 [WARN] ConditionMgr:1044 - genDependencies : Invalid condition id : Cortex-A Device cause : null
2025-10-31 12:24:42,358 [WARN] ConditionMgr:1044 - genDependencies : Invalid condition id : Cortex-A Device cause : null
2025-10-31 12:24:42,461 [WARN] PackLoader:240 - Cannot read IP mode file for STMicroelectronics.X-CUBE-SUBG2.5.0.0
2025-10-31 12:24:42,576 [WARN] PackLoader:240 - Cannot read IP mode file for STMicroelectronics.X-CUBE-AZRTOS-H7RS.1.1.0
2025-10-31 12:24:42,585 [WARN] PackLoader:240 - Cannot read IP mode file for STMicroelectronics.X-CUBE-AZRTOS-G4.2.0.0
2025-10-31 12:24:42,590 [WARN] PackLoader:240 - Cannot read IP mode file for STMicroelectronics.X-CUBE-NFC7.2.0.0
2025-10-31 12:24:42,597 [WARN] PackLoader:240 - Cannot read IP mode file for STMicroelectronics.X-CUBE-IPS.3.1.0
2025-10-31 12:24:42,700 [WARN] PackLoader:240 - Cannot read IP mode file for STMicroelectronics.X-CUBE-ALS.1.0.2
2025-10-31 12:24:42,704 [WARN] PackLoader:240 - Cannot read IP mode file for STMicroelectronics.X-CUBE-STSE01.1.0.0
2025-10-31 12:24:42,810 [WARN] PackLoader:240 - Cannot read IP mode file for STMicroelectronics.X-CUBE-TOF1.3.4.3
2025-10-31 12:24:42,815 [INFO] ThirdParty:978 - Integrity check success = true
2025-10-31 12:24:42,815 [INFO] IntegrityCheckThread:100 - exiting critical section [integrity check]
2025-10-31 12:24:42,815 [INFO] IntegrityCheckThread:103 - End integrity checks thread
2025-10-31 12:24:43,321 [INFO] Mcu:2029 - Initializing MCU STM32F103C(8-B)Tx STM32F103C8Tx STM32F103C8T6
2025-10-31 12:24:52,256 [INFO] Context:786 - Trying to add GPIOservice into a context  which must be forbidden
2025-10-31 12:24:53,276 [INFO] ImportTextPane:234 - (OptionalMessage_ERROR) Pin18 (VP_RIF_VS_RIF1) cannot be retrieved for this MCU
2025-10-31 12:24:53,529 [INFO] RtosManager:558 - Registered RTOS mode: class=CMSIS, group=RTOS, mode=CMSIS_V1, owner=FREERTOS
2025-10-31 12:24:53,529 [INFO] RtosManager:558 - Registered RTOS mode: class=CMSIS, group=RTOS2, mode=CMSIS_V2, owner=FREERTOS
2025-10-31 12:24:53,529 [INFO] RtosManager:558 - Registered RTOS mode: class=RTOS, group=Core, mode=CMSIS_V1, owner=FREERTOS
2025-10-31 12:24:53,529 [INFO] RtosManager:558 - Registered RTOS mode: class=RTOS, group=Core, mode=CMSIS_V2, owner=FREERTOS
2025-10-31 12:24:53,529 [WARN] ModelIntegratedComponent:184 - Missing modes for component STMicroelectronics:FreeRTOS:0.0.1:STMicroelectronics:RTOS:FreeRTOS:Core:::10.2.0:
2025-10-31 12:24:53,569 [WARN] ModelIntegratedComponent:63 - No mode defined for component null
2025-10-31 12:24:53,569 [WARN] ModelIntegratedComponent:63 - No mode defined for component null
2025-10-31 12:24:53,569 [WARN] ModelIntegratedComponent:63 - No mode defined for component null
2025-10-31 12:24:53,569 [WARN] ModelIntegratedComponent:63 - No mode defined for component null
2025-10-31 12:24:53,569 [WARN] ModelIntegratedComponent:63 - No mode defined for component null
2025-10-31 12:24:53,569 [WARN] ModelIntegratedComponent:63 - No mode defined for component null
2025-10-31 12:24:53,569 [WARN] ModelIntegratedComponent:63 - No mode defined for component null
2025-10-31 12:24:53,569 [WARN] ModelIntegratedComponent:63 - No mode defined for component null
2025-10-31 12:24:53,569 [WARN] ModelIntegratedComponent:63 - No mode defined for component null
2025-10-31 12:24:53,569 [WARN] ModelIntegratedComponent:63 - No mode defined for component null
2025-10-31 12:24:53,569 [WARN] ModelIntegratedComponent:63 - No mode defined for component null
2025-10-31 12:24:53,569 [WARN] ModelIntegratedComponent:63 - No mode defined for component null
2025-10-31 12:24:53,569 [WARN] ModelIntegratedComponent:63 - No mode defined for component null
2025-10-31 12:24:53,569 [WARN] ModelIntegratedComponent:63 - No mode defined for component null
2025-10-31 12:24:53,569 [WARN] ModelIntegratedComponent:63 - No mode defined for component null
2025-10-31 12:24:53,569 [WARN] ModelIntegratedComponent:63 - No mode defined for component null
2025-10-31 12:24:53,569 [WARN] ModelIntegratedComponent:63 - No mode defined for component null
2025-10-31 12:24:53,569 [WARN] ModelIntegratedComponent:63 - No mode defined for component null
2025-10-31 12:24:53,569 [WARN] ModelIntegratedComponent:63 - No mode defined for component null
2025-10-31 12:24:53,569 [WARN] ModelIntegratedComponent:63 - No mode defined for component null
2025-10-31 12:24:53,569 [WARN] ModelIntegratedComponent:63 - No mode defined for component null
2025-10-31 12:24:53,571 [WARN] ModelIntegratedComponent:63 - No mode defined for component null
2025-10-31 12:24:53,572 [WARN] ModelIntegratedComponent:63 - No mode defined for component null
2025-10-31 12:24:53,591 [WARN] ModelIntegratedComponent:63 - No mode defined for component null
2025-10-31 12:24:53,591 [WARN] ModelIntegratedComponent:63 - No mode defined for component null
2025-10-31 12:24:53,592 [WARN] ModelIntegratedComponent:63 - No mode defined for component null
2025-10-31 12:24:53,592 [WARN] ModelIntegratedComponent:63 - No mode defined for component null
2025-10-31 12:24:53,592 [WARN] ModelIntegratedComponent:63 - No mode defined for component null
2025-10-31 12:24:53,592 [WARN] ModelIntegratedComponent:63 - No mode defined for component null
2025-10-31 12:24:53,592 [WARN] ModelIntegratedComponent:63 - No mode defined for component null
2025-10-31 12:24:53,592 [WARN] ModelIntegratedComponent:63 - No mode defined for component null
2025-10-31 12:24:53,592 [WARN] ModelIntegratedComponent:63 - No mode defined for component null
2025-10-31 12:24:53,592 [WARN] ModelIntegratedComponent:63 - No mode defined for component null
2025-10-31 12:24:53,592 [WARN] ModelIntegratedComponent:63 - No mode defined for component null
2025-10-31 12:24:53,592 [WARN] ModelIntegratedComponent:63 - No mode defined for component null
2025-10-31 12:24:53,592 [WARN] ModelPack:524 - Component already loaded: STMicroelectronics:HAL Drivers:0.0.0:STMicroelectronics:Device:STMicro_Driver:XSPI:HAL::0.0.1:HAL_XSPI
2025-10-31 12:24:53,794 [INFO] ThirdPartyModel:298 - Start build external matchings
2025-10-31 12:24:54,004 [INFO] ThirdPartyModel:316 - End build external matchings
2025-10-31 12:24:54,030 [INFO] ImportTextPane:234 - (OptionalMessage_ERROR) IP (RCC) : Invalid parameter (FamilyName)
2025-10-31 12:24:54,038 [INFO] ImportTextPane:234 - (OptionalMessage_ERROR) IP (RCC) : Parameter (USBFreq_Value) has invalid value (16000000)
2025-10-31 12:24:55,001 [INFO] ApiDb:581 - Connected to CubeFinder SQLite database (C:\Users\nico2\.stmcufinder\plugins\mcufinder\mcu\cube-finder-db.db)
2025-10-31 12:24:55,130 [INFO] ApiDb:668 - CubeFinder database Data Model version=2.1
2025-10-31 12:24:55,130 [INFO] ApiDb:669 - CubeFinder database Configuration version=3.0.39
2025-10-31 12:24:55,130 [INFO] ApiDb:670 - CubeFinder database generation date=2025-08-25 (1756130511)
2025-10-31 12:24:55,130 [INFO] ApiDb:671 - CubeFinder database FW Pack versions=[FP-ATR-ASTRA1_V2.0.0, FP-SNS-FLIGHT1_V5.1.0, FP-SNS-MOTENV1_V5.0.0, FP-SNS-MOTENVWB1_V1.4.0, FP-SNS-SMARTAG2_V1.2.0, FP-SNS-STBOX1_V2.1.0, STM32Cube_FW_C0_V1.4.0, STM32Cube_FW_F4_V1.28.3, STM32Cube_FW_F7_V1.17.4, STM32Cube_FW_G0_V1.6.2, STM32Cube_FW_G4_V1.6.1, STM32Cube_FW_H5_V1.5.0, STM32Cube_FW_H7RS_V1.2.0, STM32Cube_FW_H7_V1.12.1, STM32Cube_FW_L0_V1.12.2, STM32Cube_FW_L4_V1.18.1, STM32Cube_FW_L5_V1.5.1, STM32Cube_FW_N6_V1.2.0, STM32Cube_FW_U0_V1.3.0, STM32Cube_FW_U3_V1.2.0, STM32Cube_FW_U5_V1.8.0, STM32Cube_FW_WB0_V1.3.0, STM32Cube_FW_WBA_V1.7.0, STM32Cube_FW_WB_V1.23.0, STM32Cube_FW_WL3_V1.2.0, STM32Cube_FW_WL_V1.3.1, X-CUBE-ALGOBUILD_V1.4.0, X-CUBE-ALS_V1.0.2, X-CUBE-AZRTOS-F4_V1.1.0, X-CUBE-AZRTOS-F7_V1.1.0, X-CUBE-AZRTOS-G0_V1.1.0, X-CUBE-AZRTOS-G4_V2.0.0, X-CUBE-AZRTOS-H7RS_V1.1.0, X-CUBE-AZRTOS-H7_V3.4.0, X-CUBE-AZRTOS-L4_V2.0.0, X-CUBE-AZRTOS-L5_V2.0.0, X-CUBE-AZRTOS-WB_V2.0.0, X-CUBE-AZRTOS-WL_V2.0.0, X-CUBE-BLE1_V7.1.0, X-CUBE-BLE2_V3.3.0, X-CUBE-BLEMGR_V4.1.0, X-CUBE-EEPRMA1_V5.2.0, X-CUBE-FREERTOS_V1.3.1, X-CUBE-GNSS1_V6.0.0, X-CUBE-MEMS1_V11.3.0, X-CUBE-NFC4_V3.0.0, X-CUBE-NFC7_V2.0.0, X-CUBE-SFXS2LP1_V4.0.0, X-CUBE-ST67W61_V1.0.0, X-CUBE-SUBG2_V5.0.0, X-CUBE-TOF1_V3.4.3]
2025-10-31 12:24:55,400 [INFO] DbBoardsSqlite:226 - include board P-NUCLEO-WB55-NUCLEO as a kit item of type 'Nucleo-64'
2025-10-31 12:24:55,401 [INFO] DbBoardsSqlite:226 - include board P-NUCLEO-WB55-USBDONGLE as a kit item of type 'Nucleo USB Dongle'
2025-10-31 12:24:55,403 [INFO] DbBoardsSqlite:226 - include board STEVAL-IDP005V1 as a kit item of type 'Evaluation Board'
2025-10-31 12:24:55,404 [INFO] DbBoardsSqlite:226 - include board STEVAL-IDP005V2 as a kit item of type 'Evaluation Board'
2025-10-31 12:24:56,361 [INFO] ApiDb:240 - Found 880 in-development CPN: [B-G473E-ZEST1S, B-WB1M-WPAN1, B-WBA5M-WPAN, B-WL5M-SUBG1, NUCLEO-C031C6, NUCLEO-C051C8, NUCLEO-C071RB, NUCLEO-C092RC, NUCLEO-H503RB, NUCLEO-H533RE, NUCLEO-H563ZI, NUCLEO-H7S3L8, NUCLEO-N657X0-Q, NUCLEO-U031R8, NUCLEO-U083RC, NUCLEO-U385RG-Q, NUCLEO-U545RE-Q, NUCLEO-U5A5ZJ-Q, NUCLEO-WB05KZ, NUCLEO-WB07CC, NUCLEO-WB09KE, NUCLEO-WBA52CG, NUCLEO-WBA55CG, NUCLEO-WL33CC1, NUCLEO-WL33CC2, STEVAL-PROTEUS1, STEVAL-SMARTAG2, STEVAL-STWINBX1, STM320518-EVAL, STM32C0116-DK, STM32C011D6Y3TR, STM32C011D6Y6TR, STM32C011F4P3, STM32C011F4P6, STM32C011F4U3, STM32C011F4U6TR, STM32C011F6P3, STM32C011F6P6, STM32C011F6U3, STM32C011F6U6TR, STM32C011J4M3, STM32C011J4M6, STM32C011J6M3, STM32C011J6M6, STM32C0316-DK, STM32C031C4T3, STM32C031C4T6, STM32C031C4U3, STM32C031C4U6, STM32C031C6T3, STM32C031C6T6, STM32C031C6U3, STM32C031C6U6, STM32C031F4P3, STM32C031F4P6, STM32C031F6P3, STM32C031F6P6, STM32C031G4U3, STM32C031G4U6, STM32C031G6U3, STM32C031G6U6, STM32C031K4T3, STM32C031K4T6, STM32C031K4U3, STM32C031K4U6, STM32C031K6T3, STM32C031K6T6, STM32C031K6U3, STM32C031K6U6, STM32C051C6T6, STM32C051C6U6, STM32C051C8T6, STM32C051C8U6, STM32C051D8Y6TR, STM32C051F6P6, STM32C051F8P6, STM32C051G6U6, STM32C051G8U6, STM32C051K6T6, STM32C051K6U6, STM32C051K8T6, STM32C071C8T6, STM32C071C8T6N, STM32C071C8U6, STM32C071C8U6N, STM32C071CBT6, STM32C071CBT6N, STM32C071CBU6, STM32C071CBU6N, STM32C071F8P6, STM32C071F8P6N, STM32C071FBP6, STM32C071FBP6N, STM32C071FBY6TR, STM32C071G8U6, STM32C071G8U6N, STM32C071GBU6, STM32C071GBU6N, STM32C071K8T6, STM32C071K8T6N, STM32C071K8U6, STM32C071K8U6N, STM32C071KBT6, STM32C071KBT6N, STM32C071KBU6, STM32C071KBU6N, STM32C071R8T6, STM32C071R8T6N, STM32C071RBI6N, STM32C071RBT6, STM32C071RBT6N, STM32C091CBT6, STM32C091CBU6, STM32C091CCT6, STM32C091CCU6, STM32C091ECY6TR, STM32C091FBP6, STM32C091FCP6, STM32C091GBU6, STM32C091GCU6, STM32C091KBT6, STM32C091KBU6, STM32C091KCT6, STM32C091KCU6, STM32C091RBT6, STM32C091RCI6, STM32C091RCT6, STM32C092CBT6, STM32C092CBU6, STM32C092CCT6, STM32C092CCU6, STM32C092ECY6TR, STM32C092FBP6, STM32C092FCP6, STM32C092GBU6, STM32C092GCU6, STM32C092KBT6, STM32C092KBU6, STM32C092KCT6, STM32C092KCU6, STM32C092RBT6, STM32C092RCI6, STM32C092RCT6, STM32G071K8TXN, STM32G071K8UXN, STM32G081GBU6N, STM32G081KBT6N, STM32G081KBUXN, STM32G0B1CCT6N, STM32G0B1KCT6, STM32G0B1NEY6TR, STM32G0B1RCT6N, STM32G0C1CCT6, STM32G0C1CCT6N, STM32G0C1CCU6N, STM32G0C1CET6N, STM32G0C1CEU6N, STM32G0C1KCT6, STM32G0C1NEY6TR, STM32G0C1RCI6N, STM32G0C1RCT6N, STM32G0C1REI6N, STM32G0C1RET6N, STM32G0C1VCI6, STM32G0C1VEI6, STM32G411C6T3, STM32G411C6T6, STM32G411C6U3, STM32G411C6U6, STM32G411C8T3, STM32G411C8T6, STM32G411C8U3, STM32G411C8U6, STM32G411CBT3, STM32G411CBT6, STM32G411CBU3, STM32G411CBU6, STM32G411K6T3, STM32G411K6T6, STM32G411K6U3, STM32G411K6U6, STM32G411K8T3, STM32G411K8T6, STM32G411K8U3, STM32G411K8U6, STM32G411KBT3, STM32G411KBT6, STM32G411KBU3, STM32G411KBU6, STM32G411M6T3, STM32G411M6T6, STM32G411M8T3, STM32G411M8T6, STM32G411MBT3, STM32G411MBT6, STM32G411R6T3, STM32G411R6T6, STM32G411R8T3, STM32G411R8T6, STM32G411RBT3, STM32G411RBT6, STM32G414CBT3, STM32G414CBT6, STM32G414CBU3, STM32G414CBU6, STM32G414CCT3, STM32G414CCT6, STM32G414CCU3, STM32G414CCU6, STM32G414MBT3, STM32G414MBT6, STM32G414MCT3, STM32G414MCT6, STM32G414RBT3, STM32G414RBT6, STM32G414RCT3, STM32G414RCT6, STM32G414VBT3, STM32G414VBT6, STM32G414VCT3, STM32G414VCT6, STM32G431CBT3Z, STM32G431RBT3Z, STM32G471CCT6, STM32G471CCU6, STM32G471CET3, STM32G471CET6, STM32G471CEU3, STM32G471CEU6, STM32G471MCT6, STM32G471MET3, STM32G471MET6, STM32G471MEY6TR, STM32G471QCT6, STM32G471QET3, STM32G471RCT6, STM32G471RET3, STM32G471RET6, STM32G471VCH6, STM32G471VCI6, STM32G471VCT6, STM32G471VEH3, STM32G471VEH6, STM32G471VEI3, STM32G471VEI6, STM32G471VET3, STM32G471VET6, STM32G473QET3Z, STM32G473RET3Z, STM32G474CCT6, STM32G491RET3Z, STM32H503CBT6, STM32H503CBU6, STM32H503EBY6TR, STM32H503KBU6, STM32H503RBT6, STM32H523CCT6, STM32H523CCU6, STM32H523CET6, STM32H523CEU6, STM32H523HEY6TR, STM32H523RCT6, STM32H523RET6, STM32H523VCI6, STM32H523VCT6, STM32H523VEI6, STM32H523VET6, STM32H523ZCJ6, STM32H523ZCT6, STM32H523ZEJ6, STM32H523ZET6, STM32H533CET6, STM32H533CEU6, STM32H533HEY6TR, STM32H533RET6, STM32H533VEI6, STM32H533VET6, STM32H533ZEJ6, STM32H533ZET6, STM32H562AGI6, STM32H562AII6, STM32H562IGK6, STM32H562IGT6, STM32H562IIK6, STM32H562IIT6, STM32H562RGT6, STM32H562RGV6, STM32H562RIT6, STM32H562RIV6, STM32H562VGT6, STM32H562VIT6, STM32H562ZGT6, STM32H562ZIT6, STM32H563AGI6, STM32H563AII3Q, STM32H563AII6, STM32H563IGK6, STM32H563IGT6, STM32H563IIK3Q, STM32H563IIK6, STM32H563IIT3Q, STM32H563IIT6, STM32H563MIY3QTR, STM32H563RGT6, STM32H563RGV6, STM32H563RIT6, STM32H563RIV6, STM32H563VGT6, STM32H563VIT3Q, STM32H563VIT6, STM32H563ZGT6, STM32H563ZIT3Q, STM32H563ZIT6, STM32H573AII3Q, STM32H573AII6, STM32H573I-DK, STM32H573IIK3Q, STM32H573IIK6, STM32H573IIT3Q, STM32H573IIT6, STM32H573MIY3QTR, STM32H573RIT6, STM32H573RIV6, STM32H573VIT3Q, STM32H573VIT6, STM32H573ZIT3Q, STM32H573ZIT6, STM32H7R3A8I6, STM32H7R3I8K6, STM32H7R3I8T6, STM32H7R3L8H6, STM32H7R3L8H6H, STM32H7R3R8V6, STM32H7R3V8H6, STM32H7R3V8T6, STM32H7R3V8Y6TR, STM32H7R3Z8J6, STM32H7R3Z8T6, STM32H7R7A8I6, STM32H7R7I8K6, STM32H7R7I8T6, STM32H7R7L8H6, STM32H7R7L8H6H, STM32H7R7Z8J6, STM32H7S3A8I6, STM32H7S3I8K6, STM32H7S3I8T6, STM32H7S3L8H6, STM32H7S3L8H6H, STM32H7S3R8V6, STM32H7S3V8H6, STM32H7S3V8T6, STM32H7S3V8Y6TR, STM32H7S3Z8J6, STM32H7S3Z8T6, STM32H7S78-DK, STM32H7S7A8I6, STM32H7S7I8K6, STM32H7S7I8T6, STM32H7S7L8H6, STM32H7S7L8H6H, STM32H7S7Z8J6, STM32L4R5QGI6STR, STM32MP131AAE3, STM32MP131AAF3, STM32MP131AAG3, STM32MP131CAE3, STM32MP131CAF3, STM32MP131CAG3, STM32MP131DAE7, STM32MP131DAF7, STM32MP131DAG7, STM32MP131FAE7, STM32MP131FAF7, STM32MP131FAG7, STM32MP133AAE3, STM32MP133AAF3, STM32MP133AAG3, STM32MP133CAE3, STM32MP133CAF3, STM32MP133CAG3, STM32MP133DAE7, STM32MP133DAF7, STM32MP133DAG7, STM32MP133FAE7, STM32MP133FAF7, STM32MP133FAG7, STM32MP135AAE3, STM32MP135AAF3, STM32MP135AAG3, STM32MP135CAE3, STM32MP135CAF3, STM32MP135CAG3, STM32MP135DAE7, STM32MP135DAF7, STM32MP135DAG7, STM32MP135F-DK, STM32MP135FAE7, STM32MP135FAF7, STM32MP135FAF7T, STM32MP135FAF7U, STM32MP135FAG7, STM32MP211AAL3, STM32MP211AAM3, STM32MP211AAN3, STM32MP211AAO3, STM32MP211CAL3, STM32MP211CAM3, STM32MP211CAN3, STM32MP211CAO3, STM32MP211DAL3, STM32MP211DAM3, STM32MP211DAN3, STM32MP211DAO3, STM32MP211FAL3, STM32MP211FAM3, STM32MP211FAN3, STM32MP211FAO3, STM32MP213AAL3, STM32MP213AAM3, STM32MP213AAN3, STM32MP213AAO3, STM32MP213CAL3, STM32MP213CAM3, STM32MP213CAN3, STM32MP213CAO3, STM32MP213DAL3, STM32MP213DAM3, STM32MP213DAN3, STM32MP213DAO3, STM32MP213FAL3, STM32MP213FAM3, STM32MP213FAN3, STM32MP213FAO3, STM32MP215AAL3, STM32MP215AAM3, STM32MP215AAN3, STM32MP215AAO3, STM32MP215CAL3, STM32MP215CAM3, STM32MP215CAN3, STM32MP215CAO3, STM32MP215DAL3, STM32MP215DAM3, STM32MP215DAN3, STM32MP215DAO3, STM32MP215F-DK, STM32MP215FAL3, STM32MP215FAM3, STM32MP215FAN3, STM32MP215FAO3, STM32MP231AAJ3, STM32MP231AAK3, STM32MP231AAL3, STM32MP231CAJ3, STM32MP231CAK3, STM32MP231CAL3, STM32MP231DAJ3, STM32MP231DAK3, STM32MP231DAL3, STM32MP231FAJ3, STM32MP231FAK3, STM32MP231FAL3, STM32MP233AAJ3, STM32MP233AAK3, STM32MP233AAL3, STM32MP233CAJ3, STM32MP233CAK3, STM32MP233CAL3, STM32MP233DAJ3, STM32MP233DAK3, STM32MP233DAL3, STM32MP233FAJ3, STM32MP233FAK3, STM32MP233FAL3, STM32MP235AAJ3, STM32MP235AAK3, STM32MP235AAL3, STM32MP235CAJ3, STM32MP235CAK3, STM32MP235CAL3, STM32MP235DAJ3, STM32MP235DAK3, STM32MP235DAL3, STM32MP235FAJ3, STM32MP235FAK3, STM32MP235FAL3, STM32MP251AAI3, STM32MP251AAK3, STM32MP251AAL3, STM32MP251CAI3, STM32MP251CAK3, STM32MP251CAL3, STM32MP251DAI3, STM32MP251DAK3, STM32MP251DAL3, STM32MP251FAI3, STM32MP251FAK3, STM32MP251FAL3, STM32MP253AAI3, STM32MP253AAK3, STM32MP253AAL3, STM32MP253CAI3, STM32MP253CAK3, STM32MP253CAL3, STM32MP253DAI3, STM32MP253DAK3, STM32MP253DAL3, STM32MP253FAI3, STM32MP253FAK3, STM32MP253FAL3, STM32MP255AAI3, STM32MP255AAK3, STM32MP255AAL3, STM32MP255CAI3, STM32MP255CAK3, STM32MP255CAL3, STM32MP255DAI3, STM32MP255DAK3, STM32MP255DAL3, STM32MP255FAI3, STM32MP255FAK3, STM32MP255FAL3, STM32MP257AAI3, STM32MP257AAK3, STM32MP257AAL3, STM32MP257CAI3, STM32MP257CAK3, STM32MP257CAL3, STM32MP257DAI3, STM32MP257DAK3, STM32MP257DAL3, STM32MP257F-DK, STM32MP257F-EV1, STM32MP257FAI3, STM32MP257FAK3, STM32MP257FAL3, STM32N645A0H3Q, STM32N645B0H3Q, STM32N645I0H3Q, STM32N645L0H3Q, STM32N645X0H3Q, STM32N645Z0H3Q, STM32N647A0H3Q, STM32N647B0H3Q, STM32N647I0H3Q, STM32N647L0H3Q, STM32N647X0H3Q, STM32N647Z0H3Q, STM32N655A0H3Q, STM32N655B0H3Q, STM32N655I0H3Q, STM32N655L0H3Q, STM32N655X0H3Q, STM32N655Z0H3Q, STM32N6570-DK, STM32N657A0H3Q, STM32N657B0H3Q, STM32N657I0H3Q, STM32N657L0H3Q, STM32N657X0H3Q, STM32N657Z0H3Q, STM32U031C6T6, STM32U031C6U6, STM32U031C8T6, STM32U031C8U6, STM32U031F4P6, STM32U031F6P6, STM32U031F8P6, STM32U031G6Y6TR, STM32U031G8Y6TR, STM32U031K4U6, STM32U031K6U6, STM32U031K8U6, STM32U031R6I6, STM32U031R6T6, STM32U031R8I6, STM32U031R8T6, STM32U073C8T6, STM32U073C8U6, STM32U073CBT6, STM32U073CBU6, STM32U073CCT6, STM32U073CCU6, STM32U073H8Y6TR, STM32U073HBY6TR, STM32U073HCY6TR, STM32U073K8U6, STM32U073KBU6, STM32U073KCU6, STM32U073M8I6, STM32U073M8T6, STM32U073MBI6, STM32U073MBT6, STM32U073MCI6, STM32U073MCT6, STM32U073R8I6, STM32U073R8T6, STM32U073RBI6, STM32U073RBT6, STM32U073RCI6, STM32U073RCT6, STM32U083C-DK, STM32U083CCT6, STM32U083CCU6, STM32U083HCY6TR, STM32U083KCU6, STM32U083MCI6, STM32U083MCT6, STM32U083RCI6, STM32U083RCT6, STM32U375CET6, STM32U375CET6Q, STM32U375CEU6, STM32U375CEU6Q, STM32U375CEY6QTR, STM32U375CGT6, STM32U375CGT6Q, STM32U375CGU6, STM32U375CGU6Q, STM32U375CGY6QTR, STM32U375KEU6, STM32U375KGU6, STM32U375REI6, STM32U375REI6Q, STM32U375RET6, STM32U375RET6Q, STM32U375REY6GTR, STM32U375REY6QTR, STM32U375RGI6, STM32U375RGI6Q, STM32U375RGT6, STM32U375RGT6Q, STM32U375RGY6GTR, STM32U375RGY6QTR, STM32U375VEI6, STM32U375VEI6Q, STM32U375VET6, STM32U375VET6Q, STM32U375VGI6, STM32U375VGI6Q, STM32U375VGT6, STM32U375VGT6Q, STM32U385CGT6, STM32U385CGT6Q, STM32U385CGU6, STM32U385CGU6Q, STM32U385CGY6QTR, STM32U385KGU6, STM32U385RGI6, STM32U385RGI6Q, STM32U385RGT6, STM32U385RGT6Q, STM32U385RGY6GTR, STM32U385RGY6QTR, STM32U385VGI6, STM32U385VGI6Q, STM32U385VGT6, STM32U385VGT6Q, STM32U535CBT6, STM32U535CBT6Q, STM32U535CBU6, STM32U535CBU6Q, STM32U535CCT6, STM32U535CCT6Q, STM32U535CCU6, STM32U535CCU6Q, STM32U535CET6, STM32U535CET6Q, STM32U535CEU6, STM32U535CEU6Q, STM32U535JEY6QTR, STM32U535NCY6QTR, STM32U535NEY6QTR, STM32U535RBI6, STM32U535RBI6Q, STM32U535RBT6, STM32U535RBT6Q, STM32U535RCI6, STM32U535RCI6Q, STM32U535RCT6, STM32U535RCT6Q, STM32U535REI6, STM32U535REI6Q, STM32U535RET6, STM32U535RET6Q, STM32U535VCI6, STM32U535VCI6Q, STM32U535VCT6, STM32U535VCT6Q, STM32U535VEI6, STM32U535VEI6Q, STM32U535VET6, STM32U535VET6Q, STM32U545CET6, STM32U545CET6Q, STM32U545CEU6, STM32U545CEU6Q, STM32U545JEY6QTR, STM32U545NEY6QTR, STM32U545REI6, STM32U545REI6Q, STM32U545RET6, STM32U545RET6Q, STM32U545VEI6, STM32U545VEI6Q, STM32U545VET6, STM32U545VET6Q, STM32U595AIH6, STM32U595AIH6Q, STM32U595AJH6, STM32U595AJH6Q, STM32U595QII6, STM32U595QII6Q, STM32U595QJI6, STM32U595QJI6Q, STM32U595RIT6, STM32U595RIT6Q, STM32U595RJT6, STM32U595RJT6Q, STM32U595VIT6, STM32U595VIT6Q, STM32U595VJT6, STM32U595VJT6Q, STM32U595ZIT6, STM32U595ZIT6Q, STM32U595ZIY6QTR, STM32U595ZJT6, STM32U595ZJT6Q, STM32U595ZJY6QTR, STM32U599BJY6QTR, STM32U599NIH6Q, STM32U599NJH6Q, STM32U599VIT6Q, STM32U599VJT6, STM32U599VJT6Q, STM32U599ZIT6Q, STM32U599ZIY6QTR, STM32U599ZJT6Q, STM32U599ZJY6QTR, STM32U5A5AJH6, STM32U5A5AJH6Q, STM32U5A5QII3Q , STM32U5A5QJI6, STM32U5A5QJI6Q, STM32U5A5RJT6, STM32U5A5RJT6Q, STM32U5A5VJT6, STM32U5A5VJT6Q, STM32U5A5ZJT6, STM32U5A5ZJT6Q, STM32U5A5ZJY6QTR, STM32U5A9BJY6QTR, STM32U5A9J-DK, STM32U5A9NJH6Q, STM32U5A9VJT6Q, STM32U5A9ZJT6Q, STM32U5A9ZJY6QTR, STM32U5F7VIT6, STM32U5F7VIT6Q, STM32U5F7VJT6, STM32U5F7VJT6Q, STM32U5F9BJY6QTR, STM32U5F9NJH6Q, STM32U5F9VIT6Q, STM32U5F9VJT6Q, STM32U5F9ZIJ6QTR, STM32U5F9ZIT6Q, STM32U5F9ZJJ6QTR, STM32U5F9ZJT6Q, STM32U5G7VJT6, STM32U5G7VJT6Q, STM32U5G9BJY6QTR, STM32U5G9J-DK1, STM32U5G9J-DK2, STM32U5G9NJH6Q, STM32U5G9VJT6Q, STM32U5G9ZJJ6QTR, STM32U5G9ZJT6Q, STM32WB05KZV6TR, STM32WB05KZV7TR, STM32WB05TZF6TR, STM32WB05TZF7TR, STM32WB06CCF6TR, STM32WB06CCF7TR, STM32WB06CCV6TR, STM32WB06CCV7TR, STM32WB06KCV6TR, STM32WB06KCV7TR, STM32WB07CCF6TR, STM32WB07CCF7TR, STM32WB07CCV6TR, STM32WB07CCV7TR, STM32WB07KCV6TR, STM32WB07KCV7TR, STM32WB09KEV6TR, STM32WB09KEV7TR, STM32WB09TEF6TR, STM32WB09TEF7TR, STM32WB1MMCH6, STM32WBA50KGU6, STM32WBA50KGU6TR, STM32WBA52CEU6, STM32WBA52CEU6TR, STM32WBA52CEU7, STM32WBA52CEU7TR, STM32WBA52CGU6, STM32WBA52CGU6TR, STM32WBA52CGU6U, STM32WBA52CGU7, STM32WBA52CGU7TR, STM32WBA52KEU6, STM32WBA52KEU6TR, STM32WBA52KGU6, STM32WBA52KGU6TR, STM32WBA54CEU6, STM32WBA54CEU6TR, STM32WBA54CEU7, STM32WBA54CEU7TR, STM32WBA54CGU6, STM32WBA54CGU6TR, STM32WBA54CGU7, STM32WBA54CGU7TR, STM32WBA54KEU6, STM32WBA54KEU6TR, STM32WBA54KEU7, STM32WBA54KEU7TR, STM32WBA54KGU6, STM32WBA54KGU6TR, STM32WBA54KGU7, STM32WBA54KGU7TR, STM32WBA55CEU6, STM32WBA55CEU6TR, STM32WBA55CEU7, STM32WBA55CEU7TR, STM32WBA55CGU6, STM32WBA55CGU6TR, STM32WBA55CGU6U, STM32WBA55CGU7, STM32WBA55CGU7TR, STM32WBA55G-DK1, STM32WBA55HEF6, STM32WBA55HEF7, STM32WBA55HGF6, STM32WBA55HGF7, STM32WBA55UEI6, STM32WBA55UEI6TR, STM32WBA55UEI7, STM32WBA55UEI7TR, STM32WBA55UGI6, STM32WBA55UGI6TR, STM32WBA55UGI7, STM32WBA55UGI7TR, STM32WBA5MMGH6TR, STM32WBA62MGF6, STM32WBA62MIF6, STM32WBA65MGF7, STM32WBA65MIF6, STM32WBA65MIF7, STM32WL30K8V6, STM32WL30KBV6, STM32WL31C8V6, STM32WL31CBV6, STM32WL31K8V6, STM32WL31KBV6, STM32WL33C8V6, STM32WL33C8V6X, STM32WL33CBV6, STM32WL33CBV6X, STM32WL33CCV6, STM32WL33CCV6A, STM32WL33CCV6X, STM32WL33K8V7, STM32WL33K8V7X, STM32WL33KBV7 , STM32WL33KBV7X, STM32WL33KCV7, STM32WL33KCV7X, STM32WL5MOCH6, STM32WL5MOCH6TR]
2025-10-31 12:24:56,566 [INFO] BoardInfo:889 - No configuration file found for board P-NUCLEO-WB55
2025-10-31 12:24:56,567 [INFO] DbBoards:161 - Kit is not supported: P-NUCLEO-WB55
2025-10-31 12:24:56,572 [INFO] BoardInfo:889 - No configuration file found for board STEVAL-BFA001V1B
2025-10-31 12:24:56,589 [INFO] DbBoards:161 - Kit is not supported: STEVAL-BFA001V1B
2025-10-31 12:24:56,590 [INFO] BoardInfo:889 - No configuration file found for board STEVAL-BFA001V2B
2025-10-31 12:24:56,591 [INFO] DbBoards:161 - Kit is not supported: STEVAL-BFA001V2B
2025-10-31 12:24:56,829 [INFO] DbBoards:168 - Found 212 boards, 209 are supported
2025-10-31 12:24:56,829 [INFO] DbBoards:169 - Found 212 boards, 43 of them is supported for  Bsp
2025-10-31 12:24:56,833 [INFO] ApiDb:668 - CubeFinder database Data Model version=2.1
2025-10-31 12:24:56,833 [INFO] ApiDb:669 - CubeFinder database Configuration version=3.0.39
2025-10-31 12:24:56,833 [INFO] ApiDb:670 - CubeFinder database generation date=2025-08-25 (1756130511)
2025-10-31 12:24:56,833 [INFO] ApiDb:671 - CubeFinder database FW Pack versions=[FP-ATR-ASTRA1_V2.0.0, FP-SNS-FLIGHT1_V5.1.0, FP-SNS-MOTENV1_V5.0.0, FP-SNS-MOTENVWB1_V1.4.0, FP-SNS-SMARTAG2_V1.2.0, FP-SNS-STBOX1_V2.1.0, STM32Cube_FW_C0_V1.4.0, STM32Cube_FW_F4_V1.28.3, STM32Cube_FW_F7_V1.17.4, STM32Cube_FW_G0_V1.6.2, STM32Cube_FW_G4_V1.6.1, STM32Cube_FW_H5_V1.5.0, STM32Cube_FW_H7RS_V1.2.0, STM32Cube_FW_H7_V1.12.1, STM32Cube_FW_L0_V1.12.2, STM32Cube_FW_L4_V1.18.1, STM32Cube_FW_L5_V1.5.1, STM32Cube_FW_N6_V1.2.0, STM32Cube_FW_U0_V1.3.0, STM32Cube_FW_U3_V1.2.0, STM32Cube_FW_U5_V1.8.0, STM32Cube_FW_WB0_V1.3.0, STM32Cube_FW_WBA_V1.7.0, STM32Cube_FW_WB_V1.23.0, STM32Cube_FW_WL3_V1.2.0, STM32Cube_FW_WL_V1.3.1, X-CUBE-ALGOBUILD_V1.4.0, X-CUBE-ALS_V1.0.2, X-CUBE-AZRTOS-F4_V1.1.0, X-CUBE-AZRTOS-F7_V1.1.0, X-CUBE-AZRTOS-G0_V1.1.0, X-CUBE-AZRTOS-G4_V2.0.0, X-CUBE-AZRTOS-H7RS_V1.1.0, X-CUBE-AZRTOS-H7_V3.4.0, X-CUBE-AZRTOS-L4_V2.0.0, X-CUBE-AZRTOS-L5_V2.0.0, X-CUBE-AZRTOS-WB_V2.0.0, X-CUBE-AZRTOS-WL_V2.0.0, X-CUBE-BLE1_V7.1.0, X-CUBE-BLE2_V3.3.0, X-CUBE-BLEMGR_V4.1.0, X-CUBE-EEPRMA1_V5.2.0, X-CUBE-FREERTOS_V1.3.1, X-CUBE-GNSS1_V6.0.0, X-CUBE-MEMS1_V11.3.0, X-CUBE-NFC4_V3.0.0, X-CUBE-NFC7_V2.0.0, X-CUBE-SFXS2LP1_V4.0.0, X-CUBE-ST67W61_V1.0.0, X-CUBE-SUBG2_V5.0.0, X-CUBE-TOF1_V3.4.3]
2025-10-31 12:25:01,006 [INFO] ApiDb:240 - Found 880 in-development CPN: [B-G473E-ZEST1S, B-WB1M-WPAN1, B-WBA5M-WPAN, B-WL5M-SUBG1, NUCLEO-C031C6, NUCLEO-C051C8, NUCLEO-C071RB, NUCLEO-C092RC, NUCLEO-H503RB, NUCLEO-H533RE, NUCLEO-H563ZI, NUCLEO-H7S3L8, NUCLEO-N657X0-Q, NUCLEO-U031R8, NUCLEO-U083RC, NUCLEO-U385RG-Q, NUCLEO-U545RE-Q, NUCLEO-U5A5ZJ-Q, NUCLEO-WB05KZ, NUCLEO-WB07CC, NUCLEO-WB09KE, NUCLEO-WBA52CG, NUCLEO-WBA55CG, NUCLEO-WL33CC1, NUCLEO-WL33CC2, STEVAL-PROTEUS1, STEVAL-SMARTAG2, STEVAL-STWINBX1, STM320518-EVAL, STM32C0116-DK, STM32C011D6Y3TR, STM32C011D6Y6TR, STM32C011F4P3, STM32C011F4P6, STM32C011F4U3, STM32C011F4U6TR, STM32C011F6P3, STM32C011F6P6, STM32C011F6U3, STM32C011F6U6TR, STM32C011J4M3, STM32C011J4M6, STM32C011J6M3, STM32C011J6M6, STM32C0316-DK, STM32C031C4T3, STM32C031C4T6, STM32C031C4U3, STM32C031C4U6, STM32C031C6T3, STM32C031C6T6, STM32C031C6U3, STM32C031C6U6, STM32C031F4P3, STM32C031F4P6, STM32C031F6P3, STM32C031F6P6, STM32C031G4U3, STM32C031G4U6, STM32C031G6U3, STM32C031G6U6, STM32C031K4T3, STM32C031K4T6, STM32C031K4U3, STM32C031K4U6, STM32C031K6T3, STM32C031K6T6, STM32C031K6U3, STM32C031K6U6, STM32C051C6T6, STM32C051C6U6, STM32C051C8T6, STM32C051C8U6, STM32C051D8Y6TR, STM32C051F6P6, STM32C051F8P6, STM32C051G6U6, STM32C051G8U6, STM32C051K6T6, STM32C051K6U6, STM32C051K8T6, STM32C071C8T6, STM32C071C8T6N, STM32C071C8U6, STM32C071C8U6N, STM32C071CBT6, STM32C071CBT6N, STM32C071CBU6, STM32C071CBU6N, STM32C071F8P6, STM32C071F8P6N, STM32C071FBP6, STM32C071FBP6N, STM32C071FBY6TR, STM32C071G8U6, STM32C071G8U6N, STM32C071GBU6, STM32C071GBU6N, STM32C071K8T6, STM32C071K8T6N, STM32C071K8U6, STM32C071K8U6N, STM32C071KBT6, STM32C071KBT6N, STM32C071KBU6, STM32C071KBU6N, STM32C071R8T6, STM32C071R8T6N, STM32C071RBI6N, STM32C071RBT6, STM32C071RBT6N, STM32C091CBT6, STM32C091CBU6, STM32C091CCT6, STM32C091CCU6, STM32C091ECY6TR, STM32C091FBP6, STM32C091FCP6, STM32C091GBU6, STM32C091GCU6, STM32C091KBT6, STM32C091KBU6, STM32C091KCT6, STM32C091KCU6, STM32C091RBT6, STM32C091RCI6, STM32C091RCT6, STM32C092CBT6, STM32C092CBU6, STM32C092CCT6, STM32C092CCU6, STM32C092ECY6TR, STM32C092FBP6, STM32C092FCP6, STM32C092GBU6, STM32C092GCU6, STM32C092KBT6, STM32C092KBU6, STM32C092KCT6, STM32C092KCU6, STM32C092RBT6, STM32C092RCI6, STM32C092RCT6, STM32G071K8TXN, STM32G071K8UXN, STM32G081GBU6N, STM32G081KBT6N, STM32G081KBUXN, STM32G0B1CCT6N, STM32G0B1KCT6, STM32G0B1NEY6TR, STM32G0B1RCT6N, STM32G0C1CCT6, STM32G0C1CCT6N, STM32G0C1CCU6N, STM32G0C1CET6N, STM32G0C1CEU6N, STM32G0C1KCT6, STM32G0C1NEY6TR, STM32G0C1RCI6N, STM32G0C1RCT6N, STM32G0C1REI6N, STM32G0C1RET6N, STM32G0C1VCI6, STM32G0C1VEI6, STM32G411C6T3, STM32G411C6T6, STM32G411C6U3, STM32G411C6U6, STM32G411C8T3, STM32G411C8T6, STM32G411C8U3, STM32G411C8U6, STM32G411CBT3, STM32G411CBT6, STM32G411CBU3, STM32G411CBU6, STM32G411K6T3, STM32G411K6T6, STM32G411K6U3, STM32G411K6U6, STM32G411K8T3, STM32G411K8T6, STM32G411K8U3, STM32G411K8U6, STM32G411KBT3, STM32G411KBT6, STM32G411KBU3, STM32G411KBU6, STM32G411M6T3, STM32G411M6T6, STM32G411M8T3, STM32G411M8T6, STM32G411MBT3, STM32G411MBT6, STM32G411R6T3, STM32G411R6T6, STM32G411R8T3, STM32G411R8T6, STM32G411RBT3, STM32G411RBT6, STM32G414CBT3, STM32G414CBT6, STM32G414CBU3, STM32G414CBU6, STM32G414CCT3, STM32G414CCT6, STM32G414CCU3, STM32G414CCU6, STM32G414MBT3, STM32G414MBT6, STM32G414MCT3, STM32G414MCT6, STM32G414RBT3, STM32G414RBT6, STM32G414RCT3, STM32G414RCT6, STM32G414VBT3, STM32G414VBT6, STM32G414VCT3, STM32G414VCT6, STM32G431CBT3Z, STM32G431RBT3Z, STM32G471CCT6, STM32G471CCU6, STM32G471CET3, STM32G471CET6, STM32G471CEU3, STM32G471CEU6, STM32G471MCT6, STM32G471MET3, STM32G471MET6, STM32G471MEY6TR, STM32G471QCT6, STM32G471QET3, STM32G471RCT6, STM32G471RET3, STM32G471RET6, STM32G471VCH6, STM32G471VCI6, STM32G471VCT6, STM32G471VEH3, STM32G471VEH6, STM32G471VEI3, STM32G471VEI6, STM32G471VET3, STM32G471VET6, STM32G473QET3Z, STM32G473RET3Z, STM32G474CCT6, STM32G491RET3Z, STM32H503CBT6, STM32H503CBU6, STM32H503EBY6TR, STM32H503KBU6, STM32H503RBT6, STM32H523CCT6, STM32H523CCU6, STM32H523CET6, STM32H523CEU6, STM32H523HEY6TR, STM32H523RCT6, STM32H523RET6, STM32H523VCI6, STM32H523VCT6, STM32H523VEI6, STM32H523VET6, STM32H523ZCJ6, STM32H523ZCT6, STM32H523ZEJ6, STM32H523ZET6, STM32H533CET6, STM32H533CEU6, STM32H533HEY6TR, STM32H533RET6, STM32H533VEI6, STM32H533VET6, STM32H533ZEJ6, STM32H533ZET6, STM32H562AGI6, STM32H562AII6, STM32H562IGK6, STM32H562IGT6, STM32H562IIK6, STM32H562IIT6, STM32H562RGT6, STM32H562RGV6, STM32H562RIT6, STM32H562RIV6, STM32H562VGT6, STM32H562VIT6, STM32H562ZGT6, STM32H562ZIT6, STM32H563AGI6, STM32H563AII3Q, STM32H563AII6, STM32H563IGK6, STM32H563IGT6, STM32H563IIK3Q, STM32H563IIK6, STM32H563IIT3Q, STM32H563IIT6, STM32H563MIY3QTR, STM32H563RGT6, STM32H563RGV6, STM32H563RIT6, STM32H563RIV6, STM32H563VGT6, STM32H563VIT3Q, STM32H563VIT6, STM32H563ZGT6, STM32H563ZIT3Q, STM32H563ZIT6, STM32H573AII3Q, STM32H573AII6, STM32H573I-DK, STM32H573IIK3Q, STM32H573IIK6, STM32H573IIT3Q, STM32H573IIT6, STM32H573MIY3QTR, STM32H573RIT6, STM32H573RIV6, STM32H573VIT3Q, STM32H573VIT6, STM32H573ZIT3Q, STM32H573ZIT6, STM32H7R3A8I6, STM32H7R3I8K6, STM32H7R3I8T6, STM32H7R3L8H6, STM32H7R3L8H6H, STM32H7R3R8V6, STM32H7R3V8H6, STM32H7R3V8T6, STM32H7R3V8Y6TR, STM32H7R3Z8J6, STM32H7R3Z8T6, STM32H7R7A8I6, STM32H7R7I8K6, STM32H7R7I8T6, STM32H7R7L8H6, STM32H7R7L8H6H, STM32H7R7Z8J6, STM32H7S3A8I6, STM32H7S3I8K6, STM32H7S3I8T6, STM32H7S3L8H6, STM32H7S3L8H6H, STM32H7S3R8V6, STM32H7S3V8H6, STM32H7S3V8T6, STM32H7S3V8Y6TR, STM32H7S3Z8J6, STM32H7S3Z8T6, STM32H7S78-DK, STM32H7S7A8I6, STM32H7S7I8K6, STM32H7S7I8T6, STM32H7S7L8H6, STM32H7S7L8H6H, STM32H7S7Z8J6, STM32L4R5QGI6STR, STM32MP131AAE3, STM32MP131AAF3, STM32MP131AAG3, STM32MP131CAE3, STM32MP131CAF3, STM32MP131CAG3, STM32MP131DAE7, STM32MP131DAF7, STM32MP131DAG7, STM32MP131FAE7, STM32MP131FAF7, STM32MP131FAG7, STM32MP133AAE3, STM32MP133AAF3, STM32MP133AAG3, STM32MP133CAE3, STM32MP133CAF3, STM32MP133CAG3, STM32MP133DAE7, STM32MP133DAF7, STM32MP133DAG7, STM32MP133FAE7, STM32MP133FAF7, STM32MP133FAG7, STM32MP135AAE3, STM32MP135AAF3, STM32MP135AAG3, STM32MP135CAE3, STM32MP135CAF3, STM32MP135CAG3, STM32MP135DAE7, STM32MP135DAF7, STM32MP135DAG7, STM32MP135F-DK, STM32MP135FAE7, STM32MP135FAF7, STM32MP135FAF7T, STM32MP135FAF7U, STM32MP135FAG7, STM32MP211AAL3, STM32MP211AAM3, STM32MP211AAN3, STM32MP211AAO3, STM32MP211CAL3, STM32MP211CAM3, STM32MP211CAN3, STM32MP211CAO3, STM32MP211DAL3, STM32MP211DAM3, STM32MP211DAN3, STM32MP211DAO3, STM32MP211FAL3, STM32MP211FAM3, STM32MP211FAN3, STM32MP211FAO3, STM32MP213AAL3, STM32MP213AAM3, STM32MP213AAN3, STM32MP213AAO3, STM32MP213CAL3, STM32MP213CAM3, STM32MP213CAN3, STM32MP213CAO3, STM32MP213DAL3, STM32MP213DAM3, STM32MP213DAN3, STM32MP213DAO3, STM32MP213FAL3, STM32MP213FAM3, STM32MP213FAN3, STM32MP213FAO3, STM32MP215AAL3, STM32MP215AAM3, STM32MP215AAN3, STM32MP215AAO3, STM32MP215CAL3, STM32MP215CAM3, STM32MP215CAN3, STM32MP215CAO3, STM32MP215DAL3, STM32MP215DAM3, STM32MP215DAN3, STM32MP215DAO3, STM32MP215F-DK, STM32MP215FAL3, STM32MP215FAM3, STM32MP215FAN3, STM32MP215FAO3, STM32MP231AAJ3, STM32MP231AAK3, STM32MP231AAL3, STM32MP231CAJ3, STM32MP231CAK3, STM32MP231CAL3, STM32MP231DAJ3, STM32MP231DAK3, STM32MP231DAL3, STM32MP231FAJ3, STM32MP231FAK3, STM32MP231FAL3, STM32MP233AAJ3, STM32MP233AAK3, STM32MP233AAL3, STM32MP233CAJ3, STM32MP233CAK3, STM32MP233CAL3, STM32MP233DAJ3, STM32MP233DAK3, STM32MP233DAL3, STM32MP233FAJ3, STM32MP233FAK3, STM32MP233FAL3, STM32MP235AAJ3, STM32MP235AAK3, STM32MP235AAL3, STM32MP235CAJ3, STM32MP235CAK3, STM32MP235CAL3, STM32MP235DAJ3, STM32MP235DAK3, STM32MP235DAL3, STM32MP235FAJ3, STM32MP235FAK3, STM32MP235FAL3, STM32MP251AAI3, STM32MP251AAK3, STM32MP251AAL3, STM32MP251CAI3, STM32MP251CAK3, STM32MP251CAL3, STM32MP251DAI3, STM32MP251DAK3, STM32MP251DAL3, STM32MP251FAI3, STM32MP251FAK3, STM32MP251FAL3, STM32MP253AAI3, STM32MP253AAK3, STM32MP253AAL3, STM32MP253CAI3, STM32MP253CAK3, STM32MP253CAL3, STM32MP253DAI3, STM32MP253DAK3, STM32MP253DAL3, STM32MP253FAI3, STM32MP253FAK3, STM32MP253FAL3, STM32MP255AAI3, STM32MP255AAK3, STM32MP255AAL3, STM32MP255CAI3, STM32MP255CAK3, STM32MP255CAL3, STM32MP255DAI3, STM32MP255DAK3, STM32MP255DAL3, STM32MP255FAI3, STM32MP255FAK3, STM32MP255FAL3, STM32MP257AAI3, STM32MP257AAK3, STM32MP257AAL3, STM32MP257CAI3, STM32MP257CAK3, STM32MP257CAL3, STM32MP257DAI3, STM32MP257DAK3, STM32MP257DAL3, STM32MP257F-DK, STM32MP257F-EV1, STM32MP257FAI3, STM32MP257FAK3, STM32MP257FAL3, STM32N645A0H3Q, STM32N645B0H3Q, STM32N645I0H3Q, STM32N645L0H3Q, STM32N645X0H3Q, STM32N645Z0H3Q, STM32N647A0H3Q, STM32N647B0H3Q, STM32N647I0H3Q, STM32N647L0H3Q, STM32N647X0H3Q, STM32N647Z0H3Q, STM32N655A0H3Q, STM32N655B0H3Q, STM32N655I0H3Q, STM32N655L0H3Q, STM32N655X0H3Q, STM32N655Z0H3Q, STM32N6570-DK, STM32N657A0H3Q, STM32N657B0H3Q, STM32N657I0H3Q, STM32N657L0H3Q, STM32N657X0H3Q, STM32N657Z0H3Q, STM32U031C6T6, STM32U031C6U6, STM32U031C8T6, STM32U031C8U6, STM32U031F4P6, STM32U031F6P6, STM32U031F8P6, STM32U031G6Y6TR, STM32U031G8Y6TR, STM32U031K4U6, STM32U031K6U6, STM32U031K8U6, STM32U031R6I6, STM32U031R6T6, STM32U031R8I6, STM32U031R8T6, STM32U073C8T6, STM32U073C8U6, STM32U073CBT6, STM32U073CBU6, STM32U073CCT6, STM32U073CCU6, STM32U073H8Y6TR, STM32U073HBY6TR, STM32U073HCY6TR, STM32U073K8U6, STM32U073KBU6, STM32U073KCU6, STM32U073M8I6, STM32U073M8T6, STM32U073MBI6, STM32U073MBT6, STM32U073MCI6, STM32U073MCT6, STM32U073R8I6, STM32U073R8T6, STM32U073RBI6, STM32U073RBT6, STM32U073RCI6, STM32U073RCT6, STM32U083C-DK, STM32U083CCT6, STM32U083CCU6, STM32U083HCY6TR, STM32U083KCU6, STM32U083MCI6, STM32U083MCT6, STM32U083RCI6, STM32U083RCT6, STM32U375CET6, STM32U375CET6Q, STM32U375CEU6, STM32U375CEU6Q, STM32U375CEY6QTR, STM32U375CGT6, STM32U375CGT6Q, STM32U375CGU6, STM32U375CGU6Q, STM32U375CGY6QTR, STM32U375KEU6, STM32U375KGU6, STM32U375REI6, STM32U375REI6Q, STM32U375RET6, STM32U375RET6Q, STM32U375REY6GTR, STM32U375REY6QTR, STM32U375RGI6, STM32U375RGI6Q, STM32U375RGT6, STM32U375RGT6Q, STM32U375RGY6GTR, STM32U375RGY6QTR, STM32U375VEI6, STM32U375VEI6Q, STM32U375VET6, STM32U375VET6Q, STM32U375VGI6, STM32U375VGI6Q, STM32U375VGT6, STM32U375VGT6Q, STM32U385CGT6, STM32U385CGT6Q, STM32U385CGU6, STM32U385CGU6Q, STM32U385CGY6QTR, STM32U385KGU6, STM32U385RGI6, STM32U385RGI6Q, STM32U385RGT6, STM32U385RGT6Q, STM32U385RGY6GTR, STM32U385RGY6QTR, STM32U385VGI6, STM32U385VGI6Q, STM32U385VGT6, STM32U385VGT6Q, STM32U535CBT6, STM32U535CBT6Q, STM32U535CBU6, STM32U535CBU6Q, STM32U535CCT6, STM32U535CCT6Q, STM32U535CCU6, STM32U535CCU6Q, STM32U535CET6, STM32U535CET6Q, STM32U535CEU6, STM32U535CEU6Q, STM32U535JEY6QTR, STM32U535NCY6QTR, STM32U535NEY6QTR, STM32U535RBI6, STM32U535RBI6Q, STM32U535RBT6, STM32U535RBT6Q, STM32U535RCI6, STM32U535RCI6Q, STM32U535RCT6, STM32U535RCT6Q, STM32U535REI6, STM32U535REI6Q, STM32U535RET6, STM32U535RET6Q, STM32U535VCI6, STM32U535VCI6Q, STM32U535VCT6, STM32U535VCT6Q, STM32U535VEI6, STM32U535VEI6Q, STM32U535VET6, STM32U535VET6Q, STM32U545CET6, STM32U545CET6Q, STM32U545CEU6, STM32U545CEU6Q, STM32U545JEY6QTR, STM32U545NEY6QTR, STM32U545REI6, STM32U545REI6Q, STM32U545RET6, STM32U545RET6Q, STM32U545VEI6, STM32U545VEI6Q, STM32U545VET6, STM32U545VET6Q, STM32U595AIH6, STM32U595AIH6Q, STM32U595AJH6, STM32U595AJH6Q, STM32U595QII6, STM32U595QII6Q, STM32U595QJI6, STM32U595QJI6Q, STM32U595RIT6, STM32U595RIT6Q, STM32U595RJT6, STM32U595RJT6Q, STM32U595VIT6, STM32U595VIT6Q, STM32U595VJT6, STM32U595VJT6Q, STM32U595ZIT6, STM32U595ZIT6Q, STM32U595ZIY6QTR, STM32U595ZJT6, STM32U595ZJT6Q, STM32U595ZJY6QTR, STM32U599BJY6QTR, STM32U599NIH6Q, STM32U599NJH6Q, STM32U599VIT6Q, STM32U599VJT6, STM32U599VJT6Q, STM32U599ZIT6Q, STM32U599ZIY6QTR, STM32U599ZJT6Q, STM32U599ZJY6QTR, STM32U5A5AJH6, STM32U5A5AJH6Q, STM32U5A5QII3Q , STM32U5A5QJI6, STM32U5A5QJI6Q, STM32U5A5RJT6, STM32U5A5RJT6Q, STM32U5A5VJT6, STM32U5A5VJT6Q, STM32U5A5ZJT6, STM32U5A5ZJT6Q, STM32U5A5ZJY6QTR, STM32U5A9BJY6QTR, STM32U5A9J-DK, STM32U5A9NJH6Q, STM32U5A9VJT6Q, STM32U5A9ZJT6Q, STM32U5A9ZJY6QTR, STM32U5F7VIT6, STM32U5F7VIT6Q, STM32U5F7VJT6, STM32U5F7VJT6Q, STM32U5F9BJY6QTR, STM32U5F9NJH6Q, STM32U5F9VIT6Q, STM32U5F9VJT6Q, STM32U5F9ZIJ6QTR, STM32U5F9ZIT6Q, STM32U5F9ZJJ6QTR, STM32U5F9ZJT6Q, STM32U5G7VJT6, STM32U5G7VJT6Q, STM32U5G9BJY6QTR, STM32U5G9J-DK1, STM32U5G9J-DK2, STM32U5G9NJH6Q, STM32U5G9VJT6Q, STM32U5G9ZJJ6QTR, STM32U5G9ZJT6Q, STM32WB05KZV6TR, STM32WB05KZV7TR, STM32WB05TZF6TR, STM32WB05TZF7TR, STM32WB06CCF6TR, STM32WB06CCF7TR, STM32WB06CCV6TR, STM32WB06CCV7TR, STM32WB06KCV6TR, STM32WB06KCV7TR, STM32WB07CCF6TR, STM32WB07CCF7TR, STM32WB07CCV6TR, STM32WB07CCV7TR, STM32WB07KCV6TR, STM32WB07KCV7TR, STM32WB09KEV6TR, STM32WB09KEV7TR, STM32WB09TEF6TR, STM32WB09TEF7TR, STM32WB1MMCH6, STM32WBA50KGU6, STM32WBA50KGU6TR, STM32WBA52CEU6, STM32WBA52CEU6TR, STM32WBA52CEU7, STM32WBA52CEU7TR, STM32WBA52CGU6, STM32WBA52CGU6TR, STM32WBA52CGU6U, STM32WBA52CGU7, STM32WBA52CGU7TR, STM32WBA52KEU6, STM32WBA52KEU6TR, STM32WBA52KGU6, STM32WBA52KGU6TR, STM32WBA54CEU6, STM32WBA54CEU6TR, STM32WBA54CEU7, STM32WBA54CEU7TR, STM32WBA54CGU6, STM32WBA54CGU6TR, STM32WBA54CGU7, STM32WBA54CGU7TR, STM32WBA54KEU6, STM32WBA54KEU6TR, STM32WBA54KEU7, STM32WBA54KEU7TR, STM32WBA54KGU6, STM32WBA54KGU6TR, STM32WBA54KGU7, STM32WBA54KGU7TR, STM32WBA55CEU6, STM32WBA55CEU6TR, STM32WBA55CEU7, STM32WBA55CEU7TR, STM32WBA55CGU6, STM32WBA55CGU6TR, STM32WBA55CGU6U, STM32WBA55CGU7, STM32WBA55CGU7TR, STM32WBA55G-DK1, STM32WBA55HEF6, STM32WBA55HEF7, STM32WBA55HGF6, STM32WBA55HGF7, STM32WBA55UEI6, STM32WBA55UEI6TR, STM32WBA55UEI7, STM32WBA55UEI7TR, STM32WBA55UGI6, STM32WBA55UGI6TR, STM32WBA55UGI7, STM32WBA55UGI7TR, STM32WBA5MMGH6TR, STM32WBA62MGF6, STM32WBA62MIF6, STM32WBA65MGF7, STM32WBA65MIF6, STM32WBA65MIF7, STM32WL30K8V6, STM32WL30KBV6, STM32WL31C8V6, STM32WL31CBV6, STM32WL31K8V6, STM32WL31KBV6, STM32WL33C8V6, STM32WL33C8V6X, STM32WL33CBV6, STM32WL33CBV6X, STM32WL33CCV6, STM32WL33CCV6A, STM32WL33CCV6X, STM32WL33K8V7, STM32WL33K8V7X, STM32WL33KBV7 , STM32WL33KBV7X, STM32WL33KCV7, STM32WL33KCV7X, STM32WL5MOCH6, STM32WL5MOCH6TR]
2025-10-31 12:25:01,010 [INFO] DbMcus:218 - Found 4801 MCUs, 4801 are supported
2025-10-31 12:25:01,011 [INFO] ApiDb:423 - Load user favorites file C:\Users\nico2/.stm32cubeide/favorites.mcus.txt: 1 item(s)
2025-10-31 12:25:01,011 [INFO] ApiDb:427 - User favorites MCUs=[STM32F103C8T6]
2025-10-31 12:25:01,011 [INFO] DbMcus:224 - Set 1 / 1 favorites MCUs
2025-10-31 12:25:01,478 [INFO] ApiDb:423 - Load user favorites file C:\Users\nico2/.stm32cubeide/favorites.boards.txt: 0 item(s)
2025-10-31 12:25:01,478 [INFO] ApiDb:427 - User favorites Boards=[]
2025-10-31 12:25:01,478 [INFO] DbBoards:198 - Set 0 / 0 favorites Boards
2025-10-31 12:25:01,627 [INFO] UtilMem:75 - End LoadConfig() Used Memory: 658167240 Bytes (948961280)
2025-10-31 12:25:01,892 [WARN] ThirdParty:833 - waiting for thirdparty lock release [change project]
2025-10-31 12:25:01,892 [INFO] ThirdParty:835 - entering critical section [change project]
2025-10-31 12:25:01,892 [INFO] ThirdParty:1030 - CMSIS Pack Vendor :STMicroelectronics X-CUBE-PM33A1 1.0.0
2025-10-31 12:25:01,892 [INFO] ThirdParty:1030 - CMSIS Pack Vendor :STMicroelectronics USBPD 4.1
2025-10-31 12:25:01,892 [INFO] ThirdParty:1030 - CMSIS Pack Vendor :STMicroelectronics X-CUBE-NFC9 1.0.0
2025-10-31 12:25:01,892 [INFO] ThirdParty:1030 - CMSIS Pack Vendor :STMicroelectronics USB_HOST 2.0.0
2025-10-31 12:25:01,892 [INFO] ThirdParty:1030 - CMSIS Pack Vendor :STMicroelectronics FP-SNS-MOTENVWB1 1.4.0
2025-10-31 12:25:01,892 [INFO] ThirdParty:1030 - CMSIS Pack Vendor :STMicroelectronics X-CUBE-AZRTOS-F4 1.1.0
2025-10-31 12:25:01,892 [INFO] ThirdParty:1030 - CMSIS Pack Vendor :STMicroelectronics LIBJPEG 8.0.0
2025-10-31 12:25:01,892 [INFO] ThirdParty:1030 - CMSIS Pack Vendor :STMicroelectronics FP-ATR-ASTRA1 2.0.2
2025-10-31 12:25:01,892 [INFO] ThirdParty:1030 - CMSIS Pack Vendor :STMicroelectronics X-CUBE-BLE1 7.1.0
2025-10-31 12:25:01,892 [INFO] ThirdParty:1030 - CMSIS Pack Vendor :STMicroelectronics X-CUBE-SMBUS 2.1.0
2025-10-31 12:25:01,892 [INFO] ThirdParty:1030 - CMSIS Pack Vendor :STMicroelectronics USB_DEVICE 3.0.0
2025-10-31 12:25:01,892 [INFO] ThirdParty:1030 - CMSIS Pack Vendor :STMicroelectronics X-CUBE-ISPU 2.1.0
2025-10-31 12:25:01,892 [INFO] ThirdParty:1030 - CMSIS Pack Vendor :STMicroelectronics X-CUBE-EEPRMA1 5.2.0
2025-10-31 12:25:01,892 [INFO] ThirdParty:1030 - CMSIS Pack Vendor :STMicroelectronics X-CUBE-IPS 3.2.0
2025-10-31 12:25:01,892 [INFO] ThirdParty:1030 - CMSIS Pack Vendor :STMicroelectronics X-CUBE-BLEMGR 4.1.0
2025-10-31 12:25:01,892 [INFO] ThirdParty:1030 - CMSIS Pack Vendor :STMicroelectronics X-CUBE-AZRTOS-WB 2.0.0
2025-10-31 12:25:01,892 [INFO] ThirdParty:1030 - CMSIS Pack Vendor :STMicroelectronics X-CUBE-ST60 1.0.0
2025-10-31 12:25:01,892 [INFO] ThirdParty:1030 - CMSIS Pack Vendor :STMicroelectronics X-CUBE-GNSS1 7.0.1
2025-10-31 12:25:01,892 [INFO] ThirdParty:1030 - CMSIS Pack Vendor :STMicroelectronics X-CUBE-NFC12 1.0.0
2025-10-31 12:25:01,892 [INFO] ThirdParty:1030 - CMSIS Pack Vendor :STMicroelectronics X-CUBE-AZRTOS-F7 1.1.0
2025-10-31 12:25:01,892 [INFO] ThirdParty:1030 - CMSIS Pack Vendor :STMicroelectronics X-CUBE-AZRTOS-L5 2.0.0
2025-10-31 12:25:01,893 [INFO] ThirdParty:1030 - CMSIS Pack Vendor :STMicroelectronics X-CUBE-TOUCHGFX 4.25.0
2025-10-31 12:25:01,893 [INFO] ThirdParty:1030 - CMSIS Pack Vendor :STMicroelectronics USB_DEVICE 2.0.0
2025-10-31 12:25:01,893 [INFO] ThirdParty:1030 - CMSIS Pack Vendor :STMicroelectronics X-CUBE-NFC6 3.1.0
2025-10-31 12:25:01,893 [INFO] ThirdParty:1030 - CMSIS Pack Vendor :STMicroelectronics X-CUBE-ST67W61 1.1.0
2025-10-31 12:25:01,893 [INFO] ThirdParty:1030 - CMSIS Pack Vendor :Cesanta I-CUBE-Mongoose 7.19.0
2025-10-31 12:25:01,893 [INFO] ThirdParty:1030 - CMSIS Pack Vendor :quantropi X-CUBE-qispace-sdk-base 2.1.0
2025-10-31 12:25:01,893 [INFO] ThirdParty:1030 - CMSIS Pack Vendor :STMicroelectronics FP-SNS-MOTENV1 5.1.0
2025-10-31 12:25:01,893 [INFO] ThirdParty:1030 - CMSIS Pack Vendor :STMicroelectronics FreeRTOS 0.0.1
2025-10-31 12:25:01,893 [INFO] ThirdParty:1030 - CMSIS Pack Vendor :STMicroelectronics X-CUBE-AZRTOS-G0 1.1.0
2025-10-31 12:25:01,893 [INFO] ThirdParty:1030 - CMSIS Pack Vendor :STMicroelectronics X-CUBE-SAFEA1 1.2.2
2025-10-31 12:25:01,893 [INFO] ThirdParty:1030 - CMSIS Pack Vendor :STMicroelectronics X-CUBE-NFC4 3.0.0
2025-10-31 12:25:01,893 [INFO] ThirdParty:1030 - CMSIS Pack Vendor :STMicroelectronics X-CUBE-SUBG2 5.0.0
2025-10-31 12:25:01,893 [INFO] ThirdParty:1030 - CMSIS Pack Vendor :STMicroelectronics X-CUBE-AZRTOS-H7RS 1.1.0
2025-10-31 12:25:01,893 [INFO] ThirdParty:1030 - CMSIS Pack Vendor :STMicroelectronics STM32_WPAN 1.0.0
2025-10-31 12:25:01,893 [INFO] ThirdParty:1030 - CMSIS Pack Vendor :EmbeddedOffice I-CUBE-FS-RTOS 1.0.1
2025-10-31 12:25:01,893 [INFO] ThirdParty:1030 - CMSIS Pack Vendor :STMicroelectronics lwIP 2.0.3
2025-10-31 12:25:01,893 [INFO] ThirdParty:1030 - CMSIS Pack Vendor :STMicroelectronics USB_HOST 1.0.0
2025-10-31 12:25:01,893 [INFO] ThirdParty:1030 - CMSIS Pack Vendor :Infineon AIROC-Wi-Fi-Bluetooth-STM32 1.7.1
2025-10-31 12:25:01,893 [INFO] ThirdParty:1030 - CMSIS Pack Vendor :STMicroelectronics X-CUBE-AZRTOS-G4 2.0.0
2025-10-31 12:25:01,893 [INFO] ThirdParty:1030 - CMSIS Pack Vendor :STMicroelectronics X-CUBE-WB05N 2.0.0
2025-10-31 12:25:01,893 [INFO] ThirdParty:1030 - CMSIS Pack Vendor :STMicroelectronics PDM2PCM 3.1.0
2025-10-31 12:25:01,893 [INFO] ThirdParty:1030 - CMSIS Pack Vendor :STMicroelectronics PDM2PCM 3.3.0
2025-10-31 12:25:01,893 [INFO] ThirdParty:1030 - CMSIS Pack Vendor :STMicroelectronics X-CUBE-AZRTOS-H7 3.4.0
2025-10-31 12:25:01,893 [INFO] ThirdParty:1030 - CMSIS Pack Vendor :STMicroelectronics X-CUBE-DISPLAY 3.0.0
2025-10-31 12:25:01,893 [INFO] ThirdParty:1030 - CMSIS Pack Vendor :STMicroelectronics X-CUBE-NFC7 2.0.0
2025-10-31 12:25:01,893 [INFO] ThirdParty:1030 - CMSIS Pack Vendor :STMicroelectronics X-CUBE-TCPP 4.2.0
2025-10-31 12:25:01,893 [INFO] ThirdParty:1030 - CMSIS Pack Vendor :RealThread X-CUBE-RT-Thread_Nano 4.1.1
2025-10-31 12:25:01,893 [INFO] ThirdParty:1030 - CMSIS Pack Vendor :STMicroelectronics FP-ATR-SIGFOX1 3.2.0
2025-10-31 12:25:01,893 [INFO] ThirdParty:1030 - CMSIS Pack Vendor :STMicroelectronics X-CUBE-NFC10 1.0.0
2025-10-31 12:25:01,893 [INFO] ThirdParty:1030 - CMSIS Pack Vendor :STMicroelectronics X-CUBE-FREERTOS 1.3.1
2025-10-31 12:25:01,893 [INFO] ThirdParty:1030 - CMSIS Pack Vendor :STMicroelectronics HAL Drivers 0.0.0
2025-10-31 12:25:01,893 [INFO] ThirdParty:1030 - CMSIS Pack Vendor :STMicroelectronics MBEDTLS 2.16.2
2025-10-31 12:25:01,893 [INFO] ThirdParty:1030 - CMSIS Pack Vendor :STMicroelectronics X-CUBE-ST60 1.1.0
2025-10-31 12:25:01,893 [INFO] ThirdParty:1030 - CMSIS Pack Vendor :STMicroelectronics X-CUBE-IPS 3.1.0
2025-10-31 12:25:01,893 [INFO] ThirdParty:1030 - CMSIS Pack Vendor :STMicroelectronics X-CUBE-ALS 1.0.2
2025-10-31 12:25:01,893 [INFO] ThirdParty:1030 - CMSIS Pack Vendor :emotas I-CUBE-CANOPEN 1.3.0
2025-10-31 12:25:01,893 [INFO] ThirdParty:1030 - CMSIS Pack Vendor :STMicroelectronics MBEDTLS 2.14.1
2025-10-31 12:25:01,893 [INFO] ThirdParty:1030 - CMSIS Pack Vendor :STMicroelectronics X-CUBE-GNSS1 7.1.0
2025-10-31 12:25:01,893 [INFO] ThirdParty:1030 - CMSIS Pack Vendor :ITTIA_DB I-CUBE-ITTIADB 8.9.0
2025-10-31 12:25:01,893 [INFO] ThirdParty:1030 - CMSIS Pack Vendor :STMicroelectronics X-CUBE-TOUCHGFX 4.26.0
2025-10-31 12:25:01,893 [INFO] ThirdParty:1030 - CMSIS Pack Vendor :STMicroelectronics X-CUBE-STSE01 1.0.0
2025-10-31 12:25:01,893 [INFO] ThirdParty:1030 - CMSIS Pack Vendor :STMicroelectronics X-CUBE-ST67W61 1.0.0
2025-10-31 12:25:01,893 [INFO] ThirdParty:1030 - CMSIS Pack Vendor :STMicroelectronics FP-SNS-STBOX1 2.1.0
2025-10-31 12:25:01,893 [INFO] ThirdParty:1030 - CMSIS Pack Vendor :STMicroelectronics X-CUBE-AI 10.2.0
2025-10-31 12:25:01,893 [INFO] ThirdParty:1030 - CMSIS Pack Vendor :STMicroelectronics FP-SNS-STAIOTCFT 1.0.0
2025-10-31 12:25:01,893 [INFO] ThirdParty:1030 - CMSIS Pack Vendor :STMicroelectronics ThreadX 1.0.0
2025-10-31 12:25:01,893 [INFO] ThirdParty:1030 - CMSIS Pack Vendor :STMicroelectronics FP-SNS-SMARTAG2 1.2.0
2025-10-31 12:25:01,893 [INFO] ThirdParty:1030 - CMSIS Pack Vendor :STMicroelectronics FP-SNS-FLIGHT1 5.1.0
2025-10-31 12:25:01,893 [INFO] ThirdParty:1030 - CMSIS Pack Vendor :STMicroelectronics X-CUBE-AZRTOS-WL 2.0.0
2025-10-31 12:25:01,893 [INFO] ThirdParty:1030 - CMSIS Pack Vendor :SEGGER I-CUBE-embOS 1.3.1
2025-10-31 12:25:01,893 [INFO] ThirdParty:1030 - CMSIS Pack Vendor :STMicroelectronics X-CUBE-ALGOBUILD 1.4.0
2025-10-31 12:25:01,893 [INFO] ThirdParty:1030 - CMSIS Pack Vendor :STMicroelectronics X-CUBE-DPower 1.3.0
2025-10-31 12:25:01,893 [INFO] ThirdParty:1030 - CMSIS Pack Vendor :STMicroelectronics X-CUBE-MEMS1 11.3.0
2025-10-31 12:25:01,893 [INFO] ThirdParty:1030 - CMSIS Pack Vendor :STMicroelectronics FP-SNS-MOTENV1 5.0.0
2025-10-31 12:25:01,893 [INFO] ThirdParty:1030 - CMSIS Pack Vendor :STMicroelectronics USB_DEVICE 1.0.0
2025-10-31 12:25:01,893 [INFO] ThirdParty:1030 - CMSIS Pack Vendor :STMicroelectronics X-CUBE-AZRTOS-L4 2.0.0
2025-10-31 12:25:01,893 [INFO] ThirdParty:1030 - CMSIS Pack Vendor :STMicroelectronics ThreadX 0.0.2
2025-10-31 12:25:01,894 [INFO] ThirdParty:1030 - CMSIS Pack Vendor :WES I-CUBE-Cesium 1.3.0
2025-10-31 12:25:01,895 [INFO] ThirdParty:1030 - CMSIS Pack Vendor :STMicroelectronics lwIP 2.1.2
2025-10-31 12:25:01,895 [INFO] ThirdParty:1030 - CMSIS Pack Vendor :STMicroelectronics X-CUBE-SFXS2LP1 4.0.0
2025-10-31 12:25:01,895 [INFO] ThirdParty:1030 - CMSIS Pack Vendor :STMicroelectronics X-CUBE-BLE2 3.3.0
2025-10-31 12:25:01,895 [INFO] ThirdParty:1030 - CMSIS Pack Vendor :STMicroelectronics X-CUBE-TOF1 3.4.3
2025-10-31 12:25:01,895 [INFO] ThirdParty:1030 - CMSIS Pack Vendor :STMicroelectronics PDM2PCM 3.2.0
2025-10-31 12:25:01,895 [INFO] ThirdParty:841 - exiting critical section [change project]
2025-10-31 12:25:02,742 [INFO] PinOutPanel:1589 - setPackage(No Configuration,No Configuration)
2025-10-31 12:25:02,743 [INFO] PinOutPanel:1589 - setPackage(STM32F103C8Tx,LQFP48)
2025-10-31 12:25:05,532 [INFO] UtilMem:75 - Before build in PCC Used Memory: 622854144 Bytes (948961280)
2025-10-31 12:25:09,025 [INFO] UtilMem:75 - After build in PCC Used Memory: 570949632 Bytes (948961280)
2025-10-31 12:25:09,055 [INFO] IPUIPlugin:80 - create IPUIPlugin
2025-10-31 12:25:09,055 [INFO] IPUIPlugin:80 - create IPUIPlugin
2025-10-31 12:25:09,055 [INFO] IPUIPlugin:80 - create IPUIPlugin
2025-10-31 12:25:09,056 [INFO] IPUIPlugin:80 - create IPUIPlugin
2025-10-31 12:25:09,056 [INFO] IPUIPlugin:80 - create IPUIPlugin
2025-10-31 12:25:09,056 [INFO] IPUIPlugin:80 - create IPUIPlugin
2025-10-31 12:25:09,056 [INFO] IPUIPlugin:80 - create IPUIPlugin
2025-10-31 12:25:09,056 [INFO] IPUIPlugin:80 - create IPUIPlugin
2025-10-31 12:25:09,056 [INFO] IPUIPlugin:80 - create IPUIPlugin
2025-10-31 12:25:09,056 [INFO] IPUIPlugin:80 - create IPUIPlugin
2025-10-31 12:25:09,056 [INFO] IPUIPlugin:80 - create IPUIPlugin
2025-10-31 12:25:09,056 [INFO] IPUIPlugin:80 - create IPUIPlugin
2025-10-31 12:25:09,058 [INFO] IPUIPlugin:80 - create IPUIPlugin
2025-10-31 12:25:09,058 [INFO] IPUIPlugin:80 - create IPUIPlugin
2025-10-31 12:25:09,058 [INFO] IPUIPlugin:80 - create IPUIPlugin
2025-10-31 12:25:09,058 [INFO] IPUIPlugin:80 - create IPUIPlugin
2025-10-31 12:25:09,058 [INFO] IPUIPlugin:80 - create IPUIPlugin
2025-10-31 12:25:09,058 [INFO] IPUIPlugin:80 - create IPUIPlugin
2025-10-31 12:25:09,058 [INFO] IPUIPlugin:80 - create IPUIPlugin
2025-10-31 12:25:09,058 [INFO] IPUIPlugin:80 - create IPUIPlugin
2025-10-31 12:25:09,058 [INFO] IPUIPlugin:80 - create IPUIPlugin
2025-10-31 12:25:09,059 [INFO] IPUIPlugin:80 - create IPUIPlugin
2025-10-31 12:25:09,059 [INFO] IPUIPlugin:80 - create IPUIPlugin
2025-10-31 12:25:09,059 [INFO] IPUIPlugin:80 - create IPUIPlugin
2025-10-31 12:25:09,059 [INFO] IPUIPlugin:80 - create IPUIPlugin
2025-10-31 12:25:09,059 [INFO] IPUIPlugin:80 - create IPUIPlugin
2025-10-31 12:25:09,059 [INFO] IPUIPlugin:80 - create IPUIPlugin
2025-10-31 12:25:09,175 [WARN] IP:2250 - I2C_Coeff_DF not found: check if there is a RefParameter without a condition.
2025-10-31 12:25:09,175 [WARN] IP:2250 - Analog_Filter not found: check if there is a RefParameter without a condition.
2025-10-31 12:25:09,961 [INFO] CADModel:165 - CPN selected for project levelSTM32F103C8T6
2025-10-31 12:25:09,961 [INFO] CADModel:114 - Register for checkConnection events
2025-10-31 12:25:10,011 [INFO] OpenFileManager:386 - Restore cursor
2025-10-31 12:25:10,231 [WARN] IP:2250 - I2C_Coeff_DF not found: check if there is a RefParameter without a condition.
2025-10-31 12:25:10,231 [WARN] IP:2250 - Analog_Filter not found: check if there is a RefParameter without a condition.
2025-10-31 12:25:10,232 [WARN] IP:2250 - I2C_Coeff_DF not found: check if there is a RefParameter without a condition.
2025-10-31 12:25:10,232 [WARN] IP:2250 - Analog_Filter not found: check if there is a RefParameter without a condition.
2025-10-31 12:25:55,446 [WARN] IP:2250 - I2C_Coeff_DF not found: check if there is a RefParameter without a condition.
2025-10-31 12:25:55,446 [WARN] IP:2250 - Analog_Filter not found: check if there is a RefParameter without a condition.
2025-10-31 12:25:55,447 [WARN] IP:2250 - I2C_Coeff_DF not found: check if there is a RefParameter without a condition.
2025-10-31 12:25:55,447 [WARN] IP:2250 - Analog_Filter not found: check if there is a RefParameter without a condition.
2025-10-31 12:25:55,554 [WARN] IP:2250 - I2C_Coeff_DF not found: check if there is a RefParameter without a condition.
2025-10-31 12:25:55,554 [WARN] IP:2250 - Analog_Filter not found: check if there is a RefParameter without a condition.
2025-10-31 12:25:55,633 [WARN] IP:2250 - I2C_Coeff_DF not found: check if there is a RefParameter without a condition.
2025-10-31 12:25:55,633 [WARN] IP:2250 - Analog_Filter not found: check if there is a RefParameter without a condition.
2025-10-31 12:27:16,757 [INFO] UtilMem:75 - End SaveConfig() Used Memory: 643751936 Bytes (948961280)
2025-10-31 12:27:23,332 [INFO] UtilMem:75 - End SaveConfig() Used Memory: 671645128 Bytes (948961280)
2025-10-31 12:27:42,505 [INFO] UtilMem:75 - End SaveConfig() Used Memory: 767483904 Bytes (948961280)
2025-10-31 12:27:45,349 [INFO] BlockDiagram:2775 - set Specific Code input for plugin: RTC
2025-10-31 12:27:45,349 [INFO] BlockDiagram:2775 - set Specific Code input for plugin: NVIC
2025-10-31 12:27:45,349 [INFO] BlockDiagram:2775 - set Specific Code input for plugin: TIM1_8F1
2025-10-31 12:27:45,350 [INFO] BlockDiagram:2775 - set Specific Code input for plugin: SYS
2025-10-31 12:27:45,350 [INFO] BlockDiagram:2775 - set Specific Code input for plugin: GPIO
2025-10-31 12:27:45,350 [INFO] BlockDiagram:2775 - set Specific Code input for plugin: RCC
2025-10-31 12:27:45,350 [INFO] BlockDiagram:2775 - set Specific Code input for plugin: I2C
2025-10-31 12:27:45,351 [INFO] CodeGenerator:892 - code generatio: config db path: C:\ST\STM32CubeIDE_1.19.0\STM32CubeIDE\plugins\com.st.stm32cube.common.mx_6.15.0.202507011659\\db\
2025-10-31 12:27:45,359 [WARN] IP:2250 - I2C_Coeff_DF not found: check if there is a RefParameter without a condition.
2025-10-31 12:27:45,359 [WARN] IP:2250 - Analog_Filter not found: check if there is a RefParameter without a condition.
2025-10-31 12:27:45,940 [INFO] CodeEngine:265 - oldGeneratedFile, C:\Users\nico2\OneDrive\Desktop\EMBEBIDOS\COMEDERO_INTEGRACION\MXTmpFiles\license.tmp_save
2025-10-31 12:27:48,902 [INFO] CodeEngine:289 - Generated code: C:\Users\nico2\OneDrive\Desktop\EMBEBIDOS\COMEDERO_INTEGRACION\MXTmpFiles\license.tmp
2025-10-31 12:27:49,628 [INFO] CodeEngine:265 - oldGeneratedFile, C:\Users\nico2\OneDrive\Desktop\EMBEBIDOS\COMEDERO_INTEGRACION\MXTmpFiles\gpio.tmp_save
2025-10-31 12:27:50,460 [INFO] CodeEngine:289 - Generated code: C:\Users\nico2\OneDrive\Desktop\EMBEBIDOS\COMEDERO_INTEGRACION\MXTmpFiles\gpio.tmp
2025-10-31 12:27:51,144 [INFO] CodeEngine:265 - oldGeneratedFile, C:\Users\nico2\OneDrive\Desktop\EMBEBIDOS\COMEDERO_INTEGRACION\Core\Src\stm32f1xx_it.c_save
2025-10-31 12:27:51,514 [INFO] CodeEngine:289 - Generated code: C:\Users\nico2\OneDrive\Desktop\EMBEBIDOS\COMEDERO_INTEGRACION\Core\Src\stm32f1xx_it.c
2025-10-31 12:27:51,528 [INFO] CodeEngine:265 - oldGeneratedFile, C:\Users\nico2\OneDrive\Desktop\EMBEBIDOS\COMEDERO_INTEGRACION\Core\Inc\stm32f1xx_it.h_save
2025-10-31 12:27:51,721 [INFO] CodeEngine:289 - Generated code: C:\Users\nico2\OneDrive\Desktop\EMBEBIDOS\COMEDERO_INTEGRACION\Core\Inc\stm32f1xx_it.h
2025-10-31 12:27:51,737 [INFO] CodeEngine:265 - oldGeneratedFile, C:\Users\nico2\OneDrive\Desktop\EMBEBIDOS\COMEDERO_INTEGRACION\Core\Src\stm32f1xx_hal_msp.c_save
2025-10-31 12:27:51,951 [INFO] CodeEngine:289 - Generated code: C:\Users\nico2\OneDrive\Desktop\EMBEBIDOS\COMEDERO_INTEGRACION\Core\Src\stm32f1xx_hal_msp.c
2025-10-31 12:27:51,959 [INFO] CodeEngine:265 - oldGeneratedFile, C:\Users\nico2\OneDrive\Desktop\EMBEBIDOS\COMEDERO_INTEGRACION\MXTmpFiles\system.tmp_save
2025-10-31 12:27:52,095 [INFO] CodeEngine:289 - Generated code: C:\Users\nico2\OneDrive\Desktop\EMBEBIDOS\COMEDERO_INTEGRACION\MXTmpFiles\system.tmp
2025-10-31 12:27:52,106 [INFO] CodeEngine:321 - oldGeneratedFile, C:\Users\nico2\OneDrive\Desktop\EMBEBIDOS\COMEDERO_INTEGRACION\Core\Inc\stm32f1xx_hal_conf.h_save
2025-10-31 12:27:52,185 [INFO] CodeEngine:345 - Generated code: C:\Users\nico2\OneDrive\Desktop\EMBEBIDOS\COMEDERO_INTEGRACION\Core\Inc\stm32f1xx_hal_conf.h
2025-10-31 12:27:52,280 [INFO] ApiDbMcu:532 - Load IP Config File for I2C1
2025-10-31 12:27:52,296 [INFO] ApiDbMcu:532 - Load IP Config File for RTC
2025-10-31 12:27:52,322 [INFO] ApiDbMcu:532 - Load IP Config File for TIM2
2025-10-31 12:27:52,326 [INFO] ApiDbMcu:532 - Load IP Config File for RCC
2025-10-31 12:27:52,331 [WARN] IPConfigManager:3811 - IP not found : TIM
2025-10-31 12:27:52,331 [WARN] CodeGenerator:4259 - IP not found : null
2025-10-31 12:27:52,349 [INFO] CodeEngine:265 - oldGeneratedFile, C:\Users\nico2\OneDrive\Desktop\EMBEBIDOS\COMEDERO_INTEGRACION\Core\Inc\main.h_save
2025-10-31 12:27:52,481 [INFO] CodeEngine:289 - Generated code: C:\Users\nico2\OneDrive\Desktop\EMBEBIDOS\COMEDERO_INTEGRACION\Core\Inc\main.h
2025-10-31 12:27:52,491 [INFO] CodeEngine:265 - oldGeneratedFile, C:\Users\nico2\OneDrive\Desktop\EMBEBIDOS\COMEDERO_INTEGRACION\Core\Src\main.c_save
2025-10-31 12:27:53,002 [INFO] CodeEngine:289 - Generated code: C:\Users\nico2\OneDrive\Desktop\EMBEBIDOS\COMEDERO_INTEGRACION\Core\Src\main.c
2025-10-31 12:27:55,130 [INFO] ProjectBuilder:3606 - Time for Copy HAL[1] : 173mS.
2025-10-31 12:27:55,145 [INFO] ProjectBuilder:5216 - Project Generator version: 4.7.0-B52
2025-10-31 12:27:55,293 [INFO] ConfigFileManager:1595 - The Die is : DIE410
2025-10-31 12:27:55,298 [INFO] ApiDbMcu:532 - Load IP Config File for FATFS
2025-10-31 12:27:55,302 [INFO] ApiDbMcu:532 - Load IP Config File for FREERTOS
2025-10-31 12:27:55,331 [INFO] ApiDbMcu:532 - Load IP Config File for USB_DEVICE
2025-10-31 12:27:56,005 [INFO] LogOutputStream:77 - [STDOUT_REDIRECT] 
2025-10-31 12:28:01,688 [INFO] ProjectBuilder:5496 - Time for Generating toolchain IDE Files: 6543mS.
2025-10-31 12:28:01,692 [INFO] ProjectBuilder:3463 - Time for Copy CMSIS : 0mS.
2025-10-31 12:28:01,693 [INFO] ProjectBuilder:3463 - Time for Copy CMSIS : 0mS.
2025-10-31 14:00:11,094 [ERROR] LogOutputStream:75 - [STDERR_REDIRECT] 
2025-10-31 14:00:11,099 [ERROR] LogOutputStream:75 - [STDERR_REDIRECT] 
2025-10-31 20:16:25,544 [INFO] Activator:176 - 


2025-10-31 20:16:25,546 [INFO] Activator:177 - !SESSION log4j initialized
2025-10-31 20:16:37,760 [INFO] LogOutputStream:77 - [STDOUT_REDIRECT] 
2025-10-31 20:16:40,895 [INFO] ApplicationProperties:184 - Using Application install path: C:\ST\STM32CubeIDE_1.19.0\STM32CubeIDE\plugins\com.st.stm32cube.common.mx_6.15.0.202507011659
2025-10-31 20:16:40,914 [INFO] DbMcusXml:78 - Set database path to: C:\ST\STM32CubeIDE_1.19.0\STM32CubeIDE\plugins\com.st.stm32cube.common.mx_6.15.0.202507011659\\db\/mcu/
2025-10-31 20:16:40,914 [INFO] ApiDb:274 - Set plugin database path to: C:\ST\STM32CubeIDE_1.19.0\STM32CubeIDE\plugins\com.st.stm32cube.common.mx_6.15.0.202507011659\\db\/plugins/boardmanager/
2025-10-31 20:16:40,914 [WARN] ApiDb:259 - Overriding images path with different value:  => C:\ST\STM32CubeIDE_1.19.0\STM32CubeIDE\plugins\com.st.stm32cube.common.mx_6.15.0.202507011659\\db\/plugins/mcufinder/images/
2025-10-31 20:16:40,930 [INFO] ApiDb:250 - Set database path to: C:\Users\nico2\.stmcufinder\plugins\mcufinder//mcu/
2025-10-31 20:16:40,931 [INFO] DbMcusAds:125 - Set database path to: C:\Users\nico2\.stmcufinder\plugins\mcufinder//mcu/
2025-10-31 20:16:40,934 [INFO] CrossReferenceDbSqlite:203 - Set database path to: C:\Users\nico2\.stmcufinder\plugins\mcufinder//mcu/cs/
2025-10-31 20:16:41,122 [INFO] RulesReader:64 - Compatibility file has been processed (317 Rules)
2025-10-31 20:16:41,247 [INFO] DbMcusXml:78 - Set database path to: C:\ST\STM32CubeIDE_1.19.0\STM32CubeIDE\plugins\com.st.stm32cube.common.mx_6.15.0.202507011659\\db\/mcu/
2025-10-31 20:16:41,248 [INFO] ApiDb:274 - Set plugin database path to: C:\ST\STM32CubeIDE_1.19.0\STM32CubeIDE\plugins\com.st.stm32cube.common.mx_6.15.0.202507011659\\db\/plugins/boardmanager/
2025-10-31 20:16:41,248 [INFO] ApiDb:261 - Set plugin images path to: C:\ST\STM32CubeIDE_1.19.0\STM32CubeIDE\plugins\com.st.stm32cube.common.mx_6.15.0.202507011659\\db\/plugins/mcufinder/images/
2025-10-31 20:16:41,248 [WARN] DbFile:41 - Overriding database path with different value: C:\Users\nico2\.stmcufinder\plugins\mcufinder/ => C:\Users\nico2\.stmcufinder\plugins\mcufinder
2025-10-31 20:16:41,248 [INFO] ApiDb:250 - Set database path to: C:\Users\nico2\.stmcufinder\plugins\mcufinder//mcu/
2025-10-31 20:16:41,249 [WARN] DbFile:41 - Overriding database path with different value: C:\Users\nico2\.stmcufinder\plugins\mcufinder/ => C:\Users\nico2\.stmcufinder\plugins\mcufinder
2025-10-31 20:16:41,249 [INFO] DbMcusAds:125 - Set database path to: C:\Users\nico2\.stmcufinder\plugins\mcufinder//mcu/
2025-10-31 20:16:41,249 [WARN] DbFile:41 - Overriding database path with different value: C:\Users\nico2\.stmcufinder\plugins\mcufinder/ => C:\Users\nico2\.stmcufinder\plugins\mcufinder
2025-10-31 20:16:41,249 [WARN] DbFile:41 - Overriding database path with different value: C:\Users\nico2\.stmcufinder\plugins\mcufinder/ => C:\Users\nico2\.stmcufinder\plugins\mcufinder
2025-10-31 20:16:41,249 [INFO] CrossReferenceDbSqlite:203 - Set database path to: C:\Users\nico2\.stmcufinder\plugins\mcufinder//mcu/cs/
2025-10-31 20:16:41,412 [INFO] MainPanel:274 - HeapMemory: 268435456
2025-10-31 20:16:41,572 [INFO] DbMcusXml:78 - Set database path to: C:\ST\STM32CubeIDE_1.19.0\STM32CubeIDE\plugins\com.st.stm32cube.common.mx_6.15.0.202507011659\\db\/mcu/
2025-10-31 20:16:41,572 [INFO] ApiDb:274 - Set plugin database path to: C:\ST\STM32CubeIDE_1.19.0\STM32CubeIDE\plugins\com.st.stm32cube.common.mx_6.15.0.202507011659\\db\/plugins/boardmanager/
2025-10-31 20:16:41,572 [INFO] ApiDb:261 - Set plugin images path to: C:\ST\STM32CubeIDE_1.19.0\STM32CubeIDE\plugins\com.st.stm32cube.common.mx_6.15.0.202507011659\\db\/plugins/mcufinder/images/
2025-10-31 20:16:41,572 [WARN] DbFile:41 - Overriding database path with different value: C:\Users\nico2\.stmcufinder\plugins\mcufinder/ => C:\Users\nico2\.stmcufinder\plugins\mcufinder
2025-10-31 20:16:41,572 [INFO] ApiDb:250 - Set database path to: C:\Users\nico2\.stmcufinder\plugins\mcufinder//mcu/
2025-10-31 20:16:41,572 [WARN] DbFile:41 - Overriding database path with different value: C:\Users\nico2\.stmcufinder\plugins\mcufinder/ => C:\Users\nico2\.stmcufinder\plugins\mcufinder
2025-10-31 20:16:41,573 [INFO] DbMcusAds:125 - Set database path to: C:\Users\nico2\.stmcufinder\plugins\mcufinder//mcu/
2025-10-31 20:16:41,573 [WARN] DbFile:41 - Overriding database path with different value: C:\Users\nico2\.stmcufinder\plugins\mcufinder/ => C:\Users\nico2\.stmcufinder\plugins\mcufinder
2025-10-31 20:16:41,573 [WARN] DbFile:41 - Overriding database path with different value: C:\Users\nico2\.stmcufinder\plugins\mcufinder/ => C:\Users\nico2\.stmcufinder\plugins\mcufinder
2025-10-31 20:16:41,573 [INFO] CrossReferenceDbSqlite:203 - Set database path to: C:\Users\nico2\.stmcufinder\plugins\mcufinder//mcu/cs/
2025-10-31 20:16:41,594 [INFO] ApplicationProperties:184 - Using Application install path: C:\ST\STM32CubeIDE_1.19.0\STM32CubeIDE\plugins\com.st.stm32cube.common.mx_6.15.0.202507011659
2025-10-31 20:16:41,595 [INFO] PluginManage:196 - Search for loadable plugins [exclusion list=, ]
2025-10-31 20:16:41,596 [INFO] PluginManage:310 - Check plugin analytics
2025-10-31 20:16:41,963 [INFO] AnalyticsPlugin:253 - Accepted Software Licenses: 
2025-10-31 20:16:41,963 [INFO] AnalyticsPlugin:255 - Accepted CMSIS Pack Licenses: 
2025-10-31 20:16:41,963 [INFO] AnalyticsPlugin:257 - Accepted Firmware Licenses: 
2025-10-31 20:16:41,965 [INFO] PluginManage:359 - Loaded plugin analytics (category:tool,tabindex:-1)
2025-10-31 20:16:41,966 [INFO] PluginManage:310 - Check plugin cadmodel
2025-10-31 20:16:41,973 [INFO] CADModel:105 - Init CAD model plugin
2025-10-31 20:16:41,973 [INFO] PluginManage:359 - Loaded plugin cadmodel (category:power,tabindex:5)
2025-10-31 20:16:41,974 [INFO] PluginManage:310 - Check plugin clock
2025-10-31 20:16:41,986 [INFO] PluginManage:359 - Loaded plugin clock (category:base,tabindex:2)
2025-10-31 20:16:41,987 [INFO] PluginManage:310 - Check plugin ddr
2025-10-31 20:16:41,989 [INFO] PluginManage:359 - Loaded plugin ddr (category:tool,tabindex:6)
2025-10-31 20:16:41,989 [INFO] PluginManage:310 - Check plugin filemanager
2025-10-31 20:16:42,223 [INFO] PluginManage:359 - Loaded plugin filemanager (category:base,tabindex:10)
2025-10-31 20:16:42,223 [INFO] PluginManage:310 - Check plugin ipmanager
2025-10-31 20:16:42,229 [INFO] PluginManage:359 - Loaded plugin ipmanager (category:base,tabindex:5)
2025-10-31 20:16:42,229 [INFO] PluginManage:310 - Check plugin lpbam
2025-10-31 20:16:42,239 [INFO] PluginManage:359 - Loaded plugin lpbam (category:base,tabindex:0)
2025-10-31 20:16:42,239 [INFO] PluginManage:310 - Check plugin memorymap
2025-10-31 20:16:42,255 [INFO] PluginManage:359 - Loaded plugin memorymap (category:base,tabindex:4)
2025-10-31 20:16:42,255 [INFO] PluginManage:310 - Check plugin pinoutandconfiguration
2025-10-31 20:16:42,264 [INFO] PluginManage:359 - Loaded plugin pinoutandconfiguration (category:base,tabindex:1)
2025-10-31 20:16:42,264 [INFO] PluginManage:310 - Check plugin pinoutconfig
2025-10-31 20:16:42,417 [WARN] SupportedApi:132 - Cannot load RTOS API schema: s4s-elt-must-match.1: The content of 'definitions' must match (annotation?, (simpleType | complexType)?, (unique | key | keyref)*)). A problem was found starting at: attribute.
2025-10-31 20:16:42,569 [INFO] PluginManage:359 - Loaded plugin pinoutconfig (category:base,tabindex:0)
2025-10-31 20:16:42,569 [INFO] PluginManage:310 - Check plugin power
2025-10-31 20:16:42,587 [INFO] PluginManage:359 - Loaded plugin power (category:power,tabindex:4)
2025-10-31 20:16:42,588 [INFO] PluginManage:310 - Check plugin projectmanager
2025-10-31 20:16:42,638 [INFO] PluginManage:359 - Loaded plugin projectmanager (category:projectmanager,tabindex:4)
2025-10-31 20:16:42,638 [INFO] PluginManage:310 - Check plugin rif
2025-10-31 20:16:42,649 [INFO] PluginManage:359 - Loaded plugin rif (category:base,tabindex:3)
2025-10-31 20:16:42,649 [INFO] PluginManage:310 - Check plugin thirdparty
2025-10-31 20:16:42,932 [INFO] PluginManage:359 - Loaded plugin thirdparty (category:base,tabindex:-1)
2025-10-31 20:16:42,932 [INFO] PluginManage:310 - Check plugin tools
2025-10-31 20:16:42,938 [INFO] PluginManage:359 - Loaded plugin tools (category:base,tabindex:7)
2025-10-31 20:16:42,938 [INFO] PluginManage:310 - Check plugin tutovideos
2025-10-31 20:16:42,933 [WARN] IntegrityCheckThread:84 - waiting for thirdparty lock release [integrity check]
2025-10-31 20:16:42,938 [INFO] IntegrityCheckThread:86 - entering critical section [integrity check]
2025-10-31 20:16:42,938 [INFO] ThirdPartyUpdaterWithRetryManager:70 - Updater plugin not ready yet. [1/15]
2025-10-31 20:16:43,317 [INFO] PluginManage:359 - Loaded plugin tutovideos (category:base,tabindex:-1)
2025-10-31 20:16:43,317 [INFO] PluginManage:310 - Check plugin updater
2025-10-31 20:16:43,513 [INFO] PluginManage:359 - Loaded plugin updater (category:base,tabindex:12)
2025-10-31 20:16:43,513 [INFO] PluginManage:310 - Check plugin userauth
2025-10-31 20:16:43,520 [INFO] UserAuth:118 - Init User Auth plugin
2025-10-31 20:16:43,521 [INFO] PluginManage:359 - Loaded plugin userauth (category:base,tabindex:14)
2025-10-31 20:16:43,521 [INFO] PluginManage:283 - PluginManage : Loaded plugins [18]
2025-10-31 20:16:43,790 [INFO] PinOutPanel:1589 - setPackage(No Configuration,No Configuration)
2025-10-31 20:16:43,983 [INFO] CADModel:165 - CPN selected for project level
2025-10-31 20:16:43,983 [INFO] CADModel:114 - Register for checkConnection events
2025-10-31 20:16:44,057 [INFO] IPUIPlugin:80 - create IPUIPlugin
2025-10-31 20:16:44,057 [INFO] PluginManager:220 - loadIPPluginJar : add adc
2025-10-31 20:16:44,063 [INFO] IPUIPlugin:80 - create IPUIPlugin
2025-10-31 20:16:44,063 [INFO] PluginManager:220 - loadIPPluginJar : add aes
2025-10-31 20:16:44,066 [INFO] IPUIPlugin:80 - create IPUIPlugin
2025-10-31 20:16:44,067 [INFO] PluginManager:220 - loadIPPluginJar : add can
2025-10-31 20:16:44,069 [INFO] IPUIPlugin:80 - create IPUIPlugin
2025-10-31 20:16:44,069 [INFO] PluginManager:220 - loadIPPluginJar : add comp
2025-10-31 20:16:44,072 [INFO] IPUIPlugin:80 - create IPUIPlugin
2025-10-31 20:16:44,072 [INFO] PluginManager:220 - loadIPPluginJar : add cryp
2025-10-31 20:16:44,076 [INFO] IPUIPlugin:80 - create IPUIPlugin
2025-10-31 20:16:44,076 [INFO] PluginManager:220 - loadIPPluginJar : add ddr_ctrl_phy
2025-10-31 20:16:44,078 [INFO] IPUIPlugin:80 - create IPUIPlugin
2025-10-31 20:16:44,078 [INFO] PluginManager:220 - loadIPPluginJar : add dfsdm
2025-10-31 20:16:44,083 [INFO] IPUIPlugin:80 - create IPUIPlugin
2025-10-31 20:16:44,083 [INFO] PluginManager:220 - loadIPPluginJar : add dma
2025-10-31 20:16:44,111 [INFO] IPUIPlugin:80 - create IPUIPlugin
2025-10-31 20:16:44,111 [INFO] PluginManager:220 - loadIPPluginJar : add dma3
2025-10-31 20:16:44,114 [INFO] IPUIPlugin:80 - create IPUIPlugin
2025-10-31 20:16:44,115 [INFO] PluginManager:220 - loadIPPluginJar : add extmemmanager
2025-10-31 20:16:44,116 [INFO] IPUIPlugin:80 - create IPUIPlugin
2025-10-31 20:16:44,116 [INFO] PluginManager:220 - loadIPPluginJar : add fatfs
2025-10-31 20:16:44,124 [INFO] IPUIPlugin:80 - create IPUIPlugin
2025-10-31 20:16:44,124 [INFO] PluginManager:220 - loadIPPluginJar : add fmc
2025-10-31 20:16:44,132 [INFO] IPUIPlugin:80 - create IPUIPlugin
2025-10-31 20:16:44,132 [INFO] PluginManager:220 - loadIPPluginJar : add freertos
2025-10-31 20:16:44,133 [INFO] IPUIPlugin:80 - create IPUIPlugin
2025-10-31 20:16:44,133 [INFO] PluginManager:220 - loadIPPluginJar : add genericplugin
2025-10-31 20:16:44,141 [INFO] IPUIPlugin:80 - create IPUIPlugin
2025-10-31 20:16:44,141 [INFO] PluginManager:220 - loadIPPluginJar : add gfxmmu
2025-10-31 20:16:44,144 [INFO] IPUIPlugin:80 - create IPUIPlugin
2025-10-31 20:16:44,144 [INFO] PluginManager:220 - loadIPPluginJar : add gic
2025-10-31 20:16:44,148 [INFO] IPUIPlugin:80 - create IPUIPlugin
2025-10-31 20:16:44,148 [INFO] PluginManager:220 - loadIPPluginJar : add gpio
2025-10-31 20:16:44,151 [INFO] IPUIPlugin:80 - create IPUIPlugin
2025-10-31 20:16:44,151 [INFO] PluginManager:220 - loadIPPluginJar : add gtzc
2025-10-31 20:16:44,152 [INFO] IPUIPlugin:80 - create IPUIPlugin
2025-10-31 20:16:44,153 [INFO] PluginManager:220 - loadIPPluginJar : add hash
2025-10-31 20:16:44,155 [INFO] IPUIPlugin:80 - create IPUIPlugin
2025-10-31 20:16:44,155 [INFO] PluginManager:220 - loadIPPluginJar : add i2c
2025-10-31 20:16:44,157 [INFO] IPUIPlugin:80 - create IPUIPlugin
2025-10-31 20:16:44,158 [INFO] PluginManager:220 - loadIPPluginJar : add i2s
2025-10-31 20:16:44,160 [INFO] IPUIPlugin:80 - create IPUIPlugin
2025-10-31 20:16:44,160 [INFO] PluginManager:220 - loadIPPluginJar : add i3c
2025-10-31 20:16:44,168 [INFO] IPUIPlugin:80 - create IPUIPlugin
2025-10-31 20:16:44,168 [INFO] PluginManager:220 - loadIPPluginJar : add ipddr
2025-10-31 20:16:44,174 [INFO] IPUIPlugin:80 - create IPUIPlugin
2025-10-31 20:16:44,174 [INFO] PluginManager:220 - loadIPPluginJar : add linkedlist
2025-10-31 20:16:44,177 [INFO] IPUIPlugin:80 - create IPUIPlugin
2025-10-31 20:16:44,177 [INFO] PluginManager:220 - loadIPPluginJar : add lorawan
2025-10-31 20:16:44,178 [INFO] IPUIPlugin:80 - create IPUIPlugin
2025-10-31 20:16:44,179 [INFO] PluginManager:220 - loadIPPluginJar : add ltdc
2025-10-31 20:16:44,183 [INFO] IPUIPlugin:80 - create IPUIPlugin
2025-10-31 20:16:44,183 [INFO] PluginManager:220 - loadIPPluginJar : add mdma
2025-10-31 20:16:44,186 [INFO] IPUIPlugin:80 - create IPUIPlugin
2025-10-31 20:16:44,186 [INFO] PluginManager:220 - loadIPPluginJar : add nvic
2025-10-31 20:16:44,189 [INFO] IPUIPlugin:80 - create IPUIPlugin
2025-10-31 20:16:44,189 [INFO] PluginManager:220 - loadIPPluginJar : add opamp
2025-10-31 20:16:44,191 [INFO] IPUIPlugin:80 - create IPUIPlugin
2025-10-31 20:16:44,191 [INFO] PluginManager:220 - loadIPPluginJar : add openamp
2025-10-31 20:16:44,193 [INFO] IPUIPlugin:80 - create IPUIPlugin
2025-10-31 20:16:44,193 [INFO] PluginManager:220 - loadIPPluginJar : add pdm2pcm
2025-10-31 20:16:44,204 [INFO] IPUIPlugin:80 - create IPUIPlugin
2025-10-31 20:16:44,205 [INFO] PluginManager:220 - loadIPPluginJar : add plateformsettings
2025-10-31 20:16:44,207 [INFO] IPUIPlugin:80 - create IPUIPlugin
2025-10-31 20:16:44,208 [INFO] PluginManager:220 - loadIPPluginJar : add quadspi
2025-10-31 20:16:44,209 [INFO] IPUIPlugin:80 - create IPUIPlugin
2025-10-31 20:16:44,210 [INFO] PluginManager:220 - loadIPPluginJar : add radio
2025-10-31 20:16:44,215 [INFO] IPUIPlugin:80 - create IPUIPlugin
2025-10-31 20:16:44,215 [INFO] PluginManager:220 - loadIPPluginJar : add resmgrutility
2025-10-31 20:16:44,218 [INFO] IPUIPlugin:80 - create IPUIPlugin
2025-10-31 20:16:44,218 [INFO] PluginManager:220 - loadIPPluginJar : add sai
2025-10-31 20:16:44,221 [INFO] IPUIPlugin:80 - create IPUIPlugin
2025-10-31 20:16:44,221 [INFO] PluginManager:220 - loadIPPluginJar : add spi
2025-10-31 20:16:44,225 [INFO] IPUIPlugin:80 - create IPUIPlugin
2025-10-31 20:16:44,225 [INFO] PluginManager:220 - loadIPPluginJar : add stm32_wpan
2025-10-31 20:16:44,226 [INFO] IPUIPlugin:80 - create IPUIPlugin
2025-10-31 20:16:44,226 [INFO] PluginManager:220 - loadIPPluginJar : add tim
2025-10-31 20:16:44,229 [INFO] IPUIPlugin:80 - create IPUIPlugin
2025-10-31 20:16:44,229 [INFO] PluginManager:220 - loadIPPluginJar : add touchsensing
2025-10-31 20:16:44,231 [INFO] IPUIPlugin:80 - create IPUIPlugin
2025-10-31 20:16:44,231 [INFO] PluginManager:220 - loadIPPluginJar : add tracer_emb
2025-10-31 20:16:44,233 [INFO] IPUIPlugin:80 - create IPUIPlugin
2025-10-31 20:16:44,233 [INFO] PluginManager:220 - loadIPPluginJar : add ts
2025-10-31 20:16:44,234 [INFO] IPUIPlugin:80 - create IPUIPlugin
2025-10-31 20:16:44,235 [INFO] PluginManager:220 - loadIPPluginJar : add tsc
2025-10-31 20:16:44,238 [INFO] IPUIPlugin:80 - create IPUIPlugin
2025-10-31 20:16:44,238 [INFO] PluginManager:220 - loadIPPluginJar : add ucpd
2025-10-31 20:16:44,241 [INFO] IPUIPlugin:80 - create IPUIPlugin
2025-10-31 20:16:44,241 [INFO] PluginManager:220 - loadIPPluginJar : add usart
2025-10-31 20:16:44,243 [INFO] IPUIPlugin:80 - create IPUIPlugin
2025-10-31 20:16:44,243 [INFO] PluginManager:220 - loadIPPluginJar : add usbx
2025-10-31 20:16:44,394 [FATAL] Updater:351 - Updater called before beeing initialized
2025-10-31 20:16:44,473 [INFO] RulesReader:64 - Compatibility file has been processed (317 Rules)
2025-10-31 20:16:44,479 [INFO] RulesReader:64 - Compatibility file has been processed (317 Rules)
2025-10-31 20:16:44,484 [INFO] CADModel:165 - CPN selected for project level
2025-10-31 20:16:44,484 [INFO] CADModel:114 - Register for checkConnection events
2025-10-31 20:16:44,484 [FATAL] Updater:351 - Updater called before beeing initialized
2025-10-31 20:16:44,484 [ERROR] CADModel:125 - Updater not yet initialized, retry later 
2025-10-31 20:16:45,191 [FATAL] Updater:351 - Updater called before beeing initialized
2025-10-31 20:16:45,193 [INFO] CADModel:165 - CPN selected for project level
2025-10-31 20:16:45,193 [INFO] CADModel:114 - Register for checkConnection events
2025-10-31 20:16:45,193 [FATAL] Updater:351 - Updater called before beeing initialized
2025-10-31 20:16:45,193 [ERROR] CADModel:125 - Updater not yet initialized, retry later 
2025-10-31 20:16:45,195 [FATAL] Updater:351 - Updater called before beeing initialized
2025-10-31 20:16:45,376 [FATAL] Updater:351 - Updater called before beeing initialized
2025-10-31 20:16:45,382 [INFO] DbMcusAds:53 - JSON generation date=Thu Oct 02 02:36:05 PDT 2025 (1759397765645)
2025-10-31 20:16:45,382 [FATAL] Updater:351 - Updater called before beeing initialized
2025-10-31 20:16:45,423 [WARN] DetailPanel:346 - Failed to get advertising image, set to default
2025-10-31 20:16:45,498 [FATAL] Updater:351 - Updater called before beeing initialized
2025-10-31 20:16:45,501 [FATAL] Updater:351 - Updater called before beeing initialized
2025-10-31 20:16:45,501 [FATAL] Updater:351 - Updater called before beeing initialized
2025-10-31 20:16:45,501 [WARN] DetailPanel:346 - Failed to get advertising image, set to default
2025-10-31 20:16:45,502 [FATAL] Updater:351 - Updater called before beeing initialized
2025-10-31 20:16:45,597 [ERROR] Updater:1198 - MainUpdater not yet initialized. External WinMGr cannot be set.
2025-10-31 20:16:45,599 [INFO] Updater:1134 - Updater Version found : 6.15.0
2025-10-31 20:16:45,615 [INFO] ApplicationProperties:184 - Using Application install path: C:\ST\STM32CubeIDE_1.19.0\STM32CubeIDE\plugins\com.st.stm32cube.common.mx_6.15.0.202507011659
2025-10-31 20:16:45,939 [INFO] ThirdPartyUpdaterWithRetryManager:70 - Updater plugin not ready yet. [2/15]
2025-10-31 20:16:47,197 [ERROR] LogOutputStream:75 - [STDERR_REDIRECT] Oct 31, 2025 8:16:47 PM java.util.prefs.WindowsPreferences <init>
2025-10-31 20:16:47,198 [ERROR] LogOutputStream:75 - [STDERR_REDIRECT] WARNING: Could not open/create prefs root node Software\JavaSoft\Prefs at root 0xffffffff80000002. Windows RegCreateKeyEx(...) returned error code 5.
2025-10-31 20:16:47,198 [ERROR] LogOutputStream:75 - [STDERR_REDIRECT] 
2025-10-31 20:16:48,004 [INFO] MainUpdater:2872 - connection check result : 10
2025-10-31 20:16:48,004 [INFO] MainUpdater:289 - Updater Check For Update Now.
2025-10-31 20:16:48,004 [INFO] MicroXplorer:498 - Change Database Version : DB.6.0.150
2025-10-31 20:16:48,012 [INFO] McuFinderGlobals:63 - Set McuFinder mode to 2 (CubeIDE integrated)
2025-10-31 20:16:48,014 [INFO] UserAuth:487 - Internet connection configuration mode: 1
2025-10-31 20:16:48,103 [INFO] JxBrowserEngine:152 - Initiate JxBrowser Engine with user profile folder
2025-10-31 20:16:48,408 [INFO] CheckServerUpdateThread:120 - End of CheckServer Thread
2025-10-31 20:16:49,403 [WARN] PackLoader:240 - Cannot read IP mode file for STMicroelectronics.FP-SNS-MOTENVWB1.1.4.0
2025-10-31 20:16:49,420 [WARN] PackLoader:240 - Cannot read IP mode file for STMicroelectronics.FP-ATR-ASTRA1.2.0.2
2025-10-31 20:16:49,425 [WARN] PackLoader:240 - Cannot read IP mode file for STMicroelectronics.X-CUBE-SMBUS.2.1.0
2025-10-31 20:16:49,433 [WARN] PackLoader:240 - Cannot read IP mode file for STMicroelectronics.X-CUBE-ST60.1.0.0
2025-10-31 20:16:49,612 [WARN] PackLoader:240 - Cannot read IP mode file for STMicroelectronics.X-CUBE-AZRTOS-F7.1.1.0
2025-10-31 20:16:49,639 [WARN] PackLoader:240 - Cannot read IP mode file for Cesanta.I-CUBE-Mongoose.7.19.0
2025-10-31 20:16:49,646 [WARN] PackLoader:240 - Cannot read IP mode file for STMicroelectronics.FP-SNS-MOTENV1.5.1.0
2025-10-31 20:16:49,718 [WARN] PackLoader:240 - Cannot read IP mode file for Infineon.AIROC-Wi-Fi-Bluetooth-STM32.1.7.1
2025-10-31 20:16:49,802 [WARN] PackLoader:240 - Cannot read IP mode file for STMicroelectronics.X-CUBE-AZRTOS-H7.3.4.0
2025-10-31 20:16:49,993 [WARN] PackLoader:240 - Cannot read IP mode file for STMicroelectronics.X-CUBE-DISPLAY.3.0.0
2025-10-31 20:16:50,006 [WARN] PackLoader:240 - Cannot read IP mode file for STMicroelectronics.X-CUBE-NFC10.1.0.0
2025-10-31 20:16:50,051 [WARN] PackLoader:240 - Cannot read IP mode file for STMicroelectronics.X-CUBE-ST60.1.1.0
2025-10-31 20:16:50,118 [WARN] PackLoader:240 - Cannot read IP mode file for emotas.I-CUBE-CANOPEN.1.3.0
2025-10-31 20:16:50,123 [WARN] PackLoader:240 - Cannot read IP mode file for STMicroelectronics.X-CUBE-GNSS1.7.1.0
2025-10-31 20:16:50,129 [WARN] PackLoader:240 - Cannot read IP mode file for STMicroelectronics.FP-SNS-STBOX1.2.1.0
2025-10-31 20:16:50,166 [WARN] PackLoader:240 - Cannot read IP mode file for STMicroelectronics.FP-SNS-SMARTAG2.1.2.0
2025-10-31 20:16:50,168 [WARN] PackLoader:240 - Cannot read IP mode file for STMicroelectronics.FP-SNS-FLIGHT1.5.1.0
2025-10-31 20:16:50,175 [INFO] LogOutputStream:77 - [STDOUT_REDIRECT] 1 : Invalid condition id : UX_CORESTACK_Condition cause : null
2025-10-31 20:16:50,175 [INFO] LogOutputStream:77 - [STDOUT_REDIRECT] 1 : Invalid condition id : UX_CORESTACK_Condition cause : null
2025-10-31 20:16:50,176 [INFO] LogOutputStream:77 - [STDOUT_REDIRECT] 1 : Invalid condition id : UX_CORESTACK_Condition cause : null
2025-10-31 20:16:50,176 [INFO] LogOutputStream:77 - [STDOUT_REDIRECT] 1 : Invalid condition id : UX_CORESTACK_Condition cause : null
2025-10-31 20:16:50,177 [INFO] LogOutputStream:77 - [STDOUT_REDIRECT] 1 : Invalid condition id : UX_CORESTACK_Condition cause : null
2025-10-31 20:16:50,178 [WARN] PackLoader:240 - Cannot read IP mode file for STMicroelectronics.X-CUBE-AZRTOS-WL.2.0.0
2025-10-31 20:16:50,181 [WARN] PackLoader:240 - Cannot read IP mode file for STMicroelectronics.FP-SNS-MOTENV1.5.0.0
2025-10-31 20:16:50,185 [WARN] PackLoader:240 - Cannot read IP mode file for WES.I-CUBE-Cesium.1.3.0
2025-10-31 20:16:50,190 [WARN] PackLoader:240 - Cannot read IP mode file for STMicroelectronics.X-CUBE-BLE2.3.3.0
2025-10-31 20:16:50,257 [WARN] PackLoader:240 - Cannot read IP mode file for STMicroelectronics.X-CUBE-NFC9.1.0.0
2025-10-31 20:16:50,273 [WARN] PackLoader:240 - Cannot read IP mode file for STMicroelectronics.X-CUBE-BLE1.7.1.0
2025-10-31 20:16:50,279 [WARN] PackLoader:240 - Cannot read IP mode file for STMicroelectronics.X-CUBE-EEPRMA1.5.2.0
2025-10-31 20:16:50,288 [WARN] PackLoader:240 - Cannot read IP mode file for STMicroelectronics.X-CUBE-ST67W61.1.1.0
2025-10-31 20:16:50,312 [WARN] PackLoader:240 - Cannot read IP mode file for STMicroelectronics.X-CUBE-AZRTOS-G0.1.1.0
2025-10-31 20:16:50,317 [WARN] PackLoader:240 - Cannot read IP mode file for STMicroelectronics.X-CUBE-SAFEA1.1.2.2
2025-10-31 20:16:50,323 [WARN] PackLoader:240 - Cannot read IP mode file for STMicroelectronics.X-CUBE-NFC4.3.0.0
2025-10-31 20:16:50,327 [WARN] PackLoader:240 - Cannot read IP mode file for EmbeddedOffice.I-CUBE-FS-RTOS.1.0.1
2025-10-31 20:16:50,330 [WARN] PackLoader:240 - Cannot read IP mode file for STMicroelectronics.X-CUBE-WB05N.2.0.0
2025-10-31 20:16:50,334 [WARN] PackLoader:240 - Cannot read IP mode file for STMicroelectronics.X-CUBE-TCPP.4.2.0
2025-10-31 20:16:50,401 [WARN] PackLoader:240 - Cannot read IP mode file for RealThread.X-CUBE-RT-Thread_Nano.4.1.1
2025-10-31 20:16:50,436 [WARN] PackLoader:240 - Cannot read IP mode file for STMicroelectronics.FP-ATR-SIGFOX1.3.2.0
2025-10-31 20:16:50,440 [WARN] PackLoader:240 - Cannot read IP mode file for ITTIA_DB.I-CUBE-ITTIADB.8.9.0
2025-10-31 20:16:50,443 [WARN] PackLoader:240 - Cannot read IP mode file for STMicroelectronics.X-CUBE-ST67W61.1.0.0
2025-10-31 20:16:50,447 [WARN] PackLoader:240 - Cannot read IP mode file for STMicroelectronics.X-CUBE-AI.10.2.0
2025-10-31 20:16:50,458 [WARN] PackLoader:240 - Cannot read IP mode file for SEGGER.I-CUBE-embOS.1.3.1
2025-10-31 20:16:50,980 [WARN] PackLoader:240 - Cannot read IP mode file for STMicroelectronics.X-CUBE-ALGOBUILD.1.4.0
2025-10-31 20:16:51,107 [WARN] PackLoader:240 - Cannot read IP mode file for STMicroelectronics.X-CUBE-MEMS1.11.3.0
2025-10-31 20:16:51,701 [WARN] PackLoader:240 - Cannot read IP mode file for STMicroelectronics.X-CUBE-PM33A1.1.0.0
2025-10-31 20:16:51,728 [WARN] PackLoader:240 - Cannot read IP mode file for STMicroelectronics.X-CUBE-AZRTOS-F4.1.1.0
2025-10-31 20:16:51,734 [WARN] PackLoader:240 - Cannot read IP mode file for STMicroelectronics.X-CUBE-ISPU.2.1.0
2025-10-31 20:16:51,776 [WARN] PackLoader:240 - Cannot read IP mode file for STMicroelectronics.X-CUBE-IPS.3.2.0
2025-10-31 20:16:51,781 [WARN] PackLoader:240 - Cannot read IP mode file for STMicroelectronics.X-CUBE-NFC12.1.0.0
2025-10-31 20:16:51,857 [WARN] PackLoader:240 - Cannot read IP mode file for STMicroelectronics.X-CUBE-AZRTOS-L5.2.0.0
2025-10-31 20:16:51,864 [WARN] PackLoader:240 - Cannot read IP mode file for STMicroelectronics.X-CUBE-NFC6.3.1.0
2025-10-31 20:16:51,897 [WARN] PackLoader:240 - Cannot read IP mode file for STMicroelectronics.X-CUBE-FREERTOS.1.3.1
2025-10-31 20:16:51,901 [WARN] PackLoader:240 - Cannot read IP mode file for STMicroelectronics.X-CUBE-TOUCHGFX.4.26.0
2025-10-31 20:16:51,998 [WARN] PackLoader:240 - Cannot read IP mode file for STMicroelectronics.FP-SNS-STAIOTCFT.1.0.0
2025-10-31 20:16:52,003 [WARN] PackLoader:240 - Cannot read IP mode file for STMicroelectronics.X-CUBE-DPower.1.3.0
2025-10-31 20:16:52,010 [WARN] ConditionMgr:438 - getConditionDescription Invalid condition id : LAN8742 Phy interface Condition cause : null
2025-10-31 20:16:52,010 [WARN] PackLoader:240 - Cannot read IP mode file for STMicroelectronics.X-CUBE-AZRTOS-L4.2.0.0
2025-10-31 20:16:52,011 [WARN] ConditionMgr:1044 - genDependencies : Invalid condition id : LAN8742 Phy interface Condition cause : null
2025-10-31 20:16:52,011 [WARN] ConditionMgr:1044 - genDependencies : Invalid condition id : LAN8742 Phy interface Condition cause : null
2025-10-31 20:16:52,011 [WARN] ConditionMgr:1044 - genDependencies : Invalid condition id : LAN8742 Phy interface Condition cause : null
2025-10-31 20:16:52,109 [WARN] PackLoader:240 - Cannot read IP mode file for STMicroelectronics.X-CUBE-SFXS2LP1.4.0.0
2025-10-31 20:16:52,115 [WARN] PackLoader:240 - Cannot read IP mode file for STMicroelectronics.X-CUBE-BLEMGR.4.1.0
2025-10-31 20:16:52,966 [WARN] ConditionMgr:438 - getConditionDescription Invalid condition id : UX DEVICE CLASS RTOS Condition cause : null
2025-10-31 20:16:52,967 [WARN] ConditionMgr:438 - getConditionDescription Invalid condition id : UX DEVICE CLASS RTOS Condition cause : null
2025-10-31 20:16:52,970 [WARN] PackLoader:240 - Cannot read IP mode file for STMicroelectronics.X-CUBE-AZRTOS-WB.2.0.0
2025-10-31 20:16:52,970 [WARN] ConditionMgr:1044 - genDependencies : Invalid condition id : UX DEVICE CLASS RTOS Condition cause : null
2025-10-31 20:16:52,970 [WARN] ConditionMgr:1044 - genDependencies : Invalid condition id : UX DEVICE CLASS RTOS Condition cause : null
2025-10-31 20:16:52,970 [WARN] ConditionMgr:1044 - genDependencies : Invalid condition id : UX DEVICE CLASS RTOS Condition cause : null
2025-10-31 20:16:52,971 [WARN] ConditionMgr:1044 - genDependencies : Invalid condition id : UX DEVICE CLASS RTOS Condition cause : null
2025-10-31 20:16:52,971 [WARN] ConditionMgr:1044 - genDependencies : Invalid condition id : UX DEVICE CLASS RTOS Condition cause : null
2025-10-31 20:16:52,998 [WARN] PackLoader:240 - Cannot read IP mode file for STMicroelectronics.X-CUBE-GNSS1.7.0.1
2025-10-31 20:16:53,001 [WARN] PackLoader:240 - Cannot read IP mode file for STMicroelectronics.X-CUBE-TOUCHGFX.4.25.0
2025-10-31 20:16:53,004 [WARN] ConditionMgr:438 - getConditionDescription Invalid condition id : Cortex-A Device cause : null
2025-10-31 20:16:53,023 [WARN] ConditionMgr:1044 - genDependencies : Invalid condition id : Cortex-A Device cause : null
2025-10-31 20:16:53,023 [WARN] ConditionMgr:1044 - genDependencies : Invalid condition id : Cortex-A Device cause : null
2025-10-31 20:16:53,023 [WARN] ConditionMgr:1044 - genDependencies : Invalid condition id : Cortex-A Device cause : null
2025-10-31 20:16:53,029 [WARN] PackLoader:240 - Cannot read IP mode file for STMicroelectronics.X-CUBE-SUBG2.5.0.0
2025-10-31 20:16:53,039 [WARN] PackLoader:240 - Cannot read IP mode file for STMicroelectronics.X-CUBE-AZRTOS-H7RS.1.1.0
2025-10-31 20:16:53,047 [WARN] PackLoader:240 - Cannot read IP mode file for STMicroelectronics.X-CUBE-AZRTOS-G4.2.0.0
2025-10-31 20:16:53,050 [WARN] PackLoader:240 - Cannot read IP mode file for STMicroelectronics.X-CUBE-NFC7.2.0.0
2025-10-31 20:16:53,149 [WARN] PackLoader:240 - Cannot read IP mode file for STMicroelectronics.X-CUBE-IPS.3.1.0
2025-10-31 20:16:53,154 [WARN] PackLoader:240 - Cannot read IP mode file for STMicroelectronics.X-CUBE-ALS.1.0.2
2025-10-31 20:16:53,159 [WARN] PackLoader:240 - Cannot read IP mode file for STMicroelectronics.X-CUBE-STSE01.1.0.0
2025-10-31 20:16:53,165 [WARN] PackLoader:240 - Cannot read IP mode file for STMicroelectronics.X-CUBE-TOF1.3.4.3
2025-10-31 20:16:53,263 [INFO] ThirdParty:978 - Integrity check success = true
2025-10-31 20:16:53,263 [INFO] IntegrityCheckThread:100 - exiting critical section [integrity check]
2025-10-31 20:16:53,263 [INFO] IntegrityCheckThread:103 - End integrity checks thread
2025-10-31 20:16:53,948 [INFO] WebApp:169 - Instantiating new browser for Auth
2025-10-31 20:16:55,847 [INFO] WebApp:463 - Apply proxy settings
2025-10-31 20:16:55,847 [INFO] WebApp:548 - Chromium requires no authentication
2025-10-31 20:16:55,857 [INFO] WebApp:491 - Direct internet connection detected
2025-10-31 20:16:55,888 [INFO] WebApp:900 - Register for checkConnection events
2025-10-31 20:16:55,888 [INFO] WebApp:463 - Apply proxy settings
2025-10-31 20:16:55,889 [INFO] WebApp:548 - Chromium requires no authentication
2025-10-31 20:16:55,889 [INFO] WebApp:491 - Direct internet connection detected
2025-10-31 20:16:56,066 [INFO] WebApp:225 - Starting web application
2025-10-31 20:16:56,067 [INFO] WebApp:593 - Web application path used C:\ST\STM32CubeIDE_1.19.0\STM32CubeIDE\plugins\com.st.stm32cube.common.mx_6.15.0.202507011659\db\plugins\mcufinder\reactClient1\index.html
2025-10-31 20:16:56,291 [INFO] UserAuth:487 - Internet connection configuration mode: 1
2025-10-31 20:16:56,817 [INFO] WebApp:191 - Connection restablished
2025-10-31 20:22:38,525 [INFO] McuFinderGlobals:63 - Set McuFinder mode to 2 (CubeIDE integrated)
2025-10-31 20:22:38,542 [INFO] MainUpdater:2872 - connection check result : 10
2025-10-31 20:22:38,543 [INFO] MainUpdater:2872 - connection check result : 10
2025-10-31 20:22:38,692 [INFO] MicroXplorer:468 - Change Database Path : 
2025-10-31 20:22:38,692 [INFO] MicroXplorer:498 - Change Database Version : DB.6.0.150
2025-10-31 20:22:38,704 [WARN] ThirdParty:871 - waiting for thirdparty lock release [close project]
2025-10-31 20:22:38,704 [INFO] ThirdParty:873 - entering critical section [close project]
2025-10-31 20:22:38,706 [INFO] ThirdParty:883 - exiting critical section [close project]
2025-10-31 20:22:38,711 [INFO] PinOutPanel:1589 - setPackage(No Configuration,No Configuration)
2025-10-31 20:22:38,718 [INFO] UtilMem:75 - Begin LoadConfig() Used Memory: 524975568 Bytes (837812224)
2025-10-31 20:22:38,720 [INFO] MicroXplorer:468 - Change Database Path : 
2025-10-31 20:22:38,721 [INFO] MicroXplorer:498 - Change Database Version : DB.6.0.150
2025-10-31 20:22:38,721 [INFO] OpenFileManager:355 - Change cursor
2025-10-31 20:22:39,170 [INFO] Mcu:2029 - Initializing MCU STM32F103C(8-B)Tx STM32F103C8Tx STM32F103C8T6
2025-10-31 20:22:48,234 [INFO] Context:786 - Trying to add GPIOservice into a context  which must be forbidden
2025-10-31 20:22:48,904 [INFO] ImportTextPane:234 - (OptionalMessage_ERROR) Pin19 (VP_RIF_VS_RIF1) cannot be retrieved for this MCU
2025-10-31 20:22:49,146 [INFO] RtosManager:558 - Registered RTOS mode: class=CMSIS, group=RTOS, mode=CMSIS_V1, owner=FREERTOS
2025-10-31 20:22:49,146 [INFO] RtosManager:558 - Registered RTOS mode: class=CMSIS, group=RTOS2, mode=CMSIS_V2, owner=FREERTOS
2025-10-31 20:22:49,146 [INFO] RtosManager:558 - Registered RTOS mode: class=RTOS, group=Core, mode=CMSIS_V1, owner=FREERTOS
2025-10-31 20:22:49,146 [INFO] RtosManager:558 - Registered RTOS mode: class=RTOS, group=Core, mode=CMSIS_V2, owner=FREERTOS
2025-10-31 20:22:49,146 [WARN] ModelIntegratedComponent:184 - Missing modes for component STMicroelectronics:FreeRTOS:0.0.1:STMicroelectronics:RTOS:FreeRTOS:Core:::10.2.0:
2025-10-31 20:22:49,209 [WARN] ModelIntegratedComponent:63 - No mode defined for component null
2025-10-31 20:22:49,209 [WARN] ModelIntegratedComponent:63 - No mode defined for component null
2025-10-31 20:22:49,209 [WARN] ModelIntegratedComponent:63 - No mode defined for component null
2025-10-31 20:22:49,209 [WARN] ModelIntegratedComponent:63 - No mode defined for component null
2025-10-31 20:22:49,209 [WARN] ModelIntegratedComponent:63 - No mode defined for component null
2025-10-31 20:22:49,209 [WARN] ModelIntegratedComponent:63 - No mode defined for component null
2025-10-31 20:22:49,209 [WARN] ModelIntegratedComponent:63 - No mode defined for component null
2025-10-31 20:22:49,210 [WARN] ModelIntegratedComponent:63 - No mode defined for component null
2025-10-31 20:22:49,210 [WARN] ModelIntegratedComponent:63 - No mode defined for component null
2025-10-31 20:22:49,210 [WARN] ModelIntegratedComponent:63 - No mode defined for component null
2025-10-31 20:22:49,210 [WARN] ModelIntegratedComponent:63 - No mode defined for component null
2025-10-31 20:22:49,210 [WARN] ModelIntegratedComponent:63 - No mode defined for component null
2025-10-31 20:22:49,210 [WARN] ModelIntegratedComponent:63 - No mode defined for component null
2025-10-31 20:22:49,210 [WARN] ModelIntegratedComponent:63 - No mode defined for component null
2025-10-31 20:22:49,210 [WARN] ModelIntegratedComponent:63 - No mode defined for component null
2025-10-31 20:22:49,211 [WARN] ModelIntegratedComponent:63 - No mode defined for component null
2025-10-31 20:22:49,211 [WARN] ModelIntegratedComponent:63 - No mode defined for component null
2025-10-31 20:22:49,211 [WARN] ModelIntegratedComponent:63 - No mode defined for component null
2025-10-31 20:22:49,211 [WARN] ModelIntegratedComponent:63 - No mode defined for component null
2025-10-31 20:22:49,211 [WARN] ModelIntegratedComponent:63 - No mode defined for component null
2025-10-31 20:22:49,211 [WARN] ModelIntegratedComponent:63 - No mode defined for component null
2025-10-31 20:22:49,212 [WARN] ModelIntegratedComponent:63 - No mode defined for component null
2025-10-31 20:22:49,212 [WARN] ModelIntegratedComponent:63 - No mode defined for component null
2025-10-31 20:22:49,212 [WARN] ModelIntegratedComponent:63 - No mode defined for component null
2025-10-31 20:22:49,212 [WARN] ModelIntegratedComponent:63 - No mode defined for component null
2025-10-31 20:22:49,212 [WARN] ModelIntegratedComponent:63 - No mode defined for component null
2025-10-31 20:22:49,212 [WARN] ModelIntegratedComponent:63 - No mode defined for component null
2025-10-31 20:22:49,212 [WARN] ModelIntegratedComponent:63 - No mode defined for component null
2025-10-31 20:22:49,212 [WARN] ModelIntegratedComponent:63 - No mode defined for component null
2025-10-31 20:22:49,212 [WARN] ModelIntegratedComponent:63 - No mode defined for component null
2025-10-31 20:22:49,212 [WARN] ModelIntegratedComponent:63 - No mode defined for component null
2025-10-31 20:22:49,212 [WARN] ModelIntegratedComponent:63 - No mode defined for component null
2025-10-31 20:22:49,212 [WARN] ModelIntegratedComponent:63 - No mode defined for component null
2025-10-31 20:22:49,213 [WARN] ModelIntegratedComponent:63 - No mode defined for component null
2025-10-31 20:22:49,214 [WARN] ModelIntegratedComponent:63 - No mode defined for component null
2025-10-31 20:22:49,215 [WARN] ModelPack:524 - Component already loaded: STMicroelectronics:HAL Drivers:0.0.0:STMicroelectronics:Device:STMicro_Driver:XSPI:HAL::0.0.1:HAL_XSPI
2025-10-31 20:22:49,479 [INFO] ThirdPartyModel:298 - Start build external matchings
2025-10-31 20:22:49,691 [INFO] ThirdPartyModel:316 - End build external matchings
2025-10-31 20:22:49,728 [INFO] ImportTextPane:234 - (OptionalMessage_ERROR) IP (RCC) : Invalid parameter (FamilyName)
2025-10-31 20:22:49,731 [INFO] ImportTextPane:234 - (OptionalMessage_ERROR) IP (RCC) : Parameter (USBFreq_Value) has invalid value (16000000)
2025-10-31 20:22:50,484 [INFO] ApiDb:581 - Connected to CubeFinder SQLite database (C:\Users\nico2\.stmcufinder\plugins\mcufinder\mcu\cube-finder-db.db)
2025-10-31 20:22:50,606 [INFO] ApiDb:668 - CubeFinder database Data Model version=2.1
2025-10-31 20:22:50,607 [INFO] ApiDb:669 - CubeFinder database Configuration version=3.0.39
2025-10-31 20:22:50,607 [INFO] ApiDb:670 - CubeFinder database generation date=2025-08-25 (1756130511)
2025-10-31 20:22:50,608 [INFO] ApiDb:671 - CubeFinder database FW Pack versions=[FP-ATR-ASTRA1_V2.0.0, FP-SNS-FLIGHT1_V5.1.0, FP-SNS-MOTENV1_V5.0.0, FP-SNS-MOTENVWB1_V1.4.0, FP-SNS-SMARTAG2_V1.2.0, FP-SNS-STBOX1_V2.1.0, STM32Cube_FW_C0_V1.4.0, STM32Cube_FW_F4_V1.28.3, STM32Cube_FW_F7_V1.17.4, STM32Cube_FW_G0_V1.6.2, STM32Cube_FW_G4_V1.6.1, STM32Cube_FW_H5_V1.5.0, STM32Cube_FW_H7RS_V1.2.0, STM32Cube_FW_H7_V1.12.1, STM32Cube_FW_L0_V1.12.2, STM32Cube_FW_L4_V1.18.1, STM32Cube_FW_L5_V1.5.1, STM32Cube_FW_N6_V1.2.0, STM32Cube_FW_U0_V1.3.0, STM32Cube_FW_U3_V1.2.0, STM32Cube_FW_U5_V1.8.0, STM32Cube_FW_WB0_V1.3.0, STM32Cube_FW_WBA_V1.7.0, STM32Cube_FW_WB_V1.23.0, STM32Cube_FW_WL3_V1.2.0, STM32Cube_FW_WL_V1.3.1, X-CUBE-ALGOBUILD_V1.4.0, X-CUBE-ALS_V1.0.2, X-CUBE-AZRTOS-F4_V1.1.0, X-CUBE-AZRTOS-F7_V1.1.0, X-CUBE-AZRTOS-G0_V1.1.0, X-CUBE-AZRTOS-G4_V2.0.0, X-CUBE-AZRTOS-H7RS_V1.1.0, X-CUBE-AZRTOS-H7_V3.4.0, X-CUBE-AZRTOS-L4_V2.0.0, X-CUBE-AZRTOS-L5_V2.0.0, X-CUBE-AZRTOS-WB_V2.0.0, X-CUBE-AZRTOS-WL_V2.0.0, X-CUBE-BLE1_V7.1.0, X-CUBE-BLE2_V3.3.0, X-CUBE-BLEMGR_V4.1.0, X-CUBE-EEPRMA1_V5.2.0, X-CUBE-FREERTOS_V1.3.1, X-CUBE-GNSS1_V6.0.0, X-CUBE-MEMS1_V11.3.0, X-CUBE-NFC4_V3.0.0, X-CUBE-NFC7_V2.0.0, X-CUBE-SFXS2LP1_V4.0.0, X-CUBE-ST67W61_V1.0.0, X-CUBE-SUBG2_V5.0.0, X-CUBE-TOF1_V3.4.3]
2025-10-31 20:22:50,790 [INFO] DbBoardsSqlite:226 - include board P-NUCLEO-WB55-NUCLEO as a kit item of type 'Nucleo-64'
2025-10-31 20:22:50,790 [INFO] DbBoardsSqlite:226 - include board P-NUCLEO-WB55-USBDONGLE as a kit item of type 'Nucleo USB Dongle'
2025-10-31 20:22:50,792 [INFO] DbBoardsSqlite:226 - include board STEVAL-IDP005V1 as a kit item of type 'Evaluation Board'
2025-10-31 20:22:50,793 [INFO] DbBoardsSqlite:226 - include board STEVAL-IDP005V2 as a kit item of type 'Evaluation Board'
2025-10-31 20:22:51,469 [INFO] ApiDb:240 - Found 880 in-development CPN: [B-G473E-ZEST1S, B-WB1M-WPAN1, B-WBA5M-WPAN, B-WL5M-SUBG1, NUCLEO-C031C6, NUCLEO-C051C8, NUCLEO-C071RB, NUCLEO-C092RC, NUCLEO-H503RB, NUCLEO-H533RE, NUCLEO-H563ZI, NUCLEO-H7S3L8, NUCLEO-N657X0-Q, NUCLEO-U031R8, NUCLEO-U083RC, NUCLEO-U385RG-Q, NUCLEO-U545RE-Q, NUCLEO-U5A5ZJ-Q, NUCLEO-WB05KZ, NUCLEO-WB07CC, NUCLEO-WB09KE, NUCLEO-WBA52CG, NUCLEO-WBA55CG, NUCLEO-WL33CC1, NUCLEO-WL33CC2, STEVAL-PROTEUS1, STEVAL-SMARTAG2, STEVAL-STWINBX1, STM320518-EVAL, STM32C0116-DK, STM32C011D6Y3TR, STM32C011D6Y6TR, STM32C011F4P3, STM32C011F4P6, STM32C011F4U3, STM32C011F4U6TR, STM32C011F6P3, STM32C011F6P6, STM32C011F6U3, STM32C011F6U6TR, STM32C011J4M3, STM32C011J4M6, STM32C011J6M3, STM32C011J6M6, STM32C0316-DK, STM32C031C4T3, STM32C031C4T6, STM32C031C4U3, STM32C031C4U6, STM32C031C6T3, STM32C031C6T6, STM32C031C6U3, STM32C031C6U6, STM32C031F4P3, STM32C031F4P6, STM32C031F6P3, STM32C031F6P6, STM32C031G4U3, STM32C031G4U6, STM32C031G6U3, STM32C031G6U6, STM32C031K4T3, STM32C031K4T6, STM32C031K4U3, STM32C031K4U6, STM32C031K6T3, STM32C031K6T6, STM32C031K6U3, STM32C031K6U6, STM32C051C6T6, STM32C051C6U6, STM32C051C8T6, STM32C051C8U6, STM32C051D8Y6TR, STM32C051F6P6, STM32C051F8P6, STM32C051G6U6, STM32C051G8U6, STM32C051K6T6, STM32C051K6U6, STM32C051K8T6, STM32C071C8T6, STM32C071C8T6N, STM32C071C8U6, STM32C071C8U6N, STM32C071CBT6, STM32C071CBT6N, STM32C071CBU6, STM32C071CBU6N, STM32C071F8P6, STM32C071F8P6N, STM32C071FBP6, STM32C071FBP6N, STM32C071FBY6TR, STM32C071G8U6, STM32C071G8U6N, STM32C071GBU6, STM32C071GBU6N, STM32C071K8T6, STM32C071K8T6N, STM32C071K8U6, STM32C071K8U6N, STM32C071KBT6, STM32C071KBT6N, STM32C071KBU6, STM32C071KBU6N, STM32C071R8T6, STM32C071R8T6N, STM32C071RBI6N, STM32C071RBT6, STM32C071RBT6N, STM32C091CBT6, STM32C091CBU6, STM32C091CCT6, STM32C091CCU6, STM32C091ECY6TR, STM32C091FBP6, STM32C091FCP6, STM32C091GBU6, STM32C091GCU6, STM32C091KBT6, STM32C091KBU6, STM32C091KCT6, STM32C091KCU6, STM32C091RBT6, STM32C091RCI6, STM32C091RCT6, STM32C092CBT6, STM32C092CBU6, STM32C092CCT6, STM32C092CCU6, STM32C092ECY6TR, STM32C092FBP6, STM32C092FCP6, STM32C092GBU6, STM32C092GCU6, STM32C092KBT6, STM32C092KBU6, STM32C092KCT6, STM32C092KCU6, STM32C092RBT6, STM32C092RCI6, STM32C092RCT6, STM32G071K8TXN, STM32G071K8UXN, STM32G081GBU6N, STM32G081KBT6N, STM32G081KBUXN, STM32G0B1CCT6N, STM32G0B1KCT6, STM32G0B1NEY6TR, STM32G0B1RCT6N, STM32G0C1CCT6, STM32G0C1CCT6N, STM32G0C1CCU6N, STM32G0C1CET6N, STM32G0C1CEU6N, STM32G0C1KCT6, STM32G0C1NEY6TR, STM32G0C1RCI6N, STM32G0C1RCT6N, STM32G0C1REI6N, STM32G0C1RET6N, STM32G0C1VCI6, STM32G0C1VEI6, STM32G411C6T3, STM32G411C6T6, STM32G411C6U3, STM32G411C6U6, STM32G411C8T3, STM32G411C8T6, STM32G411C8U3, STM32G411C8U6, STM32G411CBT3, STM32G411CBT6, STM32G411CBU3, STM32G411CBU6, STM32G411K6T3, STM32G411K6T6, STM32G411K6U3, STM32G411K6U6, STM32G411K8T3, STM32G411K8T6, STM32G411K8U3, STM32G411K8U6, STM32G411KBT3, STM32G411KBT6, STM32G411KBU3, STM32G411KBU6, STM32G411M6T3, STM32G411M6T6, STM32G411M8T3, STM32G411M8T6, STM32G411MBT3, STM32G411MBT6, STM32G411R6T3, STM32G411R6T6, STM32G411R8T3, STM32G411R8T6, STM32G411RBT3, STM32G411RBT6, STM32G414CBT3, STM32G414CBT6, STM32G414CBU3, STM32G414CBU6, STM32G414CCT3, STM32G414CCT6, STM32G414CCU3, STM32G414CCU6, STM32G414MBT3, STM32G414MBT6, STM32G414MCT3, STM32G414MCT6, STM32G414RBT3, STM32G414RBT6, STM32G414RCT3, STM32G414RCT6, STM32G414VBT3, STM32G414VBT6, STM32G414VCT3, STM32G414VCT6, STM32G431CBT3Z, STM32G431RBT3Z, STM32G471CCT6, STM32G471CCU6, STM32G471CET3, STM32G471CET6, STM32G471CEU3, STM32G471CEU6, STM32G471MCT6, STM32G471MET3, STM32G471MET6, STM32G471MEY6TR, STM32G471QCT6, STM32G471QET3, STM32G471RCT6, STM32G471RET3, STM32G471RET6, STM32G471VCH6, STM32G471VCI6, STM32G471VCT6, STM32G471VEH3, STM32G471VEH6, STM32G471VEI3, STM32G471VEI6, STM32G471VET3, STM32G471VET6, STM32G473QET3Z, STM32G473RET3Z, STM32G474CCT6, STM32G491RET3Z, STM32H503CBT6, STM32H503CBU6, STM32H503EBY6TR, STM32H503KBU6, STM32H503RBT6, STM32H523CCT6, STM32H523CCU6, STM32H523CET6, STM32H523CEU6, STM32H523HEY6TR, STM32H523RCT6, STM32H523RET6, STM32H523VCI6, STM32H523VCT6, STM32H523VEI6, STM32H523VET6, STM32H523ZCJ6, STM32H523ZCT6, STM32H523ZEJ6, STM32H523ZET6, STM32H533CET6, STM32H533CEU6, STM32H533HEY6TR, STM32H533RET6, STM32H533VEI6, STM32H533VET6, STM32H533ZEJ6, STM32H533ZET6, STM32H562AGI6, STM32H562AII6, STM32H562IGK6, STM32H562IGT6, STM32H562IIK6, STM32H562IIT6, STM32H562RGT6, STM32H562RGV6, STM32H562RIT6, STM32H562RIV6, STM32H562VGT6, STM32H562VIT6, STM32H562ZGT6, STM32H562ZIT6, STM32H563AGI6, STM32H563AII3Q, STM32H563AII6, STM32H563IGK6, STM32H563IGT6, STM32H563IIK3Q, STM32H563IIK6, STM32H563IIT3Q, STM32H563IIT6, STM32H563MIY3QTR, STM32H563RGT6, STM32H563RGV6, STM32H563RIT6, STM32H563RIV6, STM32H563VGT6, STM32H563VIT3Q, STM32H563VIT6, STM32H563ZGT6, STM32H563ZIT3Q, STM32H563ZIT6, STM32H573AII3Q, STM32H573AII6, STM32H573I-DK, STM32H573IIK3Q, STM32H573IIK6, STM32H573IIT3Q, STM32H573IIT6, STM32H573MIY3QTR, STM32H573RIT6, STM32H573RIV6, STM32H573VIT3Q, STM32H573VIT6, STM32H573ZIT3Q, STM32H573ZIT6, STM32H7R3A8I6, STM32H7R3I8K6, STM32H7R3I8T6, STM32H7R3L8H6, STM32H7R3L8H6H, STM32H7R3R8V6, STM32H7R3V8H6, STM32H7R3V8T6, STM32H7R3V8Y6TR, STM32H7R3Z8J6, STM32H7R3Z8T6, STM32H7R7A8I6, STM32H7R7I8K6, STM32H7R7I8T6, STM32H7R7L8H6, STM32H7R7L8H6H, STM32H7R7Z8J6, STM32H7S3A8I6, STM32H7S3I8K6, STM32H7S3I8T6, STM32H7S3L8H6, STM32H7S3L8H6H, STM32H7S3R8V6, STM32H7S3V8H6, STM32H7S3V8T6, STM32H7S3V8Y6TR, STM32H7S3Z8J6, STM32H7S3Z8T6, STM32H7S78-DK, STM32H7S7A8I6, STM32H7S7I8K6, STM32H7S7I8T6, STM32H7S7L8H6, STM32H7S7L8H6H, STM32H7S7Z8J6, STM32L4R5QGI6STR, STM32MP131AAE3, STM32MP131AAF3, STM32MP131AAG3, STM32MP131CAE3, STM32MP131CAF3, STM32MP131CAG3, STM32MP131DAE7, STM32MP131DAF7, STM32MP131DAG7, STM32MP131FAE7, STM32MP131FAF7, STM32MP131FAG7, STM32MP133AAE3, STM32MP133AAF3, STM32MP133AAG3, STM32MP133CAE3, STM32MP133CAF3, STM32MP133CAG3, STM32MP133DAE7, STM32MP133DAF7, STM32MP133DAG7, STM32MP133FAE7, STM32MP133FAF7, STM32MP133FAG7, STM32MP135AAE3, STM32MP135AAF3, STM32MP135AAG3, STM32MP135CAE3, STM32MP135CAF3, STM32MP135CAG3, STM32MP135DAE7, STM32MP135DAF7, STM32MP135DAG7, STM32MP135F-DK, STM32MP135FAE7, STM32MP135FAF7, STM32MP135FAF7T, STM32MP135FAF7U, STM32MP135FAG7, STM32MP211AAL3, STM32MP211AAM3, STM32MP211AAN3, STM32MP211AAO3, STM32MP211CAL3, STM32MP211CAM3, STM32MP211CAN3, STM32MP211CAO3, STM32MP211DAL3, STM32MP211DAM3, STM32MP211DAN3, STM32MP211DAO3, STM32MP211FAL3, STM32MP211FAM3, STM32MP211FAN3, STM32MP211FAO3, STM32MP213AAL3, STM32MP213AAM3, STM32MP213AAN3, STM32MP213AAO3, STM32MP213CAL3, STM32MP213CAM3, STM32MP213CAN3, STM32MP213CAO3, STM32MP213DAL3, STM32MP213DAM3, STM32MP213DAN3, STM32MP213DAO3, STM32MP213FAL3, STM32MP213FAM3, STM32MP213FAN3, STM32MP213FAO3, STM32MP215AAL3, STM32MP215AAM3, STM32MP215AAN3, STM32MP215AAO3, STM32MP215CAL3, STM32MP215CAM3, STM32MP215CAN3, STM32MP215CAO3, STM32MP215DAL3, STM32MP215DAM3, STM32MP215DAN3, STM32MP215DAO3, STM32MP215F-DK, STM32MP215FAL3, STM32MP215FAM3, STM32MP215FAN3, STM32MP215FAO3, STM32MP231AAJ3, STM32MP231AAK3, STM32MP231AAL3, STM32MP231CAJ3, STM32MP231CAK3, STM32MP231CAL3, STM32MP231DAJ3, STM32MP231DAK3, STM32MP231DAL3, STM32MP231FAJ3, STM32MP231FAK3, STM32MP231FAL3, STM32MP233AAJ3, STM32MP233AAK3, STM32MP233AAL3, STM32MP233CAJ3, STM32MP233CAK3, STM32MP233CAL3, STM32MP233DAJ3, STM32MP233DAK3, STM32MP233DAL3, STM32MP233FAJ3, STM32MP233FAK3, STM32MP233FAL3, STM32MP235AAJ3, STM32MP235AAK3, STM32MP235AAL3, STM32MP235CAJ3, STM32MP235CAK3, STM32MP235CAL3, STM32MP235DAJ3, STM32MP235DAK3, STM32MP235DAL3, STM32MP235FAJ3, STM32MP235FAK3, STM32MP235FAL3, STM32MP251AAI3, STM32MP251AAK3, STM32MP251AAL3, STM32MP251CAI3, STM32MP251CAK3, STM32MP251CAL3, STM32MP251DAI3, STM32MP251DAK3, STM32MP251DAL3, STM32MP251FAI3, STM32MP251FAK3, STM32MP251FAL3, STM32MP253AAI3, STM32MP253AAK3, STM32MP253AAL3, STM32MP253CAI3, STM32MP253CAK3, STM32MP253CAL3, STM32MP253DAI3, STM32MP253DAK3, STM32MP253DAL3, STM32MP253FAI3, STM32MP253FAK3, STM32MP253FAL3, STM32MP255AAI3, STM32MP255AAK3, STM32MP255AAL3, STM32MP255CAI3, STM32MP255CAK3, STM32MP255CAL3, STM32MP255DAI3, STM32MP255DAK3, STM32MP255DAL3, STM32MP255FAI3, STM32MP255FAK3, STM32MP255FAL3, STM32MP257AAI3, STM32MP257AAK3, STM32MP257AAL3, STM32MP257CAI3, STM32MP257CAK3, STM32MP257CAL3, STM32MP257DAI3, STM32MP257DAK3, STM32MP257DAL3, STM32MP257F-DK, STM32MP257F-EV1, STM32MP257FAI3, STM32MP257FAK3, STM32MP257FAL3, STM32N645A0H3Q, STM32N645B0H3Q, STM32N645I0H3Q, STM32N645L0H3Q, STM32N645X0H3Q, STM32N645Z0H3Q, STM32N647A0H3Q, STM32N647B0H3Q, STM32N647I0H3Q, STM32N647L0H3Q, STM32N647X0H3Q, STM32N647Z0H3Q, STM32N655A0H3Q, STM32N655B0H3Q, STM32N655I0H3Q, STM32N655L0H3Q, STM32N655X0H3Q, STM32N655Z0H3Q, STM32N6570-DK, STM32N657A0H3Q, STM32N657B0H3Q, STM32N657I0H3Q, STM32N657L0H3Q, STM32N657X0H3Q, STM32N657Z0H3Q, STM32U031C6T6, STM32U031C6U6, STM32U031C8T6, STM32U031C8U6, STM32U031F4P6, STM32U031F6P6, STM32U031F8P6, STM32U031G6Y6TR, STM32U031G8Y6TR, STM32U031K4U6, STM32U031K6U6, STM32U031K8U6, STM32U031R6I6, STM32U031R6T6, STM32U031R8I6, STM32U031R8T6, STM32U073C8T6, STM32U073C8U6, STM32U073CBT6, STM32U073CBU6, STM32U073CCT6, STM32U073CCU6, STM32U073H8Y6TR, STM32U073HBY6TR, STM32U073HCY6TR, STM32U073K8U6, STM32U073KBU6, STM32U073KCU6, STM32U073M8I6, STM32U073M8T6, STM32U073MBI6, STM32U073MBT6, STM32U073MCI6, STM32U073MCT6, STM32U073R8I6, STM32U073R8T6, STM32U073RBI6, STM32U073RBT6, STM32U073RCI6, STM32U073RCT6, STM32U083C-DK, STM32U083CCT6, STM32U083CCU6, STM32U083HCY6TR, STM32U083KCU6, STM32U083MCI6, STM32U083MCT6, STM32U083RCI6, STM32U083RCT6, STM32U375CET6, STM32U375CET6Q, STM32U375CEU6, STM32U375CEU6Q, STM32U375CEY6QTR, STM32U375CGT6, STM32U375CGT6Q, STM32U375CGU6, STM32U375CGU6Q, STM32U375CGY6QTR, STM32U375KEU6, STM32U375KGU6, STM32U375REI6, STM32U375REI6Q, STM32U375RET6, STM32U375RET6Q, STM32U375REY6GTR, STM32U375REY6QTR, STM32U375RGI6, STM32U375RGI6Q, STM32U375RGT6, STM32U375RGT6Q, STM32U375RGY6GTR, STM32U375RGY6QTR, STM32U375VEI6, STM32U375VEI6Q, STM32U375VET6, STM32U375VET6Q, STM32U375VGI6, STM32U375VGI6Q, STM32U375VGT6, STM32U375VGT6Q, STM32U385CGT6, STM32U385CGT6Q, STM32U385CGU6, STM32U385CGU6Q, STM32U385CGY6QTR, STM32U385KGU6, STM32U385RGI6, STM32U385RGI6Q, STM32U385RGT6, STM32U385RGT6Q, STM32U385RGY6GTR, STM32U385RGY6QTR, STM32U385VGI6, STM32U385VGI6Q, STM32U385VGT6, STM32U385VGT6Q, STM32U535CBT6, STM32U535CBT6Q, STM32U535CBU6, STM32U535CBU6Q, STM32U535CCT6, STM32U535CCT6Q, STM32U535CCU6, STM32U535CCU6Q, STM32U535CET6, STM32U535CET6Q, STM32U535CEU6, STM32U535CEU6Q, STM32U535JEY6QTR, STM32U535NCY6QTR, STM32U535NEY6QTR, STM32U535RBI6, STM32U535RBI6Q, STM32U535RBT6, STM32U535RBT6Q, STM32U535RCI6, STM32U535RCI6Q, STM32U535RCT6, STM32U535RCT6Q, STM32U535REI6, STM32U535REI6Q, STM32U535RET6, STM32U535RET6Q, STM32U535VCI6, STM32U535VCI6Q, STM32U535VCT6, STM32U535VCT6Q, STM32U535VEI6, STM32U535VEI6Q, STM32U535VET6, STM32U535VET6Q, STM32U545CET6, STM32U545CET6Q, STM32U545CEU6, STM32U545CEU6Q, STM32U545JEY6QTR, STM32U545NEY6QTR, STM32U545REI6, STM32U545REI6Q, STM32U545RET6, STM32U545RET6Q, STM32U545VEI6, STM32U545VEI6Q, STM32U545VET6, STM32U545VET6Q, STM32U595AIH6, STM32U595AIH6Q, STM32U595AJH6, STM32U595AJH6Q, STM32U595QII6, STM32U595QII6Q, STM32U595QJI6, STM32U595QJI6Q, STM32U595RIT6, STM32U595RIT6Q, STM32U595RJT6, STM32U595RJT6Q, STM32U595VIT6, STM32U595VIT6Q, STM32U595VJT6, STM32U595VJT6Q, STM32U595ZIT6, STM32U595ZIT6Q, STM32U595ZIY6QTR, STM32U595ZJT6, STM32U595ZJT6Q, STM32U595ZJY6QTR, STM32U599BJY6QTR, STM32U599NIH6Q, STM32U599NJH6Q, STM32U599VIT6Q, STM32U599VJT6, STM32U599VJT6Q, STM32U599ZIT6Q, STM32U599ZIY6QTR, STM32U599ZJT6Q, STM32U599ZJY6QTR, STM32U5A5AJH6, STM32U5A5AJH6Q, STM32U5A5QII3Q , STM32U5A5QJI6, STM32U5A5QJI6Q, STM32U5A5RJT6, STM32U5A5RJT6Q, STM32U5A5VJT6, STM32U5A5VJT6Q, STM32U5A5ZJT6, STM32U5A5ZJT6Q, STM32U5A5ZJY6QTR, STM32U5A9BJY6QTR, STM32U5A9J-DK, STM32U5A9NJH6Q, STM32U5A9VJT6Q, STM32U5A9ZJT6Q, STM32U5A9ZJY6QTR, STM32U5F7VIT6, STM32U5F7VIT6Q, STM32U5F7VJT6, STM32U5F7VJT6Q, STM32U5F9BJY6QTR, STM32U5F9NJH6Q, STM32U5F9VIT6Q, STM32U5F9VJT6Q, STM32U5F9ZIJ6QTR, STM32U5F9ZIT6Q, STM32U5F9ZJJ6QTR, STM32U5F9ZJT6Q, STM32U5G7VJT6, STM32U5G7VJT6Q, STM32U5G9BJY6QTR, STM32U5G9J-DK1, STM32U5G9J-DK2, STM32U5G9NJH6Q, STM32U5G9VJT6Q, STM32U5G9ZJJ6QTR, STM32U5G9ZJT6Q, STM32WB05KZV6TR, STM32WB05KZV7TR, STM32WB05TZF6TR, STM32WB05TZF7TR, STM32WB06CCF6TR, STM32WB06CCF7TR, STM32WB06CCV6TR, STM32WB06CCV7TR, STM32WB06KCV6TR, STM32WB06KCV7TR, STM32WB07CCF6TR, STM32WB07CCF7TR, STM32WB07CCV6TR, STM32WB07CCV7TR, STM32WB07KCV6TR, STM32WB07KCV7TR, STM32WB09KEV6TR, STM32WB09KEV7TR, STM32WB09TEF6TR, STM32WB09TEF7TR, STM32WB1MMCH6, STM32WBA50KGU6, STM32WBA50KGU6TR, STM32WBA52CEU6, STM32WBA52CEU6TR, STM32WBA52CEU7, STM32WBA52CEU7TR, STM32WBA52CGU6, STM32WBA52CGU6TR, STM32WBA52CGU6U, STM32WBA52CGU7, STM32WBA52CGU7TR, STM32WBA52KEU6, STM32WBA52KEU6TR, STM32WBA52KGU6, STM32WBA52KGU6TR, STM32WBA54CEU6, STM32WBA54CEU6TR, STM32WBA54CEU7, STM32WBA54CEU7TR, STM32WBA54CGU6, STM32WBA54CGU6TR, STM32WBA54CGU7, STM32WBA54CGU7TR, STM32WBA54KEU6, STM32WBA54KEU6TR, STM32WBA54KEU7, STM32WBA54KEU7TR, STM32WBA54KGU6, STM32WBA54KGU6TR, STM32WBA54KGU7, STM32WBA54KGU7TR, STM32WBA55CEU6, STM32WBA55CEU6TR, STM32WBA55CEU7, STM32WBA55CEU7TR, STM32WBA55CGU6, STM32WBA55CGU6TR, STM32WBA55CGU6U, STM32WBA55CGU7, STM32WBA55CGU7TR, STM32WBA55G-DK1, STM32WBA55HEF6, STM32WBA55HEF7, STM32WBA55HGF6, STM32WBA55HGF7, STM32WBA55UEI6, STM32WBA55UEI6TR, STM32WBA55UEI7, STM32WBA55UEI7TR, STM32WBA55UGI6, STM32WBA55UGI6TR, STM32WBA55UGI7, STM32WBA55UGI7TR, STM32WBA5MMGH6TR, STM32WBA62MGF6, STM32WBA62MIF6, STM32WBA65MGF7, STM32WBA65MIF6, STM32WBA65MIF7, STM32WL30K8V6, STM32WL30KBV6, STM32WL31C8V6, STM32WL31CBV6, STM32WL31K8V6, STM32WL31KBV6, STM32WL33C8V6, STM32WL33C8V6X, STM32WL33CBV6, STM32WL33CBV6X, STM32WL33CCV6, STM32WL33CCV6A, STM32WL33CCV6X, STM32WL33K8V7, STM32WL33K8V7X, STM32WL33KBV7 , STM32WL33KBV7X, STM32WL33KCV7, STM32WL33KCV7X, STM32WL5MOCH6, STM32WL5MOCH6TR]
2025-10-31 20:22:51,687 [INFO] BoardInfo:889 - No configuration file found for board P-NUCLEO-WB55
2025-10-31 20:22:51,688 [INFO] DbBoards:161 - Kit is not supported: P-NUCLEO-WB55
2025-10-31 20:22:51,694 [INFO] BoardInfo:889 - No configuration file found for board STEVAL-BFA001V1B
2025-10-31 20:22:51,695 [INFO] DbBoards:161 - Kit is not supported: STEVAL-BFA001V1B
2025-10-31 20:22:51,696 [INFO] BoardInfo:889 - No configuration file found for board STEVAL-BFA001V2B
2025-10-31 20:22:51,697 [INFO] DbBoards:161 - Kit is not supported: STEVAL-BFA001V2B
2025-10-31 20:22:53,233 [INFO] DbBoards:168 - Found 212 boards, 209 are supported
2025-10-31 20:22:53,234 [INFO] DbBoards:169 - Found 212 boards, 43 of them is supported for  Bsp
2025-10-31 20:22:53,237 [INFO] ApiDb:668 - CubeFinder database Data Model version=2.1
2025-10-31 20:22:53,237 [INFO] ApiDb:669 - CubeFinder database Configuration version=3.0.39
2025-10-31 20:22:53,238 [INFO] ApiDb:670 - CubeFinder database generation date=2025-08-25 (1756130511)
2025-10-31 20:22:53,239 [INFO] ApiDb:671 - CubeFinder database FW Pack versions=[FP-ATR-ASTRA1_V2.0.0, FP-SNS-FLIGHT1_V5.1.0, FP-SNS-MOTENV1_V5.0.0, FP-SNS-MOTENVWB1_V1.4.0, FP-SNS-SMARTAG2_V1.2.0, FP-SNS-STBOX1_V2.1.0, STM32Cube_FW_C0_V1.4.0, STM32Cube_FW_F4_V1.28.3, STM32Cube_FW_F7_V1.17.4, STM32Cube_FW_G0_V1.6.2, STM32Cube_FW_G4_V1.6.1, STM32Cube_FW_H5_V1.5.0, STM32Cube_FW_H7RS_V1.2.0, STM32Cube_FW_H7_V1.12.1, STM32Cube_FW_L0_V1.12.2, STM32Cube_FW_L4_V1.18.1, STM32Cube_FW_L5_V1.5.1, STM32Cube_FW_N6_V1.2.0, STM32Cube_FW_U0_V1.3.0, STM32Cube_FW_U3_V1.2.0, STM32Cube_FW_U5_V1.8.0, STM32Cube_FW_WB0_V1.3.0, STM32Cube_FW_WBA_V1.7.0, STM32Cube_FW_WB_V1.23.0, STM32Cube_FW_WL3_V1.2.0, STM32Cube_FW_WL_V1.3.1, X-CUBE-ALGOBUILD_V1.4.0, X-CUBE-ALS_V1.0.2, X-CUBE-AZRTOS-F4_V1.1.0, X-CUBE-AZRTOS-F7_V1.1.0, X-CUBE-AZRTOS-G0_V1.1.0, X-CUBE-AZRTOS-G4_V2.0.0, X-CUBE-AZRTOS-H7RS_V1.1.0, X-CUBE-AZRTOS-H7_V3.4.0, X-CUBE-AZRTOS-L4_V2.0.0, X-CUBE-AZRTOS-L5_V2.0.0, X-CUBE-AZRTOS-WB_V2.0.0, X-CUBE-AZRTOS-WL_V2.0.0, X-CUBE-BLE1_V7.1.0, X-CUBE-BLE2_V3.3.0, X-CUBE-BLEMGR_V4.1.0, X-CUBE-EEPRMA1_V5.2.0, X-CUBE-FREERTOS_V1.3.1, X-CUBE-GNSS1_V6.0.0, X-CUBE-MEMS1_V11.3.0, X-CUBE-NFC4_V3.0.0, X-CUBE-NFC7_V2.0.0, X-CUBE-SFXS2LP1_V4.0.0, X-CUBE-ST67W61_V1.0.0, X-CUBE-SUBG2_V5.0.0, X-CUBE-TOF1_V3.4.3]
2025-10-31 20:22:55,399 [INFO] ApiDb:240 - Found 880 in-development CPN: [B-G473E-ZEST1S, B-WB1M-WPAN1, B-WBA5M-WPAN, B-WL5M-SUBG1, NUCLEO-C031C6, NUCLEO-C051C8, NUCLEO-C071RB, NUCLEO-C092RC, NUCLEO-H503RB, NUCLEO-H533RE, NUCLEO-H563ZI, NUCLEO-H7S3L8, NUCLEO-N657X0-Q, NUCLEO-U031R8, NUCLEO-U083RC, NUCLEO-U385RG-Q, NUCLEO-U545RE-Q, NUCLEO-U5A5ZJ-Q, NUCLEO-WB05KZ, NUCLEO-WB07CC, NUCLEO-WB09KE, NUCLEO-WBA52CG, NUCLEO-WBA55CG, NUCLEO-WL33CC1, NUCLEO-WL33CC2, STEVAL-PROTEUS1, STEVAL-SMARTAG2, STEVAL-STWINBX1, STM320518-EVAL, STM32C0116-DK, STM32C011D6Y3TR, STM32C011D6Y6TR, STM32C011F4P3, STM32C011F4P6, STM32C011F4U3, STM32C011F4U6TR, STM32C011F6P3, STM32C011F6P6, STM32C011F6U3, STM32C011F6U6TR, STM32C011J4M3, STM32C011J4M6, STM32C011J6M3, STM32C011J6M6, STM32C0316-DK, STM32C031C4T3, STM32C031C4T6, STM32C031C4U3, STM32C031C4U6, STM32C031C6T3, STM32C031C6T6, STM32C031C6U3, STM32C031C6U6, STM32C031F4P3, STM32C031F4P6, STM32C031F6P3, STM32C031F6P6, STM32C031G4U3, STM32C031G4U6, STM32C031G6U3, STM32C031G6U6, STM32C031K4T3, STM32C031K4T6, STM32C031K4U3, STM32C031K4U6, STM32C031K6T3, STM32C031K6T6, STM32C031K6U3, STM32C031K6U6, STM32C051C6T6, STM32C051C6U6, STM32C051C8T6, STM32C051C8U6, STM32C051D8Y6TR, STM32C051F6P6, STM32C051F8P6, STM32C051G6U6, STM32C051G8U6, STM32C051K6T6, STM32C051K6U6, STM32C051K8T6, STM32C071C8T6, STM32C071C8T6N, STM32C071C8U6, STM32C071C8U6N, STM32C071CBT6, STM32C071CBT6N, STM32C071CBU6, STM32C071CBU6N, STM32C071F8P6, STM32C071F8P6N, STM32C071FBP6, STM32C071FBP6N, STM32C071FBY6TR, STM32C071G8U6, STM32C071G8U6N, STM32C071GBU6, STM32C071GBU6N, STM32C071K8T6, STM32C071K8T6N, STM32C071K8U6, STM32C071K8U6N, STM32C071KBT6, STM32C071KBT6N, STM32C071KBU6, STM32C071KBU6N, STM32C071R8T6, STM32C071R8T6N, STM32C071RBI6N, STM32C071RBT6, STM32C071RBT6N, STM32C091CBT6, STM32C091CBU6, STM32C091CCT6, STM32C091CCU6, STM32C091ECY6TR, STM32C091FBP6, STM32C091FCP6, STM32C091GBU6, STM32C091GCU6, STM32C091KBT6, STM32C091KBU6, STM32C091KCT6, STM32C091KCU6, STM32C091RBT6, STM32C091RCI6, STM32C091RCT6, STM32C092CBT6, STM32C092CBU6, STM32C092CCT6, STM32C092CCU6, STM32C092ECY6TR, STM32C092FBP6, STM32C092FCP6, STM32C092GBU6, STM32C092GCU6, STM32C092KBT6, STM32C092KBU6, STM32C092KCT6, STM32C092KCU6, STM32C092RBT6, STM32C092RCI6, STM32C092RCT6, STM32G071K8TXN, STM32G071K8UXN, STM32G081GBU6N, STM32G081KBT6N, STM32G081KBUXN, STM32G0B1CCT6N, STM32G0B1KCT6, STM32G0B1NEY6TR, STM32G0B1RCT6N, STM32G0C1CCT6, STM32G0C1CCT6N, STM32G0C1CCU6N, STM32G0C1CET6N, STM32G0C1CEU6N, STM32G0C1KCT6, STM32G0C1NEY6TR, STM32G0C1RCI6N, STM32G0C1RCT6N, STM32G0C1REI6N, STM32G0C1RET6N, STM32G0C1VCI6, STM32G0C1VEI6, STM32G411C6T3, STM32G411C6T6, STM32G411C6U3, STM32G411C6U6, STM32G411C8T3, STM32G411C8T6, STM32G411C8U3, STM32G411C8U6, STM32G411CBT3, STM32G411CBT6, STM32G411CBU3, STM32G411CBU6, STM32G411K6T3, STM32G411K6T6, STM32G411K6U3, STM32G411K6U6, STM32G411K8T3, STM32G411K8T6, STM32G411K8U3, STM32G411K8U6, STM32G411KBT3, STM32G411KBT6, STM32G411KBU3, STM32G411KBU6, STM32G411M6T3, STM32G411M6T6, STM32G411M8T3, STM32G411M8T6, STM32G411MBT3, STM32G411MBT6, STM32G411R6T3, STM32G411R6T6, STM32G411R8T3, STM32G411R8T6, STM32G411RBT3, STM32G411RBT6, STM32G414CBT3, STM32G414CBT6, STM32G414CBU3, STM32G414CBU6, STM32G414CCT3, STM32G414CCT6, STM32G414CCU3, STM32G414CCU6, STM32G414MBT3, STM32G414MBT6, STM32G414MCT3, STM32G414MCT6, STM32G414RBT3, STM32G414RBT6, STM32G414RCT3, STM32G414RCT6, STM32G414VBT3, STM32G414VBT6, STM32G414VCT3, STM32G414VCT6, STM32G431CBT3Z, STM32G431RBT3Z, STM32G471CCT6, STM32G471CCU6, STM32G471CET3, STM32G471CET6, STM32G471CEU3, STM32G471CEU6, STM32G471MCT6, STM32G471MET3, STM32G471MET6, STM32G471MEY6TR, STM32G471QCT6, STM32G471QET3, STM32G471RCT6, STM32G471RET3, STM32G471RET6, STM32G471VCH6, STM32G471VCI6, STM32G471VCT6, STM32G471VEH3, STM32G471VEH6, STM32G471VEI3, STM32G471VEI6, STM32G471VET3, STM32G471VET6, STM32G473QET3Z, STM32G473RET3Z, STM32G474CCT6, STM32G491RET3Z, STM32H503CBT6, STM32H503CBU6, STM32H503EBY6TR, STM32H503KBU6, STM32H503RBT6, STM32H523CCT6, STM32H523CCU6, STM32H523CET6, STM32H523CEU6, STM32H523HEY6TR, STM32H523RCT6, STM32H523RET6, STM32H523VCI6, STM32H523VCT6, STM32H523VEI6, STM32H523VET6, STM32H523ZCJ6, STM32H523ZCT6, STM32H523ZEJ6, STM32H523ZET6, STM32H533CET6, STM32H533CEU6, STM32H533HEY6TR, STM32H533RET6, STM32H533VEI6, STM32H533VET6, STM32H533ZEJ6, STM32H533ZET6, STM32H562AGI6, STM32H562AII6, STM32H562IGK6, STM32H562IGT6, STM32H562IIK6, STM32H562IIT6, STM32H562RGT6, STM32H562RGV6, STM32H562RIT6, STM32H562RIV6, STM32H562VGT6, STM32H562VIT6, STM32H562ZGT6, STM32H562ZIT6, STM32H563AGI6, STM32H563AII3Q, STM32H563AII6, STM32H563IGK6, STM32H563IGT6, STM32H563IIK3Q, STM32H563IIK6, STM32H563IIT3Q, STM32H563IIT6, STM32H563MIY3QTR, STM32H563RGT6, STM32H563RGV6, STM32H563RIT6, STM32H563RIV6, STM32H563VGT6, STM32H563VIT3Q, STM32H563VIT6, STM32H563ZGT6, STM32H563ZIT3Q, STM32H563ZIT6, STM32H573AII3Q, STM32H573AII6, STM32H573I-DK, STM32H573IIK3Q, STM32H573IIK6, STM32H573IIT3Q, STM32H573IIT6, STM32H573MIY3QTR, STM32H573RIT6, STM32H573RIV6, STM32H573VIT3Q, STM32H573VIT6, STM32H573ZIT3Q, STM32H573ZIT6, STM32H7R3A8I6, STM32H7R3I8K6, STM32H7R3I8T6, STM32H7R3L8H6, STM32H7R3L8H6H, STM32H7R3R8V6, STM32H7R3V8H6, STM32H7R3V8T6, STM32H7R3V8Y6TR, STM32H7R3Z8J6, STM32H7R3Z8T6, STM32H7R7A8I6, STM32H7R7I8K6, STM32H7R7I8T6, STM32H7R7L8H6, STM32H7R7L8H6H, STM32H7R7Z8J6, STM32H7S3A8I6, STM32H7S3I8K6, STM32H7S3I8T6, STM32H7S3L8H6, STM32H7S3L8H6H, STM32H7S3R8V6, STM32H7S3V8H6, STM32H7S3V8T6, STM32H7S3V8Y6TR, STM32H7S3Z8J6, STM32H7S3Z8T6, STM32H7S78-DK, STM32H7S7A8I6, STM32H7S7I8K6, STM32H7S7I8T6, STM32H7S7L8H6, STM32H7S7L8H6H, STM32H7S7Z8J6, STM32L4R5QGI6STR, STM32MP131AAE3, STM32MP131AAF3, STM32MP131AAG3, STM32MP131CAE3, STM32MP131CAF3, STM32MP131CAG3, STM32MP131DAE7, STM32MP131DAF7, STM32MP131DAG7, STM32MP131FAE7, STM32MP131FAF7, STM32MP131FAG7, STM32MP133AAE3, STM32MP133AAF3, STM32MP133AAG3, STM32MP133CAE3, STM32MP133CAF3, STM32MP133CAG3, STM32MP133DAE7, STM32MP133DAF7, STM32MP133DAG7, STM32MP133FAE7, STM32MP133FAF7, STM32MP133FAG7, STM32MP135AAE3, STM32MP135AAF3, STM32MP135AAG3, STM32MP135CAE3, STM32MP135CAF3, STM32MP135CAG3, STM32MP135DAE7, STM32MP135DAF7, STM32MP135DAG7, STM32MP135F-DK, STM32MP135FAE7, STM32MP135FAF7, STM32MP135FAF7T, STM32MP135FAF7U, STM32MP135FAG7, STM32MP211AAL3, STM32MP211AAM3, STM32MP211AAN3, STM32MP211AAO3, STM32MP211CAL3, STM32MP211CAM3, STM32MP211CAN3, STM32MP211CAO3, STM32MP211DAL3, STM32MP211DAM3, STM32MP211DAN3, STM32MP211DAO3, STM32MP211FAL3, STM32MP211FAM3, STM32MP211FAN3, STM32MP211FAO3, STM32MP213AAL3, STM32MP213AAM3, STM32MP213AAN3, STM32MP213AAO3, STM32MP213CAL3, STM32MP213CAM3, STM32MP213CAN3, STM32MP213CAO3, STM32MP213DAL3, STM32MP213DAM3, STM32MP213DAN3, STM32MP213DAO3, STM32MP213FAL3, STM32MP213FAM3, STM32MP213FAN3, STM32MP213FAO3, STM32MP215AAL3, STM32MP215AAM3, STM32MP215AAN3, STM32MP215AAO3, STM32MP215CAL3, STM32MP215CAM3, STM32MP215CAN3, STM32MP215CAO3, STM32MP215DAL3, STM32MP215DAM3, STM32MP215DAN3, STM32MP215DAO3, STM32MP215F-DK, STM32MP215FAL3, STM32MP215FAM3, STM32MP215FAN3, STM32MP215FAO3, STM32MP231AAJ3, STM32MP231AAK3, STM32MP231AAL3, STM32MP231CAJ3, STM32MP231CAK3, STM32MP231CAL3, STM32MP231DAJ3, STM32MP231DAK3, STM32MP231DAL3, STM32MP231FAJ3, STM32MP231FAK3, STM32MP231FAL3, STM32MP233AAJ3, STM32MP233AAK3, STM32MP233AAL3, STM32MP233CAJ3, STM32MP233CAK3, STM32MP233CAL3, STM32MP233DAJ3, STM32MP233DAK3, STM32MP233DAL3, STM32MP233FAJ3, STM32MP233FAK3, STM32MP233FAL3, STM32MP235AAJ3, STM32MP235AAK3, STM32MP235AAL3, STM32MP235CAJ3, STM32MP235CAK3, STM32MP235CAL3, STM32MP235DAJ3, STM32MP235DAK3, STM32MP235DAL3, STM32MP235FAJ3, STM32MP235FAK3, STM32MP235FAL3, STM32MP251AAI3, STM32MP251AAK3, STM32MP251AAL3, STM32MP251CAI3, STM32MP251CAK3, STM32MP251CAL3, STM32MP251DAI3, STM32MP251DAK3, STM32MP251DAL3, STM32MP251FAI3, STM32MP251FAK3, STM32MP251FAL3, STM32MP253AAI3, STM32MP253AAK3, STM32MP253AAL3, STM32MP253CAI3, STM32MP253CAK3, STM32MP253CAL3, STM32MP253DAI3, STM32MP253DAK3, STM32MP253DAL3, STM32MP253FAI3, STM32MP253FAK3, STM32MP253FAL3, STM32MP255AAI3, STM32MP255AAK3, STM32MP255AAL3, STM32MP255CAI3, STM32MP255CAK3, STM32MP255CAL3, STM32MP255DAI3, STM32MP255DAK3, STM32MP255DAL3, STM32MP255FAI3, STM32MP255FAK3, STM32MP255FAL3, STM32MP257AAI3, STM32MP257AAK3, STM32MP257AAL3, STM32MP257CAI3, STM32MP257CAK3, STM32MP257CAL3, STM32MP257DAI3, STM32MP257DAK3, STM32MP257DAL3, STM32MP257F-DK, STM32MP257F-EV1, STM32MP257FAI3, STM32MP257FAK3, STM32MP257FAL3, STM32N645A0H3Q, STM32N645B0H3Q, STM32N645I0H3Q, STM32N645L0H3Q, STM32N645X0H3Q, STM32N645Z0H3Q, STM32N647A0H3Q, STM32N647B0H3Q, STM32N647I0H3Q, STM32N647L0H3Q, STM32N647X0H3Q, STM32N647Z0H3Q, STM32N655A0H3Q, STM32N655B0H3Q, STM32N655I0H3Q, STM32N655L0H3Q, STM32N655X0H3Q, STM32N655Z0H3Q, STM32N6570-DK, STM32N657A0H3Q, STM32N657B0H3Q, STM32N657I0H3Q, STM32N657L0H3Q, STM32N657X0H3Q, STM32N657Z0H3Q, STM32U031C6T6, STM32U031C6U6, STM32U031C8T6, STM32U031C8U6, STM32U031F4P6, STM32U031F6P6, STM32U031F8P6, STM32U031G6Y6TR, STM32U031G8Y6TR, STM32U031K4U6, STM32U031K6U6, STM32U031K8U6, STM32U031R6I6, STM32U031R6T6, STM32U031R8I6, STM32U031R8T6, STM32U073C8T6, STM32U073C8U6, STM32U073CBT6, STM32U073CBU6, STM32U073CCT6, STM32U073CCU6, STM32U073H8Y6TR, STM32U073HBY6TR, STM32U073HCY6TR, STM32U073K8U6, STM32U073KBU6, STM32U073KCU6, STM32U073M8I6, STM32U073M8T6, STM32U073MBI6, STM32U073MBT6, STM32U073MCI6, STM32U073MCT6, STM32U073R8I6, STM32U073R8T6, STM32U073RBI6, STM32U073RBT6, STM32U073RCI6, STM32U073RCT6, STM32U083C-DK, STM32U083CCT6, STM32U083CCU6, STM32U083HCY6TR, STM32U083KCU6, STM32U083MCI6, STM32U083MCT6, STM32U083RCI6, STM32U083RCT6, STM32U375CET6, STM32U375CET6Q, STM32U375CEU6, STM32U375CEU6Q, STM32U375CEY6QTR, STM32U375CGT6, STM32U375CGT6Q, STM32U375CGU6, STM32U375CGU6Q, STM32U375CGY6QTR, STM32U375KEU6, STM32U375KGU6, STM32U375REI6, STM32U375REI6Q, STM32U375RET6, STM32U375RET6Q, STM32U375REY6GTR, STM32U375REY6QTR, STM32U375RGI6, STM32U375RGI6Q, STM32U375RGT6, STM32U375RGT6Q, STM32U375RGY6GTR, STM32U375RGY6QTR, STM32U375VEI6, STM32U375VEI6Q, STM32U375VET6, STM32U375VET6Q, STM32U375VGI6, STM32U375VGI6Q, STM32U375VGT6, STM32U375VGT6Q, STM32U385CGT6, STM32U385CGT6Q, STM32U385CGU6, STM32U385CGU6Q, STM32U385CGY6QTR, STM32U385KGU6, STM32U385RGI6, STM32U385RGI6Q, STM32U385RGT6, STM32U385RGT6Q, STM32U385RGY6GTR, STM32U385RGY6QTR, STM32U385VGI6, STM32U385VGI6Q, STM32U385VGT6, STM32U385VGT6Q, STM32U535CBT6, STM32U535CBT6Q, STM32U535CBU6, STM32U535CBU6Q, STM32U535CCT6, STM32U535CCT6Q, STM32U535CCU6, STM32U535CCU6Q, STM32U535CET6, STM32U535CET6Q, STM32U535CEU6, STM32U535CEU6Q, STM32U535JEY6QTR, STM32U535NCY6QTR, STM32U535NEY6QTR, STM32U535RBI6, STM32U535RBI6Q, STM32U535RBT6, STM32U535RBT6Q, STM32U535RCI6, STM32U535RCI6Q, STM32U535RCT6, STM32U535RCT6Q, STM32U535REI6, STM32U535REI6Q, STM32U535RET6, STM32U535RET6Q, STM32U535VCI6, STM32U535VCI6Q, STM32U535VCT6, STM32U535VCT6Q, STM32U535VEI6, STM32U535VEI6Q, STM32U535VET6, STM32U535VET6Q, STM32U545CET6, STM32U545CET6Q, STM32U545CEU6, STM32U545CEU6Q, STM32U545JEY6QTR, STM32U545NEY6QTR, STM32U545REI6, STM32U545REI6Q, STM32U545RET6, STM32U545RET6Q, STM32U545VEI6, STM32U545VEI6Q, STM32U545VET6, STM32U545VET6Q, STM32U595AIH6, STM32U595AIH6Q, STM32U595AJH6, STM32U595AJH6Q, STM32U595QII6, STM32U595QII6Q, STM32U595QJI6, STM32U595QJI6Q, STM32U595RIT6, STM32U595RIT6Q, STM32U595RJT6, STM32U595RJT6Q, STM32U595VIT6, STM32U595VIT6Q, STM32U595VJT6, STM32U595VJT6Q, STM32U595ZIT6, STM32U595ZIT6Q, STM32U595ZIY6QTR, STM32U595ZJT6, STM32U595ZJT6Q, STM32U595ZJY6QTR, STM32U599BJY6QTR, STM32U599NIH6Q, STM32U599NJH6Q, STM32U599VIT6Q, STM32U599VJT6, STM32U599VJT6Q, STM32U599ZIT6Q, STM32U599ZIY6QTR, STM32U599ZJT6Q, STM32U599ZJY6QTR, STM32U5A5AJH6, STM32U5A5AJH6Q, STM32U5A5QII3Q , STM32U5A5QJI6, STM32U5A5QJI6Q, STM32U5A5RJT6, STM32U5A5RJT6Q, STM32U5A5VJT6, STM32U5A5VJT6Q, STM32U5A5ZJT6, STM32U5A5ZJT6Q, STM32U5A5ZJY6QTR, STM32U5A9BJY6QTR, STM32U5A9J-DK, STM32U5A9NJH6Q, STM32U5A9VJT6Q, STM32U5A9ZJT6Q, STM32U5A9ZJY6QTR, STM32U5F7VIT6, STM32U5F7VIT6Q, STM32U5F7VJT6, STM32U5F7VJT6Q, STM32U5F9BJY6QTR, STM32U5F9NJH6Q, STM32U5F9VIT6Q, STM32U5F9VJT6Q, STM32U5F9ZIJ6QTR, STM32U5F9ZIT6Q, STM32U5F9ZJJ6QTR, STM32U5F9ZJT6Q, STM32U5G7VJT6, STM32U5G7VJT6Q, STM32U5G9BJY6QTR, STM32U5G9J-DK1, STM32U5G9J-DK2, STM32U5G9NJH6Q, STM32U5G9VJT6Q, STM32U5G9ZJJ6QTR, STM32U5G9ZJT6Q, STM32WB05KZV6TR, STM32WB05KZV7TR, STM32WB05TZF6TR, STM32WB05TZF7TR, STM32WB06CCF6TR, STM32WB06CCF7TR, STM32WB06CCV6TR, STM32WB06CCV7TR, STM32WB06KCV6TR, STM32WB06KCV7TR, STM32WB07CCF6TR, STM32WB07CCF7TR, STM32WB07CCV6TR, STM32WB07CCV7TR, STM32WB07KCV6TR, STM32WB07KCV7TR, STM32WB09KEV6TR, STM32WB09KEV7TR, STM32WB09TEF6TR, STM32WB09TEF7TR, STM32WB1MMCH6, STM32WBA50KGU6, STM32WBA50KGU6TR, STM32WBA52CEU6, STM32WBA52CEU6TR, STM32WBA52CEU7, STM32WBA52CEU7TR, STM32WBA52CGU6, STM32WBA52CGU6TR, STM32WBA52CGU6U, STM32WBA52CGU7, STM32WBA52CGU7TR, STM32WBA52KEU6, STM32WBA52KEU6TR, STM32WBA52KGU6, STM32WBA52KGU6TR, STM32WBA54CEU6, STM32WBA54CEU6TR, STM32WBA54CEU7, STM32WBA54CEU7TR, STM32WBA54CGU6, STM32WBA54CGU6TR, STM32WBA54CGU7, STM32WBA54CGU7TR, STM32WBA54KEU6, STM32WBA54KEU6TR, STM32WBA54KEU7, STM32WBA54KEU7TR, STM32WBA54KGU6, STM32WBA54KGU6TR, STM32WBA54KGU7, STM32WBA54KGU7TR, STM32WBA55CEU6, STM32WBA55CEU6TR, STM32WBA55CEU7, STM32WBA55CEU7TR, STM32WBA55CGU6, STM32WBA55CGU6TR, STM32WBA55CGU6U, STM32WBA55CGU7, STM32WBA55CGU7TR, STM32WBA55G-DK1, STM32WBA55HEF6, STM32WBA55HEF7, STM32WBA55HGF6, STM32WBA55HGF7, STM32WBA55UEI6, STM32WBA55UEI6TR, STM32WBA55UEI7, STM32WBA55UEI7TR, STM32WBA55UGI6, STM32WBA55UGI6TR, STM32WBA55UGI7, STM32WBA55UGI7TR, STM32WBA5MMGH6TR, STM32WBA62MGF6, STM32WBA62MIF6, STM32WBA65MGF7, STM32WBA65MIF6, STM32WBA65MIF7, STM32WL30K8V6, STM32WL30KBV6, STM32WL31C8V6, STM32WL31CBV6, STM32WL31K8V6, STM32WL31KBV6, STM32WL33C8V6, STM32WL33C8V6X, STM32WL33CBV6, STM32WL33CBV6X, STM32WL33CCV6, STM32WL33CCV6A, STM32WL33CCV6X, STM32WL33K8V7, STM32WL33K8V7X, STM32WL33KBV7 , STM32WL33KBV7X, STM32WL33KCV7, STM32WL33KCV7X, STM32WL5MOCH6, STM32WL5MOCH6TR]
2025-10-31 20:22:55,407 [INFO] DbMcus:218 - Found 4801 MCUs, 4801 are supported
2025-10-31 20:22:55,414 [INFO] ApiDb:423 - Load user favorites file C:\Users\nico2/.stm32cubeide/favorites.mcus.txt: 1 item(s)
2025-10-31 20:22:55,414 [INFO] ApiDb:427 - User favorites MCUs=[STM32F103C8T6]
2025-10-31 20:22:55,415 [INFO] DbMcus:224 - Set 1 / 1 favorites MCUs
2025-10-31 20:22:55,865 [INFO] ApiDb:423 - Load user favorites file C:\Users\nico2/.stm32cubeide/favorites.boards.txt: 0 item(s)
2025-10-31 20:22:55,865 [INFO] ApiDb:427 - User favorites Boards=[]
2025-10-31 20:22:55,865 [INFO] DbBoards:198 - Set 0 / 0 favorites Boards
2025-10-31 20:22:55,976 [INFO] UtilMem:75 - End LoadConfig() Used Memory: 710748048 Bytes (869269504)
2025-10-31 20:22:56,213 [WARN] ThirdParty:833 - waiting for thirdparty lock release [change project]
2025-10-31 20:22:56,213 [INFO] ThirdParty:835 - entering critical section [change project]
2025-10-31 20:22:56,214 [INFO] ThirdParty:1030 - CMSIS Pack Vendor :STMicroelectronics X-CUBE-PM33A1 1.0.0
2025-10-31 20:22:56,214 [INFO] ThirdParty:1030 - CMSIS Pack Vendor :STMicroelectronics USBPD 4.1
2025-10-31 20:22:56,214 [INFO] ThirdParty:1030 - CMSIS Pack Vendor :STMicroelectronics X-CUBE-NFC9 1.0.0
2025-10-31 20:22:56,214 [INFO] ThirdParty:1030 - CMSIS Pack Vendor :STMicroelectronics USB_HOST 2.0.0
2025-10-31 20:22:56,214 [INFO] ThirdParty:1030 - CMSIS Pack Vendor :STMicroelectronics FP-SNS-MOTENVWB1 1.4.0
2025-10-31 20:22:56,214 [INFO] ThirdParty:1030 - CMSIS Pack Vendor :STMicroelectronics X-CUBE-AZRTOS-F4 1.1.0
2025-10-31 20:22:56,214 [INFO] ThirdParty:1030 - CMSIS Pack Vendor :STMicroelectronics LIBJPEG 8.0.0
2025-10-31 20:22:56,214 [INFO] ThirdParty:1030 - CMSIS Pack Vendor :STMicroelectronics FP-ATR-ASTRA1 2.0.2
2025-10-31 20:22:56,214 [INFO] ThirdParty:1030 - CMSIS Pack Vendor :STMicroelectronics X-CUBE-BLE1 7.1.0
2025-10-31 20:22:56,214 [INFO] ThirdParty:1030 - CMSIS Pack Vendor :STMicroelectronics X-CUBE-SMBUS 2.1.0
2025-10-31 20:22:56,215 [INFO] ThirdParty:1030 - CMSIS Pack Vendor :STMicroelectronics USB_DEVICE 3.0.0
2025-10-31 20:22:56,216 [INFO] ThirdParty:1030 - CMSIS Pack Vendor :STMicroelectronics X-CUBE-ISPU 2.1.0
2025-10-31 20:22:56,216 [INFO] ThirdParty:1030 - CMSIS Pack Vendor :STMicroelectronics X-CUBE-EEPRMA1 5.2.0
2025-10-31 20:22:56,216 [INFO] ThirdParty:1030 - CMSIS Pack Vendor :STMicroelectronics X-CUBE-IPS 3.2.0
2025-10-31 20:22:56,216 [INFO] ThirdParty:1030 - CMSIS Pack Vendor :STMicroelectronics X-CUBE-BLEMGR 4.1.0
2025-10-31 20:22:56,216 [INFO] ThirdParty:1030 - CMSIS Pack Vendor :STMicroelectronics X-CUBE-AZRTOS-WB 2.0.0
2025-10-31 20:22:56,216 [INFO] ThirdParty:1030 - CMSIS Pack Vendor :STMicroelectronics X-CUBE-ST60 1.0.0
2025-10-31 20:22:56,216 [INFO] ThirdParty:1030 - CMSIS Pack Vendor :STMicroelectronics X-CUBE-GNSS1 7.0.1
2025-10-31 20:22:56,216 [INFO] ThirdParty:1030 - CMSIS Pack Vendor :STMicroelectronics X-CUBE-NFC12 1.0.0
2025-10-31 20:22:56,216 [INFO] ThirdParty:1030 - CMSIS Pack Vendor :STMicroelectronics X-CUBE-AZRTOS-F7 1.1.0
2025-10-31 20:22:56,216 [INFO] ThirdParty:1030 - CMSIS Pack Vendor :STMicroelectronics X-CUBE-AZRTOS-L5 2.0.0
2025-10-31 20:22:56,216 [INFO] ThirdParty:1030 - CMSIS Pack Vendor :STMicroelectronics X-CUBE-TOUCHGFX 4.25.0
2025-10-31 20:22:56,216 [INFO] ThirdParty:1030 - CMSIS Pack Vendor :STMicroelectronics USB_DEVICE 2.0.0
2025-10-31 20:22:56,216 [INFO] ThirdParty:1030 - CMSIS Pack Vendor :STMicroelectronics X-CUBE-NFC6 3.1.0
2025-10-31 20:22:56,216 [INFO] ThirdParty:1030 - CMSIS Pack Vendor :STMicroelectronics X-CUBE-ST67W61 1.1.0
2025-10-31 20:22:56,216 [INFO] ThirdParty:1030 - CMSIS Pack Vendor :Cesanta I-CUBE-Mongoose 7.19.0
2025-10-31 20:22:56,216 [INFO] ThirdParty:1030 - CMSIS Pack Vendor :quantropi X-CUBE-qispace-sdk-base 2.1.0
2025-10-31 20:22:56,216 [INFO] ThirdParty:1030 - CMSIS Pack Vendor :STMicroelectronics FP-SNS-MOTENV1 5.1.0
2025-10-31 20:22:56,216 [INFO] ThirdParty:1030 - CMSIS Pack Vendor :STMicroelectronics FreeRTOS 0.0.1
2025-10-31 20:22:56,217 [INFO] ThirdParty:1030 - CMSIS Pack Vendor :STMicroelectronics X-CUBE-AZRTOS-G0 1.1.0
2025-10-31 20:22:56,217 [INFO] ThirdParty:1030 - CMSIS Pack Vendor :STMicroelectronics X-CUBE-SAFEA1 1.2.2
2025-10-31 20:22:56,217 [INFO] ThirdParty:1030 - CMSIS Pack Vendor :STMicroelectronics X-CUBE-NFC4 3.0.0
2025-10-31 20:22:56,217 [INFO] ThirdParty:1030 - CMSIS Pack Vendor :STMicroelectronics X-CUBE-SUBG2 5.0.0
2025-10-31 20:22:56,217 [INFO] ThirdParty:1030 - CMSIS Pack Vendor :STMicroelectronics X-CUBE-AZRTOS-H7RS 1.1.0
2025-10-31 20:22:56,217 [INFO] ThirdParty:1030 - CMSIS Pack Vendor :STMicroelectronics STM32_WPAN 1.0.0
2025-10-31 20:22:56,217 [INFO] ThirdParty:1030 - CMSIS Pack Vendor :EmbeddedOffice I-CUBE-FS-RTOS 1.0.1
2025-10-31 20:22:56,217 [INFO] ThirdParty:1030 - CMSIS Pack Vendor :STMicroelectronics lwIP 2.0.3
2025-10-31 20:22:56,218 [INFO] ThirdParty:1030 - CMSIS Pack Vendor :STMicroelectronics USB_HOST 1.0.0
2025-10-31 20:22:56,218 [INFO] ThirdParty:1030 - CMSIS Pack Vendor :Infineon AIROC-Wi-Fi-Bluetooth-STM32 1.7.1
2025-10-31 20:22:56,218 [INFO] ThirdParty:1030 - CMSIS Pack Vendor :STMicroelectronics X-CUBE-AZRTOS-G4 2.0.0
2025-10-31 20:22:56,218 [INFO] ThirdParty:1030 - CMSIS Pack Vendor :STMicroelectronics X-CUBE-WB05N 2.0.0
2025-10-31 20:22:56,218 [INFO] ThirdParty:1030 - CMSIS Pack Vendor :STMicroelectronics PDM2PCM 3.1.0
2025-10-31 20:22:56,218 [INFO] ThirdParty:1030 - CMSIS Pack Vendor :STMicroelectronics PDM2PCM 3.3.0
2025-10-31 20:22:56,218 [INFO] ThirdParty:1030 - CMSIS Pack Vendor :STMicroelectronics X-CUBE-AZRTOS-H7 3.4.0
2025-10-31 20:22:56,218 [INFO] ThirdParty:1030 - CMSIS Pack Vendor :STMicroelectronics X-CUBE-DISPLAY 3.0.0
2025-10-31 20:22:56,218 [INFO] ThirdParty:1030 - CMSIS Pack Vendor :STMicroelectronics X-CUBE-NFC7 2.0.0
2025-10-31 20:22:56,218 [INFO] ThirdParty:1030 - CMSIS Pack Vendor :STMicroelectronics X-CUBE-TCPP 4.2.0
2025-10-31 20:22:56,218 [INFO] ThirdParty:1030 - CMSIS Pack Vendor :RealThread X-CUBE-RT-Thread_Nano 4.1.1
2025-10-31 20:22:56,218 [INFO] ThirdParty:1030 - CMSIS Pack Vendor :STMicroelectronics FP-ATR-SIGFOX1 3.2.0
2025-10-31 20:22:56,218 [INFO] ThirdParty:1030 - CMSIS Pack Vendor :STMicroelectronics X-CUBE-NFC10 1.0.0
2025-10-31 20:22:56,218 [INFO] ThirdParty:1030 - CMSIS Pack Vendor :STMicroelectronics X-CUBE-FREERTOS 1.3.1
2025-10-31 20:22:56,218 [INFO] ThirdParty:1030 - CMSIS Pack Vendor :STMicroelectronics HAL Drivers 0.0.0
2025-10-31 20:22:56,219 [INFO] ThirdParty:1030 - CMSIS Pack Vendor :STMicroelectronics MBEDTLS 2.16.2
2025-10-31 20:22:56,219 [INFO] ThirdParty:1030 - CMSIS Pack Vendor :STMicroelectronics X-CUBE-ST60 1.1.0
2025-10-31 20:22:56,219 [INFO] ThirdParty:1030 - CMSIS Pack Vendor :STMicroelectronics X-CUBE-IPS 3.1.0
2025-10-31 20:22:56,219 [INFO] ThirdParty:1030 - CMSIS Pack Vendor :STMicroelectronics X-CUBE-ALS 1.0.2
2025-10-31 20:22:56,219 [INFO] ThirdParty:1030 - CMSIS Pack Vendor :emotas I-CUBE-CANOPEN 1.3.0
2025-10-31 20:22:56,219 [INFO] ThirdParty:1030 - CMSIS Pack Vendor :STMicroelectronics MBEDTLS 2.14.1
2025-10-31 20:22:56,219 [INFO] ThirdParty:1030 - CMSIS Pack Vendor :STMicroelectronics X-CUBE-GNSS1 7.1.0
2025-10-31 20:22:56,219 [INFO] ThirdParty:1030 - CMSIS Pack Vendor :ITTIA_DB I-CUBE-ITTIADB 8.9.0
2025-10-31 20:22:56,219 [INFO] ThirdParty:1030 - CMSIS Pack Vendor :STMicroelectronics X-CUBE-TOUCHGFX 4.26.0
2025-10-31 20:22:56,219 [INFO] ThirdParty:1030 - CMSIS Pack Vendor :STMicroelectronics X-CUBE-STSE01 1.0.0
2025-10-31 20:22:56,219 [INFO] ThirdParty:1030 - CMSIS Pack Vendor :STMicroelectronics X-CUBE-ST67W61 1.0.0
2025-10-31 20:22:56,219 [INFO] ThirdParty:1030 - CMSIS Pack Vendor :STMicroelectronics FP-SNS-STBOX1 2.1.0
2025-10-31 20:22:56,219 [INFO] ThirdParty:1030 - CMSIS Pack Vendor :STMicroelectronics X-CUBE-AI 10.2.0
2025-10-31 20:22:56,219 [INFO] ThirdParty:1030 - CMSIS Pack Vendor :STMicroelectronics FP-SNS-STAIOTCFT 1.0.0
2025-10-31 20:22:56,219 [INFO] ThirdParty:1030 - CMSIS Pack Vendor :STMicroelectronics ThreadX 1.0.0
2025-10-31 20:22:56,219 [INFO] ThirdParty:1030 - CMSIS Pack Vendor :STMicroelectronics FP-SNS-SMARTAG2 1.2.0
2025-10-31 20:22:56,219 [INFO] ThirdParty:1030 - CMSIS Pack Vendor :STMicroelectronics FP-SNS-FLIGHT1 5.1.0
2025-10-31 20:22:56,219 [INFO] ThirdParty:1030 - CMSIS Pack Vendor :STMicroelectronics X-CUBE-AZRTOS-WL 2.0.0
2025-10-31 20:22:56,219 [INFO] ThirdParty:1030 - CMSIS Pack Vendor :SEGGER I-CUBE-embOS 1.3.1
2025-10-31 20:22:56,219 [INFO] ThirdParty:1030 - CMSIS Pack Vendor :STMicroelectronics X-CUBE-ALGOBUILD 1.4.0
2025-10-31 20:22:56,219 [INFO] ThirdParty:1030 - CMSIS Pack Vendor :STMicroelectronics X-CUBE-DPower 1.3.0
2025-10-31 20:22:56,219 [INFO] ThirdParty:1030 - CMSIS Pack Vendor :STMicroelectronics X-CUBE-MEMS1 11.3.0
2025-10-31 20:22:56,219 [INFO] ThirdParty:1030 - CMSIS Pack Vendor :STMicroelectronics FP-SNS-MOTENV1 5.0.0
2025-10-31 20:22:56,219 [INFO] ThirdParty:1030 - CMSIS Pack Vendor :STMicroelectronics USB_DEVICE 1.0.0
2025-10-31 20:22:56,219 [INFO] ThirdParty:1030 - CMSIS Pack Vendor :STMicroelectronics X-CUBE-AZRTOS-L4 2.0.0
2025-10-31 20:22:56,219 [INFO] ThirdParty:1030 - CMSIS Pack Vendor :STMicroelectronics ThreadX 0.0.2
2025-10-31 20:22:56,219 [INFO] ThirdParty:1030 - CMSIS Pack Vendor :WES I-CUBE-Cesium 1.3.0
2025-10-31 20:22:56,219 [INFO] ThirdParty:1030 - CMSIS Pack Vendor :STMicroelectronics lwIP 2.1.2
2025-10-31 20:22:56,219 [INFO] ThirdParty:1030 - CMSIS Pack Vendor :STMicroelectronics X-CUBE-SFXS2LP1 4.0.0
2025-10-31 20:22:56,219 [INFO] ThirdParty:1030 - CMSIS Pack Vendor :STMicroelectronics X-CUBE-BLE2 3.3.0
2025-10-31 20:22:56,219 [INFO] ThirdParty:1030 - CMSIS Pack Vendor :STMicroelectronics X-CUBE-TOF1 3.4.3
2025-10-31 20:22:56,219 [INFO] ThirdParty:1030 - CMSIS Pack Vendor :STMicroelectronics PDM2PCM 3.2.0
2025-10-31 20:22:56,219 [INFO] ThirdParty:841 - exiting critical section [change project]
2025-10-31 20:22:57,183 [INFO] PinOutPanel:1589 - setPackage(No Configuration,No Configuration)
2025-10-31 20:22:57,185 [INFO] PinOutPanel:1589 - setPackage(STM32F103C8Tx,LQFP48)
2025-10-31 20:23:00,858 [INFO] UtilMem:75 - Before build in PCC Used Memory: 594018304 Bytes (869269504)
2025-10-31 20:23:05,791 [INFO] UtilMem:75 - After build in PCC Used Memory: 606601216 Bytes (905969664)
2025-10-31 20:23:05,834 [INFO] IPUIPlugin:80 - create IPUIPlugin
2025-10-31 20:23:05,834 [INFO] IPUIPlugin:80 - create IPUIPlugin
2025-10-31 20:23:05,834 [INFO] IPUIPlugin:80 - create IPUIPlugin
2025-10-31 20:23:05,834 [INFO] IPUIPlugin:80 - create IPUIPlugin
2025-10-31 20:23:05,834 [INFO] IPUIPlugin:80 - create IPUIPlugin
2025-10-31 20:23:05,834 [INFO] IPUIPlugin:80 - create IPUIPlugin
2025-10-31 20:23:05,834 [INFO] IPUIPlugin:80 - create IPUIPlugin
2025-10-31 20:23:05,834 [INFO] IPUIPlugin:80 - create IPUIPlugin
2025-10-31 20:23:05,834 [INFO] IPUIPlugin:80 - create IPUIPlugin
2025-10-31 20:23:05,834 [INFO] IPUIPlugin:80 - create IPUIPlugin
2025-10-31 20:23:05,835 [INFO] IPUIPlugin:80 - create IPUIPlugin
2025-10-31 20:23:05,835 [INFO] IPUIPlugin:80 - create IPUIPlugin
2025-10-31 20:23:05,836 [INFO] IPUIPlugin:80 - create IPUIPlugin
2025-10-31 20:23:05,836 [INFO] IPUIPlugin:80 - create IPUIPlugin
2025-10-31 20:23:05,836 [INFO] IPUIPlugin:80 - create IPUIPlugin
2025-10-31 20:23:05,836 [INFO] IPUIPlugin:80 - create IPUIPlugin
2025-10-31 20:23:05,836 [INFO] IPUIPlugin:80 - create IPUIPlugin
2025-10-31 20:23:05,836 [INFO] IPUIPlugin:80 - create IPUIPlugin
2025-10-31 20:23:05,836 [INFO] IPUIPlugin:80 - create IPUIPlugin
2025-10-31 20:23:05,836 [INFO] IPUIPlugin:80 - create IPUIPlugin
2025-10-31 20:23:05,836 [INFO] IPUIPlugin:80 - create IPUIPlugin
2025-10-31 20:23:05,836 [INFO] IPUIPlugin:80 - create IPUIPlugin
2025-10-31 20:23:05,836 [INFO] IPUIPlugin:80 - create IPUIPlugin
2025-10-31 20:23:05,836 [INFO] IPUIPlugin:80 - create IPUIPlugin
2025-10-31 20:23:05,837 [INFO] IPUIPlugin:80 - create IPUIPlugin
2025-10-31 20:23:05,837 [INFO] IPUIPlugin:80 - create IPUIPlugin
2025-10-31 20:23:05,837 [INFO] IPUIPlugin:80 - create IPUIPlugin
2025-10-31 20:23:05,842 [WARN] IP:2250 - I2C_Coeff_DF not found: check if there is a RefParameter without a condition.
2025-10-31 20:23:05,843 [WARN] IP:2250 - Analog_Filter not found: check if there is a RefParameter without a condition.
2025-10-31 20:23:08,430 [INFO] CADModel:165 - CPN selected for project levelSTM32F103C8T6
2025-10-31 20:23:08,430 [INFO] CADModel:114 - Register for checkConnection events
2025-10-31 20:23:08,485 [INFO] OpenFileManager:386 - Restore cursor
2025-10-31 20:23:08,589 [WARN] IP:2250 - I2C_Coeff_DF not found: check if there is a RefParameter without a condition.
2025-10-31 20:23:08,589 [WARN] IP:2250 - Analog_Filter not found: check if there is a RefParameter without a condition.
2025-10-31 20:23:08,589 [WARN] IP:2250 - I2C_Coeff_DF not found: check if there is a RefParameter without a condition.
2025-10-31 20:23:08,589 [WARN] IP:2250 - Analog_Filter not found: check if there is a RefParameter without a condition.
2025-10-31 21:17:54,178 [INFO] UtilMem:75 - End SaveConfig() Used Memory: 210755792 Bytes (671088640)
2025-10-31 21:17:56,438 [INFO] UtilMem:75 - End SaveConfig() Used Memory: 227533008 Bytes (671088640)
2025-10-31 21:17:58,992 [INFO] UtilMem:75 - End SaveConfig() Used Memory: 295168208 Bytes (671088640)
2025-10-31 21:18:00,216 [INFO] BlockDiagram:2775 - set Specific Code input for plugin: RTC
2025-10-31 21:18:00,216 [INFO] BlockDiagram:2775 - set Specific Code input for plugin: NVIC
2025-10-31 21:18:00,216 [INFO] BlockDiagram:2775 - set Specific Code input for plugin: TIM1_8F1
2025-10-31 21:18:00,216 [INFO] BlockDiagram:2775 - set Specific Code input for plugin: SYS
2025-10-31 21:18:00,216 [INFO] BlockDiagram:2775 - set Specific Code input for plugin: GPIO
2025-10-31 21:18:00,216 [INFO] BlockDiagram:2775 - set Specific Code input for plugin: RCC
2025-10-31 21:18:00,216 [INFO] BlockDiagram:2775 - set Specific Code input for plugin: I2C
2025-10-31 21:18:00,217 [INFO] CodeGenerator:892 - code generatio: config db path: C:\ST\STM32CubeIDE_1.19.0\STM32CubeIDE\plugins\com.st.stm32cube.common.mx_6.15.0.202507011659\\db\
2025-10-31 21:18:00,220 [WARN] IP:2250 - I2C_Coeff_DF not found: check if there is a RefParameter without a condition.
2025-10-31 21:18:00,222 [WARN] IP:2250 - Analog_Filter not found: check if there is a RefParameter without a condition.
2025-10-31 21:18:00,443 [INFO] CodeEngine:265 - oldGeneratedFile, C:\Users\nico2\OneDrive\Desktop\EMBEBIDOS\COMEDERO_INTEGRACION\MXTmpFiles\license.tmp_save
2025-10-31 21:18:01,543 [INFO] CodeEngine:289 - Generated code: C:\Users\nico2\OneDrive\Desktop\EMBEBIDOS\COMEDERO_INTEGRACION\MXTmpFiles\license.tmp
2025-10-31 21:18:01,972 [INFO] CodeEngine:265 - oldGeneratedFile, C:\Users\nico2\OneDrive\Desktop\EMBEBIDOS\COMEDERO_INTEGRACION\MXTmpFiles\gpio.tmp_save
2025-10-31 21:18:02,725 [INFO] CodeEngine:289 - Generated code: C:\Users\nico2\OneDrive\Desktop\EMBEBIDOS\COMEDERO_INTEGRACION\MXTmpFiles\gpio.tmp
2025-10-31 21:18:03,253 [INFO] CodeEngine:265 - oldGeneratedFile, C:\Users\nico2\OneDrive\Desktop\EMBEBIDOS\COMEDERO_INTEGRACION\Core\Src\stm32f1xx_it.c_save
2025-10-31 21:18:03,616 [INFO] CodeEngine:289 - Generated code: C:\Users\nico2\OneDrive\Desktop\EMBEBIDOS\COMEDERO_INTEGRACION\Core\Src\stm32f1xx_it.c
2025-10-31 21:18:03,624 [INFO] CodeEngine:265 - oldGeneratedFile, C:\Users\nico2\OneDrive\Desktop\EMBEBIDOS\COMEDERO_INTEGRACION\Core\Inc\stm32f1xx_it.h_save
2025-10-31 21:18:03,745 [INFO] CodeEngine:289 - Generated code: C:\Users\nico2\OneDrive\Desktop\EMBEBIDOS\COMEDERO_INTEGRACION\Core\Inc\stm32f1xx_it.h
2025-10-31 21:18:03,767 [INFO] CodeEngine:265 - oldGeneratedFile, C:\Users\nico2\OneDrive\Desktop\EMBEBIDOS\COMEDERO_INTEGRACION\Core\Src\stm32f1xx_hal_msp.c_save
2025-10-31 21:18:03,989 [INFO] CodeEngine:289 - Generated code: C:\Users\nico2\OneDrive\Desktop\EMBEBIDOS\COMEDERO_INTEGRACION\Core\Src\stm32f1xx_hal_msp.c
2025-10-31 21:18:03,998 [INFO] CodeEngine:265 - oldGeneratedFile, C:\Users\nico2\OneDrive\Desktop\EMBEBIDOS\COMEDERO_INTEGRACION\MXTmpFiles\system.tmp_save
2025-10-31 21:18:04,103 [INFO] CodeEngine:289 - Generated code: C:\Users\nico2\OneDrive\Desktop\EMBEBIDOS\COMEDERO_INTEGRACION\MXTmpFiles\system.tmp
2025-10-31 21:18:04,172 [INFO] CodeEngine:321 - oldGeneratedFile, C:\Users\nico2\OneDrive\Desktop\EMBEBIDOS\COMEDERO_INTEGRACION\Core\Inc\stm32f1xx_hal_conf.h_save
2025-10-31 21:18:04,232 [INFO] CodeEngine:345 - Generated code: C:\Users\nico2\OneDrive\Desktop\EMBEBIDOS\COMEDERO_INTEGRACION\Core\Inc\stm32f1xx_hal_conf.h
2025-10-31 21:18:04,530 [INFO] ApiDbMcu:532 - Load IP Config File for I2C1
2025-10-31 21:18:04,548 [INFO] ApiDbMcu:532 - Load IP Config File for RTC
2025-10-31 21:18:04,573 [INFO] ApiDbMcu:532 - Load IP Config File for TIM2
2025-10-31 21:18:04,580 [INFO] ApiDbMcu:532 - Load IP Config File for RCC
2025-10-31 21:18:04,581 [WARN] IPConfigManager:3811 - IP not found : TIM
2025-10-31 21:18:04,582 [WARN] CodeGenerator:4259 - IP not found : null
2025-10-31 21:18:04,596 [INFO] CodeEngine:265 - oldGeneratedFile, C:\Users\nico2\OneDrive\Desktop\EMBEBIDOS\COMEDERO_INTEGRACION\Core\Inc\main.h_save
2025-10-31 21:18:04,728 [INFO] CodeEngine:289 - Generated code: C:\Users\nico2\OneDrive\Desktop\EMBEBIDOS\COMEDERO_INTEGRACION\Core\Inc\main.h
2025-10-31 21:18:04,743 [INFO] CodeEngine:265 - oldGeneratedFile, C:\Users\nico2\OneDrive\Desktop\EMBEBIDOS\COMEDERO_INTEGRACION\Core\Src\main.c_save
2025-10-31 21:18:05,225 [INFO] CodeEngine:289 - Generated code: C:\Users\nico2\OneDrive\Desktop\EMBEBIDOS\COMEDERO_INTEGRACION\Core\Src\main.c
2025-10-31 21:18:05,688 [INFO] ProjectBuilder:3606 - Time for Copy HAL[1] : 151mS.
2025-10-31 21:18:05,700 [INFO] ProjectBuilder:5216 - Project Generator version: 4.7.0-B52
2025-10-31 21:18:05,917 [INFO] ConfigFileManager:1595 - The Die is : DIE410
2025-10-31 21:18:05,929 [INFO] ApiDbMcu:532 - Load IP Config File for FATFS
2025-10-31 21:18:05,938 [INFO] ApiDbMcu:532 - Load IP Config File for FREERTOS
2025-10-31 21:18:05,958 [INFO] ApiDbMcu:532 - Load IP Config File for USB_DEVICE
2025-10-31 21:18:06,869 [INFO] LogOutputStream:77 - [STDOUT_REDIRECT] 
2025-10-31 21:18:13,716 [INFO] ProjectBuilder:5496 - Time for Generating toolchain IDE Files: 8016mS.
2025-10-31 21:18:13,716 [INFO] ProjectBuilder:3463 - Time for Copy CMSIS : 0mS.
2025-10-31 21:18:13,718 [INFO] ProjectBuilder:3463 - Time for Copy CMSIS : 0mS.
2025-10-31 21:21:01,021 [INFO] NvicIntPanel:101 - NVIC parent = com.st.microxplorer.plugins.ip.nvic.MultiNvicIntPanel[,0,0,450x181,layout=javax.swing.BoxLayout,alignmentX=0.0,alignmentY=0.0,border=,flags=9,maximumSize=,minimumSize=,preferredSize=]
2025-10-31 21:24:44,164 [INFO] UtilMem:75 - End SaveConfig() Used Memory: 411043840 Bytes (679477248)
2025-10-31 21:24:45,959 [INFO] UtilMem:75 - End SaveConfig() Used Memory: 430966784 Bytes (679477248)
2025-10-31 21:24:48,032 [INFO] UtilMem:75 - End SaveConfig() Used Memory: 461897728 Bytes (679477248)
2025-10-31 21:24:48,290 [INFO] BlockDiagram:2775 - set Specific Code input for plugin: RTC
2025-10-31 21:24:48,290 [INFO] BlockDiagram:2775 - set Specific Code input for plugin: NVIC
2025-10-31 21:24:48,290 [INFO] BlockDiagram:2775 - set Specific Code input for plugin: TIM1_8F1
2025-10-31 21:24:48,290 [INFO] BlockDiagram:2775 - set Specific Code input for plugin: SYS
2025-10-31 21:24:48,290 [INFO] BlockDiagram:2775 - set Specific Code input for plugin: GPIO
2025-10-31 21:24:48,290 [INFO] BlockDiagram:2775 - set Specific Code input for plugin: RCC
2025-10-31 21:24:48,290 [INFO] BlockDiagram:2775 - set Specific Code input for plugin: I2C
2025-10-31 21:24:48,291 [INFO] CodeGenerator:892 - code generatio: config db path: C:\ST\STM32CubeIDE_1.19.0\STM32CubeIDE\plugins\com.st.stm32cube.common.mx_6.15.0.202507011659\\db\
2025-10-31 21:24:48,292 [WARN] IP:2250 - I2C_Coeff_DF not found: check if there is a RefParameter without a condition.
2025-10-31 21:24:48,292 [WARN] IP:2250 - Analog_Filter not found: check if there is a RefParameter without a condition.
2025-10-31 21:24:48,396 [INFO] CodeEngine:265 - oldGeneratedFile, C:\Users\nico2\OneDrive\Desktop\EMBEBIDOS\COMEDERO_INTEGRACION\MXTmpFiles\license.tmp_save
2025-10-31 21:24:48,500 [INFO] CodeEngine:289 - Generated code: C:\Users\nico2\OneDrive\Desktop\EMBEBIDOS\COMEDERO_INTEGRACION\MXTmpFiles\license.tmp
2025-10-31 21:24:48,542 [INFO] CodeEngine:265 - oldGeneratedFile, C:\Users\nico2\OneDrive\Desktop\EMBEBIDOS\COMEDERO_INTEGRACION\MXTmpFiles\gpio.tmp_save
2025-10-31 21:24:48,656 [INFO] CodeEngine:289 - Generated code: C:\Users\nico2\OneDrive\Desktop\EMBEBIDOS\COMEDERO_INTEGRACION\MXTmpFiles\gpio.tmp
2025-10-31 21:24:48,802 [INFO] CodeEngine:265 - oldGeneratedFile, C:\Users\nico2\OneDrive\Desktop\EMBEBIDOS\COMEDERO_INTEGRACION\Core\Src\stm32f1xx_it.c_save
2025-10-31 21:24:48,913 [INFO] CodeEngine:289 - Generated code: C:\Users\nico2\OneDrive\Desktop\EMBEBIDOS\COMEDERO_INTEGRACION\Core\Src\stm32f1xx_it.c
2025-10-31 21:24:48,916 [INFO] CodeEngine:265 - oldGeneratedFile, C:\Users\nico2\OneDrive\Desktop\EMBEBIDOS\COMEDERO_INTEGRACION\Core\Inc\stm32f1xx_it.h_save
2025-10-31 21:24:48,987 [INFO] CodeEngine:289 - Generated code: C:\Users\nico2\OneDrive\Desktop\EMBEBIDOS\COMEDERO_INTEGRACION\Core\Inc\stm32f1xx_it.h
2025-10-31 21:24:49,002 [INFO] CodeEngine:265 - oldGeneratedFile, C:\Users\nico2\OneDrive\Desktop\EMBEBIDOS\COMEDERO_INTEGRACION\Core\Src\stm32f1xx_hal_msp.c_save
2025-10-31 21:24:49,170 [INFO] CodeEngine:289 - Generated code: C:\Users\nico2\OneDrive\Desktop\EMBEBIDOS\COMEDERO_INTEGRACION\Core\Src\stm32f1xx_hal_msp.c
2025-10-31 21:24:49,188 [INFO] CodeEngine:265 - oldGeneratedFile, C:\Users\nico2\OneDrive\Desktop\EMBEBIDOS\COMEDERO_INTEGRACION\MXTmpFiles\system.tmp_save
2025-10-31 21:24:49,392 [INFO] CodeEngine:289 - Generated code: C:\Users\nico2\OneDrive\Desktop\EMBEBIDOS\COMEDERO_INTEGRACION\MXTmpFiles\system.tmp
2025-10-31 21:24:49,427 [INFO] CodeEngine:321 - oldGeneratedFile, C:\Users\nico2\OneDrive\Desktop\EMBEBIDOS\COMEDERO_INTEGRACION\Core\Inc\stm32f1xx_hal_conf.h_save
2025-10-31 21:24:49,550 [INFO] CodeEngine:345 - Generated code: C:\Users\nico2\OneDrive\Desktop\EMBEBIDOS\COMEDERO_INTEGRACION\Core\Inc\stm32f1xx_hal_conf.h
2025-10-31 21:24:49,567 [WARN] IPConfigManager:3811 - IP not found : TIM
2025-10-31 21:24:49,568 [WARN] CodeGenerator:4259 - IP not found : null
2025-10-31 21:24:49,584 [INFO] CodeEngine:265 - oldGeneratedFile, C:\Users\nico2\OneDrive\Desktop\EMBEBIDOS\COMEDERO_INTEGRACION\Core\Inc\main.h_save
2025-10-31 21:24:49,715 [INFO] CodeEngine:289 - Generated code: C:\Users\nico2\OneDrive\Desktop\EMBEBIDOS\COMEDERO_INTEGRACION\Core\Inc\main.h
2025-10-31 21:24:49,723 [INFO] CodeEngine:265 - oldGeneratedFile, C:\Users\nico2\OneDrive\Desktop\EMBEBIDOS\COMEDERO_INTEGRACION\Core\Src\main.c_save
2025-10-31 21:24:49,941 [INFO] CodeEngine:289 - Generated code: C:\Users\nico2\OneDrive\Desktop\EMBEBIDOS\COMEDERO_INTEGRACION\Core\Src\main.c
2025-10-31 21:24:50,804 [INFO] ProjectBuilder:3606 - Time for Copy HAL[1] : 82mS.
2025-10-31 21:24:50,808 [INFO] ProjectBuilder:5216 - Project Generator version: 4.7.0-B52
2025-10-31 21:24:50,860 [INFO] ConfigFileManager:1595 - The Die is : DIE410
2025-10-31 21:24:53,819 [INFO] ProjectBuilder:5496 - Time for Generating toolchain IDE Files: 3010mS.
2025-10-31 21:24:53,819 [INFO] ProjectBuilder:3463 - Time for Copy CMSIS : 0mS.
2025-10-31 21:24:53,821 [INFO] ProjectBuilder:3463 - Time for Copy CMSIS : 0mS.
2025-10-31 18:38:50,146 [WARN] IP:2250 - I2C_Coeff_DF not found: check if there is a RefParameter without a condition.
2025-10-31 18:38:50,146 [WARN] IP:2250 - Analog_Filter not found: check if there is a RefParameter without a condition.
2025-10-31 18:38:50,147 [WARN] IP:2250 - I2C_Coeff_DF not found: check if there is a RefParameter without a condition.
2025-10-31 18:38:50,147 [WARN] IP:2250 - Analog_Filter not found: check if there is a RefParameter without a condition.
2025-10-31 18:38:50,265 [WARN] IP:2250 - I2C_Coeff_DF not found: check if there is a RefParameter without a condition.
2025-10-31 18:38:50,266 [WARN] IP:2250 - Analog_Filter not found: check if there is a RefParameter without a condition.
2025-10-31 18:38:50,478 [WARN] IP:2250 - I2C_Coeff_DF not found: check if there is a RefParameter without a condition.
2025-10-31 18:38:50,478 [WARN] IP:2250 - Analog_Filter not found: check if there is a RefParameter without a condition.
2025-10-31 18:38:53,666 [INFO] UtilMem:75 - End SaveConfig() Used Memory: 486907088 Bytes (679477248)
2025-10-31 18:38:56,587 [INFO] UtilMem:75 - End SaveConfig() Used Memory: 500538576 Bytes (679477248)
2025-10-31 18:38:58,917 [INFO] UtilMem:75 - End SaveConfig() Used Memory: 538809552 Bytes (679477248)
2025-10-31 18:39:00,404 [INFO] BlockDiagram:2775 - set Specific Code input for plugin: RTC
2025-10-31 18:39:00,405 [INFO] BlockDiagram:2775 - set Specific Code input for plugin: NVIC
2025-10-31 18:39:00,405 [INFO] BlockDiagram:2775 - set Specific Code input for plugin: TIM1_8F1
2025-10-31 18:39:00,405 [INFO] BlockDiagram:2775 - set Specific Code input for plugin: SYS
2025-10-31 18:39:00,405 [INFO] BlockDiagram:2775 - set Specific Code input for plugin: GPIO
2025-10-31 18:39:00,405 [INFO] BlockDiagram:2775 - set Specific Code input for plugin: RCC
2025-10-31 18:39:00,406 [INFO] BlockDiagram:2775 - set Specific Code input for plugin: I2C
2025-10-31 18:39:00,408 [INFO] CodeGenerator:892 - code generatio: config db path: C:\ST\STM32CubeIDE_1.19.0\STM32CubeIDE\plugins\com.st.stm32cube.common.mx_6.15.0.202507011659\\db\
2025-10-31 18:39:00,410 [WARN] IP:2250 - I2C_Coeff_DF not found: check if there is a RefParameter without a condition.
2025-10-31 18:39:00,410 [WARN] IP:2250 - Analog_Filter not found: check if there is a RefParameter without a condition.
2025-10-31 18:39:00,566 [INFO] CodeEngine:265 - oldGeneratedFile, C:\Users\nico2\OneDrive\Desktop\EMBEBIDOS\COMEDERO_INTEGRACION\MXTmpFiles\license.tmp_save
2025-10-31 18:39:01,594 [INFO] CodeEngine:289 - Generated code: C:\Users\nico2\OneDrive\Desktop\EMBEBIDOS\COMEDERO_INTEGRACION\MXTmpFiles\license.tmp
2025-10-31 18:39:02,143 [INFO] CodeEngine:265 - oldGeneratedFile, C:\Users\nico2\OneDrive\Desktop\EMBEBIDOS\COMEDERO_INTEGRACION\MXTmpFiles\gpio.tmp_save
2025-10-31 18:39:02,594 [INFO] CodeEngine:289 - Generated code: C:\Users\nico2\OneDrive\Desktop\EMBEBIDOS\COMEDERO_INTEGRACION\MXTmpFiles\gpio.tmp
2025-10-31 18:39:03,455 [INFO] CodeEngine:265 - oldGeneratedFile, C:\Users\nico2\OneDrive\Desktop\EMBEBIDOS\COMEDERO_INTEGRACION\Core\Src\stm32f1xx_it.c_save
2025-10-31 18:39:03,817 [INFO] CodeEngine:289 - Generated code: C:\Users\nico2\OneDrive\Desktop\EMBEBIDOS\COMEDERO_INTEGRACION\Core\Src\stm32f1xx_it.c
2025-10-31 18:39:03,853 [INFO] CodeEngine:265 - oldGeneratedFile, C:\Users\nico2\OneDrive\Desktop\EMBEBIDOS\COMEDERO_INTEGRACION\Core\Inc\stm32f1xx_it.h_save
2025-10-31 18:39:03,928 [INFO] CodeEngine:289 - Generated code: C:\Users\nico2\OneDrive\Desktop\EMBEBIDOS\COMEDERO_INTEGRACION\Core\Inc\stm32f1xx_it.h
2025-10-31 18:39:03,936 [INFO] CodeEngine:265 - oldGeneratedFile, C:\Users\nico2\OneDrive\Desktop\EMBEBIDOS\COMEDERO_INTEGRACION\Core\Src\stm32f1xx_hal_msp.c_save
2025-10-31 18:39:04,145 [INFO] CodeEngine:289 - Generated code: C:\Users\nico2\OneDrive\Desktop\EMBEBIDOS\COMEDERO_INTEGRACION\Core\Src\stm32f1xx_hal_msp.c
2025-10-31 18:39:04,149 [INFO] CodeEngine:265 - oldGeneratedFile, C:\Users\nico2\OneDrive\Desktop\EMBEBIDOS\COMEDERO_INTEGRACION\MXTmpFiles\system.tmp_save
2025-10-31 18:39:04,287 [INFO] CodeEngine:289 - Generated code: C:\Users\nico2\OneDrive\Desktop\EMBEBIDOS\COMEDERO_INTEGRACION\MXTmpFiles\system.tmp
2025-10-31 18:39:04,297 [INFO] CodeEngine:321 - oldGeneratedFile, C:\Users\nico2\OneDrive\Desktop\EMBEBIDOS\COMEDERO_INTEGRACION\Core\Inc\stm32f1xx_hal_conf.h_save
2025-10-31 18:39:04,379 [INFO] CodeEngine:345 - Generated code: C:\Users\nico2\OneDrive\Desktop\EMBEBIDOS\COMEDERO_INTEGRACION\Core\Inc\stm32f1xx_hal_conf.h
2025-10-31 18:39:04,475 [WARN] IPConfigManager:3811 - IP not found : TIM
2025-10-31 18:39:04,480 [WARN] CodeGenerator:4259 - IP not found : null
2025-10-31 18:39:04,519 [INFO] CodeEngine:265 - oldGeneratedFile, C:\Users\nico2\OneDrive\Desktop\EMBEBIDOS\COMEDERO_INTEGRACION\Core\Inc\main.h_save
2025-10-31 18:39:04,626 [INFO] CodeEngine:289 - Generated code: C:\Users\nico2\OneDrive\Desktop\EMBEBIDOS\COMEDERO_INTEGRACION\Core\Inc\main.h
2025-10-31 18:39:04,667 [INFO] CodeEngine:265 - oldGeneratedFile, C:\Users\nico2\OneDrive\Desktop\EMBEBIDOS\COMEDERO_INTEGRACION\Core\Src\main.c_save
2025-10-31 18:39:05,130 [INFO] CodeEngine:289 - Generated code: C:\Users\nico2\OneDrive\Desktop\EMBEBIDOS\COMEDERO_INTEGRACION\Core\Src\main.c
2025-10-31 18:39:05,452 [INFO] ProjectBuilder:3606 - Time for Copy HAL[1] : 123mS.
2025-10-31 18:39:05,464 [INFO] ProjectBuilder:5216 - Project Generator version: 4.7.0-B52
2025-10-31 18:39:05,606 [INFO] ConfigFileManager:1595 - The Die is : DIE410
2025-10-31 18:39:08,154 [INFO] ProjectBuilder:5496 - Time for Generating toolchain IDE Files: 2690mS.
2025-10-31 18:39:08,155 [INFO] ProjectBuilder:3463 - Time for Copy CMSIS : 0mS.
2025-10-31 18:39:08,157 [INFO] ProjectBuilder:3463 - Time for Copy CMSIS : 0mS.
2025-10-31 19:25:39,141 [INFO] UtilMem:75 - End SaveConfig() Used Memory: 285843496 Bytes (679477248)
2025-10-31 19:25:42,095 [INFO] UtilMem:75 - End SaveConfig() Used Memory: 306815016 Bytes (679477248)
2025-10-31 19:25:46,742 [INFO] UtilMem:75 - End SaveConfig() Used Memory: 348235816 Bytes (679477248)
2025-10-31 19:25:47,884 [INFO] BlockDiagram:2775 - set Specific Code input for plugin: RTC
2025-10-31 19:25:47,884 [INFO] BlockDiagram:2775 - set Specific Code input for plugin: NVIC
2025-10-31 19:25:47,885 [INFO] BlockDiagram:2775 - set Specific Code input for plugin: TIM1_8F1
2025-10-31 19:25:47,885 [INFO] BlockDiagram:2775 - set Specific Code input for plugin: SYS
2025-10-31 19:25:47,885 [INFO] BlockDiagram:2775 - set Specific Code input for plugin: GPIO
2025-10-31 19:25:47,885 [INFO] BlockDiagram:2775 - set Specific Code input for plugin: RCC
2025-10-31 19:25:47,885 [INFO] BlockDiagram:2775 - set Specific Code input for plugin: I2C
2025-10-31 19:25:47,886 [INFO] CodeGenerator:892 - code generatio: config db path: C:\ST\STM32CubeIDE_1.19.0\STM32CubeIDE\plugins\com.st.stm32cube.common.mx_6.15.0.202507011659\\db\
2025-10-31 19:25:47,887 [WARN] IP:2250 - I2C_Coeff_DF not found: check if there is a RefParameter without a condition.
2025-10-31 19:25:47,887 [WARN] IP:2250 - Analog_Filter not found: check if there is a RefParameter without a condition.
2025-10-31 19:25:48,053 [INFO] CodeEngine:265 - oldGeneratedFile, C:\Users\nico2\OneDrive\Desktop\EMBEBIDOS\COMEDERO_INTEGRACION\MXTmpFiles\license.tmp_save
2025-10-31 19:25:49,190 [INFO] CodeEngine:289 - Generated code: C:\Users\nico2\OneDrive\Desktop\EMBEBIDOS\COMEDERO_INTEGRACION\MXTmpFiles\license.tmp
2025-10-31 19:25:49,419 [INFO] CodeEngine:265 - oldGeneratedFile, C:\Users\nico2\OneDrive\Desktop\EMBEBIDOS\COMEDERO_INTEGRACION\MXTmpFiles\gpio.tmp_save
2025-10-31 19:25:49,657 [INFO] CodeEngine:289 - Generated code: C:\Users\nico2\OneDrive\Desktop\EMBEBIDOS\COMEDERO_INTEGRACION\MXTmpFiles\gpio.tmp
2025-10-31 19:25:50,115 [INFO] CodeEngine:265 - oldGeneratedFile, C:\Users\nico2\OneDrive\Desktop\EMBEBIDOS\COMEDERO_INTEGRACION\Core\Src\stm32f1xx_it.c_save
2025-10-31 19:25:50,452 [INFO] CodeEngine:289 - Generated code: C:\Users\nico2\OneDrive\Desktop\EMBEBIDOS\COMEDERO_INTEGRACION\Core\Src\stm32f1xx_it.c
2025-10-31 19:25:50,491 [INFO] CodeEngine:265 - oldGeneratedFile, C:\Users\nico2\OneDrive\Desktop\EMBEBIDOS\COMEDERO_INTEGRACION\Core\Inc\stm32f1xx_it.h_save
2025-10-31 19:25:54,299 [INFO] CodeEngine:289 - Generated code: C:\Users\nico2\OneDrive\Desktop\EMBEBIDOS\COMEDERO_INTEGRACION\Core\Inc\stm32f1xx_it.h
2025-10-31 19:25:54,310 [INFO] CodeEngine:265 - oldGeneratedFile, C:\Users\nico2\OneDrive\Desktop\EMBEBIDOS\COMEDERO_INTEGRACION\Core\Src\stm32f1xx_hal_msp.c_save
2025-10-31 19:25:54,565 [INFO] CodeEngine:289 - Generated code: C:\Users\nico2\OneDrive\Desktop\EMBEBIDOS\COMEDERO_INTEGRACION\Core\Src\stm32f1xx_hal_msp.c
2025-10-31 19:25:54,569 [INFO] CodeEngine:265 - oldGeneratedFile, C:\Users\nico2\OneDrive\Desktop\EMBEBIDOS\COMEDERO_INTEGRACION\MXTmpFiles\system.tmp_save
2025-10-31 19:25:54,702 [INFO] CodeEngine:289 - Generated code: C:\Users\nico2\OneDrive\Desktop\EMBEBIDOS\COMEDERO_INTEGRACION\MXTmpFiles\system.tmp
2025-10-31 19:25:54,746 [INFO] CodeEngine:321 - oldGeneratedFile, C:\Users\nico2\OneDrive\Desktop\EMBEBIDOS\COMEDERO_INTEGRACION\Core\Inc\stm32f1xx_hal_conf.h_save
2025-10-31 19:25:54,856 [INFO] CodeEngine:345 - Generated code: C:\Users\nico2\OneDrive\Desktop\EMBEBIDOS\COMEDERO_INTEGRACION\Core\Inc\stm32f1xx_hal_conf.h
2025-10-31 19:25:54,909 [WARN] IPConfigManager:3811 - IP not found : TIM
2025-10-31 19:25:54,910 [WARN] CodeGenerator:4259 - IP not found : null
2025-10-31 19:25:54,950 [INFO] CodeEngine:265 - oldGeneratedFile, C:\Users\nico2\OneDrive\Desktop\EMBEBIDOS\COMEDERO_INTEGRACION\Core\Inc\main.h_save
2025-10-31 19:25:55,126 [INFO] CodeEngine:289 - Generated code: C:\Users\nico2\OneDrive\Desktop\EMBEBIDOS\COMEDERO_INTEGRACION\Core\Inc\main.h
2025-10-31 19:25:55,131 [INFO] CodeEngine:265 - oldGeneratedFile, C:\Users\nico2\OneDrive\Desktop\EMBEBIDOS\COMEDERO_INTEGRACION\Core\Src\main.c_save
2025-10-31 19:25:55,397 [INFO] CodeEngine:289 - Generated code: C:\Users\nico2\OneDrive\Desktop\EMBEBIDOS\COMEDERO_INTEGRACION\Core\Src\main.c
2025-10-31 19:25:55,936 [INFO] ProjectBuilder:3606 - Time for Copy HAL[1] : 122mS.
2025-10-31 19:25:55,944 [INFO] ProjectBuilder:5216 - Project Generator version: 4.7.0-B52
2025-10-31 19:25:56,058 [INFO] ConfigFileManager:1595 - The Die is : DIE410
2025-10-31 19:25:59,222 [INFO] ProjectBuilder:5496 - Time for Generating toolchain IDE Files: 3265mS.
2025-10-31 19:25:59,223 [INFO] ProjectBuilder:3463 - Time for Copy CMSIS : 1mS.
2025-10-31 19:25:59,228 [INFO] ProjectBuilder:3463 - Time for Copy CMSIS : 0mS.
