2025-10-20 11:39:47,278 [INFO] Activator:176 - 


2025-10-20 11:39:47,281 [INFO] Activator:177 - !SESSION log4j initialized
2025-10-20 11:40:04,882 [INFO] LogOutputStream:77 - [STDOUT_REDIRECT] 
2025-10-20 11:40:07,610 [INFO] ApplicationProperties:184 - Using Application install path: C:\ST\STM32CubeIDE_1.19.0\STM32CubeIDE\plugins\com.st.stm32cube.common.mx_6.15.0.202507011659
2025-10-20 11:40:07,626 [INFO] DbMcusXml:78 - Set database path to: C:\ST\STM32CubeIDE_1.19.0\STM32CubeIDE\plugins\com.st.stm32cube.common.mx_6.15.0.202507011659\\db\/mcu/
2025-10-20 11:40:07,626 [INFO] ApiDb:274 - Set plugin database path to: C:\ST\STM32CubeIDE_1.19.0\STM32CubeIDE\plugins\com.st.stm32cube.common.mx_6.15.0.202507011659\\db\/plugins/boardmanager/
2025-10-20 11:40:07,641 [WARN] ApiDb:259 - Overriding images path with different value:  => C:\ST\STM32CubeIDE_1.19.0\STM32CubeIDE\plugins\com.st.stm32cube.common.mx_6.15.0.202507011659\\db\/plugins/mcufinder/images/
2025-10-20 11:40:07,641 [INFO] ApiDb:250 - Set database path to: C:\Users\nico2\.stmcufinder\plugins\mcufinder//mcu/
2025-10-20 11:40:07,641 [INFO] DbMcusAds:125 - Set database path to: C:\Users\nico2\.stmcufinder\plugins\mcufinder//mcu/
2025-10-20 11:40:07,641 [INFO] CrossReferenceDbSqlite:203 - Set database path to: C:\Users\nico2\.stmcufinder\plugins\mcufinder//mcu/cs/
2025-10-20 11:40:07,829 [INFO] RulesReader:64 - Compatibility file has been processed (317 Rules)
2025-10-20 11:40:07,938 [INFO] DbMcusXml:78 - Set database path to: C:\ST\STM32CubeIDE_1.19.0\STM32CubeIDE\plugins\com.st.stm32cube.common.mx_6.15.0.202507011659\\db\/mcu/
2025-10-20 11:40:07,938 [INFO] ApiDb:274 - Set plugin database path to: C:\ST\STM32CubeIDE_1.19.0\STM32CubeIDE\plugins\com.st.stm32cube.common.mx_6.15.0.202507011659\\db\/plugins/boardmanager/
2025-10-20 11:40:07,938 [INFO] ApiDb:261 - Set plugin images path to: C:\ST\STM32CubeIDE_1.19.0\STM32CubeIDE\plugins\com.st.stm32cube.common.mx_6.15.0.202507011659\\db\/plugins/mcufinder/images/
2025-10-20 11:40:07,938 [WARN] DbFile:41 - Overriding database path with different value: C:\Users\nico2\.stmcufinder\plugins\mcufinder/ => C:\Users\nico2\.stmcufinder\plugins\mcufinder
2025-10-20 11:40:07,938 [INFO] ApiDb:250 - Set database path to: C:\Users\nico2\.stmcufinder\plugins\mcufinder//mcu/
2025-10-20 11:40:07,938 [WARN] DbFile:41 - Overriding database path with different value: C:\Users\nico2\.stmcufinder\plugins\mcufinder/ => C:\Users\nico2\.stmcufinder\plugins\mcufinder
2025-10-20 11:40:07,938 [INFO] DbMcusAds:125 - Set database path to: C:\Users\nico2\.stmcufinder\plugins\mcufinder//mcu/
2025-10-20 11:40:07,938 [WARN] DbFile:41 - Overriding database path with different value: C:\Users\nico2\.stmcufinder\plugins\mcufinder/ => C:\Users\nico2\.stmcufinder\plugins\mcufinder
2025-10-20 11:40:07,938 [WARN] DbFile:41 - Overriding database path with different value: C:\Users\nico2\.stmcufinder\plugins\mcufinder/ => C:\Users\nico2\.stmcufinder\plugins\mcufinder
2025-10-20 11:40:07,938 [INFO] CrossReferenceDbSqlite:203 - Set database path to: C:\Users\nico2\.stmcufinder\plugins\mcufinder//mcu/cs/
2025-10-20 11:40:08,079 [INFO] MainPanel:274 - HeapMemory: 268435456
2025-10-20 11:40:08,220 [INFO] DbMcusXml:78 - Set database path to: C:\ST\STM32CubeIDE_1.19.0\STM32CubeIDE\plugins\com.st.stm32cube.common.mx_6.15.0.202507011659\\db\/mcu/
2025-10-20 11:40:08,220 [INFO] ApiDb:274 - Set plugin database path to: C:\ST\STM32CubeIDE_1.19.0\STM32CubeIDE\plugins\com.st.stm32cube.common.mx_6.15.0.202507011659\\db\/plugins/boardmanager/
2025-10-20 11:40:08,220 [INFO] ApiDb:261 - Set plugin images path to: C:\ST\STM32CubeIDE_1.19.0\STM32CubeIDE\plugins\com.st.stm32cube.common.mx_6.15.0.202507011659\\db\/plugins/mcufinder/images/
2025-10-20 11:40:08,220 [WARN] DbFile:41 - Overriding database path with different value: C:\Users\nico2\.stmcufinder\plugins\mcufinder/ => C:\Users\nico2\.stmcufinder\plugins\mcufinder
2025-10-20 11:40:08,220 [INFO] ApiDb:250 - Set database path to: C:\Users\nico2\.stmcufinder\plugins\mcufinder//mcu/
2025-10-20 11:40:08,220 [WARN] DbFile:41 - Overriding database path with different value: C:\Users\nico2\.stmcufinder\plugins\mcufinder/ => C:\Users\nico2\.stmcufinder\plugins\mcufinder
2025-10-20 11:40:08,220 [INFO] DbMcusAds:125 - Set database path to: C:\Users\nico2\.stmcufinder\plugins\mcufinder//mcu/
2025-10-20 11:40:08,220 [WARN] DbFile:41 - Overriding database path with different value: C:\Users\nico2\.stmcufinder\plugins\mcufinder/ => C:\Users\nico2\.stmcufinder\plugins\mcufinder
2025-10-20 11:40:08,220 [WARN] DbFile:41 - Overriding database path with different value: C:\Users\nico2\.stmcufinder\plugins\mcufinder/ => C:\Users\nico2\.stmcufinder\plugins\mcufinder
2025-10-20 11:40:08,220 [INFO] CrossReferenceDbSqlite:203 - Set database path to: C:\Users\nico2\.stmcufinder\plugins\mcufinder//mcu/cs/
2025-10-20 11:40:08,235 [INFO] ApplicationProperties:184 - Using Application install path: C:\ST\STM32CubeIDE_1.19.0\STM32CubeIDE\plugins\com.st.stm32cube.common.mx_6.15.0.202507011659
2025-10-20 11:40:08,235 [INFO] PluginManage:196 - Search for loadable plugins [exclusion list=, ]
2025-10-20 11:40:08,235 [INFO] PluginManage:310 - Check plugin analytics
2025-10-20 11:40:08,704 [INFO] AnalyticsPlugin:253 - Accepted Software Licenses: 
2025-10-20 11:40:08,704 [INFO] AnalyticsPlugin:255 - Accepted CMSIS Pack Licenses: 
2025-10-20 11:40:08,704 [INFO] AnalyticsPlugin:257 - Accepted Firmware Licenses: 
2025-10-20 11:40:08,704 [INFO] PluginManage:359 - Loaded plugin analytics (category:tool,tabindex:-1)
2025-10-20 11:40:08,704 [INFO] PluginManage:310 - Check plugin cadmodel
2025-10-20 11:40:08,720 [INFO] CADModel:105 - Init CAD model plugin
2025-10-20 11:40:08,720 [INFO] PluginManage:359 - Loaded plugin cadmodel (category:power,tabindex:5)
2025-10-20 11:40:08,720 [INFO] PluginManage:310 - Check plugin clock
2025-10-20 11:40:08,751 [INFO] PluginManage:359 - Loaded plugin clock (category:base,tabindex:2)
2025-10-20 11:40:08,751 [INFO] PluginManage:310 - Check plugin ddr
2025-10-20 11:40:08,751 [INFO] PluginManage:359 - Loaded plugin ddr (category:tool,tabindex:6)
2025-10-20 11:40:08,751 [INFO] PluginManage:310 - Check plugin filemanager
2025-10-20 11:40:08,940 [INFO] PluginManage:359 - Loaded plugin filemanager (category:base,tabindex:10)
2025-10-20 11:40:08,940 [INFO] PluginManage:310 - Check plugin ipmanager
2025-10-20 11:40:08,940 [INFO] PluginManage:359 - Loaded plugin ipmanager (category:base,tabindex:5)
2025-10-20 11:40:08,940 [INFO] PluginManage:310 - Check plugin lpbam
2025-10-20 11:40:08,956 [INFO] PluginManage:359 - Loaded plugin lpbam (category:base,tabindex:0)
2025-10-20 11:40:08,956 [INFO] PluginManage:310 - Check plugin memorymap
2025-10-20 11:40:08,971 [INFO] PluginManage:359 - Loaded plugin memorymap (category:base,tabindex:4)
2025-10-20 11:40:08,971 [INFO] PluginManage:310 - Check plugin pinoutandconfiguration
2025-10-20 11:40:08,971 [INFO] PluginManage:359 - Loaded plugin pinoutandconfiguration (category:base,tabindex:1)
2025-10-20 11:40:08,971 [INFO] PluginManage:310 - Check plugin pinoutconfig
2025-10-20 11:40:09,112 [WARN] SupportedApi:132 - Cannot load RTOS API schema: s4s-elt-must-match.1: The content of 'definitions' must match (annotation?, (simpleType | complexType)?, (unique | key | keyref)*)). A problem was found starting at: attribute.
2025-10-20 11:40:09,237 [INFO] PluginManage:359 - Loaded plugin pinoutconfig (category:base,tabindex:0)
2025-10-20 11:40:09,237 [INFO] PluginManage:310 - Check plugin power
2025-10-20 11:40:09,253 [INFO] PluginManage:359 - Loaded plugin power (category:power,tabindex:4)
2025-10-20 11:40:09,253 [INFO] PluginManage:310 - Check plugin projectmanager
2025-10-20 11:40:09,299 [INFO] PluginManage:359 - Loaded plugin projectmanager (category:projectmanager,tabindex:4)
2025-10-20 11:40:09,299 [INFO] PluginManage:310 - Check plugin rif
2025-10-20 11:40:09,315 [INFO] PluginManage:359 - Loaded plugin rif (category:base,tabindex:3)
2025-10-20 11:40:09,315 [INFO] PluginManage:310 - Check plugin thirdparty
2025-10-20 11:40:09,534 [INFO] PluginManage:359 - Loaded plugin thirdparty (category:base,tabindex:-1)
2025-10-20 11:40:09,534 [INFO] PluginManage:310 - Check plugin tools
2025-10-20 11:40:09,534 [INFO] PluginManage:359 - Loaded plugin tools (category:base,tabindex:7)
2025-10-20 11:40:09,534 [INFO] PluginManage:310 - Check plugin tutovideos
2025-10-20 11:40:09,549 [WARN] IntegrityCheckThread:84 - waiting for thirdparty lock release [integrity check]
2025-10-20 11:40:09,549 [INFO] IntegrityCheckThread:86 - entering critical section [integrity check]
2025-10-20 11:40:09,549 [INFO] ThirdPartyUpdaterWithRetryManager:70 - Updater plugin not ready yet. [1/15]
2025-10-20 11:40:09,877 [INFO] PluginManage:359 - Loaded plugin tutovideos (category:base,tabindex:-1)
2025-10-20 11:40:09,877 [INFO] PluginManage:310 - Check plugin updater
2025-10-20 11:40:10,024 [INFO] PluginManage:359 - Loaded plugin updater (category:base,tabindex:12)
2025-10-20 11:40:10,024 [INFO] PluginManage:310 - Check plugin userauth
2025-10-20 11:40:10,039 [INFO] UserAuth:118 - Init User Auth plugin
2025-10-20 11:40:10,039 [INFO] PluginManage:359 - Loaded plugin userauth (category:base,tabindex:14)
2025-10-20 11:40:10,039 [INFO] PluginManage:283 - PluginManage : Loaded plugins [18]
2025-10-20 11:40:10,448 [INFO] PinOutPanel:1589 - setPackage(No Configuration,No Configuration)
2025-10-20 11:40:10,666 [INFO] CADModel:165 - CPN selected for project level
2025-10-20 11:40:10,666 [INFO] CADModel:114 - Register for checkConnection events
2025-10-20 11:40:10,713 [INFO] IPUIPlugin:80 - create IPUIPlugin
2025-10-20 11:40:10,713 [INFO] PluginManager:220 - loadIPPluginJar : add adc
2025-10-20 11:40:10,713 [INFO] IPUIPlugin:80 - create IPUIPlugin
2025-10-20 11:40:10,713 [INFO] PluginManager:220 - loadIPPluginJar : add aes
2025-10-20 11:40:10,713 [INFO] IPUIPlugin:80 - create IPUIPlugin
2025-10-20 11:40:10,713 [INFO] PluginManager:220 - loadIPPluginJar : add can
2025-10-20 11:40:10,729 [INFO] IPUIPlugin:80 - create IPUIPlugin
2025-10-20 11:40:10,729 [INFO] PluginManager:220 - loadIPPluginJar : add comp
2025-10-20 11:40:10,729 [INFO] IPUIPlugin:80 - create IPUIPlugin
2025-10-20 11:40:10,729 [INFO] PluginManager:220 - loadIPPluginJar : add cryp
2025-10-20 11:40:10,729 [INFO] IPUIPlugin:80 - create IPUIPlugin
2025-10-20 11:40:10,729 [INFO] PluginManager:220 - loadIPPluginJar : add ddr_ctrl_phy
2025-10-20 11:40:10,760 [INFO] IPUIPlugin:80 - create IPUIPlugin
2025-10-20 11:40:10,760 [INFO] PluginManager:220 - loadIPPluginJar : add dfsdm
2025-10-20 11:40:10,760 [INFO] IPUIPlugin:80 - create IPUIPlugin
2025-10-20 11:40:10,760 [INFO] PluginManager:220 - loadIPPluginJar : add dma
2025-10-20 11:40:10,760 [INFO] IPUIPlugin:80 - create IPUIPlugin
2025-10-20 11:40:10,760 [INFO] PluginManager:220 - loadIPPluginJar : add dma3
2025-10-20 11:40:10,776 [INFO] IPUIPlugin:80 - create IPUIPlugin
2025-10-20 11:40:10,776 [INFO] PluginManager:220 - loadIPPluginJar : add extmemmanager
2025-10-20 11:40:10,776 [INFO] IPUIPlugin:80 - create IPUIPlugin
2025-10-20 11:40:10,776 [INFO] PluginManager:220 - loadIPPluginJar : add fatfs
2025-10-20 11:40:10,776 [INFO] IPUIPlugin:80 - create IPUIPlugin
2025-10-20 11:40:10,776 [INFO] PluginManager:220 - loadIPPluginJar : add fmc
2025-10-20 11:40:10,776 [INFO] IPUIPlugin:80 - create IPUIPlugin
2025-10-20 11:40:10,776 [INFO] PluginManager:220 - loadIPPluginJar : add freertos
2025-10-20 11:40:10,776 [INFO] IPUIPlugin:80 - create IPUIPlugin
2025-10-20 11:40:10,776 [INFO] PluginManager:220 - loadIPPluginJar : add genericplugin
2025-10-20 11:40:10,791 [INFO] IPUIPlugin:80 - create IPUIPlugin
2025-10-20 11:40:10,791 [INFO] PluginManager:220 - loadIPPluginJar : add gfxmmu
2025-10-20 11:40:10,791 [INFO] IPUIPlugin:80 - create IPUIPlugin
2025-10-20 11:40:10,791 [INFO] PluginManager:220 - loadIPPluginJar : add gic
2025-10-20 11:40:10,791 [INFO] IPUIPlugin:80 - create IPUIPlugin
2025-10-20 11:40:10,791 [INFO] PluginManager:220 - loadIPPluginJar : add gpio
2025-10-20 11:40:10,791 [INFO] IPUIPlugin:80 - create IPUIPlugin
2025-10-20 11:40:10,791 [INFO] PluginManager:220 - loadIPPluginJar : add gtzc
2025-10-20 11:40:10,791 [INFO] IPUIPlugin:80 - create IPUIPlugin
2025-10-20 11:40:10,791 [INFO] PluginManager:220 - loadIPPluginJar : add hash
2025-10-20 11:40:10,791 [INFO] IPUIPlugin:80 - create IPUIPlugin
2025-10-20 11:40:10,791 [INFO] PluginManager:220 - loadIPPluginJar : add i2c
2025-10-20 11:40:10,807 [INFO] IPUIPlugin:80 - create IPUIPlugin
2025-10-20 11:40:10,807 [INFO] PluginManager:220 - loadIPPluginJar : add i2s
2025-10-20 11:40:10,807 [INFO] IPUIPlugin:80 - create IPUIPlugin
2025-10-20 11:40:10,807 [INFO] PluginManager:220 - loadIPPluginJar : add i3c
2025-10-20 11:40:10,807 [INFO] IPUIPlugin:80 - create IPUIPlugin
2025-10-20 11:40:10,807 [INFO] PluginManager:220 - loadIPPluginJar : add ipddr
2025-10-20 11:40:10,807 [INFO] IPUIPlugin:80 - create IPUIPlugin
2025-10-20 11:40:10,807 [INFO] PluginManager:220 - loadIPPluginJar : add linkedlist
2025-10-20 11:40:10,823 [INFO] IPUIPlugin:80 - create IPUIPlugin
2025-10-20 11:40:10,823 [INFO] PluginManager:220 - loadIPPluginJar : add lorawan
2025-10-20 11:40:10,823 [INFO] IPUIPlugin:80 - create IPUIPlugin
2025-10-20 11:40:10,823 [INFO] PluginManager:220 - loadIPPluginJar : add ltdc
2025-10-20 11:40:10,823 [INFO] IPUIPlugin:80 - create IPUIPlugin
2025-10-20 11:40:10,823 [INFO] PluginManager:220 - loadIPPluginJar : add mdma
2025-10-20 11:40:10,823 [INFO] IPUIPlugin:80 - create IPUIPlugin
2025-10-20 11:40:10,823 [INFO] PluginManager:220 - loadIPPluginJar : add nvic
2025-10-20 11:40:10,838 [INFO] IPUIPlugin:80 - create IPUIPlugin
2025-10-20 11:40:10,838 [INFO] PluginManager:220 - loadIPPluginJar : add opamp
2025-10-20 11:40:10,838 [INFO] IPUIPlugin:80 - create IPUIPlugin
2025-10-20 11:40:10,838 [INFO] PluginManager:220 - loadIPPluginJar : add openamp
2025-10-20 11:40:10,838 [INFO] IPUIPlugin:80 - create IPUIPlugin
2025-10-20 11:40:10,838 [INFO] PluginManager:220 - loadIPPluginJar : add pdm2pcm
2025-10-20 11:40:10,838 [INFO] IPUIPlugin:80 - create IPUIPlugin
2025-10-20 11:40:10,838 [INFO] PluginManager:220 - loadIPPluginJar : add plateformsettings
2025-10-20 11:40:10,854 [INFO] IPUIPlugin:80 - create IPUIPlugin
2025-10-20 11:40:10,854 [INFO] PluginManager:220 - loadIPPluginJar : add quadspi
2025-10-20 11:40:10,854 [INFO] IPUIPlugin:80 - create IPUIPlugin
2025-10-20 11:40:10,854 [INFO] PluginManager:220 - loadIPPluginJar : add radio
2025-10-20 11:40:10,854 [INFO] IPUIPlugin:80 - create IPUIPlugin
2025-10-20 11:40:10,854 [INFO] PluginManager:220 - loadIPPluginJar : add resmgrutility
2025-10-20 11:40:10,854 [INFO] IPUIPlugin:80 - create IPUIPlugin
2025-10-20 11:40:10,854 [INFO] PluginManager:220 - loadIPPluginJar : add sai
2025-10-20 11:40:10,854 [INFO] IPUIPlugin:80 - create IPUIPlugin
2025-10-20 11:40:10,854 [INFO] PluginManager:220 - loadIPPluginJar : add spi
2025-10-20 11:40:10,870 [INFO] IPUIPlugin:80 - create IPUIPlugin
2025-10-20 11:40:10,870 [INFO] PluginManager:220 - loadIPPluginJar : add stm32_wpan
2025-10-20 11:40:10,870 [INFO] IPUIPlugin:80 - create IPUIPlugin
2025-10-20 11:40:10,870 [INFO] PluginManager:220 - loadIPPluginJar : add tim
2025-10-20 11:40:10,916 [INFO] IPUIPlugin:80 - create IPUIPlugin
2025-10-20 11:40:10,916 [INFO] PluginManager:220 - loadIPPluginJar : add touchsensing
2025-10-20 11:40:10,916 [INFO] IPUIPlugin:80 - create IPUIPlugin
2025-10-20 11:40:10,916 [INFO] PluginManager:220 - loadIPPluginJar : add tracer_emb
2025-10-20 11:40:10,916 [INFO] IPUIPlugin:80 - create IPUIPlugin
2025-10-20 11:40:10,916 [INFO] PluginManager:220 - loadIPPluginJar : add ts
2025-10-20 11:40:10,916 [INFO] IPUIPlugin:80 - create IPUIPlugin
2025-10-20 11:40:10,916 [INFO] PluginManager:220 - loadIPPluginJar : add tsc
2025-10-20 11:40:10,916 [INFO] IPUIPlugin:80 - create IPUIPlugin
2025-10-20 11:40:10,916 [INFO] PluginManager:220 - loadIPPluginJar : add ucpd
2025-10-20 11:40:10,916 [INFO] IPUIPlugin:80 - create IPUIPlugin
2025-10-20 11:40:10,916 [INFO] PluginManager:220 - loadIPPluginJar : add usart
2025-10-20 11:40:10,963 [INFO] IPUIPlugin:80 - create IPUIPlugin
2025-10-20 11:40:10,963 [INFO] PluginManager:220 - loadIPPluginJar : add usbx
2025-10-20 11:40:11,126 [FATAL] Updater:351 - Updater called before beeing initialized
2025-10-20 11:40:11,161 [INFO] RulesReader:64 - Compatibility file has been processed (317 Rules)
2025-10-20 11:40:11,271 [INFO] RulesReader:64 - Compatibility file has been processed (317 Rules)
2025-10-20 11:40:11,271 [INFO] CADModel:165 - CPN selected for project level
2025-10-20 11:40:11,271 [INFO] CADModel:114 - Register for checkConnection events
2025-10-20 11:40:11,271 [FATAL] Updater:351 - Updater called before beeing initialized
2025-10-20 11:40:11,271 [ERROR] CADModel:125 - Updater not yet initialized, retry later 
2025-10-20 11:40:11,464 [FATAL] Updater:351 - Updater called before beeing initialized
2025-10-20 11:40:11,476 [INFO] CADModel:165 - CPN selected for project level
2025-10-20 11:40:11,476 [INFO] CADModel:114 - Register for checkConnection events
2025-10-20 11:40:11,476 [FATAL] Updater:351 - Updater called before beeing initialized
2025-10-20 11:40:11,476 [ERROR] CADModel:125 - Updater not yet initialized, retry later 
2025-10-20 11:40:11,478 [FATAL] Updater:351 - Updater called before beeing initialized
2025-10-20 11:40:11,638 [FATAL] Updater:351 - Updater called before beeing initialized
2025-10-20 11:40:11,638 [INFO] DbMcusAds:53 - JSON generation date=Thu Oct 02 02:36:05 PDT 2025 (1759397765645)
2025-10-20 11:40:11,638 [FATAL] Updater:351 - Updater called before beeing initialized
2025-10-20 11:40:11,685 [WARN] DetailPanel:346 - Failed to get advertising image, set to default
2025-10-20 11:40:11,904 [FATAL] Updater:351 - Updater called before beeing initialized
2025-10-20 11:40:11,904 [FATAL] Updater:351 - Updater called before beeing initialized
2025-10-20 11:40:11,904 [FATAL] Updater:351 - Updater called before beeing initialized
2025-10-20 11:40:11,904 [WARN] DetailPanel:346 - Failed to get advertising image, set to default
2025-10-20 11:40:11,904 [FATAL] Updater:351 - Updater called before beeing initialized
2025-10-20 11:40:11,984 [ERROR] Updater:1198 - MainUpdater not yet initialized. External WinMGr cannot be set.
2025-10-20 11:40:11,984 [INFO] Updater:1134 - Updater Version found : 6.15.0
2025-10-20 11:40:12,000 [INFO] ApplicationProperties:184 - Using Application install path: C:\ST\STM32CubeIDE_1.19.0\STM32CubeIDE\plugins\com.st.stm32cube.common.mx_6.15.0.202507011659
2025-10-20 11:40:12,562 [INFO] ThirdPartyUpdaterWithRetryManager:70 - Updater plugin not ready yet. [2/15]
2025-10-20 11:40:13,625 [ERROR] LogOutputStream:75 - [STDERR_REDIRECT] Oct 20, 2025 11:40:13 AM java.util.prefs.WindowsPreferences <init>
2025-10-20 11:40:13,625 [ERROR] LogOutputStream:75 - [STDERR_REDIRECT] WARNING: Could not open/create prefs root node Software\JavaSoft\Prefs at root 0xffffffff80000002. Windows RegCreateKeyEx(...) returned error code 5.
2025-10-20 11:40:13,625 [ERROR] LogOutputStream:75 - [STDERR_REDIRECT] 
2025-10-20 11:40:15,563 [FATAL] Updater:351 - Updater called before beeing initialized
2025-10-20 11:40:15,563 [ERROR] IntegrityCheckThread:130 - Cannot retrieve database content from updater: error 21
2025-10-20 11:40:15,563 [INFO] ThirdParty:978 - Integrity check success = false
2025-10-20 11:40:15,563 [INFO] IntegrityCheckThread:100 - exiting critical section [integrity check]
2025-10-20 11:40:15,563 [INFO] IntegrityCheckThread:103 - End integrity checks thread
2025-10-20 11:40:17,266 [INFO] MainUpdater:2872 - connection check result : 10
2025-10-20 11:40:17,266 [INFO] MainUpdater:289 - Updater Check For Update Now.
2025-10-20 11:40:17,266 [INFO] MicroXplorer:498 - Change Database Version : DB.6.0.150
2025-10-20 11:40:17,266 [INFO] McuFinderGlobals:63 - Set McuFinder mode to 2 (CubeIDE integrated)
2025-10-20 11:40:17,266 [INFO] UserAuth:487 - Internet connection configuration mode: 1
2025-10-20 11:40:17,359 [INFO] JxBrowserEngine:152 - Initiate JxBrowser Engine with user profile folder
2025-10-20 11:40:18,123 [INFO] CheckServerUpdateThread:120 - End of CheckServer Thread
2025-10-20 11:40:19,254 [INFO] WebApp:169 - Instantiating new browser for Auth
2025-10-20 11:40:21,057 [INFO] WebApp:463 - Apply proxy settings
2025-10-20 11:40:21,057 [INFO] WebApp:548 - Chromium requires no authentication
2025-10-20 11:40:21,067 [INFO] WebApp:491 - Direct internet connection detected
2025-10-20 11:40:21,093 [INFO] WebApp:900 - Register for checkConnection events
2025-10-20 11:40:21,093 [INFO] WebApp:463 - Apply proxy settings
2025-10-20 11:40:21,093 [INFO] WebApp:548 - Chromium requires no authentication
2025-10-20 11:40:21,094 [INFO] WebApp:491 - Direct internet connection detected
2025-10-20 11:40:21,332 [INFO] WebApp:225 - Starting web application
2025-10-20 11:40:21,332 [INFO] WebApp:593 - Web application path used C:\ST\STM32CubeIDE_1.19.0\STM32CubeIDE\plugins\com.st.stm32cube.common.mx_6.15.0.202507011659\db\plugins\mcufinder\reactClient1\index.html
2025-10-20 11:40:21,518 [INFO] UserAuth:487 - Internet connection configuration mode: 1
2025-10-20 11:40:22,032 [INFO] WebApp:191 - Connection restablished
2025-10-20 11:41:30,485 [INFO] McuFinderGlobals:63 - Set McuFinder mode to 2 (CubeIDE integrated)
2025-10-20 11:41:30,490 [INFO] MainUpdater:2872 - connection check result : 10
2025-10-20 11:41:30,491 [INFO] MainUpdater:2872 - connection check result : 10
2025-10-20 11:41:30,799 [INFO] MicroXplorer:468 - Change Database Path : 
2025-10-20 11:41:30,799 [INFO] MicroXplorer:498 - Change Database Version : DB.6.0.150
2025-10-20 11:41:30,816 [WARN] ThirdParty:871 - waiting for thirdparty lock release [close project]
2025-10-20 11:41:30,816 [INFO] ThirdParty:873 - entering critical section [close project]
2025-10-20 11:41:30,817 [INFO] ThirdParty:883 - exiting critical section [close project]
2025-10-20 11:41:30,819 [INFO] PinOutPanel:1589 - setPackage(No Configuration,No Configuration)
2025-10-20 11:41:30,823 [INFO] UtilMem:75 - Begin LoadConfig() Used Memory: 292193168 Bytes (415236096)
2025-10-20 11:41:30,824 [INFO] MicroXplorer:468 - Change Database Path : 
2025-10-20 11:41:30,825 [INFO] MicroXplorer:498 - Change Database Version : DB.6.0.150
2025-10-20 11:41:30,825 [INFO] OpenFileManager:355 - Change cursor
2025-10-20 11:41:30,841 [WARN] IntegrityCheckThread:84 - waiting for thirdparty lock release [integrity check]
2025-10-20 11:41:30,841 [INFO] IntegrityCheckThread:86 - entering critical section [integrity check]
2025-10-20 11:41:31,231 [WARN] PackLoader:240 - Cannot read IP mode file for STMicroelectronics.FP-SNS-MOTENVWB1.1.4.0
2025-10-20 11:41:31,242 [WARN] PackLoader:240 - Cannot read IP mode file for STMicroelectronics.FP-ATR-ASTRA1.2.0.2
2025-10-20 11:41:31,250 [WARN] PackLoader:240 - Cannot read IP mode file for STMicroelectronics.X-CUBE-SMBUS.2.1.0
2025-10-20 11:41:31,259 [WARN] PackLoader:240 - Cannot read IP mode file for STMicroelectronics.X-CUBE-ST60.1.0.0
2025-10-20 11:41:31,418 [WARN] PackLoader:240 - Cannot read IP mode file for STMicroelectronics.X-CUBE-AZRTOS-F7.1.1.0
2025-10-20 11:41:31,428 [WARN] PackLoader:240 - Cannot read IP mode file for Cesanta.I-CUBE-Mongoose.7.19.0
2025-10-20 11:41:31,501 [WARN] PackLoader:240 - Cannot read IP mode file for Infineon.AIROC-Wi-Fi-Bluetooth-STM32.1.7.1
2025-10-20 11:41:31,586 [WARN] PackLoader:240 - Cannot read IP mode file for STMicroelectronics.X-CUBE-AZRTOS-H7.3.4.0
2025-10-20 11:41:31,665 [WARN] PackLoader:240 - Cannot read IP mode file for STMicroelectronics.X-CUBE-DISPLAY.3.0.0
2025-10-20 11:41:31,683 [WARN] PackLoader:240 - Cannot read IP mode file for STMicroelectronics.X-CUBE-NFC10.1.0.0
2025-10-20 11:41:31,715 [WARN] PackLoader:240 - Cannot read IP mode file for STMicroelectronics.X-CUBE-ST60.1.1.0
2025-10-20 11:41:31,719 [WARN] PackLoader:240 - Cannot read IP mode file for emotas.I-CUBE-CANOPEN.1.3.0
2025-10-20 11:41:31,726 [WARN] PackLoader:240 - Cannot read IP mode file for STMicroelectronics.FP-SNS-STBOX1.2.1.0
2025-10-20 11:41:31,731 [WARN] PackLoader:240 - Cannot read IP mode file for STMicroelectronics.FP-SNS-SMARTAG2.1.2.0
2025-10-20 11:41:31,803 [WARN] PackLoader:240 - Cannot read IP mode file for STMicroelectronics.FP-SNS-FLIGHT1.5.1.0
2025-10-20 11:41:31,841 [INFO] LogOutputStream:77 - [STDOUT_REDIRECT] 1 : Invalid condition id : UX_CORESTACK_Condition cause : null
2025-10-20 11:41:31,841 [INFO] LogOutputStream:77 - [STDOUT_REDIRECT] 1 : Invalid condition id : UX_CORESTACK_Condition cause : null
2025-10-20 11:41:31,842 [INFO] LogOutputStream:77 - [STDOUT_REDIRECT] 1 : Invalid condition id : UX_CORESTACK_Condition cause : null
2025-10-20 11:41:31,843 [INFO] LogOutputStream:77 - [STDOUT_REDIRECT] 1 : Invalid condition id : UX_CORESTACK_Condition cause : null
2025-10-20 11:41:31,843 [INFO] LogOutputStream:77 - [STDOUT_REDIRECT] 1 : Invalid condition id : UX_CORESTACK_Condition cause : null
2025-10-20 11:41:31,846 [WARN] PackLoader:240 - Cannot read IP mode file for STMicroelectronics.X-CUBE-AZRTOS-WL.2.0.0
2025-10-20 11:41:31,850 [WARN] PackLoader:240 - Cannot read IP mode file for STMicroelectronics.FP-SNS-MOTENV1.5.0.0
2025-10-20 11:41:31,912 [WARN] PackLoader:240 - Cannot read IP mode file for WES.I-CUBE-Cesium.1.3.0
2025-10-20 11:41:31,922 [WARN] PackLoader:240 - Cannot read IP mode file for STMicroelectronics.X-CUBE-BLE2.3.3.0
2025-10-20 11:41:31,964 [WARN] PackLoader:240 - Cannot read IP mode file for STMicroelectronics.X-CUBE-NFC9.1.0.0
2025-10-20 11:41:31,975 [WARN] PackLoader:240 - Cannot read IP mode file for STMicroelectronics.X-CUBE-BLE1.7.1.0
2025-10-20 11:41:32,004 [WARN] PackLoader:240 - Cannot read IP mode file for STMicroelectronics.X-CUBE-EEPRMA1.5.2.0
2025-10-20 11:41:32,010 [WARN] PackLoader:240 - Cannot read IP mode file for STMicroelectronics.X-CUBE-ST67W61.1.1.0
2025-10-20 11:41:32,020 [WARN] PackLoader:240 - Cannot read IP mode file for STMicroelectronics.X-CUBE-AZRTOS-G0.1.1.0
2025-10-20 11:41:32,074 [WARN] PackLoader:240 - Cannot read IP mode file for STMicroelectronics.X-CUBE-SAFEA1.1.2.2
2025-10-20 11:41:32,104 [WARN] PackLoader:240 - Cannot read IP mode file for STMicroelectronics.X-CUBE-NFC4.3.0.0
2025-10-20 11:41:32,109 [WARN] PackLoader:240 - Cannot read IP mode file for EmbeddedOffice.I-CUBE-FS-RTOS.1.0.1
2025-10-20 11:41:32,118 [WARN] PackLoader:240 - Cannot read IP mode file for STMicroelectronics.X-CUBE-WB05N.2.0.0
2025-10-20 11:41:32,124 [WARN] PackLoader:240 - Cannot read IP mode file for STMicroelectronics.X-CUBE-TCPP.4.2.0
2025-10-20 11:41:32,129 [WARN] PackLoader:240 - Cannot read IP mode file for RealThread.X-CUBE-RT-Thread_Nano.4.1.1
2025-10-20 11:41:32,136 [WARN] PackLoader:240 - Cannot read IP mode file for STMicroelectronics.FP-ATR-SIGFOX1.3.2.0
2025-10-20 11:41:32,153 [WARN] PackLoader:240 - Cannot read IP mode file for ITTIA_DB.I-CUBE-ITTIADB.8.9.0
2025-10-20 11:41:32,156 [WARN] PackLoader:240 - Cannot read IP mode file for STMicroelectronics.X-CUBE-ST67W61.1.0.0
2025-10-20 11:41:32,159 [WARN] PackLoader:240 - Cannot read IP mode file for STMicroelectronics.X-CUBE-AI.10.2.0
2025-10-20 11:41:32,412 [WARN] PackLoader:240 - Cannot read IP mode file for SEGGER.I-CUBE-embOS.1.3.1
2025-10-20 11:41:32,429 [WARN] PackLoader:240 - Cannot read IP mode file for STMicroelectronics.X-CUBE-ALGOBUILD.1.4.0
2025-10-20 11:41:32,548 [WARN] PackLoader:240 - Cannot read IP mode file for STMicroelectronics.X-CUBE-MEMS1.11.3.0
2025-10-20 11:41:32,885 [WARN] PackLoader:240 - Cannot read IP mode file for STMicroelectronics.X-CUBE-PM33A1.1.0.0
2025-10-20 11:41:32,896 [WARN] PackLoader:240 - Cannot read IP mode file for STMicroelectronics.X-CUBE-AZRTOS-F4.1.1.0
2025-10-20 11:41:32,899 [WARN] PackLoader:240 - Cannot read IP mode file for STMicroelectronics.X-CUBE-ISPU.2.1.0
2025-10-20 11:41:32,910 [WARN] PackLoader:240 - Cannot read IP mode file for STMicroelectronics.X-CUBE-IPS.3.2.0
2025-10-20 11:41:32,916 [WARN] PackLoader:240 - Cannot read IP mode file for STMicroelectronics.X-CUBE-NFC12.1.0.0
2025-10-20 11:41:32,923 [WARN] PackLoader:240 - Cannot read IP mode file for STMicroelectronics.X-CUBE-AZRTOS-L5.2.0.0
2025-10-20 11:41:32,930 [WARN] PackLoader:240 - Cannot read IP mode file for STMicroelectronics.X-CUBE-NFC6.3.1.0
2025-10-20 11:41:33,050 [WARN] PackLoader:240 - Cannot read IP mode file for STMicroelectronics.X-CUBE-FREERTOS.1.3.1
2025-10-20 11:41:33,053 [WARN] PackLoader:240 - Cannot read IP mode file for STMicroelectronics.X-CUBE-TOUCHGFX.4.26.0
2025-10-20 11:41:33,056 [WARN] PackLoader:240 - Cannot read IP mode file for STMicroelectronics.FP-SNS-STAIOTCFT.1.0.0
2025-10-20 11:41:33,060 [WARN] PackLoader:240 - Cannot read IP mode file for STMicroelectronics.X-CUBE-DPower.1.3.0
2025-10-20 11:41:33,163 [WARN] ConditionMgr:438 - getConditionDescription Invalid condition id : LAN8742 Phy interface Condition cause : null
2025-10-20 11:41:33,163 [WARN] PackLoader:240 - Cannot read IP mode file for STMicroelectronics.X-CUBE-AZRTOS-L4.2.0.0
2025-10-20 11:41:33,164 [WARN] ConditionMgr:1044 - genDependencies : Invalid condition id : LAN8742 Phy interface Condition cause : null
2025-10-20 11:41:33,164 [WARN] ConditionMgr:1044 - genDependencies : Invalid condition id : LAN8742 Phy interface Condition cause : null
2025-10-20 11:41:33,164 [WARN] ConditionMgr:1044 - genDependencies : Invalid condition id : LAN8742 Phy interface Condition cause : null
2025-10-20 11:41:33,168 [WARN] PackLoader:240 - Cannot read IP mode file for STMicroelectronics.X-CUBE-SFXS2LP1.4.0.0
2025-10-20 11:41:34,067 [WARN] PackLoader:240 - Cannot read IP mode file for STMicroelectronics.X-CUBE-BLEMGR.4.1.0
2025-10-20 11:41:34,081 [WARN] ConditionMgr:438 - getConditionDescription Invalid condition id : UX DEVICE CLASS RTOS Condition cause : null
2025-10-20 11:41:34,081 [WARN] ConditionMgr:438 - getConditionDescription Invalid condition id : UX DEVICE CLASS RTOS Condition cause : null
2025-10-20 11:41:34,082 [WARN] PackLoader:240 - Cannot read IP mode file for STMicroelectronics.X-CUBE-AZRTOS-WB.2.0.0
2025-10-20 11:41:34,082 [WARN] ConditionMgr:1044 - genDependencies : Invalid condition id : UX DEVICE CLASS RTOS Condition cause : null
2025-10-20 11:41:34,082 [WARN] ConditionMgr:1044 - genDependencies : Invalid condition id : UX DEVICE CLASS RTOS Condition cause : null
2025-10-20 11:41:34,082 [WARN] ConditionMgr:1044 - genDependencies : Invalid condition id : UX DEVICE CLASS RTOS Condition cause : null
2025-10-20 11:41:34,082 [WARN] ConditionMgr:1044 - genDependencies : Invalid condition id : UX DEVICE CLASS RTOS Condition cause : null
2025-10-20 11:41:34,082 [WARN] ConditionMgr:1044 - genDependencies : Invalid condition id : UX DEVICE CLASS RTOS Condition cause : null
2025-10-20 11:41:34,089 [WARN] PackLoader:240 - Cannot read IP mode file for STMicroelectronics.X-CUBE-GNSS1.7.0.1
2025-10-20 11:41:34,099 [WARN] PackLoader:240 - Cannot read IP mode file for STMicroelectronics.X-CUBE-TOUCHGFX.4.25.0
2025-10-20 11:41:34,102 [WARN] ConditionMgr:438 - getConditionDescription Invalid condition id : Cortex-A Device cause : null
2025-10-20 11:41:34,115 [WARN] ConditionMgr:1044 - genDependencies : Invalid condition id : Cortex-A Device cause : null
2025-10-20 11:41:34,116 [WARN] ConditionMgr:1044 - genDependencies : Invalid condition id : Cortex-A Device cause : null
2025-10-20 11:41:34,116 [WARN] ConditionMgr:1044 - genDependencies : Invalid condition id : Cortex-A Device cause : null
2025-10-20 11:41:34,188 [WARN] PackLoader:240 - Cannot read IP mode file for STMicroelectronics.X-CUBE-SUBG2.5.0.0
2025-10-20 11:41:34,229 [WARN] PackLoader:240 - Cannot read IP mode file for STMicroelectronics.X-CUBE-AZRTOS-H7RS.1.1.0
2025-10-20 11:41:34,237 [WARN] PackLoader:240 - Cannot read IP mode file for STMicroelectronics.X-CUBE-AZRTOS-G4.2.0.0
2025-10-20 11:41:34,241 [WARN] PackLoader:240 - Cannot read IP mode file for STMicroelectronics.X-CUBE-NFC7.2.0.0
2025-10-20 11:41:34,348 [WARN] PackLoader:240 - Cannot read IP mode file for STMicroelectronics.X-CUBE-IPS.3.1.0
2025-10-20 11:41:34,354 [WARN] PackLoader:240 - Cannot read IP mode file for STMicroelectronics.X-CUBE-ALS.1.0.2
2025-10-20 11:41:34,357 [WARN] PackLoader:240 - Cannot read IP mode file for STMicroelectronics.X-CUBE-STSE01.1.0.0
2025-10-20 11:41:34,364 [WARN] PackLoader:240 - Cannot read IP mode file for STMicroelectronics.X-CUBE-TOF1.3.4.3
2025-10-20 11:41:34,465 [INFO] ThirdParty:978 - Integrity check success = true
2025-10-20 11:41:34,465 [INFO] IntegrityCheckThread:100 - exiting critical section [integrity check]
2025-10-20 11:41:34,465 [INFO] IntegrityCheckThread:103 - End integrity checks thread
2025-10-20 11:41:35,307 [INFO] Mcu:2029 - Initializing MCU STM32F103C(8-B)Tx STM32F103C8Tx STM32F103C8T6
2025-10-20 11:41:43,477 [INFO] Context:786 - Trying to add GPIOservice into a context  which must be forbidden
2025-10-20 11:41:44,341 [INFO] ImportTextPane:234 - (OptionalMessage_ERROR) Pin8 (VP_RIF_VS_RIF1) cannot be retrieved for this MCU
2025-10-20 11:41:44,574 [INFO] RtosManager:558 - Registered RTOS mode: class=CMSIS, group=RTOS, mode=CMSIS_V1, owner=FREERTOS
2025-10-20 11:41:44,574 [INFO] RtosManager:558 - Registered RTOS mode: class=CMSIS, group=RTOS2, mode=CMSIS_V2, owner=FREERTOS
2025-10-20 11:41:44,574 [INFO] RtosManager:558 - Registered RTOS mode: class=RTOS, group=Core, mode=CMSIS_V1, owner=FREERTOS
2025-10-20 11:41:44,574 [INFO] RtosManager:558 - Registered RTOS mode: class=RTOS, group=Core, mode=CMSIS_V2, owner=FREERTOS
2025-10-20 11:41:44,574 [WARN] ModelIntegratedComponent:184 - Missing modes for component STMicroelectronics:FreeRTOS:0.0.1:STMicroelectronics:RTOS:FreeRTOS:Core:::10.2.0:
2025-10-20 11:41:45,010 [WARN] ModelIntegratedComponent:63 - No mode defined for component null
2025-10-20 11:41:45,011 [WARN] ModelIntegratedComponent:63 - No mode defined for component null
2025-10-20 11:41:45,011 [WARN] ModelIntegratedComponent:63 - No mode defined for component null
2025-10-20 11:41:45,011 [WARN] ModelIntegratedComponent:63 - No mode defined for component null
2025-10-20 11:41:45,011 [WARN] ModelIntegratedComponent:63 - No mode defined for component null
2025-10-20 11:41:45,011 [WARN] ModelIntegratedComponent:63 - No mode defined for component null
2025-10-20 11:41:45,011 [WARN] ModelIntegratedComponent:63 - No mode defined for component null
2025-10-20 11:41:45,011 [WARN] ModelIntegratedComponent:63 - No mode defined for component null
2025-10-20 11:41:45,011 [WARN] ModelIntegratedComponent:63 - No mode defined for component null
2025-10-20 11:41:45,011 [WARN] ModelIntegratedComponent:63 - No mode defined for component null
2025-10-20 11:41:45,011 [WARN] ModelIntegratedComponent:63 - No mode defined for component null
2025-10-20 11:41:45,011 [WARN] ModelIntegratedComponent:63 - No mode defined for component null
2025-10-20 11:41:45,011 [WARN] ModelIntegratedComponent:63 - No mode defined for component null
2025-10-20 11:41:45,011 [WARN] ModelIntegratedComponent:63 - No mode defined for component null
2025-10-20 11:41:45,011 [WARN] ModelIntegratedComponent:63 - No mode defined for component null
2025-10-20 11:41:45,011 [WARN] ModelIntegratedComponent:63 - No mode defined for component null
2025-10-20 11:41:45,011 [WARN] ModelIntegratedComponent:63 - No mode defined for component null
2025-10-20 11:41:45,011 [WARN] ModelIntegratedComponent:63 - No mode defined for component null
2025-10-20 11:41:45,011 [WARN] ModelIntegratedComponent:63 - No mode defined for component null
2025-10-20 11:41:45,011 [WARN] ModelIntegratedComponent:63 - No mode defined for component null
2025-10-20 11:41:45,011 [WARN] ModelIntegratedComponent:63 - No mode defined for component null
2025-10-20 11:41:45,011 [WARN] ModelIntegratedComponent:63 - No mode defined for component null
2025-10-20 11:41:45,011 [WARN] ModelIntegratedComponent:63 - No mode defined for component null
2025-10-20 11:41:45,011 [WARN] ModelIntegratedComponent:63 - No mode defined for component null
2025-10-20 11:41:45,011 [WARN] ModelIntegratedComponent:63 - No mode defined for component null
2025-10-20 11:41:45,011 [WARN] ModelIntegratedComponent:63 - No mode defined for component null
2025-10-20 11:41:45,011 [WARN] ModelIntegratedComponent:63 - No mode defined for component null
2025-10-20 11:41:45,011 [WARN] ModelIntegratedComponent:63 - No mode defined for component null
2025-10-20 11:41:45,011 [WARN] ModelIntegratedComponent:63 - No mode defined for component null
2025-10-20 11:41:45,011 [WARN] ModelIntegratedComponent:63 - No mode defined for component null
2025-10-20 11:41:45,011 [WARN] ModelIntegratedComponent:63 - No mode defined for component null
2025-10-20 11:41:45,011 [WARN] ModelIntegratedComponent:63 - No mode defined for component null
2025-10-20 11:41:45,011 [WARN] ModelIntegratedComponent:63 - No mode defined for component null
2025-10-20 11:41:45,011 [WARN] ModelIntegratedComponent:63 - No mode defined for component null
2025-10-20 11:41:45,011 [WARN] ModelIntegratedComponent:63 - No mode defined for component null
2025-10-20 11:41:45,012 [WARN] ModelPack:524 - Component already loaded: STMicroelectronics:HAL Drivers:0.0.0:STMicroelectronics:Device:STMicro_Driver:XSPI:HAL::0.0.1:HAL_XSPI
2025-10-20 11:41:45,287 [INFO] ThirdPartyModel:298 - Start build external matchings
2025-10-20 11:41:45,602 [INFO] ThirdPartyModel:316 - End build external matchings
2025-10-20 11:41:45,627 [INFO] ImportTextPane:234 - (OptionalMessage_ERROR) IP (RCC) : Invalid parameter (FamilyName)
2025-10-20 11:41:45,630 [INFO] ImportTextPane:234 - (OptionalMessage_ERROR) IP (RCC) : Parameter (USBFreq_Value) has invalid value (16000000)
2025-10-20 11:41:46,134 [INFO] ApiDb:581 - Connected to CubeFinder SQLite database (C:\Users\nico2\.stmcufinder\plugins\mcufinder\mcu\cube-finder-db.db)
2025-10-20 11:41:46,240 [INFO] ApiDb:668 - CubeFinder database Data Model version=2.1
2025-10-20 11:41:46,240 [INFO] ApiDb:669 - CubeFinder database Configuration version=3.0.39
2025-10-20 11:41:46,241 [INFO] ApiDb:670 - CubeFinder database generation date=2025-08-25 (1756130511)
2025-10-20 11:41:46,241 [INFO] ApiDb:671 - CubeFinder database FW Pack versions=[FP-ATR-ASTRA1_V2.0.0, FP-SNS-FLIGHT1_V5.1.0, FP-SNS-MOTENV1_V5.0.0, FP-SNS-MOTENVWB1_V1.4.0, FP-SNS-SMARTAG2_V1.2.0, FP-SNS-STBOX1_V2.1.0, STM32Cube_FW_C0_V1.4.0, STM32Cube_FW_F4_V1.28.3, STM32Cube_FW_F7_V1.17.4, STM32Cube_FW_G0_V1.6.2, STM32Cube_FW_G4_V1.6.1, STM32Cube_FW_H5_V1.5.0, STM32Cube_FW_H7RS_V1.2.0, STM32Cube_FW_H7_V1.12.1, STM32Cube_FW_L0_V1.12.2, STM32Cube_FW_L4_V1.18.1, STM32Cube_FW_L5_V1.5.1, STM32Cube_FW_N6_V1.2.0, STM32Cube_FW_U0_V1.3.0, STM32Cube_FW_U3_V1.2.0, STM32Cube_FW_U5_V1.8.0, STM32Cube_FW_WB0_V1.3.0, STM32Cube_FW_WBA_V1.7.0, STM32Cube_FW_WB_V1.23.0, STM32Cube_FW_WL3_V1.2.0, STM32Cube_FW_WL_V1.3.1, X-CUBE-ALGOBUILD_V1.4.0, X-CUBE-ALS_V1.0.2, X-CUBE-AZRTOS-F4_V1.1.0, X-CUBE-AZRTOS-F7_V1.1.0, X-CUBE-AZRTOS-G0_V1.1.0, X-CUBE-AZRTOS-G4_V2.0.0, X-CUBE-AZRTOS-H7RS_V1.1.0, X-CUBE-AZRTOS-H7_V3.4.0, X-CUBE-AZRTOS-L4_V2.0.0, X-CUBE-AZRTOS-L5_V2.0.0, X-CUBE-AZRTOS-WB_V2.0.0, X-CUBE-AZRTOS-WL_V2.0.0, X-CUBE-BLE1_V7.1.0, X-CUBE-BLE2_V3.3.0, X-CUBE-BLEMGR_V4.1.0, X-CUBE-EEPRMA1_V5.2.0, X-CUBE-FREERTOS_V1.3.1, X-CUBE-GNSS1_V6.0.0, X-CUBE-MEMS1_V11.3.0, X-CUBE-NFC4_V3.0.0, X-CUBE-NFC7_V2.0.0, X-CUBE-SFXS2LP1_V4.0.0, X-CUBE-ST67W61_V1.0.0, X-CUBE-SUBG2_V5.0.0, X-CUBE-TOF1_V3.4.3]
2025-10-20 11:41:46,444 [INFO] DbBoardsSqlite:226 - include board P-NUCLEO-WB55-NUCLEO as a kit item of type 'Nucleo-64'
2025-10-20 11:41:46,445 [INFO] DbBoardsSqlite:226 - include board P-NUCLEO-WB55-USBDONGLE as a kit item of type 'Nucleo USB Dongle'
2025-10-20 11:41:46,446 [INFO] DbBoardsSqlite:226 - include board STEVAL-IDP005V1 as a kit item of type 'Evaluation Board'
2025-10-20 11:41:46,447 [INFO] DbBoardsSqlite:226 - include board STEVAL-IDP005V2 as a kit item of type 'Evaluation Board'
2025-10-20 11:41:47,268 [INFO] ApiDb:240 - Found 880 in-development CPN: [B-G473E-ZEST1S, B-WB1M-WPAN1, B-WBA5M-WPAN, B-WL5M-SUBG1, NUCLEO-C031C6, NUCLEO-C051C8, NUCLEO-C071RB, NUCLEO-C092RC, NUCLEO-H503RB, NUCLEO-H533RE, NUCLEO-H563ZI, NUCLEO-H7S3L8, NUCLEO-N657X0-Q, NUCLEO-U031R8, NUCLEO-U083RC, NUCLEO-U385RG-Q, NUCLEO-U545RE-Q, NUCLEO-U5A5ZJ-Q, NUCLEO-WB05KZ, NUCLEO-WB07CC, NUCLEO-WB09KE, NUCLEO-WBA52CG, NUCLEO-WBA55CG, NUCLEO-WL33CC1, NUCLEO-WL33CC2, STEVAL-PROTEUS1, STEVAL-SMARTAG2, STEVAL-STWINBX1, STM320518-EVAL, STM32C0116-DK, STM32C011D6Y3TR, STM32C011D6Y6TR, STM32C011F4P3, STM32C011F4P6, STM32C011F4U3, STM32C011F4U6TR, STM32C011F6P3, STM32C011F6P6, STM32C011F6U3, STM32C011F6U6TR, STM32C011J4M3, STM32C011J4M6, STM32C011J6M3, STM32C011J6M6, STM32C0316-DK, STM32C031C4T3, STM32C031C4T6, STM32C031C4U3, STM32C031C4U6, STM32C031C6T3, STM32C031C6T6, STM32C031C6U3, STM32C031C6U6, STM32C031F4P3, STM32C031F4P6, STM32C031F6P3, STM32C031F6P6, STM32C031G4U3, STM32C031G4U6, STM32C031G6U3, STM32C031G6U6, STM32C031K4T3, STM32C031K4T6, STM32C031K4U3, STM32C031K4U6, STM32C031K6T3, STM32C031K6T6, STM32C031K6U3, STM32C031K6U6, STM32C051C6T6, STM32C051C6U6, STM32C051C8T6, STM32C051C8U6, STM32C051D8Y6TR, STM32C051F6P6, STM32C051F8P6, STM32C051G6U6, STM32C051G8U6, STM32C051K6T6, STM32C051K6U6, STM32C051K8T6, STM32C071C8T6, STM32C071C8T6N, STM32C071C8U6, STM32C071C8U6N, STM32C071CBT6, STM32C071CBT6N, STM32C071CBU6, STM32C071CBU6N, STM32C071F8P6, STM32C071F8P6N, STM32C071FBP6, STM32C071FBP6N, STM32C071FBY6TR, STM32C071G8U6, STM32C071G8U6N, STM32C071GBU6, STM32C071GBU6N, STM32C071K8T6, STM32C071K8T6N, STM32C071K8U6, STM32C071K8U6N, STM32C071KBT6, STM32C071KBT6N, STM32C071KBU6, STM32C071KBU6N, STM32C071R8T6, STM32C071R8T6N, STM32C071RBI6N, STM32C071RBT6, STM32C071RBT6N, STM32C091CBT6, STM32C091CBU6, STM32C091CCT6, STM32C091CCU6, STM32C091ECY6TR, STM32C091FBP6, STM32C091FCP6, STM32C091GBU6, STM32C091GCU6, STM32C091KBT6, STM32C091KBU6, STM32C091KCT6, STM32C091KCU6, STM32C091RBT6, STM32C091RCI6, STM32C091RCT6, STM32C092CBT6, STM32C092CBU6, STM32C092CCT6, STM32C092CCU6, STM32C092ECY6TR, STM32C092FBP6, STM32C092FCP6, STM32C092GBU6, STM32C092GCU6, STM32C092KBT6, STM32C092KBU6, STM32C092KCT6, STM32C092KCU6, STM32C092RBT6, STM32C092RCI6, STM32C092RCT6, STM32G071K8TXN, STM32G071K8UXN, STM32G081GBU6N, STM32G081KBT6N, STM32G081KBUXN, STM32G0B1CCT6N, STM32G0B1KCT6, STM32G0B1NEY6TR, STM32G0B1RCT6N, STM32G0C1CCT6, STM32G0C1CCT6N, STM32G0C1CCU6N, STM32G0C1CET6N, STM32G0C1CEU6N, STM32G0C1KCT6, STM32G0C1NEY6TR, STM32G0C1RCI6N, STM32G0C1RCT6N, STM32G0C1REI6N, STM32G0C1RET6N, STM32G0C1VCI6, STM32G0C1VEI6, STM32G411C6T3, STM32G411C6T6, STM32G411C6U3, STM32G411C6U6, STM32G411C8T3, STM32G411C8T6, STM32G411C8U3, STM32G411C8U6, STM32G411CBT3, STM32G411CBT6, STM32G411CBU3, STM32G411CBU6, STM32G411K6T3, STM32G411K6T6, STM32G411K6U3, STM32G411K6U6, STM32G411K8T3, STM32G411K8T6, STM32G411K8U3, STM32G411K8U6, STM32G411KBT3, STM32G411KBT6, STM32G411KBU3, STM32G411KBU6, STM32G411M6T3, STM32G411M6T6, STM32G411M8T3, STM32G411M8T6, STM32G411MBT3, STM32G411MBT6, STM32G411R6T3, STM32G411R6T6, STM32G411R8T3, STM32G411R8T6, STM32G411RBT3, STM32G411RBT6, STM32G414CBT3, STM32G414CBT6, STM32G414CBU3, STM32G414CBU6, STM32G414CCT3, STM32G414CCT6, STM32G414CCU3, STM32G414CCU6, STM32G414MBT3, STM32G414MBT6, STM32G414MCT3, STM32G414MCT6, STM32G414RBT3, STM32G414RBT6, STM32G414RCT3, STM32G414RCT6, STM32G414VBT3, STM32G414VBT6, STM32G414VCT3, STM32G414VCT6, STM32G431CBT3Z, STM32G431RBT3Z, STM32G471CCT6, STM32G471CCU6, STM32G471CET3, STM32G471CET6, STM32G471CEU3, STM32G471CEU6, STM32G471MCT6, STM32G471MET3, STM32G471MET6, STM32G471MEY6TR, STM32G471QCT6, STM32G471QET3, STM32G471RCT6, STM32G471RET3, STM32G471RET6, STM32G471VCH6, STM32G471VCI6, STM32G471VCT6, STM32G471VEH3, STM32G471VEH6, STM32G471VEI3, STM32G471VEI6, STM32G471VET3, STM32G471VET6, STM32G473QET3Z, STM32G473RET3Z, STM32G474CCT6, STM32G491RET3Z, STM32H503CBT6, STM32H503CBU6, STM32H503EBY6TR, STM32H503KBU6, STM32H503RBT6, STM32H523CCT6, STM32H523CCU6, STM32H523CET6, STM32H523CEU6, STM32H523HEY6TR, STM32H523RCT6, STM32H523RET6, STM32H523VCI6, STM32H523VCT6, STM32H523VEI6, STM32H523VET6, STM32H523ZCJ6, STM32H523ZCT6, STM32H523ZEJ6, STM32H523ZET6, STM32H533CET6, STM32H533CEU6, STM32H533HEY6TR, STM32H533RET6, STM32H533VEI6, STM32H533VET6, STM32H533ZEJ6, STM32H533ZET6, STM32H562AGI6, STM32H562AII6, STM32H562IGK6, STM32H562IGT6, STM32H562IIK6, STM32H562IIT6, STM32H562RGT6, STM32H562RGV6, STM32H562RIT6, STM32H562RIV6, STM32H562VGT6, STM32H562VIT6, STM32H562ZGT6, STM32H562ZIT6, STM32H563AGI6, STM32H563AII3Q, STM32H563AII6, STM32H563IGK6, STM32H563IGT6, STM32H563IIK3Q, STM32H563IIK6, STM32H563IIT3Q, STM32H563IIT6, STM32H563MIY3QTR, STM32H563RGT6, STM32H563RGV6, STM32H563RIT6, STM32H563RIV6, STM32H563VGT6, STM32H563VIT3Q, STM32H563VIT6, STM32H563ZGT6, STM32H563ZIT3Q, STM32H563ZIT6, STM32H573AII3Q, STM32H573AII6, STM32H573I-DK, STM32H573IIK3Q, STM32H573IIK6, STM32H573IIT3Q, STM32H573IIT6, STM32H573MIY3QTR, STM32H573RIT6, STM32H573RIV6, STM32H573VIT3Q, STM32H573VIT6, STM32H573ZIT3Q, STM32H573ZIT6, STM32H7R3A8I6, STM32H7R3I8K6, STM32H7R3I8T6, STM32H7R3L8H6, STM32H7R3L8H6H, STM32H7R3R8V6, STM32H7R3V8H6, STM32H7R3V8T6, STM32H7R3V8Y6TR, STM32H7R3Z8J6, STM32H7R3Z8T6, STM32H7R7A8I6, STM32H7R7I8K6, STM32H7R7I8T6, STM32H7R7L8H6, STM32H7R7L8H6H, STM32H7R7Z8J6, STM32H7S3A8I6, STM32H7S3I8K6, STM32H7S3I8T6, STM32H7S3L8H6, STM32H7S3L8H6H, STM32H7S3R8V6, STM32H7S3V8H6, STM32H7S3V8T6, STM32H7S3V8Y6TR, STM32H7S3Z8J6, STM32H7S3Z8T6, STM32H7S78-DK, STM32H7S7A8I6, STM32H7S7I8K6, STM32H7S7I8T6, STM32H7S7L8H6, STM32H7S7L8H6H, STM32H7S7Z8J6, STM32L4R5QGI6STR, STM32MP131AAE3, STM32MP131AAF3, STM32MP131AAG3, STM32MP131CAE3, STM32MP131CAF3, STM32MP131CAG3, STM32MP131DAE7, STM32MP131DAF7, STM32MP131DAG7, STM32MP131FAE7, STM32MP131FAF7, STM32MP131FAG7, STM32MP133AAE3, STM32MP133AAF3, STM32MP133AAG3, STM32MP133CAE3, STM32MP133CAF3, STM32MP133CAG3, STM32MP133DAE7, STM32MP133DAF7, STM32MP133DAG7, STM32MP133FAE7, STM32MP133FAF7, STM32MP133FAG7, STM32MP135AAE3, STM32MP135AAF3, STM32MP135AAG3, STM32MP135CAE3, STM32MP135CAF3, STM32MP135CAG3, STM32MP135DAE7, STM32MP135DAF7, STM32MP135DAG7, STM32MP135F-DK, STM32MP135FAE7, STM32MP135FAF7, STM32MP135FAF7T, STM32MP135FAF7U, STM32MP135FAG7, STM32MP211AAL3, STM32MP211AAM3, STM32MP211AAN3, STM32MP211AAO3, STM32MP211CAL3, STM32MP211CAM3, STM32MP211CAN3, STM32MP211CAO3, STM32MP211DAL3, STM32MP211DAM3, STM32MP211DAN3, STM32MP211DAO3, STM32MP211FAL3, STM32MP211FAM3, STM32MP211FAN3, STM32MP211FAO3, STM32MP213AAL3, STM32MP213AAM3, STM32MP213AAN3, STM32MP213AAO3, STM32MP213CAL3, STM32MP213CAM3, STM32MP213CAN3, STM32MP213CAO3, STM32MP213DAL3, STM32MP213DAM3, STM32MP213DAN3, STM32MP213DAO3, STM32MP213FAL3, STM32MP213FAM3, STM32MP213FAN3, STM32MP213FAO3, STM32MP215AAL3, STM32MP215AAM3, STM32MP215AAN3, STM32MP215AAO3, STM32MP215CAL3, STM32MP215CAM3, STM32MP215CAN3, STM32MP215CAO3, STM32MP215DAL3, STM32MP215DAM3, STM32MP215DAN3, STM32MP215DAO3, STM32MP215F-DK, STM32MP215FAL3, STM32MP215FAM3, STM32MP215FAN3, STM32MP215FAO3, STM32MP231AAJ3, STM32MP231AAK3, STM32MP231AAL3, STM32MP231CAJ3, STM32MP231CAK3, STM32MP231CAL3, STM32MP231DAJ3, STM32MP231DAK3, STM32MP231DAL3, STM32MP231FAJ3, STM32MP231FAK3, STM32MP231FAL3, STM32MP233AAJ3, STM32MP233AAK3, STM32MP233AAL3, STM32MP233CAJ3, STM32MP233CAK3, STM32MP233CAL3, STM32MP233DAJ3, STM32MP233DAK3, STM32MP233DAL3, STM32MP233FAJ3, STM32MP233FAK3, STM32MP233FAL3, STM32MP235AAJ3, STM32MP235AAK3, STM32MP235AAL3, STM32MP235CAJ3, STM32MP235CAK3, STM32MP235CAL3, STM32MP235DAJ3, STM32MP235DAK3, STM32MP235DAL3, STM32MP235FAJ3, STM32MP235FAK3, STM32MP235FAL3, STM32MP251AAI3, STM32MP251AAK3, STM32MP251AAL3, STM32MP251CAI3, STM32MP251CAK3, STM32MP251CAL3, STM32MP251DAI3, STM32MP251DAK3, STM32MP251DAL3, STM32MP251FAI3, STM32MP251FAK3, STM32MP251FAL3, STM32MP253AAI3, STM32MP253AAK3, STM32MP253AAL3, STM32MP253CAI3, STM32MP253CAK3, STM32MP253CAL3, STM32MP253DAI3, STM32MP253DAK3, STM32MP253DAL3, STM32MP253FAI3, STM32MP253FAK3, STM32MP253FAL3, STM32MP255AAI3, STM32MP255AAK3, STM32MP255AAL3, STM32MP255CAI3, STM32MP255CAK3, STM32MP255CAL3, STM32MP255DAI3, STM32MP255DAK3, STM32MP255DAL3, STM32MP255FAI3, STM32MP255FAK3, STM32MP255FAL3, STM32MP257AAI3, STM32MP257AAK3, STM32MP257AAL3, STM32MP257CAI3, STM32MP257CAK3, STM32MP257CAL3, STM32MP257DAI3, STM32MP257DAK3, STM32MP257DAL3, STM32MP257F-DK, STM32MP257F-EV1, STM32MP257FAI3, STM32MP257FAK3, STM32MP257FAL3, STM32N645A0H3Q, STM32N645B0H3Q, STM32N645I0H3Q, STM32N645L0H3Q, STM32N645X0H3Q, STM32N645Z0H3Q, STM32N647A0H3Q, STM32N647B0H3Q, STM32N647I0H3Q, STM32N647L0H3Q, STM32N647X0H3Q, STM32N647Z0H3Q, STM32N655A0H3Q, STM32N655B0H3Q, STM32N655I0H3Q, STM32N655L0H3Q, STM32N655X0H3Q, STM32N655Z0H3Q, STM32N6570-DK, STM32N657A0H3Q, STM32N657B0H3Q, STM32N657I0H3Q, STM32N657L0H3Q, STM32N657X0H3Q, STM32N657Z0H3Q, STM32U031C6T6, STM32U031C6U6, STM32U031C8T6, STM32U031C8U6, STM32U031F4P6, STM32U031F6P6, STM32U031F8P6, STM32U031G6Y6TR, STM32U031G8Y6TR, STM32U031K4U6, STM32U031K6U6, STM32U031K8U6, STM32U031R6I6, STM32U031R6T6, STM32U031R8I6, STM32U031R8T6, STM32U073C8T6, STM32U073C8U6, STM32U073CBT6, STM32U073CBU6, STM32U073CCT6, STM32U073CCU6, STM32U073H8Y6TR, STM32U073HBY6TR, STM32U073HCY6TR, STM32U073K8U6, STM32U073KBU6, STM32U073KCU6, STM32U073M8I6, STM32U073M8T6, STM32U073MBI6, STM32U073MBT6, STM32U073MCI6, STM32U073MCT6, STM32U073R8I6, STM32U073R8T6, STM32U073RBI6, STM32U073RBT6, STM32U073RCI6, STM32U073RCT6, STM32U083C-DK, STM32U083CCT6, STM32U083CCU6, STM32U083HCY6TR, STM32U083KCU6, STM32U083MCI6, STM32U083MCT6, STM32U083RCI6, STM32U083RCT6, STM32U375CET6, STM32U375CET6Q, STM32U375CEU6, STM32U375CEU6Q, STM32U375CEY6QTR, STM32U375CGT6, STM32U375CGT6Q, STM32U375CGU6, STM32U375CGU6Q, STM32U375CGY6QTR, STM32U375KEU6, STM32U375KGU6, STM32U375REI6, STM32U375REI6Q, STM32U375RET6, STM32U375RET6Q, STM32U375REY6GTR, STM32U375REY6QTR, STM32U375RGI6, STM32U375RGI6Q, STM32U375RGT6, STM32U375RGT6Q, STM32U375RGY6GTR, STM32U375RGY6QTR, STM32U375VEI6, STM32U375VEI6Q, STM32U375VET6, STM32U375VET6Q, STM32U375VGI6, STM32U375VGI6Q, STM32U375VGT6, STM32U375VGT6Q, STM32U385CGT6, STM32U385CGT6Q, STM32U385CGU6, STM32U385CGU6Q, STM32U385CGY6QTR, STM32U385KGU6, STM32U385RGI6, STM32U385RGI6Q, STM32U385RGT6, STM32U385RGT6Q, STM32U385RGY6GTR, STM32U385RGY6QTR, STM32U385VGI6, STM32U385VGI6Q, STM32U385VGT6, STM32U385VGT6Q, STM32U535CBT6, STM32U535CBT6Q, STM32U535CBU6, STM32U535CBU6Q, STM32U535CCT6, STM32U535CCT6Q, STM32U535CCU6, STM32U535CCU6Q, STM32U535CET6, STM32U535CET6Q, STM32U535CEU6, STM32U535CEU6Q, STM32U535JEY6QTR, STM32U535NCY6QTR, STM32U535NEY6QTR, STM32U535RBI6, STM32U535RBI6Q, STM32U535RBT6, STM32U535RBT6Q, STM32U535RCI6, STM32U535RCI6Q, STM32U535RCT6, STM32U535RCT6Q, STM32U535REI6, STM32U535REI6Q, STM32U535RET6, STM32U535RET6Q, STM32U535VCI6, STM32U535VCI6Q, STM32U535VCT6, STM32U535VCT6Q, STM32U535VEI6, STM32U535VEI6Q, STM32U535VET6, STM32U535VET6Q, STM32U545CET6, STM32U545CET6Q, STM32U545CEU6, STM32U545CEU6Q, STM32U545JEY6QTR, STM32U545NEY6QTR, STM32U545REI6, STM32U545REI6Q, STM32U545RET6, STM32U545RET6Q, STM32U545VEI6, STM32U545VEI6Q, STM32U545VET6, STM32U545VET6Q, STM32U595AIH6, STM32U595AIH6Q, STM32U595AJH6, STM32U595AJH6Q, STM32U595QII6, STM32U595QII6Q, STM32U595QJI6, STM32U595QJI6Q, STM32U595RIT6, STM32U595RIT6Q, STM32U595RJT6, STM32U595RJT6Q, STM32U595VIT6, STM32U595VIT6Q, STM32U595VJT6, STM32U595VJT6Q, STM32U595ZIT6, STM32U595ZIT6Q, STM32U595ZIY6QTR, STM32U595ZJT6, STM32U595ZJT6Q, STM32U595ZJY6QTR, STM32U599BJY6QTR, STM32U599NIH6Q, STM32U599NJH6Q, STM32U599VIT6Q, STM32U599VJT6, STM32U599VJT6Q, STM32U599ZIT6Q, STM32U599ZIY6QTR, STM32U599ZJT6Q, STM32U599ZJY6QTR, STM32U5A5AJH6, STM32U5A5AJH6Q, STM32U5A5QII3Q , STM32U5A5QJI6, STM32U5A5QJI6Q, STM32U5A5RJT6, STM32U5A5RJT6Q, STM32U5A5VJT6, STM32U5A5VJT6Q, STM32U5A5ZJT6, STM32U5A5ZJT6Q, STM32U5A5ZJY6QTR, STM32U5A9BJY6QTR, STM32U5A9J-DK, STM32U5A9NJH6Q, STM32U5A9VJT6Q, STM32U5A9ZJT6Q, STM32U5A9ZJY6QTR, STM32U5F7VIT6, STM32U5F7VIT6Q, STM32U5F7VJT6, STM32U5F7VJT6Q, STM32U5F9BJY6QTR, STM32U5F9NJH6Q, STM32U5F9VIT6Q, STM32U5F9VJT6Q, STM32U5F9ZIJ6QTR, STM32U5F9ZIT6Q, STM32U5F9ZJJ6QTR, STM32U5F9ZJT6Q, STM32U5G7VJT6, STM32U5G7VJT6Q, STM32U5G9BJY6QTR, STM32U5G9J-DK1, STM32U5G9J-DK2, STM32U5G9NJH6Q, STM32U5G9VJT6Q, STM32U5G9ZJJ6QTR, STM32U5G9ZJT6Q, STM32WB05KZV6TR, STM32WB05KZV7TR, STM32WB05TZF6TR, STM32WB05TZF7TR, STM32WB06CCF6TR, STM32WB06CCF7TR, STM32WB06CCV6TR, STM32WB06CCV7TR, STM32WB06KCV6TR, STM32WB06KCV7TR, STM32WB07CCF6TR, STM32WB07CCF7TR, STM32WB07CCV6TR, STM32WB07CCV7TR, STM32WB07KCV6TR, STM32WB07KCV7TR, STM32WB09KEV6TR, STM32WB09KEV7TR, STM32WB09TEF6TR, STM32WB09TEF7TR, STM32WB1MMCH6, STM32WBA50KGU6, STM32WBA50KGU6TR, STM32WBA52CEU6, STM32WBA52CEU6TR, STM32WBA52CEU7, STM32WBA52CEU7TR, STM32WBA52CGU6, STM32WBA52CGU6TR, STM32WBA52CGU6U, STM32WBA52CGU7, STM32WBA52CGU7TR, STM32WBA52KEU6, STM32WBA52KEU6TR, STM32WBA52KGU6, STM32WBA52KGU6TR, STM32WBA54CEU6, STM32WBA54CEU6TR, STM32WBA54CEU7, STM32WBA54CEU7TR, STM32WBA54CGU6, STM32WBA54CGU6TR, STM32WBA54CGU7, STM32WBA54CGU7TR, STM32WBA54KEU6, STM32WBA54KEU6TR, STM32WBA54KEU7, STM32WBA54KEU7TR, STM32WBA54KGU6, STM32WBA54KGU6TR, STM32WBA54KGU7, STM32WBA54KGU7TR, STM32WBA55CEU6, STM32WBA55CEU6TR, STM32WBA55CEU7, STM32WBA55CEU7TR, STM32WBA55CGU6, STM32WBA55CGU6TR, STM32WBA55CGU6U, STM32WBA55CGU7, STM32WBA55CGU7TR, STM32WBA55G-DK1, STM32WBA55HEF6, STM32WBA55HEF7, STM32WBA55HGF6, STM32WBA55HGF7, STM32WBA55UEI6, STM32WBA55UEI6TR, STM32WBA55UEI7, STM32WBA55UEI7TR, STM32WBA55UGI6, STM32WBA55UGI6TR, STM32WBA55UGI7, STM32WBA55UGI7TR, STM32WBA5MMGH6TR, STM32WBA62MGF6, STM32WBA62MIF6, STM32WBA65MGF7, STM32WBA65MIF6, STM32WBA65MIF7, STM32WL30K8V6, STM32WL30KBV6, STM32WL31C8V6, STM32WL31CBV6, STM32WL31K8V6, STM32WL31KBV6, STM32WL33C8V6, STM32WL33C8V6X, STM32WL33CBV6, STM32WL33CBV6X, STM32WL33CCV6, STM32WL33CCV6A, STM32WL33CCV6X, STM32WL33K8V7, STM32WL33K8V7X, STM32WL33KBV7 , STM32WL33KBV7X, STM32WL33KCV7, STM32WL33KCV7X, STM32WL5MOCH6, STM32WL5MOCH6TR]
2025-10-20 11:41:47,652 [INFO] BoardInfo:889 - No configuration file found for board P-NUCLEO-WB55
2025-10-20 11:41:47,653 [INFO] DbBoards:161 - Kit is not supported: P-NUCLEO-WB55
2025-10-20 11:41:47,658 [INFO] BoardInfo:889 - No configuration file found for board STEVAL-BFA001V1B
2025-10-20 11:41:47,659 [INFO] DbBoards:161 - Kit is not supported: STEVAL-BFA001V1B
2025-10-20 11:41:47,660 [INFO] BoardInfo:889 - No configuration file found for board STEVAL-BFA001V2B
2025-10-20 11:41:47,661 [INFO] DbBoards:161 - Kit is not supported: STEVAL-BFA001V2B
2025-10-20 11:41:47,871 [INFO] DbBoards:168 - Found 212 boards, 209 are supported
2025-10-20 11:41:47,874 [INFO] DbBoards:169 - Found 212 boards, 43 of them is supported for  Bsp
2025-10-20 11:41:47,881 [INFO] ApiDb:668 - CubeFinder database Data Model version=2.1
2025-10-20 11:41:47,881 [INFO] ApiDb:669 - CubeFinder database Configuration version=3.0.39
2025-10-20 11:41:47,881 [INFO] ApiDb:670 - CubeFinder database generation date=2025-08-25 (1756130511)
2025-10-20 11:41:47,881 [INFO] ApiDb:671 - CubeFinder database FW Pack versions=[FP-ATR-ASTRA1_V2.0.0, FP-SNS-FLIGHT1_V5.1.0, FP-SNS-MOTENV1_V5.0.0, FP-SNS-MOTENVWB1_V1.4.0, FP-SNS-SMARTAG2_V1.2.0, FP-SNS-STBOX1_V2.1.0, STM32Cube_FW_C0_V1.4.0, STM32Cube_FW_F4_V1.28.3, STM32Cube_FW_F7_V1.17.4, STM32Cube_FW_G0_V1.6.2, STM32Cube_FW_G4_V1.6.1, STM32Cube_FW_H5_V1.5.0, STM32Cube_FW_H7RS_V1.2.0, STM32Cube_FW_H7_V1.12.1, STM32Cube_FW_L0_V1.12.2, STM32Cube_FW_L4_V1.18.1, STM32Cube_FW_L5_V1.5.1, STM32Cube_FW_N6_V1.2.0, STM32Cube_FW_U0_V1.3.0, STM32Cube_FW_U3_V1.2.0, STM32Cube_FW_U5_V1.8.0, STM32Cube_FW_WB0_V1.3.0, STM32Cube_FW_WBA_V1.7.0, STM32Cube_FW_WB_V1.23.0, STM32Cube_FW_WL3_V1.2.0, STM32Cube_FW_WL_V1.3.1, X-CUBE-ALGOBUILD_V1.4.0, X-CUBE-ALS_V1.0.2, X-CUBE-AZRTOS-F4_V1.1.0, X-CUBE-AZRTOS-F7_V1.1.0, X-CUBE-AZRTOS-G0_V1.1.0, X-CUBE-AZRTOS-G4_V2.0.0, X-CUBE-AZRTOS-H7RS_V1.1.0, X-CUBE-AZRTOS-H7_V3.4.0, X-CUBE-AZRTOS-L4_V2.0.0, X-CUBE-AZRTOS-L5_V2.0.0, X-CUBE-AZRTOS-WB_V2.0.0, X-CUBE-AZRTOS-WL_V2.0.0, X-CUBE-BLE1_V7.1.0, X-CUBE-BLE2_V3.3.0, X-CUBE-BLEMGR_V4.1.0, X-CUBE-EEPRMA1_V5.2.0, X-CUBE-FREERTOS_V1.3.1, X-CUBE-GNSS1_V6.0.0, X-CUBE-MEMS1_V11.3.0, X-CUBE-NFC4_V3.0.0, X-CUBE-NFC7_V2.0.0, X-CUBE-SFXS2LP1_V4.0.0, X-CUBE-ST67W61_V1.0.0, X-CUBE-SUBG2_V5.0.0, X-CUBE-TOF1_V3.4.3]
2025-10-20 11:41:50,528 [INFO] ApiDb:240 - Found 880 in-development CPN: [B-G473E-ZEST1S, B-WB1M-WPAN1, B-WBA5M-WPAN, B-WL5M-SUBG1, NUCLEO-C031C6, NUCLEO-C051C8, NUCLEO-C071RB, NUCLEO-C092RC, NUCLEO-H503RB, NUCLEO-H533RE, NUCLEO-H563ZI, NUCLEO-H7S3L8, NUCLEO-N657X0-Q, NUCLEO-U031R8, NUCLEO-U083RC, NUCLEO-U385RG-Q, NUCLEO-U545RE-Q, NUCLEO-U5A5ZJ-Q, NUCLEO-WB05KZ, NUCLEO-WB07CC, NUCLEO-WB09KE, NUCLEO-WBA52CG, NUCLEO-WBA55CG, NUCLEO-WL33CC1, NUCLEO-WL33CC2, STEVAL-PROTEUS1, STEVAL-SMARTAG2, STEVAL-STWINBX1, STM320518-EVAL, STM32C0116-DK, STM32C011D6Y3TR, STM32C011D6Y6TR, STM32C011F4P3, STM32C011F4P6, STM32C011F4U3, STM32C011F4U6TR, STM32C011F6P3, STM32C011F6P6, STM32C011F6U3, STM32C011F6U6TR, STM32C011J4M3, STM32C011J4M6, STM32C011J6M3, STM32C011J6M6, STM32C0316-DK, STM32C031C4T3, STM32C031C4T6, STM32C031C4U3, STM32C031C4U6, STM32C031C6T3, STM32C031C6T6, STM32C031C6U3, STM32C031C6U6, STM32C031F4P3, STM32C031F4P6, STM32C031F6P3, STM32C031F6P6, STM32C031G4U3, STM32C031G4U6, STM32C031G6U3, STM32C031G6U6, STM32C031K4T3, STM32C031K4T6, STM32C031K4U3, STM32C031K4U6, STM32C031K6T3, STM32C031K6T6, STM32C031K6U3, STM32C031K6U6, STM32C051C6T6, STM32C051C6U6, STM32C051C8T6, STM32C051C8U6, STM32C051D8Y6TR, STM32C051F6P6, STM32C051F8P6, STM32C051G6U6, STM32C051G8U6, STM32C051K6T6, STM32C051K6U6, STM32C051K8T6, STM32C071C8T6, STM32C071C8T6N, STM32C071C8U6, STM32C071C8U6N, STM32C071CBT6, STM32C071CBT6N, STM32C071CBU6, STM32C071CBU6N, STM32C071F8P6, STM32C071F8P6N, STM32C071FBP6, STM32C071FBP6N, STM32C071FBY6TR, STM32C071G8U6, STM32C071G8U6N, STM32C071GBU6, STM32C071GBU6N, STM32C071K8T6, STM32C071K8T6N, STM32C071K8U6, STM32C071K8U6N, STM32C071KBT6, STM32C071KBT6N, STM32C071KBU6, STM32C071KBU6N, STM32C071R8T6, STM32C071R8T6N, STM32C071RBI6N, STM32C071RBT6, STM32C071RBT6N, STM32C091CBT6, STM32C091CBU6, STM32C091CCT6, STM32C091CCU6, STM32C091ECY6TR, STM32C091FBP6, STM32C091FCP6, STM32C091GBU6, STM32C091GCU6, STM32C091KBT6, STM32C091KBU6, STM32C091KCT6, STM32C091KCU6, STM32C091RBT6, STM32C091RCI6, STM32C091RCT6, STM32C092CBT6, STM32C092CBU6, STM32C092CCT6, STM32C092CCU6, STM32C092ECY6TR, STM32C092FBP6, STM32C092FCP6, STM32C092GBU6, STM32C092GCU6, STM32C092KBT6, STM32C092KBU6, STM32C092KCT6, STM32C092KCU6, STM32C092RBT6, STM32C092RCI6, STM32C092RCT6, STM32G071K8TXN, STM32G071K8UXN, STM32G081GBU6N, STM32G081KBT6N, STM32G081KBUXN, STM32G0B1CCT6N, STM32G0B1KCT6, STM32G0B1NEY6TR, STM32G0B1RCT6N, STM32G0C1CCT6, STM32G0C1CCT6N, STM32G0C1CCU6N, STM32G0C1CET6N, STM32G0C1CEU6N, STM32G0C1KCT6, STM32G0C1NEY6TR, STM32G0C1RCI6N, STM32G0C1RCT6N, STM32G0C1REI6N, STM32G0C1RET6N, STM32G0C1VCI6, STM32G0C1VEI6, STM32G411C6T3, STM32G411C6T6, STM32G411C6U3, STM32G411C6U6, STM32G411C8T3, STM32G411C8T6, STM32G411C8U3, STM32G411C8U6, STM32G411CBT3, STM32G411CBT6, STM32G411CBU3, STM32G411CBU6, STM32G411K6T3, STM32G411K6T6, STM32G411K6U3, STM32G411K6U6, STM32G411K8T3, STM32G411K8T6, STM32G411K8U3, STM32G411K8U6, STM32G411KBT3, STM32G411KBT6, STM32G411KBU3, STM32G411KBU6, STM32G411M6T3, STM32G411M6T6, STM32G411M8T3, STM32G411M8T6, STM32G411MBT3, STM32G411MBT6, STM32G411R6T3, STM32G411R6T6, STM32G411R8T3, STM32G411R8T6, STM32G411RBT3, STM32G411RBT6, STM32G414CBT3, STM32G414CBT6, STM32G414CBU3, STM32G414CBU6, STM32G414CCT3, STM32G414CCT6, STM32G414CCU3, STM32G414CCU6, STM32G414MBT3, STM32G414MBT6, STM32G414MCT3, STM32G414MCT6, STM32G414RBT3, STM32G414RBT6, STM32G414RCT3, STM32G414RCT6, STM32G414VBT3, STM32G414VBT6, STM32G414VCT3, STM32G414VCT6, STM32G431CBT3Z, STM32G431RBT3Z, STM32G471CCT6, STM32G471CCU6, STM32G471CET3, STM32G471CET6, STM32G471CEU3, STM32G471CEU6, STM32G471MCT6, STM32G471MET3, STM32G471MET6, STM32G471MEY6TR, STM32G471QCT6, STM32G471QET3, STM32G471RCT6, STM32G471RET3, STM32G471RET6, STM32G471VCH6, STM32G471VCI6, STM32G471VCT6, STM32G471VEH3, STM32G471VEH6, STM32G471VEI3, STM32G471VEI6, STM32G471VET3, STM32G471VET6, STM32G473QET3Z, STM32G473RET3Z, STM32G474CCT6, STM32G491RET3Z, STM32H503CBT6, STM32H503CBU6, STM32H503EBY6TR, STM32H503KBU6, STM32H503RBT6, STM32H523CCT6, STM32H523CCU6, STM32H523CET6, STM32H523CEU6, STM32H523HEY6TR, STM32H523RCT6, STM32H523RET6, STM32H523VCI6, STM32H523VCT6, STM32H523VEI6, STM32H523VET6, STM32H523ZCJ6, STM32H523ZCT6, STM32H523ZEJ6, STM32H523ZET6, STM32H533CET6, STM32H533CEU6, STM32H533HEY6TR, STM32H533RET6, STM32H533VEI6, STM32H533VET6, STM32H533ZEJ6, STM32H533ZET6, STM32H562AGI6, STM32H562AII6, STM32H562IGK6, STM32H562IGT6, STM32H562IIK6, STM32H562IIT6, STM32H562RGT6, STM32H562RGV6, STM32H562RIT6, STM32H562RIV6, STM32H562VGT6, STM32H562VIT6, STM32H562ZGT6, STM32H562ZIT6, STM32H563AGI6, STM32H563AII3Q, STM32H563AII6, STM32H563IGK6, STM32H563IGT6, STM32H563IIK3Q, STM32H563IIK6, STM32H563IIT3Q, STM32H563IIT6, STM32H563MIY3QTR, STM32H563RGT6, STM32H563RGV6, STM32H563RIT6, STM32H563RIV6, STM32H563VGT6, STM32H563VIT3Q, STM32H563VIT6, STM32H563ZGT6, STM32H563ZIT3Q, STM32H563ZIT6, STM32H573AII3Q, STM32H573AII6, STM32H573I-DK, STM32H573IIK3Q, STM32H573IIK6, STM32H573IIT3Q, STM32H573IIT6, STM32H573MIY3QTR, STM32H573RIT6, STM32H573RIV6, STM32H573VIT3Q, STM32H573VIT6, STM32H573ZIT3Q, STM32H573ZIT6, STM32H7R3A8I6, STM32H7R3I8K6, STM32H7R3I8T6, STM32H7R3L8H6, STM32H7R3L8H6H, STM32H7R3R8V6, STM32H7R3V8H6, STM32H7R3V8T6, STM32H7R3V8Y6TR, STM32H7R3Z8J6, STM32H7R3Z8T6, STM32H7R7A8I6, STM32H7R7I8K6, STM32H7R7I8T6, STM32H7R7L8H6, STM32H7R7L8H6H, STM32H7R7Z8J6, STM32H7S3A8I6, STM32H7S3I8K6, STM32H7S3I8T6, STM32H7S3L8H6, STM32H7S3L8H6H, STM32H7S3R8V6, STM32H7S3V8H6, STM32H7S3V8T6, STM32H7S3V8Y6TR, STM32H7S3Z8J6, STM32H7S3Z8T6, STM32H7S78-DK, STM32H7S7A8I6, STM32H7S7I8K6, STM32H7S7I8T6, STM32H7S7L8H6, STM32H7S7L8H6H, STM32H7S7Z8J6, STM32L4R5QGI6STR, STM32MP131AAE3, STM32MP131AAF3, STM32MP131AAG3, STM32MP131CAE3, STM32MP131CAF3, STM32MP131CAG3, STM32MP131DAE7, STM32MP131DAF7, STM32MP131DAG7, STM32MP131FAE7, STM32MP131FAF7, STM32MP131FAG7, STM32MP133AAE3, STM32MP133AAF3, STM32MP133AAG3, STM32MP133CAE3, STM32MP133CAF3, STM32MP133CAG3, STM32MP133DAE7, STM32MP133DAF7, STM32MP133DAG7, STM32MP133FAE7, STM32MP133FAF7, STM32MP133FAG7, STM32MP135AAE3, STM32MP135AAF3, STM32MP135AAG3, STM32MP135CAE3, STM32MP135CAF3, STM32MP135CAG3, STM32MP135DAE7, STM32MP135DAF7, STM32MP135DAG7, STM32MP135F-DK, STM32MP135FAE7, STM32MP135FAF7, STM32MP135FAF7T, STM32MP135FAF7U, STM32MP135FAG7, STM32MP211AAL3, STM32MP211AAM3, STM32MP211AAN3, STM32MP211AAO3, STM32MP211CAL3, STM32MP211CAM3, STM32MP211CAN3, STM32MP211CAO3, STM32MP211DAL3, STM32MP211DAM3, STM32MP211DAN3, STM32MP211DAO3, STM32MP211FAL3, STM32MP211FAM3, STM32MP211FAN3, STM32MP211FAO3, STM32MP213AAL3, STM32MP213AAM3, STM32MP213AAN3, STM32MP213AAO3, STM32MP213CAL3, STM32MP213CAM3, STM32MP213CAN3, STM32MP213CAO3, STM32MP213DAL3, STM32MP213DAM3, STM32MP213DAN3, STM32MP213DAO3, STM32MP213FAL3, STM32MP213FAM3, STM32MP213FAN3, STM32MP213FAO3, STM32MP215AAL3, STM32MP215AAM3, STM32MP215AAN3, STM32MP215AAO3, STM32MP215CAL3, STM32MP215CAM3, STM32MP215CAN3, STM32MP215CAO3, STM32MP215DAL3, STM32MP215DAM3, STM32MP215DAN3, STM32MP215DAO3, STM32MP215F-DK, STM32MP215FAL3, STM32MP215FAM3, STM32MP215FAN3, STM32MP215FAO3, STM32MP231AAJ3, STM32MP231AAK3, STM32MP231AAL3, STM32MP231CAJ3, STM32MP231CAK3, STM32MP231CAL3, STM32MP231DAJ3, STM32MP231DAK3, STM32MP231DAL3, STM32MP231FAJ3, STM32MP231FAK3, STM32MP231FAL3, STM32MP233AAJ3, STM32MP233AAK3, STM32MP233AAL3, STM32MP233CAJ3, STM32MP233CAK3, STM32MP233CAL3, STM32MP233DAJ3, STM32MP233DAK3, STM32MP233DAL3, STM32MP233FAJ3, STM32MP233FAK3, STM32MP233FAL3, STM32MP235AAJ3, STM32MP235AAK3, STM32MP235AAL3, STM32MP235CAJ3, STM32MP235CAK3, STM32MP235CAL3, STM32MP235DAJ3, STM32MP235DAK3, STM32MP235DAL3, STM32MP235FAJ3, STM32MP235FAK3, STM32MP235FAL3, STM32MP251AAI3, STM32MP251AAK3, STM32MP251AAL3, STM32MP251CAI3, STM32MP251CAK3, STM32MP251CAL3, STM32MP251DAI3, STM32MP251DAK3, STM32MP251DAL3, STM32MP251FAI3, STM32MP251FAK3, STM32MP251FAL3, STM32MP253AAI3, STM32MP253AAK3, STM32MP253AAL3, STM32MP253CAI3, STM32MP253CAK3, STM32MP253CAL3, STM32MP253DAI3, STM32MP253DAK3, STM32MP253DAL3, STM32MP253FAI3, STM32MP253FAK3, STM32MP253FAL3, STM32MP255AAI3, STM32MP255AAK3, STM32MP255AAL3, STM32MP255CAI3, STM32MP255CAK3, STM32MP255CAL3, STM32MP255DAI3, STM32MP255DAK3, STM32MP255DAL3, STM32MP255FAI3, STM32MP255FAK3, STM32MP255FAL3, STM32MP257AAI3, STM32MP257AAK3, STM32MP257AAL3, STM32MP257CAI3, STM32MP257CAK3, STM32MP257CAL3, STM32MP257DAI3, STM32MP257DAK3, STM32MP257DAL3, STM32MP257F-DK, STM32MP257F-EV1, STM32MP257FAI3, STM32MP257FAK3, STM32MP257FAL3, STM32N645A0H3Q, STM32N645B0H3Q, STM32N645I0H3Q, STM32N645L0H3Q, STM32N645X0H3Q, STM32N645Z0H3Q, STM32N647A0H3Q, STM32N647B0H3Q, STM32N647I0H3Q, STM32N647L0H3Q, STM32N647X0H3Q, STM32N647Z0H3Q, STM32N655A0H3Q, STM32N655B0H3Q, STM32N655I0H3Q, STM32N655L0H3Q, STM32N655X0H3Q, STM32N655Z0H3Q, STM32N6570-DK, STM32N657A0H3Q, STM32N657B0H3Q, STM32N657I0H3Q, STM32N657L0H3Q, STM32N657X0H3Q, STM32N657Z0H3Q, STM32U031C6T6, STM32U031C6U6, STM32U031C8T6, STM32U031C8U6, STM32U031F4P6, STM32U031F6P6, STM32U031F8P6, STM32U031G6Y6TR, STM32U031G8Y6TR, STM32U031K4U6, STM32U031K6U6, STM32U031K8U6, STM32U031R6I6, STM32U031R6T6, STM32U031R8I6, STM32U031R8T6, STM32U073C8T6, STM32U073C8U6, STM32U073CBT6, STM32U073CBU6, STM32U073CCT6, STM32U073CCU6, STM32U073H8Y6TR, STM32U073HBY6TR, STM32U073HCY6TR, STM32U073K8U6, STM32U073KBU6, STM32U073KCU6, STM32U073M8I6, STM32U073M8T6, STM32U073MBI6, STM32U073MBT6, STM32U073MCI6, STM32U073MCT6, STM32U073R8I6, STM32U073R8T6, STM32U073RBI6, STM32U073RBT6, STM32U073RCI6, STM32U073RCT6, STM32U083C-DK, STM32U083CCT6, STM32U083CCU6, STM32U083HCY6TR, STM32U083KCU6, STM32U083MCI6, STM32U083MCT6, STM32U083RCI6, STM32U083RCT6, STM32U375CET6, STM32U375CET6Q, STM32U375CEU6, STM32U375CEU6Q, STM32U375CEY6QTR, STM32U375CGT6, STM32U375CGT6Q, STM32U375CGU6, STM32U375CGU6Q, STM32U375CGY6QTR, STM32U375KEU6, STM32U375KGU6, STM32U375REI6, STM32U375REI6Q, STM32U375RET6, STM32U375RET6Q, STM32U375REY6GTR, STM32U375REY6QTR, STM32U375RGI6, STM32U375RGI6Q, STM32U375RGT6, STM32U375RGT6Q, STM32U375RGY6GTR, STM32U375RGY6QTR, STM32U375VEI6, STM32U375VEI6Q, STM32U375VET6, STM32U375VET6Q, STM32U375VGI6, STM32U375VGI6Q, STM32U375VGT6, STM32U375VGT6Q, STM32U385CGT6, STM32U385CGT6Q, STM32U385CGU6, STM32U385CGU6Q, STM32U385CGY6QTR, STM32U385KGU6, STM32U385RGI6, STM32U385RGI6Q, STM32U385RGT6, STM32U385RGT6Q, STM32U385RGY6GTR, STM32U385RGY6QTR, STM32U385VGI6, STM32U385VGI6Q, STM32U385VGT6, STM32U385VGT6Q, STM32U535CBT6, STM32U535CBT6Q, STM32U535CBU6, STM32U535CBU6Q, STM32U535CCT6, STM32U535CCT6Q, STM32U535CCU6, STM32U535CCU6Q, STM32U535CET6, STM32U535CET6Q, STM32U535CEU6, STM32U535CEU6Q, STM32U535JEY6QTR, STM32U535NCY6QTR, STM32U535NEY6QTR, STM32U535RBI6, STM32U535RBI6Q, STM32U535RBT6, STM32U535RBT6Q, STM32U535RCI6, STM32U535RCI6Q, STM32U535RCT6, STM32U535RCT6Q, STM32U535REI6, STM32U535REI6Q, STM32U535RET6, STM32U535RET6Q, STM32U535VCI6, STM32U535VCI6Q, STM32U535VCT6, STM32U535VCT6Q, STM32U535VEI6, STM32U535VEI6Q, STM32U535VET6, STM32U535VET6Q, STM32U545CET6, STM32U545CET6Q, STM32U545CEU6, STM32U545CEU6Q, STM32U545JEY6QTR, STM32U545NEY6QTR, STM32U545REI6, STM32U545REI6Q, STM32U545RET6, STM32U545RET6Q, STM32U545VEI6, STM32U545VEI6Q, STM32U545VET6, STM32U545VET6Q, STM32U595AIH6, STM32U595AIH6Q, STM32U595AJH6, STM32U595AJH6Q, STM32U595QII6, STM32U595QII6Q, STM32U595QJI6, STM32U595QJI6Q, STM32U595RIT6, STM32U595RIT6Q, STM32U595RJT6, STM32U595RJT6Q, STM32U595VIT6, STM32U595VIT6Q, STM32U595VJT6, STM32U595VJT6Q, STM32U595ZIT6, STM32U595ZIT6Q, STM32U595ZIY6QTR, STM32U595ZJT6, STM32U595ZJT6Q, STM32U595ZJY6QTR, STM32U599BJY6QTR, STM32U599NIH6Q, STM32U599NJH6Q, STM32U599VIT6Q, STM32U599VJT6, STM32U599VJT6Q, STM32U599ZIT6Q, STM32U599ZIY6QTR, STM32U599ZJT6Q, STM32U599ZJY6QTR, STM32U5A5AJH6, STM32U5A5AJH6Q, STM32U5A5QII3Q , STM32U5A5QJI6, STM32U5A5QJI6Q, STM32U5A5RJT6, STM32U5A5RJT6Q, STM32U5A5VJT6, STM32U5A5VJT6Q, STM32U5A5ZJT6, STM32U5A5ZJT6Q, STM32U5A5ZJY6QTR, STM32U5A9BJY6QTR, STM32U5A9J-DK, STM32U5A9NJH6Q, STM32U5A9VJT6Q, STM32U5A9ZJT6Q, STM32U5A9ZJY6QTR, STM32U5F7VIT6, STM32U5F7VIT6Q, STM32U5F7VJT6, STM32U5F7VJT6Q, STM32U5F9BJY6QTR, STM32U5F9NJH6Q, STM32U5F9VIT6Q, STM32U5F9VJT6Q, STM32U5F9ZIJ6QTR, STM32U5F9ZIT6Q, STM32U5F9ZJJ6QTR, STM32U5F9ZJT6Q, STM32U5G7VJT6, STM32U5G7VJT6Q, STM32U5G9BJY6QTR, STM32U5G9J-DK1, STM32U5G9J-DK2, STM32U5G9NJH6Q, STM32U5G9VJT6Q, STM32U5G9ZJJ6QTR, STM32U5G9ZJT6Q, STM32WB05KZV6TR, STM32WB05KZV7TR, STM32WB05TZF6TR, STM32WB05TZF7TR, STM32WB06CCF6TR, STM32WB06CCF7TR, STM32WB06CCV6TR, STM32WB06CCV7TR, STM32WB06KCV6TR, STM32WB06KCV7TR, STM32WB07CCF6TR, STM32WB07CCF7TR, STM32WB07CCV6TR, STM32WB07CCV7TR, STM32WB07KCV6TR, STM32WB07KCV7TR, STM32WB09KEV6TR, STM32WB09KEV7TR, STM32WB09TEF6TR, STM32WB09TEF7TR, STM32WB1MMCH6, STM32WBA50KGU6, STM32WBA50KGU6TR, STM32WBA52CEU6, STM32WBA52CEU6TR, STM32WBA52CEU7, STM32WBA52CEU7TR, STM32WBA52CGU6, STM32WBA52CGU6TR, STM32WBA52CGU6U, STM32WBA52CGU7, STM32WBA52CGU7TR, STM32WBA52KEU6, STM32WBA52KEU6TR, STM32WBA52KGU6, STM32WBA52KGU6TR, STM32WBA54CEU6, STM32WBA54CEU6TR, STM32WBA54CEU7, STM32WBA54CEU7TR, STM32WBA54CGU6, STM32WBA54CGU6TR, STM32WBA54CGU7, STM32WBA54CGU7TR, STM32WBA54KEU6, STM32WBA54KEU6TR, STM32WBA54KEU7, STM32WBA54KEU7TR, STM32WBA54KGU6, STM32WBA54KGU6TR, STM32WBA54KGU7, STM32WBA54KGU7TR, STM32WBA55CEU6, STM32WBA55CEU6TR, STM32WBA55CEU7, STM32WBA55CEU7TR, STM32WBA55CGU6, STM32WBA55CGU6TR, STM32WBA55CGU6U, STM32WBA55CGU7, STM32WBA55CGU7TR, STM32WBA55G-DK1, STM32WBA55HEF6, STM32WBA55HEF7, STM32WBA55HGF6, STM32WBA55HGF7, STM32WBA55UEI6, STM32WBA55UEI6TR, STM32WBA55UEI7, STM32WBA55UEI7TR, STM32WBA55UGI6, STM32WBA55UGI6TR, STM32WBA55UGI7, STM32WBA55UGI7TR, STM32WBA5MMGH6TR, STM32WBA62MGF6, STM32WBA62MIF6, STM32WBA65MGF7, STM32WBA65MIF6, STM32WBA65MIF7, STM32WL30K8V6, STM32WL30KBV6, STM32WL31C8V6, STM32WL31CBV6, STM32WL31K8V6, STM32WL31KBV6, STM32WL33C8V6, STM32WL33C8V6X, STM32WL33CBV6, STM32WL33CBV6X, STM32WL33CCV6, STM32WL33CCV6A, STM32WL33CCV6X, STM32WL33K8V7, STM32WL33K8V7X, STM32WL33KBV7 , STM32WL33KBV7X, STM32WL33KCV7, STM32WL33KCV7X, STM32WL5MOCH6, STM32WL5MOCH6TR]
2025-10-20 11:41:50,532 [INFO] DbMcus:218 - Found 4801 MCUs, 4801 are supported
2025-10-20 11:41:50,533 [INFO] ApiDb:423 - Load user favorites file C:\Users\nico2/.stm32cubeide/favorites.mcus.txt: 1 item(s)
2025-10-20 11:41:50,533 [INFO] ApiDb:427 - User favorites MCUs=[STM32F103C8T6]
2025-10-20 11:41:50,533 [INFO] DbMcus:224 - Set 1 / 1 favorites MCUs
2025-10-20 11:41:50,967 [INFO] ApiDb:423 - Load user favorites file C:\Users\nico2/.stm32cubeide/favorites.boards.txt: 0 item(s)
2025-10-20 11:41:50,967 [INFO] ApiDb:427 - User favorites Boards=[]
2025-10-20 11:41:50,967 [INFO] DbBoards:198 - Set 0 / 0 favorites Boards
2025-10-20 11:41:51,031 [INFO] UtilMem:75 - End LoadConfig() Used Memory: 331064784 Bytes (493879296)
2025-10-20 11:41:51,259 [WARN] ThirdParty:833 - waiting for thirdparty lock release [change project]
2025-10-20 11:41:51,259 [INFO] ThirdParty:835 - entering critical section [change project]
2025-10-20 11:41:51,259 [INFO] ThirdParty:1030 - CMSIS Pack Vendor :STMicroelectronics X-CUBE-PM33A1 1.0.0
2025-10-20 11:41:51,259 [INFO] ThirdParty:1030 - CMSIS Pack Vendor :STMicroelectronics USBPD 4.1
2025-10-20 11:41:51,259 [INFO] ThirdParty:1030 - CMSIS Pack Vendor :STMicroelectronics X-CUBE-NFC9 1.0.0
2025-10-20 11:41:51,259 [INFO] ThirdParty:1030 - CMSIS Pack Vendor :STMicroelectronics USB_HOST 2.0.0
2025-10-20 11:41:51,259 [INFO] ThirdParty:1030 - CMSIS Pack Vendor :STMicroelectronics FP-SNS-MOTENVWB1 1.4.0
2025-10-20 11:41:51,259 [INFO] ThirdParty:1030 - CMSIS Pack Vendor :STMicroelectronics X-CUBE-AZRTOS-F4 1.1.0
2025-10-20 11:41:51,259 [INFO] ThirdParty:1030 - CMSIS Pack Vendor :STMicroelectronics LIBJPEG 8.0.0
2025-10-20 11:41:51,259 [INFO] ThirdParty:1030 - CMSIS Pack Vendor :STMicroelectronics FP-ATR-ASTRA1 2.0.2
2025-10-20 11:41:51,259 [INFO] ThirdParty:1030 - CMSIS Pack Vendor :STMicroelectronics X-CUBE-BLE1 7.1.0
2025-10-20 11:41:51,259 [INFO] ThirdParty:1030 - CMSIS Pack Vendor :STMicroelectronics X-CUBE-SMBUS 2.1.0
2025-10-20 11:41:51,259 [INFO] ThirdParty:1030 - CMSIS Pack Vendor :STMicroelectronics USB_DEVICE 3.0.0
2025-10-20 11:41:51,259 [INFO] ThirdParty:1030 - CMSIS Pack Vendor :STMicroelectronics X-CUBE-ISPU 2.1.0
2025-10-20 11:41:51,259 [INFO] ThirdParty:1030 - CMSIS Pack Vendor :STMicroelectronics X-CUBE-EEPRMA1 5.2.0
2025-10-20 11:41:51,259 [INFO] ThirdParty:1030 - CMSIS Pack Vendor :STMicroelectronics X-CUBE-IPS 3.2.0
2025-10-20 11:41:51,259 [INFO] ThirdParty:1030 - CMSIS Pack Vendor :STMicroelectronics X-CUBE-BLEMGR 4.1.0
2025-10-20 11:41:51,259 [INFO] ThirdParty:1030 - CMSIS Pack Vendor :STMicroelectronics X-CUBE-AZRTOS-WB 2.0.0
2025-10-20 11:41:51,259 [INFO] ThirdParty:1030 - CMSIS Pack Vendor :STMicroelectronics X-CUBE-ST60 1.0.0
2025-10-20 11:41:51,259 [INFO] ThirdParty:1030 - CMSIS Pack Vendor :STMicroelectronics X-CUBE-GNSS1 7.0.1
2025-10-20 11:41:51,259 [INFO] ThirdParty:1030 - CMSIS Pack Vendor :STMicroelectronics X-CUBE-NFC12 1.0.0
2025-10-20 11:41:51,259 [INFO] ThirdParty:1030 - CMSIS Pack Vendor :STMicroelectronics X-CUBE-AZRTOS-F7 1.1.0
2025-10-20 11:41:51,259 [INFO] ThirdParty:1030 - CMSIS Pack Vendor :STMicroelectronics X-CUBE-AZRTOS-L5 2.0.0
2025-10-20 11:41:51,259 [INFO] ThirdParty:1030 - CMSIS Pack Vendor :STMicroelectronics X-CUBE-TOUCHGFX 4.25.0
2025-10-20 11:41:51,259 [INFO] ThirdParty:1030 - CMSIS Pack Vendor :STMicroelectronics USB_DEVICE 2.0.0
2025-10-20 11:41:51,259 [INFO] ThirdParty:1030 - CMSIS Pack Vendor :STMicroelectronics X-CUBE-NFC6 3.1.0
2025-10-20 11:41:51,259 [INFO] ThirdParty:1030 - CMSIS Pack Vendor :STMicroelectronics X-CUBE-ST67W61 1.1.0
2025-10-20 11:41:51,259 [INFO] ThirdParty:1030 - CMSIS Pack Vendor :Cesanta I-CUBE-Mongoose 7.19.0
2025-10-20 11:41:51,259 [INFO] ThirdParty:1030 - CMSIS Pack Vendor :quantropi X-CUBE-qispace-sdk-base 2.1.0
2025-10-20 11:41:51,259 [INFO] ThirdParty:1030 - CMSIS Pack Vendor :STMicroelectronics FreeRTOS 0.0.1
2025-10-20 11:41:51,259 [INFO] ThirdParty:1030 - CMSIS Pack Vendor :STMicroelectronics X-CUBE-AZRTOS-G0 1.1.0
2025-10-20 11:41:51,259 [INFO] ThirdParty:1030 - CMSIS Pack Vendor :STMicroelectronics X-CUBE-SAFEA1 1.2.2
2025-10-20 11:41:51,259 [INFO] ThirdParty:1030 - CMSIS Pack Vendor :STMicroelectronics X-CUBE-NFC4 3.0.0
2025-10-20 11:41:51,259 [INFO] ThirdParty:1030 - CMSIS Pack Vendor :STMicroelectronics X-CUBE-SUBG2 5.0.0
2025-10-20 11:41:51,259 [INFO] ThirdParty:1030 - CMSIS Pack Vendor :STMicroelectronics X-CUBE-AZRTOS-H7RS 1.1.0
2025-10-20 11:41:51,260 [INFO] ThirdParty:1030 - CMSIS Pack Vendor :STMicroelectronics STM32_WPAN 1.0.0
2025-10-20 11:41:51,260 [INFO] ThirdParty:1030 - CMSIS Pack Vendor :EmbeddedOffice I-CUBE-FS-RTOS 1.0.1
2025-10-20 11:41:51,260 [INFO] ThirdParty:1030 - CMSIS Pack Vendor :STMicroelectronics lwIP 2.0.3
2025-10-20 11:41:51,260 [INFO] ThirdParty:1030 - CMSIS Pack Vendor :STMicroelectronics USB_HOST 1.0.0
2025-10-20 11:41:51,260 [INFO] ThirdParty:1030 - CMSIS Pack Vendor :Infineon AIROC-Wi-Fi-Bluetooth-STM32 1.7.1
2025-10-20 11:41:51,260 [INFO] ThirdParty:1030 - CMSIS Pack Vendor :STMicroelectronics X-CUBE-AZRTOS-G4 2.0.0
2025-10-20 11:41:51,260 [INFO] ThirdParty:1030 - CMSIS Pack Vendor :STMicroelectronics X-CUBE-WB05N 2.0.0
2025-10-20 11:41:51,260 [INFO] ThirdParty:1030 - CMSIS Pack Vendor :STMicroelectronics PDM2PCM 3.1.0
2025-10-20 11:41:51,260 [INFO] ThirdParty:1030 - CMSIS Pack Vendor :STMicroelectronics PDM2PCM 3.3.0
2025-10-20 11:41:51,260 [INFO] ThirdParty:1030 - CMSIS Pack Vendor :STMicroelectronics X-CUBE-AZRTOS-H7 3.4.0
2025-10-20 11:41:51,260 [INFO] ThirdParty:1030 - CMSIS Pack Vendor :STMicroelectronics X-CUBE-DISPLAY 3.0.0
2025-10-20 11:41:51,260 [INFO] ThirdParty:1030 - CMSIS Pack Vendor :STMicroelectronics X-CUBE-NFC7 2.0.0
2025-10-20 11:41:51,260 [INFO] ThirdParty:1030 - CMSIS Pack Vendor :STMicroelectronics X-CUBE-TCPP 4.2.0
2025-10-20 11:41:51,260 [INFO] ThirdParty:1030 - CMSIS Pack Vendor :RealThread X-CUBE-RT-Thread_Nano 4.1.1
2025-10-20 11:41:51,260 [INFO] ThirdParty:1030 - CMSIS Pack Vendor :STMicroelectronics FP-ATR-SIGFOX1 3.2.0
2025-10-20 11:41:51,260 [INFO] ThirdParty:1030 - CMSIS Pack Vendor :STMicroelectronics X-CUBE-NFC10 1.0.0
2025-10-20 11:41:51,260 [INFO] ThirdParty:1030 - CMSIS Pack Vendor :STMicroelectronics X-CUBE-FREERTOS 1.3.1
2025-10-20 11:41:51,260 [INFO] ThirdParty:1030 - CMSIS Pack Vendor :STMicroelectronics HAL Drivers 0.0.0
2025-10-20 11:41:51,260 [INFO] ThirdParty:1030 - CMSIS Pack Vendor :STMicroelectronics MBEDTLS 2.16.2
2025-10-20 11:41:51,260 [INFO] ThirdParty:1030 - CMSIS Pack Vendor :STMicroelectronics X-CUBE-ST60 1.1.0
2025-10-20 11:41:51,260 [INFO] ThirdParty:1030 - CMSIS Pack Vendor :STMicroelectronics X-CUBE-IPS 3.1.0
2025-10-20 11:41:51,260 [INFO] ThirdParty:1030 - CMSIS Pack Vendor :STMicroelectronics X-CUBE-ALS 1.0.2
2025-10-20 11:41:51,260 [INFO] ThirdParty:1030 - CMSIS Pack Vendor :emotas I-CUBE-CANOPEN 1.3.0
2025-10-20 11:41:51,260 [INFO] ThirdParty:1030 - CMSIS Pack Vendor :STMicroelectronics MBEDTLS 2.14.1
2025-10-20 11:41:51,260 [INFO] ThirdParty:1030 - CMSIS Pack Vendor :ITTIA_DB I-CUBE-ITTIADB 8.9.0
2025-10-20 11:41:51,260 [INFO] ThirdParty:1030 - CMSIS Pack Vendor :STMicroelectronics X-CUBE-TOUCHGFX 4.26.0
2025-10-20 11:41:51,260 [INFO] ThirdParty:1030 - CMSIS Pack Vendor :STMicroelectronics X-CUBE-STSE01 1.0.0
2025-10-20 11:41:51,260 [INFO] ThirdParty:1030 - CMSIS Pack Vendor :STMicroelectronics X-CUBE-ST67W61 1.0.0
2025-10-20 11:41:51,260 [INFO] ThirdParty:1030 - CMSIS Pack Vendor :STMicroelectronics FP-SNS-STBOX1 2.1.0
2025-10-20 11:41:51,260 [INFO] ThirdParty:1030 - CMSIS Pack Vendor :STMicroelectronics X-CUBE-AI 10.2.0
2025-10-20 11:41:51,260 [INFO] ThirdParty:1030 - CMSIS Pack Vendor :STMicroelectronics FP-SNS-STAIOTCFT 1.0.0
2025-10-20 11:41:51,260 [INFO] ThirdParty:1030 - CMSIS Pack Vendor :STMicroelectronics ThreadX 1.0.0
2025-10-20 11:41:51,260 [INFO] ThirdParty:1030 - CMSIS Pack Vendor :STMicroelectronics FP-SNS-SMARTAG2 1.2.0
2025-10-20 11:41:51,260 [INFO] ThirdParty:1030 - CMSIS Pack Vendor :STMicroelectronics FP-SNS-FLIGHT1 5.1.0
2025-10-20 11:41:51,260 [INFO] ThirdParty:1030 - CMSIS Pack Vendor :STMicroelectronics X-CUBE-AZRTOS-WL 2.0.0
2025-10-20 11:41:51,260 [INFO] ThirdParty:1030 - CMSIS Pack Vendor :SEGGER I-CUBE-embOS 1.3.1
2025-10-20 11:41:51,260 [INFO] ThirdParty:1030 - CMSIS Pack Vendor :STMicroelectronics X-CUBE-ALGOBUILD 1.4.0
2025-10-20 11:41:51,260 [INFO] ThirdParty:1030 - CMSIS Pack Vendor :STMicroelectronics X-CUBE-DPower 1.3.0
2025-10-20 11:41:51,260 [INFO] ThirdParty:1030 - CMSIS Pack Vendor :STMicroelectronics X-CUBE-MEMS1 11.3.0
2025-10-20 11:41:51,260 [INFO] ThirdParty:1030 - CMSIS Pack Vendor :STMicroelectronics FP-SNS-MOTENV1 5.0.0
2025-10-20 11:41:51,260 [INFO] ThirdParty:1030 - CMSIS Pack Vendor :STMicroelectronics USB_DEVICE 1.0.0
2025-10-20 11:41:51,260 [INFO] ThirdParty:1030 - CMSIS Pack Vendor :STMicroelectronics X-CUBE-AZRTOS-L4 2.0.0
2025-10-20 11:41:51,260 [INFO] ThirdParty:1030 - CMSIS Pack Vendor :STMicroelectronics ThreadX 0.0.2
2025-10-20 11:41:51,260 [INFO] ThirdParty:1030 - CMSIS Pack Vendor :WES I-CUBE-Cesium 1.3.0
2025-10-20 11:41:51,260 [INFO] ThirdParty:1030 - CMSIS Pack Vendor :STMicroelectronics lwIP 2.1.2
2025-10-20 11:41:51,260 [INFO] ThirdParty:1030 - CMSIS Pack Vendor :STMicroelectronics X-CUBE-SFXS2LP1 4.0.0
2025-10-20 11:41:51,260 [INFO] ThirdParty:1030 - CMSIS Pack Vendor :STMicroelectronics X-CUBE-BLE2 3.3.0
2025-10-20 11:41:51,260 [INFO] ThirdParty:1030 - CMSIS Pack Vendor :STMicroelectronics X-CUBE-TOF1 3.4.3
2025-10-20 11:41:51,260 [INFO] ThirdParty:1030 - CMSIS Pack Vendor :STMicroelectronics PDM2PCM 3.2.0
2025-10-20 11:41:51,260 [INFO] ThirdParty:841 - exiting critical section [change project]
2025-10-20 11:41:52,353 [INFO] PinOutPanel:1589 - setPackage(No Configuration,No Configuration)
2025-10-20 11:41:52,354 [INFO] PinOutPanel:1589 - setPackage(STM32F103C8Tx,LQFP48)
2025-10-20 11:41:55,401 [INFO] UtilMem:75 - Before build in PCC Used Memory: 264243200 Bytes (493879296)
2025-10-20 11:41:59,305 [INFO] UtilMem:75 - After build in PCC Used Memory: 321980432 Bytes (493879296)
2025-10-20 11:41:59,844 [INFO] IPUIPlugin:80 - create IPUIPlugin
2025-10-20 11:41:59,844 [INFO] IPUIPlugin:80 - create IPUIPlugin
2025-10-20 11:41:59,844 [INFO] IPUIPlugin:80 - create IPUIPlugin
2025-10-20 11:41:59,844 [INFO] IPUIPlugin:80 - create IPUIPlugin
2025-10-20 11:41:59,844 [INFO] IPUIPlugin:80 - create IPUIPlugin
2025-10-20 11:41:59,844 [INFO] IPUIPlugin:80 - create IPUIPlugin
2025-10-20 11:41:59,844 [INFO] IPUIPlugin:80 - create IPUIPlugin
2025-10-20 11:41:59,844 [INFO] IPUIPlugin:80 - create IPUIPlugin
2025-10-20 11:41:59,845 [INFO] IPUIPlugin:80 - create IPUIPlugin
2025-10-20 11:41:59,845 [INFO] IPUIPlugin:80 - create IPUIPlugin
2025-10-20 11:41:59,845 [INFO] IPUIPlugin:80 - create IPUIPlugin
2025-10-20 11:41:59,845 [INFO] IPUIPlugin:80 - create IPUIPlugin
2025-10-20 11:41:59,846 [INFO] IPUIPlugin:80 - create IPUIPlugin
2025-10-20 11:41:59,846 [INFO] IPUIPlugin:80 - create IPUIPlugin
2025-10-20 11:41:59,846 [INFO] IPUIPlugin:80 - create IPUIPlugin
2025-10-20 11:41:59,846 [INFO] IPUIPlugin:80 - create IPUIPlugin
2025-10-20 11:41:59,846 [INFO] IPUIPlugin:80 - create IPUIPlugin
2025-10-20 11:41:59,846 [INFO] IPUIPlugin:80 - create IPUIPlugin
2025-10-20 11:41:59,846 [INFO] IPUIPlugin:80 - create IPUIPlugin
2025-10-20 11:41:59,846 [INFO] IPUIPlugin:80 - create IPUIPlugin
2025-10-20 11:41:59,846 [INFO] IPUIPlugin:80 - create IPUIPlugin
2025-10-20 11:41:59,846 [INFO] IPUIPlugin:80 - create IPUIPlugin
2025-10-20 11:41:59,847 [INFO] IPUIPlugin:80 - create IPUIPlugin
2025-10-20 11:41:59,847 [INFO] IPUIPlugin:80 - create IPUIPlugin
2025-10-20 11:41:59,847 [INFO] IPUIPlugin:80 - create IPUIPlugin
2025-10-20 11:41:59,847 [INFO] IPUIPlugin:80 - create IPUIPlugin
2025-10-20 11:41:59,848 [INFO] IPUIPlugin:80 - create IPUIPlugin
2025-10-20 11:42:02,388 [INFO] CADModel:165 - CPN selected for project levelSTM32F103C8T6
2025-10-20 11:42:02,388 [INFO] CADModel:114 - Register for checkConnection events
2025-10-20 11:42:02,467 [INFO] OpenFileManager:386 - Restore cursor
2025-10-20 11:59:53,865 [INFO] MainUpdater:2872 - connection check result : 10
2025-10-20 11:59:53,867 [INFO] MainUpdater:2872 - connection check result : 10
2025-10-20 11:59:54,158 [INFO] MicroXplorer:468 - Change Database Path : 
2025-10-20 11:59:54,158 [INFO] MicroXplorer:498 - Change Database Version : DB.6.0.150
2025-10-20 11:59:54,176 [ERROR] ProjectManagerView:395 - 
java.lang.NullPointerException: Cannot invoke "javax.swing.JTextField.getText()" because the return value of "java.util.List.get(int)" is null
	at com.st.microxplorer.plugins.projectmanager.gui.ProjectChoiceTab$9.caretUpdate(ProjectChoiceTab.java:2706) ~[filemanager.jar:?]
	at javax.swing.text.JTextComponent.fireCaretUpdate(JTextComponent.java:408) ~[?:?]
	at javax.swing.text.JTextComponent$MutableCaretEvent.fire(JTextComponent.java:4484) ~[?:?]
	at javax.swing.text.JTextComponent$MutableCaretEvent.stateChanged(JTextComponent.java:4506) ~[?:?]
	at javax.swing.text.DefaultCaret.fireStateChanged(DefaultCaret.java:857) ~[?:?]
	at javax.swing.text.DefaultCaret.changeCaretPosition(DefaultCaret.java:1343) ~[?:?]
	at javax.swing.text.DefaultCaret.handleSetDot(DefaultCaret.java:1242) ~[?:?]
	at javax.swing.text.DefaultCaret.setDot(DefaultCaret.java:1223) ~[?:?]
	at javax.swing.text.DefaultCaret$Handler.insertUpdate(DefaultCaret.java:1819) ~[?:?]
	at javax.swing.text.AbstractDocument.fireInsertUpdate(AbstractDocument.java:227) ~[?:?]
	at javax.swing.text.AbstractDocument.handleInsertString(AbstractDocument.java:781) ~[?:?]
	at javax.swing.text.AbstractDocument.insertString(AbstractDocument.java:740) ~[?:?]
	at javax.swing.text.PlainDocument.insertString(PlainDocument.java:131) ~[?:?]
	at javax.swing.text.AbstractDocument.replace(AbstractDocument.java:699) ~[?:?]
	at javax.swing.text.JTextComponent.setText(JTextComponent.java:1725) ~[?:?]
	at com.st.microxplorer.plugins.projectmanager.gui.ProjectChoiceTab.createHeapStackFields(ProjectChoiceTab.java:993) ~[filemanager.jar:?]
	at com.st.microxplorer.plugins.projectmanager.gui.ProjectChoiceTab.buildLinkSettingsPanel(ProjectChoiceTab.java:3813) ~[filemanager.jar:?]
	at com.st.microxplorer.plugins.projectmanager.gui.ProjectChoiceTab.defineWindowsFields(ProjectChoiceTab.java:1987) ~[filemanager.jar:?]
	at com.st.microxplorer.plugins.projectmanager.gui.ProjectChoiceTab.updateSettings(ProjectChoiceTab.java:558) ~[filemanager.jar:?]
	at com.st.microxplorer.plugins.projectmanager.gui.ProjectSettingsPanel.UpdateDialog(ProjectSettingsPanel.java:247) ~[filemanager.jar:?]
	at com.st.microxplorer.plugins.projectmanager.ProjectManagerView.propertyChange(ProjectManagerView.java:392) ~[filemanager.jar:?]
	at java.beans.PropertyChangeSupport.fire(PropertyChangeSupport.java:343) ~[?:?]
	at java.beans.PropertyChangeSupport.firePropertyChange(PropertyChangeSupport.java:335) ~[?:?]
	at java.beans.PropertyChangeSupport.firePropertyChange(PropertyChangeSupport.java:268) ~[?:?]
	at com.st.microxplorer.util.MXPropertyChangeSupport.firePropertyChange(MXPropertyChangeSupport.java:54) ~[STM32CubeMX.jar:?]
	at com.st.microxplorer.mxsystem.MxSystem.closeConfig(MxSystem.java:899) ~[STM32CubeMX.jar:?]
	at com.st.microxplorer.maingui.MainPanel.closeConfig(MainPanel.java:792) ~[STM32CubeMX.jar:?]
	at com.st.microxplorer.plugins.filemanager.engine.OpenFileManager.loadConfigurationFile(OpenFileManager.java:288) ~[filemanager.jar:?]
	at com.st.microxplorer.plugins.filemanager.engine.MainFileManager.userLoadConfig(MainFileManager.java:364) ~[filemanager.jar:?]
	at com.st.microxplorer.plugins.filemanager.engine.MainFileManager.userLoadConfig(MainFileManager.java:342) ~[filemanager.jar:?]
	at com.st.microxplorer.plugins.filemanager.FileManagerView.getSpecificTask(FileManagerView.java:264) ~[filemanager.jar:?]
	at com.st.stm32cube.common.mx.editor.CubeMxEditor.getMxTabbedPaneInstance(CubeMxEditor.java:1198) ~[com.st.stm32cube.common.mx_6.15.0.202507011659/:?]
	at com.st.stm32cube.common.mx.editor.CubeMxEditor$12$1.createSwingComponent(CubeMxEditor.java:1068) ~[com.st.stm32cube.common.mx_6.15.0.202507011659/:?]
	at com.st.stm32cube.common.mx.oss.core.awtswtbridge.EmbeddedSwingComposite.doComponentCreation(EmbeddedSwingComposite.java:492) ~[com.st.stm32cube.common.mx.oss_6.15.0.202507011659/:?]
	at com.st.stm32cube.common.mx.oss.core.awtswtbridge.EmbeddedSwingComposite$4.run(EmbeddedSwingComposite.java:291) ~[com.st.stm32cube.common.mx.oss_6.15.0.202507011659/:?]
	at com.st.stm32cube.common.mx.oss.core.awtswtbridge.AwtEnvironment$2.run(AwtEnvironment.java:166) ~[com.st.stm32cube.common.mx.oss_6.15.0.202507011659/:?]
	at java.awt.event.InvocationEvent.dispatch(InvocationEvent.java:318) ~[?:?]
	at java.awt.EventQueue.dispatchEventImpl(EventQueue.java:773) ~[?:?]
	at java.awt.EventQueue$4.run(EventQueue.java:720) ~[?:?]
	at java.awt.EventQueue$4.run(EventQueue.java:714) ~[?:?]
	at java.security.AccessController.doPrivileged(AccessController.java:400) ~[?:?]
	at java.security.ProtectionDomain$JavaSecurityAccessImpl.doIntersectionPrivilege(ProtectionDomain.java:87) ~[?:?]
	at java.awt.EventQueue.dispatchEvent(EventQueue.java:742) ~[?:?]
	at java.awt.EventDispatchThread.pumpOneEventForFilters(EventDispatchThread.java:203) ~[?:?]
	at java.awt.EventDispatchThread.pumpEventsForFilter(EventDispatchThread.java:124) ~[?:?]
	at java.awt.EventDispatchThread.pumpEventsForHierarchy(EventDispatchThread.java:113) ~[?:?]
	at java.awt.EventDispatchThread.pumpEvents(EventDispatchThread.java:109) ~[?:?]
	at java.awt.EventDispatchThread.pumpEvents(EventDispatchThread.java:101) ~[?:?]
	at java.awt.EventDispatchThread.run(EventDispatchThread.java:90) ~[?:?]
2025-10-20 11:59:54,182 [WARN] ThirdParty:871 - waiting for thirdparty lock release [close project]
2025-10-20 11:59:54,182 [INFO] ThirdParty:873 - entering critical section [close project]
2025-10-20 11:59:54,182 [INFO] ThirdParty:883 - exiting critical section [close project]
2025-10-20 11:59:54,183 [INFO] PinOutPanel:1589 - setPackage(No Configuration,No Configuration)
2025-10-20 11:59:54,189 [INFO] UtilMem:75 - Begin LoadConfig() Used Memory: 683745216 Bytes (838860800)
2025-10-20 11:59:54,189 [INFO] MicroXplorer:468 - Change Database Path : 
2025-10-20 11:59:54,189 [INFO] MicroXplorer:498 - Change Database Version : DB.6.0.150
2025-10-20 11:59:54,189 [INFO] OpenFileManager:355 - Change cursor
2025-10-20 11:59:54,526 [INFO] Mcu:2029 - Initializing MCU STM32F103C(8-B)Tx STM32F103C8Tx STM32F103C8T6
2025-10-20 12:00:00,472 [INFO] Context:786 - Trying to add GPIOservice into a context  which must be forbidden
2025-10-20 12:00:01,609 [INFO] ImportTextPane:234 - (OptionalMessage_ERROR) Pin15 (VP_RIF_VS_RIF1) cannot be retrieved for this MCU
2025-10-20 12:00:01,711 [INFO] RtosManager:558 - Registered RTOS mode: class=CMSIS, group=RTOS, mode=CMSIS_V1, owner=FREERTOS
2025-10-20 12:00:01,711 [INFO] RtosManager:558 - Registered RTOS mode: class=CMSIS, group=RTOS2, mode=CMSIS_V2, owner=FREERTOS
2025-10-20 12:00:01,711 [INFO] RtosManager:558 - Registered RTOS mode: class=RTOS, group=Core, mode=CMSIS_V1, owner=FREERTOS
2025-10-20 12:00:01,711 [INFO] RtosManager:558 - Registered RTOS mode: class=RTOS, group=Core, mode=CMSIS_V2, owner=FREERTOS
2025-10-20 12:00:01,711 [WARN] ModelIntegratedComponent:184 - Missing modes for component STMicroelectronics:FreeRTOS:0.0.1:STMicroelectronics:RTOS:FreeRTOS:Core:::10.2.0:
2025-10-20 12:00:01,717 [WARN] ModelIntegratedComponent:63 - No mode defined for component null
2025-10-20 12:00:01,717 [WARN] ModelIntegratedComponent:63 - No mode defined for component null
2025-10-20 12:00:01,717 [WARN] ModelIntegratedComponent:63 - No mode defined for component null
2025-10-20 12:00:01,717 [WARN] ModelIntegratedComponent:63 - No mode defined for component null
2025-10-20 12:00:01,717 [WARN] ModelIntegratedComponent:63 - No mode defined for component null
2025-10-20 12:00:01,717 [WARN] ModelIntegratedComponent:63 - No mode defined for component null
2025-10-20 12:00:01,717 [WARN] ModelIntegratedComponent:63 - No mode defined for component null
2025-10-20 12:00:01,717 [WARN] ModelIntegratedComponent:63 - No mode defined for component null
2025-10-20 12:00:01,717 [WARN] ModelIntegratedComponent:63 - No mode defined for component null
2025-10-20 12:00:01,717 [WARN] ModelIntegratedComponent:63 - No mode defined for component null
2025-10-20 12:00:01,717 [WARN] ModelIntegratedComponent:63 - No mode defined for component null
2025-10-20 12:00:01,717 [WARN] ModelIntegratedComponent:63 - No mode defined for component null
2025-10-20 12:00:01,717 [WARN] ModelIntegratedComponent:63 - No mode defined for component null
2025-10-20 12:00:01,717 [WARN] ModelIntegratedComponent:63 - No mode defined for component null
2025-10-20 12:00:01,717 [WARN] ModelIntegratedComponent:63 - No mode defined for component null
2025-10-20 12:00:01,717 [WARN] ModelIntegratedComponent:63 - No mode defined for component null
2025-10-20 12:00:01,717 [WARN] ModelIntegratedComponent:63 - No mode defined for component null
2025-10-20 12:00:01,717 [WARN] ModelIntegratedComponent:63 - No mode defined for component null
2025-10-20 12:00:01,717 [WARN] ModelIntegratedComponent:63 - No mode defined for component null
2025-10-20 12:00:01,717 [WARN] ModelIntegratedComponent:63 - No mode defined for component null
2025-10-20 12:00:01,717 [WARN] ModelIntegratedComponent:63 - No mode defined for component null
2025-10-20 12:00:01,717 [WARN] ModelIntegratedComponent:63 - No mode defined for component null
2025-10-20 12:00:01,717 [WARN] ModelIntegratedComponent:63 - No mode defined for component null
2025-10-20 12:00:01,717 [WARN] ModelIntegratedComponent:63 - No mode defined for component null
2025-10-20 12:00:01,717 [WARN] ModelIntegratedComponent:63 - No mode defined for component null
2025-10-20 12:00:01,717 [WARN] ModelIntegratedComponent:63 - No mode defined for component null
2025-10-20 12:00:01,717 [WARN] ModelIntegratedComponent:63 - No mode defined for component null
2025-10-20 12:00:01,717 [WARN] ModelIntegratedComponent:63 - No mode defined for component null
2025-10-20 12:00:01,717 [WARN] ModelIntegratedComponent:63 - No mode defined for component null
2025-10-20 12:00:01,717 [WARN] ModelIntegratedComponent:63 - No mode defined for component null
2025-10-20 12:00:01,717 [WARN] ModelIntegratedComponent:63 - No mode defined for component null
2025-10-20 12:00:01,717 [WARN] ModelIntegratedComponent:63 - No mode defined for component null
2025-10-20 12:00:01,717 [WARN] ModelIntegratedComponent:63 - No mode defined for component null
2025-10-20 12:00:01,717 [WARN] ModelIntegratedComponent:63 - No mode defined for component null
2025-10-20 12:00:01,717 [WARN] ModelIntegratedComponent:63 - No mode defined for component null
2025-10-20 12:00:01,717 [WARN] ModelPack:524 - Component already loaded: STMicroelectronics:HAL Drivers:0.0.0:STMicroelectronics:Device:STMicro_Driver:XSPI:HAL::0.0.1:HAL_XSPI
2025-10-20 12:00:01,958 [INFO] ThirdPartyModel:298 - Start build external matchings
2025-10-20 12:00:02,240 [INFO] ThirdPartyModel:316 - End build external matchings
2025-10-20 12:00:02,268 [INFO] ImportTextPane:234 - (OptionalMessage_ERROR) IP (RCC) : Invalid parameter (FamilyName)
2025-10-20 12:00:02,268 [INFO] ImportTextPane:234 - (OptionalMessage_ERROR) IP (RCC) : Parameter (USBFreq_Value) has invalid value (16000000)
2025-10-20 12:00:02,694 [INFO] UtilMem:75 - End LoadConfig() Used Memory: 453431656 Bytes (838860800)
2025-10-20 12:00:02,763 [WARN] ThirdParty:833 - waiting for thirdparty lock release [change project]
2025-10-20 12:00:02,763 [INFO] ThirdParty:835 - entering critical section [change project]
2025-10-20 12:00:02,763 [INFO] ThirdParty:1030 - CMSIS Pack Vendor :STMicroelectronics X-CUBE-PM33A1 1.0.0
2025-10-20 12:00:02,763 [INFO] ThirdParty:1030 - CMSIS Pack Vendor :STMicroelectronics USBPD 4.1
2025-10-20 12:00:02,763 [INFO] ThirdParty:1030 - CMSIS Pack Vendor :STMicroelectronics X-CUBE-NFC9 1.0.0
2025-10-20 12:00:02,763 [INFO] ThirdParty:1030 - CMSIS Pack Vendor :STMicroelectronics USB_HOST 2.0.0
2025-10-20 12:00:02,763 [INFO] ThirdParty:1030 - CMSIS Pack Vendor :STMicroelectronics FP-SNS-MOTENVWB1 1.4.0
2025-10-20 12:00:02,763 [INFO] ThirdParty:1030 - CMSIS Pack Vendor :STMicroelectronics X-CUBE-AZRTOS-F4 1.1.0
2025-10-20 12:00:02,763 [INFO] ThirdParty:1030 - CMSIS Pack Vendor :STMicroelectronics LIBJPEG 8.0.0
2025-10-20 12:00:02,763 [INFO] ThirdParty:1030 - CMSIS Pack Vendor :STMicroelectronics FP-ATR-ASTRA1 2.0.2
2025-10-20 12:00:02,763 [INFO] ThirdParty:1030 - CMSIS Pack Vendor :STMicroelectronics X-CUBE-BLE1 7.1.0
2025-10-20 12:00:02,763 [INFO] ThirdParty:1030 - CMSIS Pack Vendor :STMicroelectronics X-CUBE-SMBUS 2.1.0
2025-10-20 12:00:02,763 [INFO] ThirdParty:1030 - CMSIS Pack Vendor :STMicroelectronics USB_DEVICE 3.0.0
2025-10-20 12:00:02,763 [INFO] ThirdParty:1030 - CMSIS Pack Vendor :STMicroelectronics X-CUBE-ISPU 2.1.0
2025-10-20 12:00:02,763 [INFO] ThirdParty:1030 - CMSIS Pack Vendor :STMicroelectronics X-CUBE-EEPRMA1 5.2.0
2025-10-20 12:00:02,763 [INFO] ThirdParty:1030 - CMSIS Pack Vendor :STMicroelectronics X-CUBE-IPS 3.2.0
2025-10-20 12:00:02,763 [INFO] ThirdParty:1030 - CMSIS Pack Vendor :STMicroelectronics X-CUBE-BLEMGR 4.1.0
2025-10-20 12:00:02,763 [INFO] ThirdParty:1030 - CMSIS Pack Vendor :STMicroelectronics X-CUBE-AZRTOS-WB 2.0.0
2025-10-20 12:00:02,763 [INFO] ThirdParty:1030 - CMSIS Pack Vendor :STMicroelectronics X-CUBE-ST60 1.0.0
2025-10-20 12:00:02,763 [INFO] ThirdParty:1030 - CMSIS Pack Vendor :STMicroelectronics X-CUBE-GNSS1 7.0.1
2025-10-20 12:00:02,763 [INFO] ThirdParty:1030 - CMSIS Pack Vendor :STMicroelectronics X-CUBE-NFC12 1.0.0
2025-10-20 12:00:02,763 [INFO] ThirdParty:1030 - CMSIS Pack Vendor :STMicroelectronics X-CUBE-AZRTOS-F7 1.1.0
2025-10-20 12:00:02,763 [INFO] ThirdParty:1030 - CMSIS Pack Vendor :STMicroelectronics X-CUBE-AZRTOS-L5 2.0.0
2025-10-20 12:00:02,763 [INFO] ThirdParty:1030 - CMSIS Pack Vendor :STMicroelectronics X-CUBE-TOUCHGFX 4.25.0
2025-10-20 12:00:02,763 [INFO] ThirdParty:1030 - CMSIS Pack Vendor :STMicroelectronics USB_DEVICE 2.0.0
2025-10-20 12:00:02,763 [INFO] ThirdParty:1030 - CMSIS Pack Vendor :STMicroelectronics X-CUBE-NFC6 3.1.0
2025-10-20 12:00:02,763 [INFO] ThirdParty:1030 - CMSIS Pack Vendor :STMicroelectronics X-CUBE-ST67W61 1.1.0
2025-10-20 12:00:02,763 [INFO] ThirdParty:1030 - CMSIS Pack Vendor :Cesanta I-CUBE-Mongoose 7.19.0
2025-10-20 12:00:02,763 [INFO] ThirdParty:1030 - CMSIS Pack Vendor :quantropi X-CUBE-qispace-sdk-base 2.1.0
2025-10-20 12:00:02,763 [INFO] ThirdParty:1030 - CMSIS Pack Vendor :STMicroelectronics FreeRTOS 0.0.1
2025-10-20 12:00:02,763 [INFO] ThirdParty:1030 - CMSIS Pack Vendor :STMicroelectronics X-CUBE-AZRTOS-G0 1.1.0
2025-10-20 12:00:02,763 [INFO] ThirdParty:1030 - CMSIS Pack Vendor :STMicroelectronics X-CUBE-SAFEA1 1.2.2
2025-10-20 12:00:02,763 [INFO] ThirdParty:1030 - CMSIS Pack Vendor :STMicroelectronics X-CUBE-NFC4 3.0.0
2025-10-20 12:00:02,763 [INFO] ThirdParty:1030 - CMSIS Pack Vendor :STMicroelectronics X-CUBE-SUBG2 5.0.0
2025-10-20 12:00:02,763 [INFO] ThirdParty:1030 - CMSIS Pack Vendor :STMicroelectronics X-CUBE-AZRTOS-H7RS 1.1.0
2025-10-20 12:00:02,763 [INFO] ThirdParty:1030 - CMSIS Pack Vendor :STMicroelectronics STM32_WPAN 1.0.0
2025-10-20 12:00:02,763 [INFO] ThirdParty:1030 - CMSIS Pack Vendor :EmbeddedOffice I-CUBE-FS-RTOS 1.0.1
2025-10-20 12:00:02,763 [INFO] ThirdParty:1030 - CMSIS Pack Vendor :STMicroelectronics lwIP 2.0.3
2025-10-20 12:00:02,764 [INFO] ThirdParty:1030 - CMSIS Pack Vendor :STMicroelectronics USB_HOST 1.0.0
2025-10-20 12:00:02,764 [INFO] ThirdParty:1030 - CMSIS Pack Vendor :Infineon AIROC-Wi-Fi-Bluetooth-STM32 1.7.1
2025-10-20 12:00:02,764 [INFO] ThirdParty:1030 - CMSIS Pack Vendor :STMicroelectronics X-CUBE-AZRTOS-G4 2.0.0
2025-10-20 12:00:02,764 [INFO] ThirdParty:1030 - CMSIS Pack Vendor :STMicroelectronics X-CUBE-WB05N 2.0.0
2025-10-20 12:00:02,764 [INFO] ThirdParty:1030 - CMSIS Pack Vendor :STMicroelectronics PDM2PCM 3.1.0
2025-10-20 12:00:02,764 [INFO] ThirdParty:1030 - CMSIS Pack Vendor :STMicroelectronics PDM2PCM 3.3.0
2025-10-20 12:00:02,764 [INFO] ThirdParty:1030 - CMSIS Pack Vendor :STMicroelectronics X-CUBE-AZRTOS-H7 3.4.0
2025-10-20 12:00:02,764 [INFO] ThirdParty:1030 - CMSIS Pack Vendor :STMicroelectronics X-CUBE-DISPLAY 3.0.0
2025-10-20 12:00:02,764 [INFO] ThirdParty:1030 - CMSIS Pack Vendor :STMicroelectronics X-CUBE-NFC7 2.0.0
2025-10-20 12:00:02,764 [INFO] ThirdParty:1030 - CMSIS Pack Vendor :STMicroelectronics X-CUBE-TCPP 4.2.0
2025-10-20 12:00:02,764 [INFO] ThirdParty:1030 - CMSIS Pack Vendor :RealThread X-CUBE-RT-Thread_Nano 4.1.1
2025-10-20 12:00:02,764 [INFO] ThirdParty:1030 - CMSIS Pack Vendor :STMicroelectronics FP-ATR-SIGFOX1 3.2.0
2025-10-20 12:00:02,764 [INFO] ThirdParty:1030 - CMSIS Pack Vendor :STMicroelectronics X-CUBE-NFC10 1.0.0
2025-10-20 12:00:02,764 [INFO] ThirdParty:1030 - CMSIS Pack Vendor :STMicroelectronics X-CUBE-FREERTOS 1.3.1
2025-10-20 12:00:02,764 [INFO] ThirdParty:1030 - CMSIS Pack Vendor :STMicroelectronics HAL Drivers 0.0.0
2025-10-20 12:00:02,764 [INFO] ThirdParty:1030 - CMSIS Pack Vendor :STMicroelectronics MBEDTLS 2.16.2
2025-10-20 12:00:02,764 [INFO] ThirdParty:1030 - CMSIS Pack Vendor :STMicroelectronics X-CUBE-ST60 1.1.0
2025-10-20 12:00:02,764 [INFO] ThirdParty:1030 - CMSIS Pack Vendor :STMicroelectronics X-CUBE-IPS 3.1.0
2025-10-20 12:00:02,764 [INFO] ThirdParty:1030 - CMSIS Pack Vendor :STMicroelectronics X-CUBE-ALS 1.0.2
2025-10-20 12:00:02,764 [INFO] ThirdParty:1030 - CMSIS Pack Vendor :emotas I-CUBE-CANOPEN 1.3.0
2025-10-20 12:00:02,764 [INFO] ThirdParty:1030 - CMSIS Pack Vendor :STMicroelectronics MBEDTLS 2.14.1
2025-10-20 12:00:02,764 [INFO] ThirdParty:1030 - CMSIS Pack Vendor :ITTIA_DB I-CUBE-ITTIADB 8.9.0
2025-10-20 12:00:02,764 [INFO] ThirdParty:1030 - CMSIS Pack Vendor :STMicroelectronics X-CUBE-TOUCHGFX 4.26.0
2025-10-20 12:00:02,764 [INFO] ThirdParty:1030 - CMSIS Pack Vendor :STMicroelectronics X-CUBE-STSE01 1.0.0
2025-10-20 12:00:02,764 [INFO] ThirdParty:1030 - CMSIS Pack Vendor :STMicroelectronics X-CUBE-ST67W61 1.0.0
2025-10-20 12:00:02,764 [INFO] ThirdParty:1030 - CMSIS Pack Vendor :STMicroelectronics FP-SNS-STBOX1 2.1.0
2025-10-20 12:00:02,764 [INFO] ThirdParty:1030 - CMSIS Pack Vendor :STMicroelectronics X-CUBE-AI 10.2.0
2025-10-20 12:00:02,764 [INFO] ThirdParty:1030 - CMSIS Pack Vendor :STMicroelectronics FP-SNS-STAIOTCFT 1.0.0
2025-10-20 12:00:02,764 [INFO] ThirdParty:1030 - CMSIS Pack Vendor :STMicroelectronics ThreadX 1.0.0
2025-10-20 12:00:02,764 [INFO] ThirdParty:1030 - CMSIS Pack Vendor :STMicroelectronics FP-SNS-SMARTAG2 1.2.0
2025-10-20 12:00:02,764 [INFO] ThirdParty:1030 - CMSIS Pack Vendor :STMicroelectronics FP-SNS-FLIGHT1 5.1.0
2025-10-20 12:00:02,764 [INFO] ThirdParty:1030 - CMSIS Pack Vendor :STMicroelectronics X-CUBE-AZRTOS-WL 2.0.0
2025-10-20 12:00:02,764 [INFO] ThirdParty:1030 - CMSIS Pack Vendor :SEGGER I-CUBE-embOS 1.3.1
2025-10-20 12:00:02,764 [INFO] ThirdParty:1030 - CMSIS Pack Vendor :STMicroelectronics X-CUBE-ALGOBUILD 1.4.0
2025-10-20 12:00:02,764 [INFO] ThirdParty:1030 - CMSIS Pack Vendor :STMicroelectronics X-CUBE-DPower 1.3.0
2025-10-20 12:00:02,764 [INFO] ThirdParty:1030 - CMSIS Pack Vendor :STMicroelectronics X-CUBE-MEMS1 11.3.0
2025-10-20 12:00:02,764 [INFO] ThirdParty:1030 - CMSIS Pack Vendor :STMicroelectronics FP-SNS-MOTENV1 5.0.0
2025-10-20 12:00:02,764 [INFO] ThirdParty:1030 - CMSIS Pack Vendor :STMicroelectronics USB_DEVICE 1.0.0
2025-10-20 12:00:02,764 [INFO] ThirdParty:1030 - CMSIS Pack Vendor :STMicroelectronics X-CUBE-AZRTOS-L4 2.0.0
2025-10-20 12:00:02,764 [INFO] ThirdParty:1030 - CMSIS Pack Vendor :STMicroelectronics ThreadX 0.0.2
2025-10-20 12:00:02,764 [INFO] ThirdParty:1030 - CMSIS Pack Vendor :WES I-CUBE-Cesium 1.3.0
2025-10-20 12:00:02,764 [INFO] ThirdParty:1030 - CMSIS Pack Vendor :STMicroelectronics lwIP 2.1.2
2025-10-20 12:00:02,764 [INFO] ThirdParty:1030 - CMSIS Pack Vendor :STMicroelectronics X-CUBE-SFXS2LP1 4.0.0
2025-10-20 12:00:02,764 [INFO] ThirdParty:1030 - CMSIS Pack Vendor :STMicroelectronics X-CUBE-BLE2 3.3.0
2025-10-20 12:00:02,764 [INFO] ThirdParty:1030 - CMSIS Pack Vendor :STMicroelectronics X-CUBE-TOF1 3.4.3
2025-10-20 12:00:02,764 [INFO] ThirdParty:1030 - CMSIS Pack Vendor :STMicroelectronics PDM2PCM 3.2.0
2025-10-20 12:00:02,764 [INFO] ThirdParty:841 - exiting critical section [change project]
2025-10-20 12:00:03,189 [INFO] PinOutPanel:1589 - setPackage(No Configuration,No Configuration)
2025-10-20 12:00:03,189 [INFO] PinOutPanel:1589 - setPackage(STM32F103C8Tx,LQFP48)
2025-10-20 12:00:03,862 [INFO] UtilMem:75 - Before build in PCC Used Memory: 370671616 Bytes (838860800)
2025-10-20 12:00:04,396 [INFO] UtilMem:75 - After build in PCC Used Memory: 413663232 Bytes (838860800)
2025-10-20 12:00:04,420 [INFO] IPUIPlugin:80 - create IPUIPlugin
2025-10-20 12:00:04,420 [INFO] IPUIPlugin:80 - create IPUIPlugin
2025-10-20 12:00:04,420 [INFO] IPUIPlugin:80 - create IPUIPlugin
2025-10-20 12:00:04,420 [INFO] IPUIPlugin:80 - create IPUIPlugin
2025-10-20 12:00:04,420 [INFO] IPUIPlugin:80 - create IPUIPlugin
2025-10-20 12:00:04,420 [INFO] IPUIPlugin:80 - create IPUIPlugin
2025-10-20 12:00:04,420 [INFO] IPUIPlugin:80 - create IPUIPlugin
2025-10-20 12:00:04,420 [INFO] IPUIPlugin:80 - create IPUIPlugin
2025-10-20 12:00:04,420 [INFO] IPUIPlugin:80 - create IPUIPlugin
2025-10-20 12:00:04,420 [INFO] IPUIPlugin:80 - create IPUIPlugin
2025-10-20 12:00:04,420 [INFO] IPUIPlugin:80 - create IPUIPlugin
2025-10-20 12:00:04,420 [INFO] IPUIPlugin:80 - create IPUIPlugin
2025-10-20 12:00:04,420 [INFO] IPUIPlugin:80 - create IPUIPlugin
2025-10-20 12:00:04,420 [INFO] IPUIPlugin:80 - create IPUIPlugin
2025-10-20 12:00:04,420 [INFO] IPUIPlugin:80 - create IPUIPlugin
2025-10-20 12:00:04,420 [INFO] IPUIPlugin:80 - create IPUIPlugin
2025-10-20 12:00:04,420 [INFO] IPUIPlugin:80 - create IPUIPlugin
2025-10-20 12:00:04,420 [INFO] IPUIPlugin:80 - create IPUIPlugin
2025-10-20 12:00:04,421 [INFO] IPUIPlugin:80 - create IPUIPlugin
2025-10-20 12:00:04,421 [INFO] IPUIPlugin:80 - create IPUIPlugin
2025-10-20 12:00:04,421 [INFO] IPUIPlugin:80 - create IPUIPlugin
2025-10-20 12:00:04,421 [INFO] IPUIPlugin:80 - create IPUIPlugin
2025-10-20 12:00:04,421 [INFO] IPUIPlugin:80 - create IPUIPlugin
2025-10-20 12:00:04,421 [INFO] IPUIPlugin:80 - create IPUIPlugin
2025-10-20 12:00:04,421 [INFO] IPUIPlugin:80 - create IPUIPlugin
2025-10-20 12:00:04,421 [INFO] IPUIPlugin:80 - create IPUIPlugin
2025-10-20 12:00:04,421 [INFO] IPUIPlugin:80 - create IPUIPlugin
2025-10-20 12:00:04,423 [WARN] IP:2250 - I2C_Coeff_DF not found: check if there is a RefParameter without a condition.
2025-10-20 12:00:04,423 [WARN] IP:2250 - Analog_Filter not found: check if there is a RefParameter without a condition.
2025-10-20 12:00:04,467 [INFO] CADModel:165 - CPN selected for project levelSTM32F103C8T6
2025-10-20 12:00:04,468 [INFO] CADModel:114 - Register for checkConnection events
2025-10-20 12:00:04,521 [INFO] OpenFileManager:386 - Restore cursor
2025-10-20 12:00:04,649 [WARN] IP:2250 - I2C_Coeff_DF not found: check if there is a RefParameter without a condition.
2025-10-20 12:00:04,649 [WARN] IP:2250 - Analog_Filter not found: check if there is a RefParameter without a condition.
2025-10-20 12:00:04,649 [WARN] IP:2250 - I2C_Coeff_DF not found: check if there is a RefParameter without a condition.
2025-10-20 12:00:04,649 [WARN] IP:2250 - Analog_Filter not found: check if there is a RefParameter without a condition.
2025-10-20 12:04:42,630 [INFO] UtilMem:75 - End SaveConfig() Used Memory: 374372088 Bytes (629145600)
2025-10-20 12:04:45,248 [INFO] UtilMem:75 - End SaveConfig() Used Memory: 391119360 Bytes (629145600)
2025-10-20 12:04:57,238 [INFO] UtilMem:75 - End SaveConfig() Used Memory: 439383800 Bytes (629145600)
2025-10-20 12:05:00,007 [INFO] BlockDiagram:2775 - set Specific Code input for plugin: RTC
2025-10-20 12:05:00,008 [INFO] BlockDiagram:2775 - set Specific Code input for plugin: NVIC
2025-10-20 12:05:00,008 [INFO] BlockDiagram:2775 - set Specific Code input for plugin: TIM1_8F1
2025-10-20 12:05:00,008 [INFO] BlockDiagram:2775 - set Specific Code input for plugin: SYS
2025-10-20 12:05:00,010 [INFO] BlockDiagram:2775 - set Specific Code input for plugin: GPIO
2025-10-20 12:05:00,011 [INFO] BlockDiagram:2775 - set Specific Code input for plugin: RCC
2025-10-20 12:05:00,011 [INFO] BlockDiagram:2775 - set Specific Code input for plugin: I2C
2025-10-20 12:05:00,012 [INFO] CodeGenerator:892 - code generatio: config db path: C:\ST\STM32CubeIDE_1.19.0\STM32CubeIDE\plugins\com.st.stm32cube.common.mx_6.15.0.202507011659\\db\
2025-10-20 12:05:00,017 [WARN] IP:2250 - I2C_Coeff_DF not found: check if there is a RefParameter without a condition.
2025-10-20 12:05:00,017 [WARN] IP:2250 - Analog_Filter not found: check if there is a RefParameter without a condition.
2025-10-20 12:05:01,368 [INFO] CodeEngine:265 - oldGeneratedFile, C:\Users\nico2\OneDrive\Desktop\EMBEBIDOS\COMEDERO_INTEGRACION\MXTmpFiles\license.tmp_save
2025-10-20 12:05:02,192 [INFO] CodeEngine:289 - Generated code: C:\Users\nico2\OneDrive\Desktop\EMBEBIDOS\COMEDERO_INTEGRACION\MXTmpFiles\license.tmp
2025-10-20 12:05:02,830 [INFO] CodeEngine:265 - oldGeneratedFile, C:\Users\nico2\OneDrive\Desktop\EMBEBIDOS\COMEDERO_INTEGRACION\MXTmpFiles\gpio.tmp_save
2025-10-20 12:05:03,220 [INFO] CodeEngine:289 - Generated code: C:\Users\nico2\OneDrive\Desktop\EMBEBIDOS\COMEDERO_INTEGRACION\MXTmpFiles\gpio.tmp
2025-10-20 12:05:04,301 [INFO] CodeEngine:265 - oldGeneratedFile, C:\Users\nico2\OneDrive\Desktop\EMBEBIDOS\COMEDERO_INTEGRACION\Core\Src\stm32f1xx_it.c_save
2025-10-20 12:05:04,588 [INFO] CodeEngine:289 - Generated code: C:\Users\nico2\OneDrive\Desktop\EMBEBIDOS\COMEDERO_INTEGRACION\Core\Src\stm32f1xx_it.c
2025-10-20 12:05:04,602 [INFO] CodeEngine:265 - oldGeneratedFile, C:\Users\nico2\OneDrive\Desktop\EMBEBIDOS\COMEDERO_INTEGRACION\Core\Inc\stm32f1xx_it.h_save
2025-10-20 12:05:04,788 [INFO] CodeEngine:289 - Generated code: C:\Users\nico2\OneDrive\Desktop\EMBEBIDOS\COMEDERO_INTEGRACION\Core\Inc\stm32f1xx_it.h
2025-10-20 12:05:04,947 [INFO] CodeEngine:265 - oldGeneratedFile, C:\Users\nico2\OneDrive\Desktop\EMBEBIDOS\COMEDERO_INTEGRACION\Core\Src\stm32f1xx_hal_msp.c_save
2025-10-20 12:05:05,277 [INFO] CodeEngine:289 - Generated code: C:\Users\nico2\OneDrive\Desktop\EMBEBIDOS\COMEDERO_INTEGRACION\Core\Src\stm32f1xx_hal_msp.c
2025-10-20 12:05:05,295 [INFO] CodeEngine:265 - oldGeneratedFile, C:\Users\nico2\OneDrive\Desktop\EMBEBIDOS\COMEDERO_INTEGRACION\MXTmpFiles\system.tmp_save
2025-10-20 12:05:05,419 [INFO] CodeEngine:289 - Generated code: C:\Users\nico2\OneDrive\Desktop\EMBEBIDOS\COMEDERO_INTEGRACION\MXTmpFiles\system.tmp
2025-10-20 12:05:05,489 [INFO] CodeEngine:321 - oldGeneratedFile, C:\Users\nico2\OneDrive\Desktop\EMBEBIDOS\COMEDERO_INTEGRACION\Core\Inc\stm32f1xx_hal_conf.h_save
2025-10-20 12:05:05,661 [INFO] CodeEngine:345 - Generated code: C:\Users\nico2\OneDrive\Desktop\EMBEBIDOS\COMEDERO_INTEGRACION\Core\Inc\stm32f1xx_hal_conf.h
2025-10-20 12:05:05,736 [INFO] ApiDbMcu:532 - Load IP Config File for I2C1
2025-10-20 12:05:05,743 [INFO] ApiDbMcu:532 - Load IP Config File for RTC
2025-10-20 12:05:05,811 [INFO] ApiDbMcu:532 - Load IP Config File for TIM2
2025-10-20 12:05:05,819 [INFO] ApiDbMcu:532 - Load IP Config File for RCC
2025-10-20 12:05:05,823 [WARN] IPConfigManager:3811 - IP not found : TIM
2025-10-20 12:05:05,824 [WARN] CodeGenerator:4259 - IP not found : null
2025-10-20 12:05:05,844 [INFO] CodeEngine:265 - oldGeneratedFile, C:\Users\nico2\OneDrive\Desktop\EMBEBIDOS\COMEDERO_INTEGRACION\Core\Inc\main.h_save
2025-10-20 12:05:06,097 [INFO] CodeEngine:289 - Generated code: C:\Users\nico2\OneDrive\Desktop\EMBEBIDOS\COMEDERO_INTEGRACION\Core\Inc\main.h
2025-10-20 12:05:06,121 [INFO] CodeEngine:265 - oldGeneratedFile, C:\Users\nico2\OneDrive\Desktop\EMBEBIDOS\COMEDERO_INTEGRACION\Core\Src\main.c_save
2025-10-20 12:05:07,323 [INFO] CodeEngine:289 - Generated code: C:\Users\nico2\OneDrive\Desktop\EMBEBIDOS\COMEDERO_INTEGRACION\Core\Src\main.c
2025-10-20 12:05:07,892 [INFO] ProjectBuilder:3606 - Time for Copy HAL[1] : 214mS.
2025-10-20 12:05:07,900 [INFO] ProjectBuilder:5216 - Project Generator version: 4.7.0-B52
2025-10-20 12:05:08,141 [INFO] ConfigFileManager:1595 - The Die is : DIE410
2025-10-20 12:05:08,146 [INFO] ApiDbMcu:532 - Load IP Config File for FATFS
2025-10-20 12:05:08,157 [INFO] ApiDbMcu:532 - Load IP Config File for FREERTOS
2025-10-20 12:05:08,170 [INFO] ApiDbMcu:532 - Load IP Config File for USB_DEVICE
2025-10-20 12:05:09,601 [INFO] LogOutputStream:77 - [STDOUT_REDIRECT] 
2025-10-20 12:05:15,085 [INFO] ProjectBuilder:5496 - Time for Generating toolchain IDE Files: 7184mS.
2025-10-20 12:05:15,086 [INFO] ProjectBuilder:3463 - Time for Copy CMSIS : 1mS.
2025-10-20 12:05:15,087 [INFO] ProjectBuilder:3463 - Time for Copy CMSIS : 0mS.
2025-10-20 13:47:32,352 [WARN] IP:2250 - I2C_Coeff_DF not found: check if there is a RefParameter without a condition.
2025-10-20 13:47:32,353 [WARN] IP:2250 - Analog_Filter not found: check if there is a RefParameter without a condition.
2025-10-20 13:47:46,556 [INFO] MainUpdater:2872 - connection check result : 10
2025-10-20 13:47:46,559 [INFO] MainUpdater:2872 - connection check result : 10
2025-10-20 13:47:46,688 [INFO] MicroXplorer:468 - Change Database Path : 
2025-10-20 13:47:46,688 [INFO] MicroXplorer:498 - Change Database Version : DB.6.0.150
2025-10-20 13:47:46,729 [ERROR] ProjectManagerView:395 - 
java.lang.NullPointerException: Cannot invoke "javax.swing.JTextField.getText()" because the return value of "java.util.List.get(int)" is null
	at com.st.microxplorer.plugins.projectmanager.gui.ProjectChoiceTab$9.caretUpdate(ProjectChoiceTab.java:2706) ~[filemanager.jar:?]
	at javax.swing.text.JTextComponent.fireCaretUpdate(JTextComponent.java:408) ~[?:?]
	at javax.swing.text.JTextComponent$MutableCaretEvent.fire(JTextComponent.java:4484) ~[?:?]
	at javax.swing.text.JTextComponent$MutableCaretEvent.stateChanged(JTextComponent.java:4506) ~[?:?]
	at javax.swing.text.DefaultCaret.fireStateChanged(DefaultCaret.java:857) ~[?:?]
	at javax.swing.text.DefaultCaret.changeCaretPosition(DefaultCaret.java:1343) ~[?:?]
	at javax.swing.text.DefaultCaret.handleSetDot(DefaultCaret.java:1242) ~[?:?]
	at javax.swing.text.DefaultCaret.setDot(DefaultCaret.java:1223) ~[?:?]
	at javax.swing.text.DefaultCaret$Handler.insertUpdate(DefaultCaret.java:1819) ~[?:?]
	at javax.swing.text.AbstractDocument.fireInsertUpdate(AbstractDocument.java:227) ~[?:?]
	at javax.swing.text.AbstractDocument.handleInsertString(AbstractDocument.java:781) ~[?:?]
	at javax.swing.text.AbstractDocument.insertString(AbstractDocument.java:740) ~[?:?]
	at javax.swing.text.PlainDocument.insertString(PlainDocument.java:131) ~[?:?]
	at javax.swing.text.AbstractDocument.replace(AbstractDocument.java:699) ~[?:?]
	at javax.swing.text.JTextComponent.setText(JTextComponent.java:1725) ~[?:?]
	at com.st.microxplorer.plugins.projectmanager.gui.ProjectChoiceTab.createHeapStackFields(ProjectChoiceTab.java:993) ~[filemanager.jar:?]
	at com.st.microxplorer.plugins.projectmanager.gui.ProjectChoiceTab.buildLinkSettingsPanel(ProjectChoiceTab.java:3813) ~[filemanager.jar:?]
	at com.st.microxplorer.plugins.projectmanager.gui.ProjectChoiceTab.defineWindowsFields(ProjectChoiceTab.java:1987) ~[filemanager.jar:?]
	at com.st.microxplorer.plugins.projectmanager.gui.ProjectChoiceTab.updateSettings(ProjectChoiceTab.java:558) ~[filemanager.jar:?]
	at com.st.microxplorer.plugins.projectmanager.gui.ProjectSettingsPanel.UpdateDialog(ProjectSettingsPanel.java:247) ~[filemanager.jar:?]
	at com.st.microxplorer.plugins.projectmanager.ProjectManagerView.propertyChange(ProjectManagerView.java:392) ~[filemanager.jar:?]
	at java.beans.PropertyChangeSupport.fire(PropertyChangeSupport.java:343) ~[?:?]
	at java.beans.PropertyChangeSupport.firePropertyChange(PropertyChangeSupport.java:335) ~[?:?]
	at java.beans.PropertyChangeSupport.firePropertyChange(PropertyChangeSupport.java:268) ~[?:?]
	at com.st.microxplorer.util.MXPropertyChangeSupport.firePropertyChange(MXPropertyChangeSupport.java:54) ~[STM32CubeMX.jar:?]
	at com.st.microxplorer.mxsystem.MxSystem.closeConfig(MxSystem.java:899) ~[STM32CubeMX.jar:?]
	at com.st.microxplorer.maingui.MainPanel.closeConfig(MainPanel.java:792) ~[STM32CubeMX.jar:?]
	at com.st.microxplorer.plugins.filemanager.engine.OpenFileManager.loadConfigurationFile(OpenFileManager.java:288) ~[filemanager.jar:?]
	at com.st.microxplorer.plugins.filemanager.engine.MainFileManager.userLoadConfig(MainFileManager.java:364) ~[filemanager.jar:?]
	at com.st.microxplorer.plugins.filemanager.engine.MainFileManager.userLoadConfig(MainFileManager.java:342) ~[filemanager.jar:?]
	at com.st.microxplorer.plugins.filemanager.FileManagerView.getSpecificTask(FileManagerView.java:264) ~[filemanager.jar:?]
	at com.st.stm32cube.common.mx.editor.CubeMxEditor.getMxTabbedPaneInstance(CubeMxEditor.java:1198) ~[com.st.stm32cube.common.mx_6.15.0.202507011659/:?]
	at com.st.stm32cube.common.mx.editor.CubeMxEditor$12$1.createSwingComponent(CubeMxEditor.java:1068) ~[com.st.stm32cube.common.mx_6.15.0.202507011659/:?]
	at com.st.stm32cube.common.mx.oss.core.awtswtbridge.EmbeddedSwingComposite.doComponentCreation(EmbeddedSwingComposite.java:492) ~[com.st.stm32cube.common.mx.oss_6.15.0.202507011659/:?]
	at com.st.stm32cube.common.mx.oss.core.awtswtbridge.EmbeddedSwingComposite$4.run(EmbeddedSwingComposite.java:291) ~[com.st.stm32cube.common.mx.oss_6.15.0.202507011659/:?]
	at com.st.stm32cube.common.mx.oss.core.awtswtbridge.AwtEnvironment$2.run(AwtEnvironment.java:166) ~[com.st.stm32cube.common.mx.oss_6.15.0.202507011659/:?]
	at java.awt.event.InvocationEvent.dispatch(InvocationEvent.java:318) ~[?:?]
	at java.awt.EventQueue.dispatchEventImpl(EventQueue.java:773) ~[?:?]
	at java.awt.EventQueue$4.run(EventQueue.java:720) ~[?:?]
	at java.awt.EventQueue$4.run(EventQueue.java:714) ~[?:?]
	at java.security.AccessController.doPrivileged(AccessController.java:400) ~[?:?]
	at java.security.ProtectionDomain$JavaSecurityAccessImpl.doIntersectionPrivilege(ProtectionDomain.java:87) ~[?:?]
	at java.awt.EventQueue.dispatchEvent(EventQueue.java:742) ~[?:?]
	at java.awt.EventDispatchThread.pumpOneEventForFilters(EventDispatchThread.java:203) ~[?:?]
	at java.awt.EventDispatchThread.pumpEventsForFilter(EventDispatchThread.java:124) ~[?:?]
	at java.awt.EventDispatchThread.pumpEventsForHierarchy(EventDispatchThread.java:113) ~[?:?]
	at java.awt.EventDispatchThread.pumpEvents(EventDispatchThread.java:109) ~[?:?]
	at java.awt.EventDispatchThread.pumpEvents(EventDispatchThread.java:101) ~[?:?]
	at java.awt.EventDispatchThread.run(EventDispatchThread.java:90) ~[?:?]
2025-10-20 13:47:46,730 [WARN] ThirdParty:871 - waiting for thirdparty lock release [close project]
2025-10-20 13:47:46,730 [INFO] ThirdParty:873 - entering critical section [close project]
2025-10-20 13:47:46,730 [INFO] ThirdParty:883 - exiting critical section [close project]
2025-10-20 13:47:46,731 [INFO] PinOutPanel:1589 - setPackage(No Configuration,No Configuration)
2025-10-20 13:47:46,732 [INFO] UtilMem:75 - Begin LoadConfig() Used Memory: 480649528 Bytes (629145600)
2025-10-20 13:47:46,733 [INFO] MicroXplorer:468 - Change Database Path : 
2025-10-20 13:47:46,733 [INFO] MicroXplorer:498 - Change Database Version : DB.6.0.150
2025-10-20 13:47:46,733 [INFO] OpenFileManager:355 - Change cursor
2025-10-20 13:47:47,678 [INFO] RulesReader:64 - Compatibility file has been processed (317 Rules)
2025-10-20 13:47:47,702 [INFO] Mcu:2029 - Initializing MCU STM32F103C(8-B)Tx STM32F103C8Tx STM32F103C8T6
2025-10-20 13:47:50,813 [INFO] Context:786 - Trying to add GPIOservice into a context  which must be forbidden
2025-10-20 13:47:51,900 [INFO] ImportTextPane:234 - (OptionalMessage_ERROR) Pin10 (VP_RIF_VS_RIF1) cannot be retrieved for this MCU
2025-10-20 13:47:52,206 [INFO] RtosManager:558 - Registered RTOS mode: class=CMSIS, group=RTOS, mode=CMSIS_V1, owner=FREERTOS
2025-10-20 13:47:52,211 [INFO] RtosManager:558 - Registered RTOS mode: class=CMSIS, group=RTOS2, mode=CMSIS_V2, owner=FREERTOS
2025-10-20 13:47:52,212 [INFO] RtosManager:558 - Registered RTOS mode: class=RTOS, group=Core, mode=CMSIS_V1, owner=FREERTOS
2025-10-20 13:47:52,212 [INFO] RtosManager:558 - Registered RTOS mode: class=RTOS, group=Core, mode=CMSIS_V2, owner=FREERTOS
2025-10-20 13:47:52,212 [WARN] ModelIntegratedComponent:184 - Missing modes for component STMicroelectronics:FreeRTOS:0.0.1:STMicroelectronics:RTOS:FreeRTOS:Core:::10.2.0:
2025-10-20 13:47:52,262 [WARN] ModelIntegratedComponent:63 - No mode defined for component null
2025-10-20 13:47:52,263 [WARN] ModelIntegratedComponent:63 - No mode defined for component null
2025-10-20 13:47:52,263 [WARN] ModelIntegratedComponent:63 - No mode defined for component null
2025-10-20 13:47:52,263 [WARN] ModelIntegratedComponent:63 - No mode defined for component null
2025-10-20 13:47:52,263 [WARN] ModelIntegratedComponent:63 - No mode defined for component null
2025-10-20 13:47:52,263 [WARN] ModelIntegratedComponent:63 - No mode defined for component null
2025-10-20 13:47:52,263 [WARN] ModelIntegratedComponent:63 - No mode defined for component null
2025-10-20 13:47:52,263 [WARN] ModelIntegratedComponent:63 - No mode defined for component null
2025-10-20 13:47:52,263 [WARN] ModelIntegratedComponent:63 - No mode defined for component null
2025-10-20 13:47:52,263 [WARN] ModelIntegratedComponent:63 - No mode defined for component null
2025-10-20 13:47:52,263 [WARN] ModelIntegratedComponent:63 - No mode defined for component null
2025-10-20 13:47:52,263 [WARN] ModelIntegratedComponent:63 - No mode defined for component null
2025-10-20 13:47:52,263 [WARN] ModelIntegratedComponent:63 - No mode defined for component null
2025-10-20 13:47:52,263 [WARN] ModelIntegratedComponent:63 - No mode defined for component null
2025-10-20 13:47:52,263 [WARN] ModelIntegratedComponent:63 - No mode defined for component null
2025-10-20 13:47:52,263 [WARN] ModelIntegratedComponent:63 - No mode defined for component null
2025-10-20 13:47:52,263 [WARN] ModelIntegratedComponent:63 - No mode defined for component null
2025-10-20 13:47:52,263 [WARN] ModelIntegratedComponent:63 - No mode defined for component null
2025-10-20 13:47:52,264 [WARN] ModelIntegratedComponent:63 - No mode defined for component null
2025-10-20 13:47:52,265 [WARN] ModelIntegratedComponent:63 - No mode defined for component null
2025-10-20 13:47:52,265 [WARN] ModelIntegratedComponent:63 - No mode defined for component null
2025-10-20 13:47:52,265 [WARN] ModelIntegratedComponent:63 - No mode defined for component null
2025-10-20 13:47:52,266 [WARN] ModelIntegratedComponent:63 - No mode defined for component null
2025-10-20 13:47:52,266 [WARN] ModelIntegratedComponent:63 - No mode defined for component null
2025-10-20 13:47:52,266 [WARN] ModelIntegratedComponent:63 - No mode defined for component null
2025-10-20 13:47:52,266 [WARN] ModelIntegratedComponent:63 - No mode defined for component null
2025-10-20 13:47:52,266 [WARN] ModelIntegratedComponent:63 - No mode defined for component null
2025-10-20 13:47:52,266 [WARN] ModelIntegratedComponent:63 - No mode defined for component null
2025-10-20 13:47:52,266 [WARN] ModelIntegratedComponent:63 - No mode defined for component null
2025-10-20 13:47:52,266 [WARN] ModelIntegratedComponent:63 - No mode defined for component null
2025-10-20 13:47:52,266 [WARN] ModelIntegratedComponent:63 - No mode defined for component null
2025-10-20 13:47:52,266 [WARN] ModelIntegratedComponent:63 - No mode defined for component null
2025-10-20 13:47:52,266 [WARN] ModelIntegratedComponent:63 - No mode defined for component null
2025-10-20 13:47:52,266 [WARN] ModelIntegratedComponent:63 - No mode defined for component null
2025-10-20 13:47:52,266 [WARN] ModelIntegratedComponent:63 - No mode defined for component null
2025-10-20 13:47:52,266 [WARN] ModelPack:524 - Component already loaded: STMicroelectronics:HAL Drivers:0.0.0:STMicroelectronics:Device:STMicro_Driver:XSPI:HAL::0.0.1:HAL_XSPI
2025-10-20 13:47:52,409 [INFO] ThirdPartyModel:298 - Start build external matchings
2025-10-20 13:47:52,741 [INFO] ThirdPartyModel:316 - End build external matchings
2025-10-20 13:47:52,797 [INFO] ImportTextPane:234 - (OptionalMessage_ERROR) IP (RCC) : Invalid parameter (FamilyName)
2025-10-20 13:47:52,798 [INFO] ImportTextPane:234 - (OptionalMessage_ERROR) IP (RCC) : Parameter (USBFreq_Value) has invalid value (16000000)
2025-10-20 13:47:53,486 [INFO] UtilMem:75 - End LoadConfig() Used Memory: 556116856 Bytes (629145600)
2025-10-20 13:47:53,532 [WARN] ThirdParty:833 - waiting for thirdparty lock release [change project]
2025-10-20 13:47:53,533 [INFO] ThirdParty:835 - entering critical section [change project]
2025-10-20 13:47:53,533 [INFO] ThirdParty:1030 - CMSIS Pack Vendor :STMicroelectronics X-CUBE-PM33A1 1.0.0
2025-10-20 13:47:53,533 [INFO] ThirdParty:1030 - CMSIS Pack Vendor :STMicroelectronics USBPD 4.1
2025-10-20 13:47:53,533 [INFO] ThirdParty:1030 - CMSIS Pack Vendor :STMicroelectronics X-CUBE-NFC9 1.0.0
2025-10-20 13:47:53,535 [INFO] ThirdParty:1030 - CMSIS Pack Vendor :STMicroelectronics USB_HOST 2.0.0
2025-10-20 13:47:53,535 [INFO] ThirdParty:1030 - CMSIS Pack Vendor :STMicroelectronics FP-SNS-MOTENVWB1 1.4.0
2025-10-20 13:47:53,535 [INFO] ThirdParty:1030 - CMSIS Pack Vendor :STMicroelectronics X-CUBE-AZRTOS-F4 1.1.0
2025-10-20 13:47:53,535 [INFO] ThirdParty:1030 - CMSIS Pack Vendor :STMicroelectronics LIBJPEG 8.0.0
2025-10-20 13:47:53,535 [INFO] ThirdParty:1030 - CMSIS Pack Vendor :STMicroelectronics FP-ATR-ASTRA1 2.0.2
2025-10-20 13:47:53,535 [INFO] ThirdParty:1030 - CMSIS Pack Vendor :STMicroelectronics X-CUBE-BLE1 7.1.0
2025-10-20 13:47:53,535 [INFO] ThirdParty:1030 - CMSIS Pack Vendor :STMicroelectronics X-CUBE-SMBUS 2.1.0
2025-10-20 13:47:53,535 [INFO] ThirdParty:1030 - CMSIS Pack Vendor :STMicroelectronics USB_DEVICE 3.0.0
2025-10-20 13:47:53,536 [INFO] ThirdParty:1030 - CMSIS Pack Vendor :STMicroelectronics X-CUBE-ISPU 2.1.0
2025-10-20 13:47:53,536 [INFO] ThirdParty:1030 - CMSIS Pack Vendor :STMicroelectronics X-CUBE-EEPRMA1 5.2.0
2025-10-20 13:47:53,536 [INFO] ThirdParty:1030 - CMSIS Pack Vendor :STMicroelectronics X-CUBE-IPS 3.2.0
2025-10-20 13:47:53,537 [INFO] ThirdParty:1030 - CMSIS Pack Vendor :STMicroelectronics X-CUBE-BLEMGR 4.1.0
2025-10-20 13:47:53,537 [INFO] ThirdParty:1030 - CMSIS Pack Vendor :STMicroelectronics X-CUBE-AZRTOS-WB 2.0.0
2025-10-20 13:47:53,537 [INFO] ThirdParty:1030 - CMSIS Pack Vendor :STMicroelectronics X-CUBE-ST60 1.0.0
2025-10-20 13:47:53,537 [INFO] ThirdParty:1030 - CMSIS Pack Vendor :STMicroelectronics X-CUBE-GNSS1 7.0.1
2025-10-20 13:47:53,537 [INFO] ThirdParty:1030 - CMSIS Pack Vendor :STMicroelectronics X-CUBE-NFC12 1.0.0
2025-10-20 13:47:53,537 [INFO] ThirdParty:1030 - CMSIS Pack Vendor :STMicroelectronics X-CUBE-AZRTOS-F7 1.1.0
2025-10-20 13:47:53,537 [INFO] ThirdParty:1030 - CMSIS Pack Vendor :STMicroelectronics X-CUBE-AZRTOS-L5 2.0.0
2025-10-20 13:47:53,537 [INFO] ThirdParty:1030 - CMSIS Pack Vendor :STMicroelectronics X-CUBE-TOUCHGFX 4.25.0
2025-10-20 13:47:53,537 [INFO] ThirdParty:1030 - CMSIS Pack Vendor :STMicroelectronics USB_DEVICE 2.0.0
2025-10-20 13:47:53,537 [INFO] ThirdParty:1030 - CMSIS Pack Vendor :STMicroelectronics X-CUBE-NFC6 3.1.0
2025-10-20 13:47:53,537 [INFO] ThirdParty:1030 - CMSIS Pack Vendor :STMicroelectronics X-CUBE-ST67W61 1.1.0
2025-10-20 13:47:53,537 [INFO] ThirdParty:1030 - CMSIS Pack Vendor :Cesanta I-CUBE-Mongoose 7.19.0
2025-10-20 13:47:53,538 [INFO] ThirdParty:1030 - CMSIS Pack Vendor :quantropi X-CUBE-qispace-sdk-base 2.1.0
2025-10-20 13:47:53,538 [INFO] ThirdParty:1030 - CMSIS Pack Vendor :STMicroelectronics FreeRTOS 0.0.1
2025-10-20 13:47:53,538 [INFO] ThirdParty:1030 - CMSIS Pack Vendor :STMicroelectronics X-CUBE-AZRTOS-G0 1.1.0
2025-10-20 13:47:53,538 [INFO] ThirdParty:1030 - CMSIS Pack Vendor :STMicroelectronics X-CUBE-SAFEA1 1.2.2
2025-10-20 13:47:53,538 [INFO] ThirdParty:1030 - CMSIS Pack Vendor :STMicroelectronics X-CUBE-NFC4 3.0.0
2025-10-20 13:47:53,538 [INFO] ThirdParty:1030 - CMSIS Pack Vendor :STMicroelectronics X-CUBE-SUBG2 5.0.0
2025-10-20 13:47:53,538 [INFO] ThirdParty:1030 - CMSIS Pack Vendor :STMicroelectronics X-CUBE-AZRTOS-H7RS 1.1.0
2025-10-20 13:47:53,538 [INFO] ThirdParty:1030 - CMSIS Pack Vendor :STMicroelectronics STM32_WPAN 1.0.0
2025-10-20 13:47:53,538 [INFO] ThirdParty:1030 - CMSIS Pack Vendor :EmbeddedOffice I-CUBE-FS-RTOS 1.0.1
2025-10-20 13:47:53,538 [INFO] ThirdParty:1030 - CMSIS Pack Vendor :STMicroelectronics lwIP 2.0.3
2025-10-20 13:47:53,538 [INFO] ThirdParty:1030 - CMSIS Pack Vendor :STMicroelectronics USB_HOST 1.0.0
2025-10-20 13:47:53,538 [INFO] ThirdParty:1030 - CMSIS Pack Vendor :Infineon AIROC-Wi-Fi-Bluetooth-STM32 1.7.1
2025-10-20 13:47:53,538 [INFO] ThirdParty:1030 - CMSIS Pack Vendor :STMicroelectronics X-CUBE-AZRTOS-G4 2.0.0
2025-10-20 13:47:53,538 [INFO] ThirdParty:1030 - CMSIS Pack Vendor :STMicroelectronics X-CUBE-WB05N 2.0.0
2025-10-20 13:47:53,538 [INFO] ThirdParty:1030 - CMSIS Pack Vendor :STMicroelectronics PDM2PCM 3.1.0
2025-10-20 13:47:53,538 [INFO] ThirdParty:1030 - CMSIS Pack Vendor :STMicroelectronics PDM2PCM 3.3.0
2025-10-20 13:47:53,538 [INFO] ThirdParty:1030 - CMSIS Pack Vendor :STMicroelectronics X-CUBE-AZRTOS-H7 3.4.0
2025-10-20 13:47:53,539 [INFO] ThirdParty:1030 - CMSIS Pack Vendor :STMicroelectronics X-CUBE-DISPLAY 3.0.0
2025-10-20 13:47:53,539 [INFO] ThirdParty:1030 - CMSIS Pack Vendor :STMicroelectronics X-CUBE-NFC7 2.0.0
2025-10-20 13:47:53,539 [INFO] ThirdParty:1030 - CMSIS Pack Vendor :STMicroelectronics X-CUBE-TCPP 4.2.0
2025-10-20 13:47:53,539 [INFO] ThirdParty:1030 - CMSIS Pack Vendor :RealThread X-CUBE-RT-Thread_Nano 4.1.1
2025-10-20 13:47:53,539 [INFO] ThirdParty:1030 - CMSIS Pack Vendor :STMicroelectronics FP-ATR-SIGFOX1 3.2.0
2025-10-20 13:47:53,539 [INFO] ThirdParty:1030 - CMSIS Pack Vendor :STMicroelectronics X-CUBE-NFC10 1.0.0
2025-10-20 13:47:53,539 [INFO] ThirdParty:1030 - CMSIS Pack Vendor :STMicroelectronics X-CUBE-FREERTOS 1.3.1
2025-10-20 13:47:53,539 [INFO] ThirdParty:1030 - CMSIS Pack Vendor :STMicroelectronics HAL Drivers 0.0.0
2025-10-20 13:47:53,539 [INFO] ThirdParty:1030 - CMSIS Pack Vendor :STMicroelectronics MBEDTLS 2.16.2
2025-10-20 13:47:53,539 [INFO] ThirdParty:1030 - CMSIS Pack Vendor :STMicroelectronics X-CUBE-ST60 1.1.0
2025-10-20 13:47:53,539 [INFO] ThirdParty:1030 - CMSIS Pack Vendor :STMicroelectronics X-CUBE-IPS 3.1.0
2025-10-20 13:47:53,539 [INFO] ThirdParty:1030 - CMSIS Pack Vendor :STMicroelectronics X-CUBE-ALS 1.0.2
2025-10-20 13:47:53,539 [INFO] ThirdParty:1030 - CMSIS Pack Vendor :emotas I-CUBE-CANOPEN 1.3.0
2025-10-20 13:47:53,539 [INFO] ThirdParty:1030 - CMSIS Pack Vendor :STMicroelectronics MBEDTLS 2.14.1
2025-10-20 13:47:53,539 [INFO] ThirdParty:1030 - CMSIS Pack Vendor :ITTIA_DB I-CUBE-ITTIADB 8.9.0
2025-10-20 13:47:53,539 [INFO] ThirdParty:1030 - CMSIS Pack Vendor :STMicroelectronics X-CUBE-TOUCHGFX 4.26.0
2025-10-20 13:47:53,539 [INFO] ThirdParty:1030 - CMSIS Pack Vendor :STMicroelectronics X-CUBE-STSE01 1.0.0
2025-10-20 13:47:53,539 [INFO] ThirdParty:1030 - CMSIS Pack Vendor :STMicroelectronics X-CUBE-ST67W61 1.0.0
2025-10-20 13:47:53,539 [INFO] ThirdParty:1030 - CMSIS Pack Vendor :STMicroelectronics FP-SNS-STBOX1 2.1.0
2025-10-20 13:47:53,539 [INFO] ThirdParty:1030 - CMSIS Pack Vendor :STMicroelectronics X-CUBE-AI 10.2.0
2025-10-20 13:47:53,539 [INFO] ThirdParty:1030 - CMSIS Pack Vendor :STMicroelectronics FP-SNS-STAIOTCFT 1.0.0
2025-10-20 13:47:53,539 [INFO] ThirdParty:1030 - CMSIS Pack Vendor :STMicroelectronics ThreadX 1.0.0
2025-10-20 13:47:53,539 [INFO] ThirdParty:1030 - CMSIS Pack Vendor :STMicroelectronics FP-SNS-SMARTAG2 1.2.0
2025-10-20 13:47:53,539 [INFO] ThirdParty:1030 - CMSIS Pack Vendor :STMicroelectronics FP-SNS-FLIGHT1 5.1.0
2025-10-20 13:47:53,539 [INFO] ThirdParty:1030 - CMSIS Pack Vendor :STMicroelectronics X-CUBE-AZRTOS-WL 2.0.0
2025-10-20 13:47:53,540 [INFO] ThirdParty:1030 - CMSIS Pack Vendor :SEGGER I-CUBE-embOS 1.3.1
2025-10-20 13:47:53,540 [INFO] ThirdParty:1030 - CMSIS Pack Vendor :STMicroelectronics X-CUBE-ALGOBUILD 1.4.0
2025-10-20 13:47:53,540 [INFO] ThirdParty:1030 - CMSIS Pack Vendor :STMicroelectronics X-CUBE-DPower 1.3.0
2025-10-20 13:47:53,540 [INFO] ThirdParty:1030 - CMSIS Pack Vendor :STMicroelectronics X-CUBE-MEMS1 11.3.0
2025-10-20 13:47:53,540 [INFO] ThirdParty:1030 - CMSIS Pack Vendor :STMicroelectronics FP-SNS-MOTENV1 5.0.0
2025-10-20 13:47:53,540 [INFO] ThirdParty:1030 - CMSIS Pack Vendor :STMicroelectronics USB_DEVICE 1.0.0
2025-10-20 13:47:53,540 [INFO] ThirdParty:1030 - CMSIS Pack Vendor :STMicroelectronics X-CUBE-AZRTOS-L4 2.0.0
2025-10-20 13:47:53,540 [INFO] ThirdParty:1030 - CMSIS Pack Vendor :STMicroelectronics ThreadX 0.0.2
2025-10-20 13:47:53,540 [INFO] ThirdParty:1030 - CMSIS Pack Vendor :WES I-CUBE-Cesium 1.3.0
2025-10-20 13:47:53,540 [INFO] ThirdParty:1030 - CMSIS Pack Vendor :STMicroelectronics lwIP 2.1.2
2025-10-20 13:47:53,540 [INFO] ThirdParty:1030 - CMSIS Pack Vendor :STMicroelectronics X-CUBE-SFXS2LP1 4.0.0
2025-10-20 13:47:53,540 [INFO] ThirdParty:1030 - CMSIS Pack Vendor :STMicroelectronics X-CUBE-BLE2 3.3.0
2025-10-20 13:47:53,540 [INFO] ThirdParty:1030 - CMSIS Pack Vendor :STMicroelectronics X-CUBE-TOF1 3.4.3
2025-10-20 13:47:53,540 [INFO] ThirdParty:1030 - CMSIS Pack Vendor :STMicroelectronics PDM2PCM 3.2.0
2025-10-20 13:47:53,540 [INFO] ThirdParty:841 - exiting critical section [change project]
2025-10-20 13:47:58,998 [INFO] PinOutPanel:1589 - setPackage(No Configuration,No Configuration)
2025-10-20 13:47:58,999 [INFO] PinOutPanel:1589 - setPackage(STM32F103C8Tx,LQFP48)
2025-10-20 13:47:59,964 [INFO] UtilMem:75 - Before build in PCC Used Memory: 382745456 Bytes (629145600)
2025-10-20 13:48:00,682 [INFO] UtilMem:75 - After build in PCC Used Memory: 425197568 Bytes (629145600)
2025-10-20 13:48:00,702 [INFO] IPUIPlugin:80 - create IPUIPlugin
2025-10-20 13:48:00,702 [INFO] IPUIPlugin:80 - create IPUIPlugin
2025-10-20 13:48:00,703 [INFO] IPUIPlugin:80 - create IPUIPlugin
2025-10-20 13:48:00,703 [INFO] IPUIPlugin:80 - create IPUIPlugin
2025-10-20 13:48:00,703 [INFO] IPUIPlugin:80 - create IPUIPlugin
2025-10-20 13:48:00,703 [INFO] IPUIPlugin:80 - create IPUIPlugin
2025-10-20 13:48:00,703 [INFO] IPUIPlugin:80 - create IPUIPlugin
2025-10-20 13:48:00,703 [INFO] IPUIPlugin:80 - create IPUIPlugin
2025-10-20 13:48:00,704 [INFO] IPUIPlugin:80 - create IPUIPlugin
2025-10-20 13:48:00,704 [INFO] IPUIPlugin:80 - create IPUIPlugin
2025-10-20 13:48:00,704 [INFO] IPUIPlugin:80 - create IPUIPlugin
2025-10-20 13:48:00,704 [INFO] IPUIPlugin:80 - create IPUIPlugin
2025-10-20 13:48:00,705 [INFO] IPUIPlugin:80 - create IPUIPlugin
2025-10-20 13:48:00,705 [INFO] IPUIPlugin:80 - create IPUIPlugin
2025-10-20 13:48:00,705 [INFO] IPUIPlugin:80 - create IPUIPlugin
2025-10-20 13:48:00,705 [INFO] IPUIPlugin:80 - create IPUIPlugin
2025-10-20 13:48:00,706 [INFO] IPUIPlugin:80 - create IPUIPlugin
2025-10-20 13:48:00,706 [INFO] IPUIPlugin:80 - create IPUIPlugin
2025-10-20 13:48:00,706 [INFO] IPUIPlugin:80 - create IPUIPlugin
2025-10-20 13:48:00,706 [INFO] IPUIPlugin:80 - create IPUIPlugin
2025-10-20 13:48:00,706 [INFO] IPUIPlugin:80 - create IPUIPlugin
2025-10-20 13:48:00,706 [INFO] IPUIPlugin:80 - create IPUIPlugin
2025-10-20 13:48:00,706 [INFO] IPUIPlugin:80 - create IPUIPlugin
2025-10-20 13:48:00,706 [INFO] IPUIPlugin:80 - create IPUIPlugin
2025-10-20 13:48:00,706 [INFO] IPUIPlugin:80 - create IPUIPlugin
2025-10-20 13:48:00,706 [INFO] IPUIPlugin:80 - create IPUIPlugin
2025-10-20 13:48:00,706 [INFO] IPUIPlugin:80 - create IPUIPlugin
2025-10-20 13:48:00,707 [WARN] IP:2250 - I2C_Coeff_DF not found: check if there is a RefParameter without a condition.
2025-10-20 13:48:00,707 [WARN] IP:2250 - Analog_Filter not found: check if there is a RefParameter without a condition.
2025-10-20 13:48:00,821 [INFO] CADModel:165 - CPN selected for project levelSTM32F103C8T6
2025-10-20 13:48:00,821 [INFO] CADModel:114 - Register for checkConnection events
2025-10-20 13:48:00,908 [INFO] OpenFileManager:386 - Restore cursor
2025-10-20 13:48:00,986 [WARN] IP:2250 - I2C_Coeff_DF not found: check if there is a RefParameter without a condition.
2025-10-20 13:48:00,986 [WARN] IP:2250 - Analog_Filter not found: check if there is a RefParameter without a condition.
2025-10-20 13:48:00,986 [WARN] IP:2250 - I2C_Coeff_DF not found: check if there is a RefParameter without a condition.
2025-10-20 13:48:00,986 [WARN] IP:2250 - Analog_Filter not found: check if there is a RefParameter without a condition.
2025-10-20 13:48:24,580 [WARN] IP:2250 - I2C_Coeff_DF not found: check if there is a RefParameter without a condition.
2025-10-20 13:48:24,580 [WARN] IP:2250 - Analog_Filter not found: check if there is a RefParameter without a condition.
2025-10-20 14:03:47,471 [WARN] IP:2250 - I2C_Coeff_DF not found: check if there is a RefParameter without a condition.
2025-10-20 14:03:47,471 [WARN] IP:2250 - Analog_Filter not found: check if there is a RefParameter without a condition.
2025-10-20 14:03:47,511 [WARN] IP:2250 - I2C_Coeff_DF not found: check if there is a RefParameter without a condition.
2025-10-20 14:03:47,511 [WARN] IP:2250 - Analog_Filter not found: check if there is a RefParameter without a condition.
2025-10-20 14:03:47,511 [WARN] IP:2250 - I2C_Coeff_DF not found: check if there is a RefParameter without a condition.
2025-10-20 14:03:47,511 [WARN] IP:2250 - Analog_Filter not found: check if there is a RefParameter without a condition.
2025-10-20 14:03:47,570 [WARN] IP:2250 - I2C_Coeff_DF not found: check if there is a RefParameter without a condition.
2025-10-20 14:03:47,570 [WARN] IP:2250 - Analog_Filter not found: check if there is a RefParameter without a condition.
2025-10-20 14:03:47,668 [WARN] IP:2250 - I2C_Coeff_DF not found: check if there is a RefParameter without a condition.
2025-10-20 14:03:47,668 [WARN] IP:2250 - Analog_Filter not found: check if there is a RefParameter without a condition.
2025-10-20 14:04:28,484 [INFO] UtilMem:75 - End SaveConfig() Used Memory: 538970112 Bytes (629145600)
2025-10-20 14:04:30,005 [INFO] UtilMem:75 - End SaveConfig() Used Memory: 555747328 Bytes (629145600)
2025-10-20 14:04:32,436 [INFO] UtilMem:75 - End SaveConfig() Used Memory: 262190336 Bytes (629145600)
2025-10-20 14:04:46,529 [INFO] BlockDiagram:2775 - set Specific Code input for plugin: RTC
2025-10-20 14:04:46,530 [INFO] BlockDiagram:2775 - set Specific Code input for plugin: NVIC
2025-10-20 14:04:46,530 [INFO] BlockDiagram:2775 - set Specific Code input for plugin: TIM1_8F1
2025-10-20 14:04:46,530 [INFO] BlockDiagram:2775 - set Specific Code input for plugin: SYS
2025-10-20 14:04:46,530 [INFO] BlockDiagram:2775 - set Specific Code input for plugin: GPIO
2025-10-20 14:04:46,530 [INFO] BlockDiagram:2775 - set Specific Code input for plugin: RCC
2025-10-20 14:04:46,530 [INFO] BlockDiagram:2775 - set Specific Code input for plugin: I2C
2025-10-20 14:04:46,530 [INFO] BlockDiagram:2775 - set Specific Code input for plugin: I2C
2025-10-20 14:04:46,531 [INFO] CodeGenerator:892 - code generatio: config db path: C:\ST\STM32CubeIDE_1.19.0\STM32CubeIDE\plugins\com.st.stm32cube.common.mx_6.15.0.202507011659\\db\
2025-10-20 14:04:46,531 [WARN] IP:2250 - I2C_Coeff_DF not found: check if there is a RefParameter without a condition.
2025-10-20 14:04:46,531 [WARN] IP:2250 - Analog_Filter not found: check if there is a RefParameter without a condition.
2025-10-20 14:04:46,537 [WARN] IP:2250 - I2C_Coeff_DF not found: check if there is a RefParameter without a condition.
2025-10-20 14:04:46,538 [WARN] IP:2250 - Analog_Filter not found: check if there is a RefParameter without a condition.
2025-10-20 14:04:46,642 [INFO] CodeEngine:265 - oldGeneratedFile, C:\Users\nico2\OneDrive\Desktop\EMBEBIDOS\COMEDERO_RTC\MXTmpFiles\license.tmp_save
2025-10-20 14:04:47,663 [INFO] CodeEngine:289 - Generated code: C:\Users\nico2\OneDrive\Desktop\EMBEBIDOS\COMEDERO_RTC\MXTmpFiles\license.tmp
2025-10-20 14:04:48,167 [INFO] CodeEngine:265 - oldGeneratedFile, C:\Users\nico2\OneDrive\Desktop\EMBEBIDOS\COMEDERO_RTC\MXTmpFiles\gpio.tmp_save
2025-10-20 14:04:48,523 [INFO] CodeEngine:289 - Generated code: C:\Users\nico2\OneDrive\Desktop\EMBEBIDOS\COMEDERO_RTC\MXTmpFiles\gpio.tmp
2025-10-20 14:04:48,866 [INFO] CodeEngine:265 - oldGeneratedFile, C:\Users\nico2\OneDrive\Desktop\EMBEBIDOS\COMEDERO_RTC\Core\Src\stm32f1xx_it.c_save
2025-10-20 14:04:49,191 [INFO] CodeEngine:289 - Generated code: C:\Users\nico2\OneDrive\Desktop\EMBEBIDOS\COMEDERO_RTC\Core\Src\stm32f1xx_it.c
2025-10-20 14:04:49,195 [INFO] CodeEngine:265 - oldGeneratedFile, C:\Users\nico2\OneDrive\Desktop\EMBEBIDOS\COMEDERO_RTC\Core\Inc\stm32f1xx_it.h_save
2025-10-20 14:04:49,269 [INFO] CodeEngine:289 - Generated code: C:\Users\nico2\OneDrive\Desktop\EMBEBIDOS\COMEDERO_RTC\Core\Inc\stm32f1xx_it.h
2025-10-20 14:04:49,277 [INFO] CodeEngine:265 - oldGeneratedFile, C:\Users\nico2\OneDrive\Desktop\EMBEBIDOS\COMEDERO_RTC\Core\Src\stm32f1xx_hal_msp.c_save
2025-10-20 14:04:49,779 [INFO] CodeEngine:289 - Generated code: C:\Users\nico2\OneDrive\Desktop\EMBEBIDOS\COMEDERO_RTC\Core\Src\stm32f1xx_hal_msp.c
2025-10-20 14:04:49,783 [INFO] CodeEngine:265 - oldGeneratedFile, C:\Users\nico2\OneDrive\Desktop\EMBEBIDOS\COMEDERO_RTC\MXTmpFiles\system.tmp_save
2025-10-20 14:04:49,851 [INFO] CodeEngine:289 - Generated code: C:\Users\nico2\OneDrive\Desktop\EMBEBIDOS\COMEDERO_RTC\MXTmpFiles\system.tmp
2025-10-20 14:04:49,861 [INFO] CodeEngine:321 - oldGeneratedFile, C:\Users\nico2\OneDrive\Desktop\EMBEBIDOS\COMEDERO_RTC\Core\Inc\stm32f1xx_hal_conf.h_save
2025-10-20 14:04:49,952 [INFO] CodeEngine:345 - Generated code: C:\Users\nico2\OneDrive\Desktop\EMBEBIDOS\COMEDERO_RTC\Core\Inc\stm32f1xx_hal_conf.h
2025-10-20 14:04:50,003 [INFO] ApiDbMcu:532 - Load IP Config File for I2C1
2025-10-20 14:04:50,004 [INFO] ApiDbMcu:532 - Load IP Config File for I2C2
2025-10-20 14:04:50,007 [INFO] ApiDbMcu:532 - Load IP Config File for RTC
2025-10-20 14:04:50,012 [INFO] ApiDbMcu:532 - Load IP Config File for TIM2
2025-10-20 14:04:50,015 [INFO] ApiDbMcu:532 - Load IP Config File for RCC
2025-10-20 14:04:50,015 [WARN] IPConfigManager:3811 - IP not found : TIM
2025-10-20 14:04:50,015 [WARN] CodeGenerator:4259 - IP not found : null
2025-10-20 14:04:50,055 [INFO] CodeEngine:265 - oldGeneratedFile, C:\Users\nico2\OneDrive\Desktop\EMBEBIDOS\COMEDERO_RTC\Core\Inc\main.h_save
2025-10-20 14:04:50,165 [INFO] CodeEngine:289 - Generated code: C:\Users\nico2\OneDrive\Desktop\EMBEBIDOS\COMEDERO_RTC\Core\Inc\main.h
2025-10-20 14:04:50,169 [INFO] CodeEngine:265 - oldGeneratedFile, C:\Users\nico2\OneDrive\Desktop\EMBEBIDOS\COMEDERO_RTC\Core\Src\main.c_save
2025-10-20 14:04:50,312 [INFO] CodeEngine:289 - Generated code: C:\Users\nico2\OneDrive\Desktop\EMBEBIDOS\COMEDERO_RTC\Core\Src\main.c
2025-10-20 14:04:50,653 [INFO] ProjectBuilder:3606 - Time for Copy HAL[1] : 102mS.
2025-10-20 14:04:50,657 [INFO] ProjectBuilder:5216 - Project Generator version: 4.7.0-B52
2025-10-20 14:04:50,739 [INFO] ConfigFileManager:1595 - The Die is : DIE410
2025-10-20 14:04:50,741 [INFO] ApiDbMcu:532 - Load IP Config File for FATFS
2025-10-20 14:04:50,744 [INFO] ApiDbMcu:532 - Load IP Config File for FREERTOS
2025-10-20 14:04:50,750 [INFO] ApiDbMcu:532 - Load IP Config File for USB_DEVICE
2025-10-20 14:04:54,197 [INFO] ProjectBuilder:5496 - Time for Generating toolchain IDE Files: 3540mS.
2025-10-20 14:04:54,198 [INFO] ProjectBuilder:3463 - Time for Copy CMSIS : 1mS.
2025-10-20 14:04:54,199 [INFO] ProjectBuilder:3463 - Time for Copy CMSIS : 0mS.
2025-10-20 14:05:26,162 [INFO] MainUpdater:2872 - connection check result : 10
2025-10-20 14:05:26,162 [INFO] MainUpdater:2872 - connection check result : 10
2025-10-20 14:05:26,248 [INFO] MicroXplorer:468 - Change Database Path : 
2025-10-20 14:05:26,248 [INFO] MicroXplorer:498 - Change Database Version : DB.6.0.150
2025-10-20 14:05:26,254 [ERROR] ProjectManagerView:395 - 
java.lang.NullPointerException: Cannot invoke "javax.swing.JTextField.getText()" because the return value of "java.util.List.get(int)" is null
	at com.st.microxplorer.plugins.projectmanager.gui.ProjectChoiceTab$9.caretUpdate(ProjectChoiceTab.java:2706) ~[filemanager.jar:?]
	at javax.swing.text.JTextComponent.fireCaretUpdate(JTextComponent.java:408) ~[?:?]
	at javax.swing.text.JTextComponent$MutableCaretEvent.fire(JTextComponent.java:4484) ~[?:?]
	at javax.swing.text.JTextComponent$MutableCaretEvent.stateChanged(JTextComponent.java:4506) ~[?:?]
	at javax.swing.text.DefaultCaret.fireStateChanged(DefaultCaret.java:857) ~[?:?]
	at javax.swing.text.DefaultCaret.changeCaretPosition(DefaultCaret.java:1343) ~[?:?]
	at javax.swing.text.DefaultCaret.handleSetDot(DefaultCaret.java:1242) ~[?:?]
	at javax.swing.text.DefaultCaret.setDot(DefaultCaret.java:1223) ~[?:?]
	at javax.swing.text.DefaultCaret$Handler.insertUpdate(DefaultCaret.java:1819) ~[?:?]
	at javax.swing.text.AbstractDocument.fireInsertUpdate(AbstractDocument.java:227) ~[?:?]
	at javax.swing.text.AbstractDocument.handleInsertString(AbstractDocument.java:781) ~[?:?]
	at javax.swing.text.AbstractDocument.insertString(AbstractDocument.java:740) ~[?:?]
	at javax.swing.text.PlainDocument.insertString(PlainDocument.java:131) ~[?:?]
	at javax.swing.text.AbstractDocument.replace(AbstractDocument.java:699) ~[?:?]
	at javax.swing.text.JTextComponent.setText(JTextComponent.java:1725) ~[?:?]
	at com.st.microxplorer.plugins.projectmanager.gui.ProjectChoiceTab.createHeapStackFields(ProjectChoiceTab.java:993) ~[filemanager.jar:?]
	at com.st.microxplorer.plugins.projectmanager.gui.ProjectChoiceTab.buildLinkSettingsPanel(ProjectChoiceTab.java:3813) ~[filemanager.jar:?]
	at com.st.microxplorer.plugins.projectmanager.gui.ProjectChoiceTab.defineWindowsFields(ProjectChoiceTab.java:1987) ~[filemanager.jar:?]
	at com.st.microxplorer.plugins.projectmanager.gui.ProjectChoiceTab.updateSettings(ProjectChoiceTab.java:558) ~[filemanager.jar:?]
	at com.st.microxplorer.plugins.projectmanager.gui.ProjectSettingsPanel.UpdateDialog(ProjectSettingsPanel.java:247) ~[filemanager.jar:?]
	at com.st.microxplorer.plugins.projectmanager.ProjectManagerView.propertyChange(ProjectManagerView.java:392) ~[filemanager.jar:?]
	at java.beans.PropertyChangeSupport.fire(PropertyChangeSupport.java:343) ~[?:?]
	at java.beans.PropertyChangeSupport.firePropertyChange(PropertyChangeSupport.java:335) ~[?:?]
	at java.beans.PropertyChangeSupport.firePropertyChange(PropertyChangeSupport.java:268) ~[?:?]
	at com.st.microxplorer.util.MXPropertyChangeSupport.firePropertyChange(MXPropertyChangeSupport.java:54) ~[STM32CubeMX.jar:?]
	at com.st.microxplorer.mxsystem.MxSystem.closeConfig(MxSystem.java:899) ~[STM32CubeMX.jar:?]
	at com.st.microxplorer.maingui.MainPanel.closeConfig(MainPanel.java:792) ~[STM32CubeMX.jar:?]
	at com.st.microxplorer.plugins.filemanager.engine.OpenFileManager.loadConfigurationFile(OpenFileManager.java:288) ~[filemanager.jar:?]
	at com.st.microxplorer.plugins.filemanager.engine.MainFileManager.userLoadConfig(MainFileManager.java:364) ~[filemanager.jar:?]
	at com.st.microxplorer.plugins.filemanager.engine.MainFileManager.userLoadConfig(MainFileManager.java:342) ~[filemanager.jar:?]
	at com.st.microxplorer.plugins.filemanager.FileManagerView.getSpecificTask(FileManagerView.java:264) ~[filemanager.jar:?]
	at com.st.stm32cube.common.mx.editor.CubeMxEditor.getMxTabbedPaneInstance(CubeMxEditor.java:1198) ~[com.st.stm32cube.common.mx_6.15.0.202507011659/:?]
	at com.st.stm32cube.common.mx.editor.CubeMxEditor$12$1.createSwingComponent(CubeMxEditor.java:1068) ~[com.st.stm32cube.common.mx_6.15.0.202507011659/:?]
	at com.st.stm32cube.common.mx.oss.core.awtswtbridge.EmbeddedSwingComposite.doComponentCreation(EmbeddedSwingComposite.java:492) ~[com.st.stm32cube.common.mx.oss_6.15.0.202507011659/:?]
	at com.st.stm32cube.common.mx.oss.core.awtswtbridge.EmbeddedSwingComposite$4.run(EmbeddedSwingComposite.java:291) ~[com.st.stm32cube.common.mx.oss_6.15.0.202507011659/:?]
	at com.st.stm32cube.common.mx.oss.core.awtswtbridge.AwtEnvironment$2.run(AwtEnvironment.java:166) ~[com.st.stm32cube.common.mx.oss_6.15.0.202507011659/:?]
	at java.awt.event.InvocationEvent.dispatch(InvocationEvent.java:318) ~[?:?]
	at java.awt.EventQueue.dispatchEventImpl(EventQueue.java:773) ~[?:?]
	at java.awt.EventQueue$4.run(EventQueue.java:720) ~[?:?]
	at java.awt.EventQueue$4.run(EventQueue.java:714) ~[?:?]
	at java.security.AccessController.doPrivileged(AccessController.java:400) ~[?:?]
	at java.security.ProtectionDomain$JavaSecurityAccessImpl.doIntersectionPrivilege(ProtectionDomain.java:87) ~[?:?]
	at java.awt.EventQueue.dispatchEvent(EventQueue.java:742) ~[?:?]
	at java.awt.EventDispatchThread.pumpOneEventForFilters(EventDispatchThread.java:203) ~[?:?]
	at java.awt.EventDispatchThread.pumpEventsForFilter(EventDispatchThread.java:124) ~[?:?]
	at java.awt.EventDispatchThread.pumpEventsForHierarchy(EventDispatchThread.java:113) ~[?:?]
	at java.awt.EventDispatchThread.pumpEvents(EventDispatchThread.java:109) ~[?:?]
	at java.awt.EventDispatchThread.pumpEvents(EventDispatchThread.java:101) ~[?:?]
	at java.awt.EventDispatchThread.run(EventDispatchThread.java:90) ~[?:?]
2025-10-20 14:05:26,255 [WARN] ThirdParty:871 - waiting for thirdparty lock release [close project]
2025-10-20 14:05:26,255 [INFO] ThirdParty:873 - entering critical section [close project]
2025-10-20 14:05:26,255 [INFO] ThirdParty:883 - exiting critical section [close project]
2025-10-20 14:05:26,256 [INFO] PinOutPanel:1589 - setPackage(No Configuration,No Configuration)
2025-10-20 14:05:26,259 [INFO] UtilMem:75 - Begin LoadConfig() Used Memory: 429391872 Bytes (632291328)
2025-10-20 14:05:26,260 [INFO] MicroXplorer:468 - Change Database Path : 
2025-10-20 14:05:26,260 [INFO] MicroXplorer:498 - Change Database Version : DB.6.0.150
2025-10-20 14:05:26,260 [INFO] OpenFileManager:355 - Change cursor
2025-10-20 14:05:26,429 [INFO] RulesReader:64 - Compatibility file has been processed (317 Rules)
2025-10-20 14:05:26,431 [INFO] Mcu:2029 - Initializing MCU STM32F103C(8-B)Tx STM32F103C8Tx STM32F103C8T6
2025-10-20 14:05:32,740 [INFO] Context:786 - Trying to add GPIOservice into a context  which must be forbidden
2025-10-20 14:05:32,915 [INFO] ImportTextPane:234 - (OptionalMessage_ERROR) Pin15 (VP_RIF_VS_RIF1) cannot be retrieved for this MCU
2025-10-20 14:05:32,933 [INFO] RtosManager:558 - Registered RTOS mode: class=CMSIS, group=RTOS, mode=CMSIS_V1, owner=FREERTOS
2025-10-20 14:05:32,933 [INFO] RtosManager:558 - Registered RTOS mode: class=CMSIS, group=RTOS2, mode=CMSIS_V2, owner=FREERTOS
2025-10-20 14:05:32,933 [INFO] RtosManager:558 - Registered RTOS mode: class=RTOS, group=Core, mode=CMSIS_V1, owner=FREERTOS
2025-10-20 14:05:32,933 [INFO] RtosManager:558 - Registered RTOS mode: class=RTOS, group=Core, mode=CMSIS_V2, owner=FREERTOS
2025-10-20 14:05:32,933 [WARN] ModelIntegratedComponent:184 - Missing modes for component STMicroelectronics:FreeRTOS:0.0.1:STMicroelectronics:RTOS:FreeRTOS:Core:::10.2.0:
2025-10-20 14:05:32,963 [WARN] ModelIntegratedComponent:63 - No mode defined for component null
2025-10-20 14:05:32,963 [WARN] ModelIntegratedComponent:63 - No mode defined for component null
2025-10-20 14:05:32,963 [WARN] ModelIntegratedComponent:63 - No mode defined for component null
2025-10-20 14:05:32,963 [WARN] ModelIntegratedComponent:63 - No mode defined for component null
2025-10-20 14:05:32,963 [WARN] ModelIntegratedComponent:63 - No mode defined for component null
2025-10-20 14:05:32,963 [WARN] ModelIntegratedComponent:63 - No mode defined for component null
2025-10-20 14:05:32,963 [WARN] ModelIntegratedComponent:63 - No mode defined for component null
2025-10-20 14:05:32,963 [WARN] ModelIntegratedComponent:63 - No mode defined for component null
2025-10-20 14:05:32,963 [WARN] ModelIntegratedComponent:63 - No mode defined for component null
2025-10-20 14:05:32,963 [WARN] ModelIntegratedComponent:63 - No mode defined for component null
2025-10-20 14:05:32,963 [WARN] ModelIntegratedComponent:63 - No mode defined for component null
2025-10-20 14:05:32,963 [WARN] ModelIntegratedComponent:63 - No mode defined for component null
2025-10-20 14:05:32,963 [WARN] ModelIntegratedComponent:63 - No mode defined for component null
2025-10-20 14:05:32,963 [WARN] ModelIntegratedComponent:63 - No mode defined for component null
2025-10-20 14:05:32,963 [WARN] ModelIntegratedComponent:63 - No mode defined for component null
2025-10-20 14:05:32,963 [WARN] ModelIntegratedComponent:63 - No mode defined for component null
2025-10-20 14:05:32,963 [WARN] ModelIntegratedComponent:63 - No mode defined for component null
2025-10-20 14:05:32,963 [WARN] ModelIntegratedComponent:63 - No mode defined for component null
2025-10-20 14:05:32,963 [WARN] ModelIntegratedComponent:63 - No mode defined for component null
2025-10-20 14:05:32,963 [WARN] ModelIntegratedComponent:63 - No mode defined for component null
2025-10-20 14:05:32,963 [WARN] ModelIntegratedComponent:63 - No mode defined for component null
2025-10-20 14:05:32,963 [WARN] ModelIntegratedComponent:63 - No mode defined for component null
2025-10-20 14:05:32,963 [WARN] ModelIntegratedComponent:63 - No mode defined for component null
2025-10-20 14:05:32,963 [WARN] ModelIntegratedComponent:63 - No mode defined for component null
2025-10-20 14:05:32,963 [WARN] ModelIntegratedComponent:63 - No mode defined for component null
2025-10-20 14:05:32,963 [WARN] ModelIntegratedComponent:63 - No mode defined for component null
2025-10-20 14:05:32,963 [WARN] ModelIntegratedComponent:63 - No mode defined for component null
2025-10-20 14:05:32,963 [WARN] ModelIntegratedComponent:63 - No mode defined for component null
2025-10-20 14:05:32,963 [WARN] ModelIntegratedComponent:63 - No mode defined for component null
2025-10-20 14:05:32,963 [WARN] ModelIntegratedComponent:63 - No mode defined for component null
2025-10-20 14:05:32,963 [WARN] ModelIntegratedComponent:63 - No mode defined for component null
2025-10-20 14:05:32,963 [WARN] ModelIntegratedComponent:63 - No mode defined for component null
2025-10-20 14:05:32,963 [WARN] ModelIntegratedComponent:63 - No mode defined for component null
2025-10-20 14:05:32,963 [WARN] ModelIntegratedComponent:63 - No mode defined for component null
2025-10-20 14:05:32,963 [WARN] ModelIntegratedComponent:63 - No mode defined for component null
2025-10-20 14:05:32,963 [WARN] ModelPack:524 - Component already loaded: STMicroelectronics:HAL Drivers:0.0.0:STMicroelectronics:Device:STMicro_Driver:XSPI:HAL::0.0.1:HAL_XSPI
2025-10-20 14:05:33,165 [INFO] ThirdPartyModel:298 - Start build external matchings
2025-10-20 14:05:33,507 [INFO] ThirdPartyModel:316 - End build external matchings
2025-10-20 14:05:33,538 [INFO] ImportTextPane:234 - (OptionalMessage_ERROR) IP (RCC) : Invalid parameter (FamilyName)
2025-10-20 14:05:33,539 [INFO] ImportTextPane:234 - (OptionalMessage_ERROR) IP (RCC) : Parameter (USBFreq_Value) has invalid value (16000000)
2025-10-20 14:05:40,199 [INFO] UtilMem:75 - End LoadConfig() Used Memory: 287825952 Bytes (632291328)
2025-10-20 14:05:40,227 [WARN] ThirdParty:833 - waiting for thirdparty lock release [change project]
2025-10-20 14:05:40,227 [INFO] ThirdParty:835 - entering critical section [change project]
2025-10-20 14:05:40,227 [INFO] ThirdParty:1030 - CMSIS Pack Vendor :STMicroelectronics X-CUBE-PM33A1 1.0.0
2025-10-20 14:05:40,227 [INFO] ThirdParty:1030 - CMSIS Pack Vendor :STMicroelectronics USBPD 4.1
2025-10-20 14:05:40,227 [INFO] ThirdParty:1030 - CMSIS Pack Vendor :STMicroelectronics X-CUBE-NFC9 1.0.0
2025-10-20 14:05:40,227 [INFO] ThirdParty:1030 - CMSIS Pack Vendor :STMicroelectronics USB_HOST 2.0.0
2025-10-20 14:05:40,227 [INFO] ThirdParty:1030 - CMSIS Pack Vendor :STMicroelectronics FP-SNS-MOTENVWB1 1.4.0
2025-10-20 14:05:40,227 [INFO] ThirdParty:1030 - CMSIS Pack Vendor :STMicroelectronics X-CUBE-AZRTOS-F4 1.1.0
2025-10-20 14:05:40,227 [INFO] ThirdParty:1030 - CMSIS Pack Vendor :STMicroelectronics LIBJPEG 8.0.0
2025-10-20 14:05:40,227 [INFO] ThirdParty:1030 - CMSIS Pack Vendor :STMicroelectronics FP-ATR-ASTRA1 2.0.2
2025-10-20 14:05:40,227 [INFO] ThirdParty:1030 - CMSIS Pack Vendor :STMicroelectronics X-CUBE-BLE1 7.1.0
2025-10-20 14:05:40,227 [INFO] ThirdParty:1030 - CMSIS Pack Vendor :STMicroelectronics X-CUBE-SMBUS 2.1.0
2025-10-20 14:05:40,227 [INFO] ThirdParty:1030 - CMSIS Pack Vendor :STMicroelectronics USB_DEVICE 3.0.0
2025-10-20 14:05:40,227 [INFO] ThirdParty:1030 - CMSIS Pack Vendor :STMicroelectronics X-CUBE-ISPU 2.1.0
2025-10-20 14:05:40,227 [INFO] ThirdParty:1030 - CMSIS Pack Vendor :STMicroelectronics X-CUBE-EEPRMA1 5.2.0
2025-10-20 14:05:40,227 [INFO] ThirdParty:1030 - CMSIS Pack Vendor :STMicroelectronics X-CUBE-IPS 3.2.0
2025-10-20 14:05:40,227 [INFO] ThirdParty:1030 - CMSIS Pack Vendor :STMicroelectronics X-CUBE-BLEMGR 4.1.0
2025-10-20 14:05:40,227 [INFO] ThirdParty:1030 - CMSIS Pack Vendor :STMicroelectronics X-CUBE-AZRTOS-WB 2.0.0
2025-10-20 14:05:40,227 [INFO] ThirdParty:1030 - CMSIS Pack Vendor :STMicroelectronics X-CUBE-ST60 1.0.0
2025-10-20 14:05:40,227 [INFO] ThirdParty:1030 - CMSIS Pack Vendor :STMicroelectronics X-CUBE-GNSS1 7.0.1
2025-10-20 14:05:40,227 [INFO] ThirdParty:1030 - CMSIS Pack Vendor :STMicroelectronics X-CUBE-NFC12 1.0.0
2025-10-20 14:05:40,227 [INFO] ThirdParty:1030 - CMSIS Pack Vendor :STMicroelectronics X-CUBE-AZRTOS-F7 1.1.0
2025-10-20 14:05:40,227 [INFO] ThirdParty:1030 - CMSIS Pack Vendor :STMicroelectronics X-CUBE-AZRTOS-L5 2.0.0
2025-10-20 14:05:40,227 [INFO] ThirdParty:1030 - CMSIS Pack Vendor :STMicroelectronics X-CUBE-TOUCHGFX 4.25.0
2025-10-20 14:05:40,228 [INFO] ThirdParty:1030 - CMSIS Pack Vendor :STMicroelectronics USB_DEVICE 2.0.0
2025-10-20 14:05:40,228 [INFO] ThirdParty:1030 - CMSIS Pack Vendor :STMicroelectronics X-CUBE-NFC6 3.1.0
2025-10-20 14:05:40,228 [INFO] ThirdParty:1030 - CMSIS Pack Vendor :STMicroelectronics X-CUBE-ST67W61 1.1.0
2025-10-20 14:05:40,228 [INFO] ThirdParty:1030 - CMSIS Pack Vendor :Cesanta I-CUBE-Mongoose 7.19.0
2025-10-20 14:05:40,228 [INFO] ThirdParty:1030 - CMSIS Pack Vendor :quantropi X-CUBE-qispace-sdk-base 2.1.0
2025-10-20 14:05:40,228 [INFO] ThirdParty:1030 - CMSIS Pack Vendor :STMicroelectronics FreeRTOS 0.0.1
2025-10-20 14:05:40,228 [INFO] ThirdParty:1030 - CMSIS Pack Vendor :STMicroelectronics X-CUBE-AZRTOS-G0 1.1.0
2025-10-20 14:05:40,228 [INFO] ThirdParty:1030 - CMSIS Pack Vendor :STMicroelectronics X-CUBE-SAFEA1 1.2.2
2025-10-20 14:05:40,228 [INFO] ThirdParty:1030 - CMSIS Pack Vendor :STMicroelectronics X-CUBE-NFC4 3.0.0
2025-10-20 14:05:40,228 [INFO] ThirdParty:1030 - CMSIS Pack Vendor :STMicroelectronics X-CUBE-SUBG2 5.0.0
2025-10-20 14:05:40,228 [INFO] ThirdParty:1030 - CMSIS Pack Vendor :STMicroelectronics X-CUBE-AZRTOS-H7RS 1.1.0
2025-10-20 14:05:40,228 [INFO] ThirdParty:1030 - CMSIS Pack Vendor :STMicroelectronics STM32_WPAN 1.0.0
2025-10-20 14:05:40,228 [INFO] ThirdParty:1030 - CMSIS Pack Vendor :EmbeddedOffice I-CUBE-FS-RTOS 1.0.1
2025-10-20 14:05:40,228 [INFO] ThirdParty:1030 - CMSIS Pack Vendor :STMicroelectronics lwIP 2.0.3
2025-10-20 14:05:40,228 [INFO] ThirdParty:1030 - CMSIS Pack Vendor :STMicroelectronics USB_HOST 1.0.0
2025-10-20 14:05:40,228 [INFO] ThirdParty:1030 - CMSIS Pack Vendor :Infineon AIROC-Wi-Fi-Bluetooth-STM32 1.7.1
2025-10-20 14:05:40,228 [INFO] ThirdParty:1030 - CMSIS Pack Vendor :STMicroelectronics X-CUBE-AZRTOS-G4 2.0.0
2025-10-20 14:05:40,228 [INFO] ThirdParty:1030 - CMSIS Pack Vendor :STMicroelectronics X-CUBE-WB05N 2.0.0
2025-10-20 14:05:40,228 [INFO] ThirdParty:1030 - CMSIS Pack Vendor :STMicroelectronics PDM2PCM 3.1.0
2025-10-20 14:05:40,228 [INFO] ThirdParty:1030 - CMSIS Pack Vendor :STMicroelectronics PDM2PCM 3.3.0
2025-10-20 14:05:40,228 [INFO] ThirdParty:1030 - CMSIS Pack Vendor :STMicroelectronics X-CUBE-AZRTOS-H7 3.4.0
2025-10-20 14:05:40,228 [INFO] ThirdParty:1030 - CMSIS Pack Vendor :STMicroelectronics X-CUBE-DISPLAY 3.0.0
2025-10-20 14:05:40,228 [INFO] ThirdParty:1030 - CMSIS Pack Vendor :STMicroelectronics X-CUBE-NFC7 2.0.0
2025-10-20 14:05:40,228 [INFO] ThirdParty:1030 - CMSIS Pack Vendor :STMicroelectronics X-CUBE-TCPP 4.2.0
2025-10-20 14:05:40,228 [INFO] ThirdParty:1030 - CMSIS Pack Vendor :RealThread X-CUBE-RT-Thread_Nano 4.1.1
2025-10-20 14:05:40,228 [INFO] ThirdParty:1030 - CMSIS Pack Vendor :STMicroelectronics FP-ATR-SIGFOX1 3.2.0
2025-10-20 14:05:40,228 [INFO] ThirdParty:1030 - CMSIS Pack Vendor :STMicroelectronics X-CUBE-NFC10 1.0.0
2025-10-20 14:05:40,228 [INFO] ThirdParty:1030 - CMSIS Pack Vendor :STMicroelectronics X-CUBE-FREERTOS 1.3.1
2025-10-20 14:05:40,228 [INFO] ThirdParty:1030 - CMSIS Pack Vendor :STMicroelectronics HAL Drivers 0.0.0
2025-10-20 14:05:40,228 [INFO] ThirdParty:1030 - CMSIS Pack Vendor :STMicroelectronics MBEDTLS 2.16.2
2025-10-20 14:05:40,228 [INFO] ThirdParty:1030 - CMSIS Pack Vendor :STMicroelectronics X-CUBE-ST60 1.1.0
2025-10-20 14:05:40,228 [INFO] ThirdParty:1030 - CMSIS Pack Vendor :STMicroelectronics X-CUBE-IPS 3.1.0
2025-10-20 14:05:40,228 [INFO] ThirdParty:1030 - CMSIS Pack Vendor :STMicroelectronics X-CUBE-ALS 1.0.2
2025-10-20 14:05:40,228 [INFO] ThirdParty:1030 - CMSIS Pack Vendor :emotas I-CUBE-CANOPEN 1.3.0
2025-10-20 14:05:40,228 [INFO] ThirdParty:1030 - CMSIS Pack Vendor :STMicroelectronics MBEDTLS 2.14.1
2025-10-20 14:05:40,228 [INFO] ThirdParty:1030 - CMSIS Pack Vendor :ITTIA_DB I-CUBE-ITTIADB 8.9.0
2025-10-20 14:05:40,228 [INFO] ThirdParty:1030 - CMSIS Pack Vendor :STMicroelectronics X-CUBE-TOUCHGFX 4.26.0
2025-10-20 14:05:40,228 [INFO] ThirdParty:1030 - CMSIS Pack Vendor :STMicroelectronics X-CUBE-STSE01 1.0.0
2025-10-20 14:05:40,228 [INFO] ThirdParty:1030 - CMSIS Pack Vendor :STMicroelectronics X-CUBE-ST67W61 1.0.0
2025-10-20 14:05:40,228 [INFO] ThirdParty:1030 - CMSIS Pack Vendor :STMicroelectronics FP-SNS-STBOX1 2.1.0
2025-10-20 14:05:40,228 [INFO] ThirdParty:1030 - CMSIS Pack Vendor :STMicroelectronics X-CUBE-AI 10.2.0
2025-10-20 14:05:40,228 [INFO] ThirdParty:1030 - CMSIS Pack Vendor :STMicroelectronics FP-SNS-STAIOTCFT 1.0.0
2025-10-20 14:05:40,228 [INFO] ThirdParty:1030 - CMSIS Pack Vendor :STMicroelectronics ThreadX 1.0.0
2025-10-20 14:05:40,228 [INFO] ThirdParty:1030 - CMSIS Pack Vendor :STMicroelectronics FP-SNS-SMARTAG2 1.2.0
2025-10-20 14:05:40,228 [INFO] ThirdParty:1030 - CMSIS Pack Vendor :STMicroelectronics FP-SNS-FLIGHT1 5.1.0
2025-10-20 14:05:40,228 [INFO] ThirdParty:1030 - CMSIS Pack Vendor :STMicroelectronics X-CUBE-AZRTOS-WL 2.0.0
2025-10-20 14:05:40,228 [INFO] ThirdParty:1030 - CMSIS Pack Vendor :SEGGER I-CUBE-embOS 1.3.1
2025-10-20 14:05:40,228 [INFO] ThirdParty:1030 - CMSIS Pack Vendor :STMicroelectronics X-CUBE-ALGOBUILD 1.4.0
2025-10-20 14:05:40,228 [INFO] ThirdParty:1030 - CMSIS Pack Vendor :STMicroelectronics X-CUBE-DPower 1.3.0
2025-10-20 14:05:40,228 [INFO] ThirdParty:1030 - CMSIS Pack Vendor :STMicroelectronics X-CUBE-MEMS1 11.3.0
2025-10-20 14:05:40,228 [INFO] ThirdParty:1030 - CMSIS Pack Vendor :STMicroelectronics FP-SNS-MOTENV1 5.0.0
2025-10-20 14:05:40,228 [INFO] ThirdParty:1030 - CMSIS Pack Vendor :STMicroelectronics USB_DEVICE 1.0.0
2025-10-20 14:05:40,228 [INFO] ThirdParty:1030 - CMSIS Pack Vendor :STMicroelectronics X-CUBE-AZRTOS-L4 2.0.0
2025-10-20 14:05:40,228 [INFO] ThirdParty:1030 - CMSIS Pack Vendor :STMicroelectronics ThreadX 0.0.2
2025-10-20 14:05:40,228 [INFO] ThirdParty:1030 - CMSIS Pack Vendor :WES I-CUBE-Cesium 1.3.0
2025-10-20 14:05:40,228 [INFO] ThirdParty:1030 - CMSIS Pack Vendor :STMicroelectronics lwIP 2.1.2
2025-10-20 14:05:40,228 [INFO] ThirdParty:1030 - CMSIS Pack Vendor :STMicroelectronics X-CUBE-SFXS2LP1 4.0.0
2025-10-20 14:05:40,228 [INFO] ThirdParty:1030 - CMSIS Pack Vendor :STMicroelectronics X-CUBE-BLE2 3.3.0
2025-10-20 14:05:40,228 [INFO] ThirdParty:1030 - CMSIS Pack Vendor :STMicroelectronics X-CUBE-TOF1 3.4.3
2025-10-20 14:05:40,228 [INFO] ThirdParty:1030 - CMSIS Pack Vendor :STMicroelectronics PDM2PCM 3.2.0
2025-10-20 14:05:40,228 [INFO] ThirdParty:841 - exiting critical section [change project]
2025-10-20 14:05:40,391 [INFO] PinOutPanel:1589 - setPackage(No Configuration,No Configuration)
2025-10-20 14:05:40,391 [INFO] PinOutPanel:1589 - setPackage(STM32F103C8Tx,LQFP48)
2025-10-20 14:05:40,959 [INFO] UtilMem:75 - Before build in PCC Used Memory: 412283824 Bytes (632291328)
2025-10-20 14:05:41,675 [INFO] UtilMem:75 - After build in PCC Used Memory: 455972328 Bytes (632291328)
2025-10-20 14:05:41,693 [INFO] IPUIPlugin:80 - create IPUIPlugin
2025-10-20 14:05:41,693 [INFO] IPUIPlugin:80 - create IPUIPlugin
2025-10-20 14:05:41,693 [INFO] IPUIPlugin:80 - create IPUIPlugin
2025-10-20 14:05:41,694 [INFO] IPUIPlugin:80 - create IPUIPlugin
2025-10-20 14:05:41,694 [INFO] IPUIPlugin:80 - create IPUIPlugin
2025-10-20 14:05:41,694 [INFO] IPUIPlugin:80 - create IPUIPlugin
2025-10-20 14:05:41,694 [INFO] IPUIPlugin:80 - create IPUIPlugin
2025-10-20 14:05:41,694 [INFO] IPUIPlugin:80 - create IPUIPlugin
2025-10-20 14:05:41,694 [INFO] IPUIPlugin:80 - create IPUIPlugin
2025-10-20 14:05:41,694 [INFO] IPUIPlugin:80 - create IPUIPlugin
2025-10-20 14:05:41,694 [INFO] IPUIPlugin:80 - create IPUIPlugin
2025-10-20 14:05:41,694 [INFO] IPUIPlugin:80 - create IPUIPlugin
2025-10-20 14:05:41,694 [INFO] IPUIPlugin:80 - create IPUIPlugin
2025-10-20 14:05:41,694 [INFO] IPUIPlugin:80 - create IPUIPlugin
2025-10-20 14:05:41,695 [INFO] IPUIPlugin:80 - create IPUIPlugin
2025-10-20 14:05:41,695 [INFO] IPUIPlugin:80 - create IPUIPlugin
2025-10-20 14:05:41,695 [INFO] IPUIPlugin:80 - create IPUIPlugin
2025-10-20 14:05:41,695 [INFO] IPUIPlugin:80 - create IPUIPlugin
2025-10-20 14:05:41,695 [INFO] IPUIPlugin:80 - create IPUIPlugin
2025-10-20 14:05:41,695 [INFO] IPUIPlugin:80 - create IPUIPlugin
2025-10-20 14:05:41,695 [INFO] IPUIPlugin:80 - create IPUIPlugin
2025-10-20 14:05:41,695 [INFO] IPUIPlugin:80 - create IPUIPlugin
2025-10-20 14:05:41,696 [INFO] IPUIPlugin:80 - create IPUIPlugin
2025-10-20 14:05:41,696 [INFO] IPUIPlugin:80 - create IPUIPlugin
2025-10-20 14:05:41,696 [INFO] IPUIPlugin:80 - create IPUIPlugin
2025-10-20 14:05:41,696 [INFO] IPUIPlugin:80 - create IPUIPlugin
2025-10-20 14:05:41,696 [INFO] IPUIPlugin:80 - create IPUIPlugin
2025-10-20 14:05:41,697 [WARN] IP:2250 - I2C_Coeff_DF not found: check if there is a RefParameter without a condition.
2025-10-20 14:05:41,697 [WARN] IP:2250 - Analog_Filter not found: check if there is a RefParameter without a condition.
2025-10-20 14:05:41,741 [INFO] CADModel:165 - CPN selected for project levelSTM32F103C8T6
2025-10-20 14:05:41,741 [INFO] CADModel:114 - Register for checkConnection events
2025-10-20 14:05:41,800 [INFO] OpenFileManager:386 - Restore cursor
2025-10-20 14:05:42,022 [WARN] IP:2250 - I2C_Coeff_DF not found: check if there is a RefParameter without a condition.
2025-10-20 14:05:42,022 [WARN] IP:2250 - Analog_Filter not found: check if there is a RefParameter without a condition.
2025-10-20 14:05:42,022 [WARN] IP:2250 - I2C_Coeff_DF not found: check if there is a RefParameter without a condition.
2025-10-20 14:05:42,022 [WARN] IP:2250 - Analog_Filter not found: check if there is a RefParameter without a condition.
2025-10-20 14:05:49,382 [WARN] IP:2250 - I2C_Coeff_DF not found: check if there is a RefParameter without a condition.
2025-10-20 14:05:49,383 [WARN] IP:2250 - Analog_Filter not found: check if there is a RefParameter without a condition.
2025-10-20 14:05:49,417 [WARN] IP:2250 - I2C_Coeff_DF not found: check if there is a RefParameter without a condition.
2025-10-20 14:05:49,417 [WARN] IP:2250 - Analog_Filter not found: check if there is a RefParameter without a condition.
2025-10-20 14:05:49,418 [WARN] IP:2250 - I2C_Coeff_DF not found: check if there is a RefParameter without a condition.
2025-10-20 14:05:49,418 [WARN] IP:2250 - Analog_Filter not found: check if there is a RefParameter without a condition.
2025-10-20 14:05:49,548 [WARN] IP:2250 - I2C_Coeff_DF not found: check if there is a RefParameter without a condition.
2025-10-20 14:05:49,548 [WARN] IP:2250 - Analog_Filter not found: check if there is a RefParameter without a condition.
2025-10-20 14:05:49,549 [WARN] IP:2250 - I2C_Coeff_DF not found: check if there is a RefParameter without a condition.
2025-10-20 14:05:49,549 [WARN] IP:2250 - Analog_Filter not found: check if there is a RefParameter without a condition.
2025-10-20 14:05:51,531 [INFO] UtilMem:75 - End SaveConfig() Used Memory: 428343296 Bytes (632291328)
2025-10-20 14:05:52,798 [INFO] UtilMem:75 - End SaveConfig() Used Memory: 444598272 Bytes (632291328)
2025-10-20 14:05:55,607 [INFO] UtilMem:75 - End SaveConfig() Used Memory: 482869248 Bytes (632291328)
2025-10-20 14:05:55,742 [INFO] BlockDiagram:2775 - set Specific Code input for plugin: RTC
2025-10-20 14:05:55,742 [INFO] BlockDiagram:2775 - set Specific Code input for plugin: NVIC
2025-10-20 14:05:55,742 [INFO] BlockDiagram:2775 - set Specific Code input for plugin: TIM1_8F1
2025-10-20 14:05:55,742 [INFO] BlockDiagram:2775 - set Specific Code input for plugin: SYS
2025-10-20 14:05:55,742 [INFO] BlockDiagram:2775 - set Specific Code input for plugin: GPIO
2025-10-20 14:05:55,743 [INFO] BlockDiagram:2775 - set Specific Code input for plugin: RCC
2025-10-20 14:05:55,743 [INFO] BlockDiagram:2775 - set Specific Code input for plugin: I2C
2025-10-20 14:05:55,743 [INFO] BlockDiagram:2775 - set Specific Code input for plugin: I2C
2025-10-20 14:05:55,743 [INFO] CodeGenerator:892 - code generatio: config db path: C:\ST\STM32CubeIDE_1.19.0\STM32CubeIDE\plugins\com.st.stm32cube.common.mx_6.15.0.202507011659\\db\
2025-10-20 14:05:55,789 [WARN] IP:2250 - I2C_Coeff_DF not found: check if there is a RefParameter without a condition.
2025-10-20 14:05:55,789 [WARN] IP:2250 - Analog_Filter not found: check if there is a RefParameter without a condition.
2025-10-20 14:05:55,790 [WARN] IP:2250 - I2C_Coeff_DF not found: check if there is a RefParameter without a condition.
2025-10-20 14:05:55,790 [WARN] IP:2250 - Analog_Filter not found: check if there is a RefParameter without a condition.
2025-10-20 14:05:55,899 [INFO] CodeEngine:265 - oldGeneratedFile, C:\Users\nico2\OneDrive\Desktop\EMBEBIDOS\COMEDERO_INTEGRACION\MXTmpFiles\license.tmp_save
2025-10-20 14:05:56,043 [INFO] CodeEngine:289 - Generated code: C:\Users\nico2\OneDrive\Desktop\EMBEBIDOS\COMEDERO_INTEGRACION\MXTmpFiles\license.tmp
2025-10-20 14:05:56,167 [INFO] CodeEngine:265 - oldGeneratedFile, C:\Users\nico2\OneDrive\Desktop\EMBEBIDOS\COMEDERO_INTEGRACION\MXTmpFiles\gpio.tmp_save
2025-10-20 14:05:56,219 [INFO] CodeEngine:289 - Generated code: C:\Users\nico2\OneDrive\Desktop\EMBEBIDOS\COMEDERO_INTEGRACION\MXTmpFiles\gpio.tmp
2025-10-20 14:05:56,570 [INFO] CodeEngine:265 - oldGeneratedFile, C:\Users\nico2\OneDrive\Desktop\EMBEBIDOS\COMEDERO_INTEGRACION\Core\Src\stm32f1xx_it.c_save
2025-10-20 14:05:56,635 [INFO] CodeEngine:289 - Generated code: C:\Users\nico2\OneDrive\Desktop\EMBEBIDOS\COMEDERO_INTEGRACION\Core\Src\stm32f1xx_it.c
2025-10-20 14:05:56,640 [INFO] CodeEngine:265 - oldGeneratedFile, C:\Users\nico2\OneDrive\Desktop\EMBEBIDOS\COMEDERO_INTEGRACION\Core\Inc\stm32f1xx_it.h_save
2025-10-20 14:05:56,721 [INFO] CodeEngine:289 - Generated code: C:\Users\nico2\OneDrive\Desktop\EMBEBIDOS\COMEDERO_INTEGRACION\Core\Inc\stm32f1xx_it.h
2025-10-20 14:05:56,729 [INFO] CodeEngine:265 - oldGeneratedFile, C:\Users\nico2\OneDrive\Desktop\EMBEBIDOS\COMEDERO_INTEGRACION\Core\Src\stm32f1xx_hal_msp.c_save
2025-10-20 14:05:56,866 [INFO] CodeEngine:289 - Generated code: C:\Users\nico2\OneDrive\Desktop\EMBEBIDOS\COMEDERO_INTEGRACION\Core\Src\stm32f1xx_hal_msp.c
2025-10-20 14:05:56,870 [INFO] CodeEngine:265 - oldGeneratedFile, C:\Users\nico2\OneDrive\Desktop\EMBEBIDOS\COMEDERO_INTEGRACION\MXTmpFiles\system.tmp_save
2025-10-20 14:05:56,961 [INFO] CodeEngine:289 - Generated code: C:\Users\nico2\OneDrive\Desktop\EMBEBIDOS\COMEDERO_INTEGRACION\MXTmpFiles\system.tmp
2025-10-20 14:05:56,969 [INFO] CodeEngine:321 - oldGeneratedFile, C:\Users\nico2\OneDrive\Desktop\EMBEBIDOS\COMEDERO_INTEGRACION\Core\Inc\stm32f1xx_hal_conf.h_save
2025-10-20 14:05:57,030 [INFO] CodeEngine:345 - Generated code: C:\Users\nico2\OneDrive\Desktop\EMBEBIDOS\COMEDERO_INTEGRACION\Core\Inc\stm32f1xx_hal_conf.h
2025-10-20 14:05:57,047 [INFO] ApiDbMcu:532 - Load IP Config File for I2C1
2025-10-20 14:05:57,048 [INFO] ApiDbMcu:532 - Load IP Config File for I2C2
2025-10-20 14:05:57,049 [INFO] ApiDbMcu:532 - Load IP Config File for RTC
2025-10-20 14:05:57,056 [INFO] ApiDbMcu:532 - Load IP Config File for TIM2
2025-10-20 14:05:57,057 [INFO] ApiDbMcu:532 - Load IP Config File for RCC
2025-10-20 14:05:57,071 [WARN] IPConfigManager:3811 - IP not found : TIM
2025-10-20 14:05:57,071 [WARN] CodeGenerator:4259 - IP not found : null
2025-10-20 14:05:57,088 [INFO] CodeEngine:265 - oldGeneratedFile, C:\Users\nico2\OneDrive\Desktop\EMBEBIDOS\COMEDERO_INTEGRACION\Core\Inc\main.h_save
2025-10-20 14:05:57,139 [INFO] CodeEngine:289 - Generated code: C:\Users\nico2\OneDrive\Desktop\EMBEBIDOS\COMEDERO_INTEGRACION\Core\Inc\main.h
2025-10-20 14:05:57,146 [INFO] CodeEngine:265 - oldGeneratedFile, C:\Users\nico2\OneDrive\Desktop\EMBEBIDOS\COMEDERO_INTEGRACION\Core\Src\main.c_save
2025-10-20 14:05:57,252 [INFO] CodeEngine:289 - Generated code: C:\Users\nico2\OneDrive\Desktop\EMBEBIDOS\COMEDERO_INTEGRACION\Core\Src\main.c
2025-10-20 14:05:58,104 [INFO] ProjectBuilder:3606 - Time for Copy HAL[1] : 93mS.
2025-10-20 14:05:58,107 [INFO] ProjectBuilder:5216 - Project Generator version: 4.7.0-B52
2025-10-20 14:05:58,172 [INFO] ConfigFileManager:1595 - The Die is : DIE410
2025-10-20 14:05:58,177 [INFO] ApiDbMcu:532 - Load IP Config File for FATFS
2025-10-20 14:05:58,179 [INFO] ApiDbMcu:532 - Load IP Config File for FREERTOS
2025-10-20 14:05:58,181 [INFO] ApiDbMcu:532 - Load IP Config File for USB_DEVICE
2025-10-20 14:06:00,922 [INFO] ProjectBuilder:5496 - Time for Generating toolchain IDE Files: 2815mS.
2025-10-20 14:06:00,923 [INFO] ProjectBuilder:3463 - Time for Copy CMSIS : 1mS.
2025-10-20 14:06:00,926 [INFO] ProjectBuilder:3463 - Time for Copy CMSIS : 0mS.
2025-10-20 14:12:56,129 [INFO] UtilMem:75 - End SaveConfig() Used Memory: 505887224 Bytes (632291328)
2025-10-20 14:12:57,471 [INFO] UtilMem:75 - End SaveConfig() Used Memory: 520567288 Bytes (632291328)
2025-10-20 14:14:00,080 [INFO] UtilMem:75 - End SaveConfig() Used Memory: 264503824 Bytes (632291328)
2025-10-20 14:14:00,858 [INFO] BlockDiagram:2775 - set Specific Code input for plugin: RTC
2025-10-20 14:14:00,859 [INFO] BlockDiagram:2775 - set Specific Code input for plugin: NVIC
2025-10-20 14:14:00,859 [INFO] BlockDiagram:2775 - set Specific Code input for plugin: TIM1_8F1
2025-10-20 14:14:00,859 [INFO] BlockDiagram:2775 - set Specific Code input for plugin: SYS
2025-10-20 14:14:00,859 [INFO] BlockDiagram:2775 - set Specific Code input for plugin: GPIO
2025-10-20 14:14:00,859 [INFO] BlockDiagram:2775 - set Specific Code input for plugin: RCC
2025-10-20 14:14:00,859 [INFO] BlockDiagram:2775 - set Specific Code input for plugin: I2C
2025-10-20 14:14:00,859 [INFO] CodeGenerator:892 - code generatio: config db path: C:\ST\STM32CubeIDE_1.19.0\STM32CubeIDE\plugins\com.st.stm32cube.common.mx_6.15.0.202507011659\\db\
2025-10-20 14:14:00,860 [WARN] IP:2250 - I2C_Coeff_DF not found: check if there is a RefParameter without a condition.
2025-10-20 14:14:00,861 [WARN] IP:2250 - Analog_Filter not found: check if there is a RefParameter without a condition.
2025-10-20 14:14:01,186 [INFO] CodeEngine:265 - oldGeneratedFile, C:\Users\nico2\OneDrive\Desktop\EMBEBIDOS\COMEDERO_INTEGRACION\MXTmpFiles\license.tmp_save
2025-10-20 14:14:01,268 [INFO] CodeEngine:289 - Generated code: C:\Users\nico2\OneDrive\Desktop\EMBEBIDOS\COMEDERO_INTEGRACION\MXTmpFiles\license.tmp
2025-10-20 14:14:01,347 [INFO] CodeEngine:265 - oldGeneratedFile, C:\Users\nico2\OneDrive\Desktop\EMBEBIDOS\COMEDERO_INTEGRACION\MXTmpFiles\gpio.tmp_save
2025-10-20 14:14:01,461 [INFO] CodeEngine:289 - Generated code: C:\Users\nico2\OneDrive\Desktop\EMBEBIDOS\COMEDERO_INTEGRACION\MXTmpFiles\gpio.tmp
2025-10-20 14:14:01,714 [INFO] CodeEngine:265 - oldGeneratedFile, C:\Users\nico2\OneDrive\Desktop\EMBEBIDOS\COMEDERO_INTEGRACION\Core\Src\stm32f1xx_it.c_save
2025-10-20 14:14:01,863 [INFO] CodeEngine:289 - Generated code: C:\Users\nico2\OneDrive\Desktop\EMBEBIDOS\COMEDERO_INTEGRACION\Core\Src\stm32f1xx_it.c
2025-10-20 14:14:01,868 [INFO] CodeEngine:265 - oldGeneratedFile, C:\Users\nico2\OneDrive\Desktop\EMBEBIDOS\COMEDERO_INTEGRACION\Core\Inc\stm32f1xx_it.h_save
2025-10-20 14:14:01,977 [INFO] CodeEngine:289 - Generated code: C:\Users\nico2\OneDrive\Desktop\EMBEBIDOS\COMEDERO_INTEGRACION\Core\Inc\stm32f1xx_it.h
2025-10-20 14:14:02,019 [INFO] CodeEngine:265 - oldGeneratedFile, C:\Users\nico2\OneDrive\Desktop\EMBEBIDOS\COMEDERO_INTEGRACION\Core\Src\stm32f1xx_hal_msp.c_save
2025-10-20 14:14:02,235 [INFO] CodeEngine:289 - Generated code: C:\Users\nico2\OneDrive\Desktop\EMBEBIDOS\COMEDERO_INTEGRACION\Core\Src\stm32f1xx_hal_msp.c
2025-10-20 14:14:02,239 [INFO] CodeEngine:265 - oldGeneratedFile, C:\Users\nico2\OneDrive\Desktop\EMBEBIDOS\COMEDERO_INTEGRACION\MXTmpFiles\system.tmp_save
2025-10-20 14:14:02,433 [INFO] CodeEngine:289 - Generated code: C:\Users\nico2\OneDrive\Desktop\EMBEBIDOS\COMEDERO_INTEGRACION\MXTmpFiles\system.tmp
2025-10-20 14:14:02,442 [INFO] CodeEngine:321 - oldGeneratedFile, C:\Users\nico2\OneDrive\Desktop\EMBEBIDOS\COMEDERO_INTEGRACION\Core\Inc\stm32f1xx_hal_conf.h_save
2025-10-20 14:14:02,490 [INFO] CodeEngine:345 - Generated code: C:\Users\nico2\OneDrive\Desktop\EMBEBIDOS\COMEDERO_INTEGRACION\Core\Inc\stm32f1xx_hal_conf.h
2025-10-20 14:14:02,538 [WARN] IPConfigManager:3811 - IP not found : TIM
2025-10-20 14:14:02,538 [WARN] CodeGenerator:4259 - IP not found : null
2025-10-20 14:14:02,544 [INFO] CodeEngine:265 - oldGeneratedFile, C:\Users\nico2\OneDrive\Desktop\EMBEBIDOS\COMEDERO_INTEGRACION\Core\Inc\main.h_save
2025-10-20 14:14:02,626 [INFO] CodeEngine:289 - Generated code: C:\Users\nico2\OneDrive\Desktop\EMBEBIDOS\COMEDERO_INTEGRACION\Core\Inc\main.h
2025-10-20 14:14:02,631 [INFO] CodeEngine:265 - oldGeneratedFile, C:\Users\nico2\OneDrive\Desktop\EMBEBIDOS\COMEDERO_INTEGRACION\Core\Src\main.c_save
2025-10-20 14:14:02,731 [INFO] CodeEngine:289 - Generated code: C:\Users\nico2\OneDrive\Desktop\EMBEBIDOS\COMEDERO_INTEGRACION\Core\Src\main.c
2025-10-20 14:14:02,997 [INFO] ProjectBuilder:3606 - Time for Copy HAL[1] : 92mS.
2025-10-20 14:14:03,004 [INFO] ProjectBuilder:5216 - Project Generator version: 4.7.0-B52
2025-10-20 14:14:03,066 [INFO] ConfigFileManager:1595 - The Die is : DIE410
2025-10-20 14:14:06,449 [INFO] ProjectBuilder:5496 - Time for Generating toolchain IDE Files: 3445mS.
2025-10-20 14:14:06,450 [INFO] ProjectBuilder:3463 - Time for Copy CMSIS : 0mS.
2025-10-20 14:14:06,452 [INFO] ProjectBuilder:3463 - Time for Copy CMSIS : 0mS.
2025-10-20 14:18:16,825 [WARN] IP:2250 - I2C_Coeff_DF not found: check if there is a RefParameter without a condition.
2025-10-20 14:18:16,825 [WARN] IP:2250 - Analog_Filter not found: check if there is a RefParameter without a condition.
2025-10-20 14:18:16,825 [WARN] IP:2250 - I2C_Coeff_DF not found: check if there is a RefParameter without a condition.
2025-10-20 14:18:16,825 [WARN] IP:2250 - Analog_Filter not found: check if there is a RefParameter without a condition.
2025-10-20 14:18:17,017 [WARN] IP:2250 - I2C_Coeff_DF not found: check if there is a RefParameter without a condition.
2025-10-20 14:18:17,018 [WARN] IP:2250 - Analog_Filter not found: check if there is a RefParameter without a condition.
2025-10-20 14:18:17,921 [WARN] IP:2250 - I2C_Coeff_DF not found: check if there is a RefParameter without a condition.
2025-10-20 14:18:17,921 [WARN] IP:2250 - Analog_Filter not found: check if there is a RefParameter without a condition.
2025-10-20 14:18:21,560 [WARN] IP:2250 - I2C_Coeff_DF not found: check if there is a RefParameter without a condition.
2025-10-20 14:18:21,561 [WARN] IP:2250 - Analog_Filter not found: check if there is a RefParameter without a condition.
2025-10-20 14:18:45,009 [INFO] UtilMem:75 - End SaveConfig() Used Memory: 382721720 Bytes (649068544)
2025-10-20 14:18:46,375 [INFO] UtilMem:75 - End SaveConfig() Used Memory: 403146808 Bytes (649068544)
2025-10-20 14:18:48,571 [INFO] UtilMem:75 - End SaveConfig() Used Memory: 451950848 Bytes (649068544)
2025-10-20 14:18:48,840 [INFO] BlockDiagram:2775 - set Specific Code input for plugin: RTC
2025-10-20 14:18:48,840 [INFO] BlockDiagram:2775 - set Specific Code input for plugin: NVIC
2025-10-20 14:18:48,840 [INFO] BlockDiagram:2775 - set Specific Code input for plugin: TIM1_8F1
2025-10-20 14:18:48,840 [INFO] BlockDiagram:2775 - set Specific Code input for plugin: SYS
2025-10-20 14:18:48,840 [INFO] BlockDiagram:2775 - set Specific Code input for plugin: GPIO
2025-10-20 14:18:48,840 [INFO] BlockDiagram:2775 - set Specific Code input for plugin: RCC
2025-10-20 14:18:48,840 [INFO] BlockDiagram:2775 - set Specific Code input for plugin: I2C
2025-10-20 14:18:48,841 [INFO] CodeGenerator:892 - code generatio: config db path: C:\ST\STM32CubeIDE_1.19.0\STM32CubeIDE\plugins\com.st.stm32cube.common.mx_6.15.0.202507011659\\db\
2025-10-20 14:18:48,842 [WARN] IP:2250 - I2C_Coeff_DF not found: check if there is a RefParameter without a condition.
2025-10-20 14:18:48,842 [WARN] IP:2250 - Analog_Filter not found: check if there is a RefParameter without a condition.
2025-10-20 14:18:49,006 [INFO] CodeEngine:265 - oldGeneratedFile, C:\Users\nico2\OneDrive\Desktop\EMBEBIDOS\COMEDERO_INTEGRACION\MXTmpFiles\license.tmp_save
2025-10-20 14:18:49,053 [INFO] CodeEngine:289 - Generated code: C:\Users\nico2\OneDrive\Desktop\EMBEBIDOS\COMEDERO_INTEGRACION\MXTmpFiles\license.tmp
2025-10-20 14:18:49,064 [INFO] CodeEngine:265 - oldGeneratedFile, C:\Users\nico2\OneDrive\Desktop\EMBEBIDOS\COMEDERO_INTEGRACION\MXTmpFiles\gpio.tmp_save
2025-10-20 14:18:49,169 [INFO] CodeEngine:289 - Generated code: C:\Users\nico2\OneDrive\Desktop\EMBEBIDOS\COMEDERO_INTEGRACION\MXTmpFiles\gpio.tmp
2025-10-20 14:18:49,311 [INFO] CodeEngine:265 - oldGeneratedFile, C:\Users\nico2\OneDrive\Desktop\EMBEBIDOS\COMEDERO_INTEGRACION\Core\Src\stm32f1xx_it.c_save
2025-10-20 14:18:49,546 [INFO] CodeEngine:289 - Generated code: C:\Users\nico2\OneDrive\Desktop\EMBEBIDOS\COMEDERO_INTEGRACION\Core\Src\stm32f1xx_it.c
2025-10-20 14:18:49,549 [INFO] CodeEngine:265 - oldGeneratedFile, C:\Users\nico2\OneDrive\Desktop\EMBEBIDOS\COMEDERO_INTEGRACION\Core\Inc\stm32f1xx_it.h_save
2025-10-20 14:18:49,724 [INFO] CodeEngine:289 - Generated code: C:\Users\nico2\OneDrive\Desktop\EMBEBIDOS\COMEDERO_INTEGRACION\Core\Inc\stm32f1xx_it.h
2025-10-20 14:18:49,733 [INFO] CodeEngine:265 - oldGeneratedFile, C:\Users\nico2\OneDrive\Desktop\EMBEBIDOS\COMEDERO_INTEGRACION\Core\Src\stm32f1xx_hal_msp.c_save
2025-10-20 14:18:49,840 [INFO] CodeEngine:289 - Generated code: C:\Users\nico2\OneDrive\Desktop\EMBEBIDOS\COMEDERO_INTEGRACION\Core\Src\stm32f1xx_hal_msp.c
2025-10-20 14:18:49,843 [INFO] CodeEngine:265 - oldGeneratedFile, C:\Users\nico2\OneDrive\Desktop\EMBEBIDOS\COMEDERO_INTEGRACION\MXTmpFiles\system.tmp_save
2025-10-20 14:18:50,051 [INFO] CodeEngine:289 - Generated code: C:\Users\nico2\OneDrive\Desktop\EMBEBIDOS\COMEDERO_INTEGRACION\MXTmpFiles\system.tmp
2025-10-20 14:18:50,056 [INFO] CodeEngine:321 - oldGeneratedFile, C:\Users\nico2\OneDrive\Desktop\EMBEBIDOS\COMEDERO_INTEGRACION\Core\Inc\stm32f1xx_hal_conf.h_save
2025-10-20 14:18:50,135 [INFO] CodeEngine:345 - Generated code: C:\Users\nico2\OneDrive\Desktop\EMBEBIDOS\COMEDERO_INTEGRACION\Core\Inc\stm32f1xx_hal_conf.h
2025-10-20 14:18:50,152 [WARN] IPConfigManager:3811 - IP not found : TIM
2025-10-20 14:18:50,153 [WARN] CodeGenerator:4259 - IP not found : null
2025-10-20 14:18:50,162 [INFO] CodeEngine:265 - oldGeneratedFile, C:\Users\nico2\OneDrive\Desktop\EMBEBIDOS\COMEDERO_INTEGRACION\Core\Inc\main.h_save
2025-10-20 14:18:50,248 [INFO] CodeEngine:289 - Generated code: C:\Users\nico2\OneDrive\Desktop\EMBEBIDOS\COMEDERO_INTEGRACION\Core\Inc\main.h
2025-10-20 14:18:50,265 [INFO] CodeEngine:265 - oldGeneratedFile, C:\Users\nico2\OneDrive\Desktop\EMBEBIDOS\COMEDERO_INTEGRACION\Core\Src\main.c_save
2025-10-20 14:18:50,445 [INFO] CodeEngine:289 - Generated code: C:\Users\nico2\OneDrive\Desktop\EMBEBIDOS\COMEDERO_INTEGRACION\Core\Src\main.c
2025-10-20 14:18:51,587 [INFO] ProjectBuilder:3606 - Time for Copy HAL[1] : 82mS.
2025-10-20 14:18:51,592 [INFO] ProjectBuilder:5216 - Project Generator version: 4.7.0-B52
2025-10-20 14:18:51,649 [INFO] ConfigFileManager:1595 - The Die is : DIE410
2025-10-20 14:18:53,921 [INFO] ProjectBuilder:5496 - Time for Generating toolchain IDE Files: 2329mS.
2025-10-20 14:18:53,921 [INFO] ProjectBuilder:3463 - Time for Copy CMSIS : 0mS.
2025-10-20 14:18:53,923 [INFO] ProjectBuilder:3463 - Time for Copy CMSIS : 0mS.
2025-10-20 14:59:19,915 [INFO] UtilMem:75 - End SaveConfig() Used Memory: 495923200 Bytes (649068544)
2025-10-20 14:59:22,184 [INFO] UtilMem:75 - End SaveConfig() Used Memory: 516784592 Bytes (649068544)
2025-10-20 14:59:25,626 [INFO] UtilMem:75 - End SaveConfig() Used Memory: 554643456 Bytes (649068544)
2025-10-20 14:59:26,598 [INFO] BlockDiagram:2775 - set Specific Code input for plugin: RTC
2025-10-20 14:59:26,598 [INFO] BlockDiagram:2775 - set Specific Code input for plugin: NVIC
2025-10-20 14:59:26,598 [INFO] BlockDiagram:2775 - set Specific Code input for plugin: TIM1_8F1
2025-10-20 14:59:26,598 [INFO] BlockDiagram:2775 - set Specific Code input for plugin: SYS
2025-10-20 14:59:26,598 [INFO] BlockDiagram:2775 - set Specific Code input for plugin: GPIO
2025-10-20 14:59:26,599 [INFO] BlockDiagram:2775 - set Specific Code input for plugin: RCC
2025-10-20 14:59:26,599 [INFO] BlockDiagram:2775 - set Specific Code input for plugin: I2C
2025-10-20 14:59:26,599 [INFO] CodeGenerator:892 - code generatio: config db path: C:\ST\STM32CubeIDE_1.19.0\STM32CubeIDE\plugins\com.st.stm32cube.common.mx_6.15.0.202507011659\\db\
2025-10-20 14:59:26,601 [WARN] IP:2250 - I2C_Coeff_DF not found: check if there is a RefParameter without a condition.
2025-10-20 14:59:26,601 [WARN] IP:2250 - Analog_Filter not found: check if there is a RefParameter without a condition.
2025-10-20 14:59:27,436 [INFO] CodeEngine:265 - oldGeneratedFile, C:\Users\nico2\OneDrive\Desktop\EMBEBIDOS\COMEDERO_INTEGRACION\MXTmpFiles\license.tmp_save
2025-10-20 14:59:28,039 [INFO] CodeEngine:289 - Generated code: C:\Users\nico2\OneDrive\Desktop\EMBEBIDOS\COMEDERO_INTEGRACION\MXTmpFiles\license.tmp
2025-10-20 14:59:28,146 [INFO] CodeEngine:265 - oldGeneratedFile, C:\Users\nico2\OneDrive\Desktop\EMBEBIDOS\COMEDERO_INTEGRACION\MXTmpFiles\gpio.tmp_save
2025-10-20 14:59:28,473 [INFO] CodeEngine:289 - Generated code: C:\Users\nico2\OneDrive\Desktop\EMBEBIDOS\COMEDERO_INTEGRACION\MXTmpFiles\gpio.tmp
2025-10-20 14:59:28,991 [INFO] CodeEngine:265 - oldGeneratedFile, C:\Users\nico2\OneDrive\Desktop\EMBEBIDOS\COMEDERO_INTEGRACION\Core\Src\stm32f1xx_it.c_save
2025-10-20 14:59:29,377 [INFO] CodeEngine:289 - Generated code: C:\Users\nico2\OneDrive\Desktop\EMBEBIDOS\COMEDERO_INTEGRACION\Core\Src\stm32f1xx_it.c
2025-10-20 14:59:29,414 [INFO] CodeEngine:265 - oldGeneratedFile, C:\Users\nico2\OneDrive\Desktop\EMBEBIDOS\COMEDERO_INTEGRACION\Core\Inc\stm32f1xx_it.h_save
2025-10-20 14:59:29,609 [INFO] CodeEngine:289 - Generated code: C:\Users\nico2\OneDrive\Desktop\EMBEBIDOS\COMEDERO_INTEGRACION\Core\Inc\stm32f1xx_it.h
2025-10-20 14:59:29,654 [INFO] CodeEngine:265 - oldGeneratedFile, C:\Users\nico2\OneDrive\Desktop\EMBEBIDOS\COMEDERO_INTEGRACION\Core\Src\stm32f1xx_hal_msp.c_save
2025-10-20 14:59:30,014 [INFO] CodeEngine:289 - Generated code: C:\Users\nico2\OneDrive\Desktop\EMBEBIDOS\COMEDERO_INTEGRACION\Core\Src\stm32f1xx_hal_msp.c
2025-10-20 14:59:30,017 [INFO] CodeEngine:265 - oldGeneratedFile, C:\Users\nico2\OneDrive\Desktop\EMBEBIDOS\COMEDERO_INTEGRACION\MXTmpFiles\system.tmp_save
2025-10-20 14:59:30,244 [INFO] CodeEngine:289 - Generated code: C:\Users\nico2\OneDrive\Desktop\EMBEBIDOS\COMEDERO_INTEGRACION\MXTmpFiles\system.tmp
2025-10-20 14:59:30,252 [INFO] CodeEngine:321 - oldGeneratedFile, C:\Users\nico2\OneDrive\Desktop\EMBEBIDOS\COMEDERO_INTEGRACION\Core\Inc\stm32f1xx_hal_conf.h_save
2025-10-20 14:59:30,405 [INFO] CodeEngine:345 - Generated code: C:\Users\nico2\OneDrive\Desktop\EMBEBIDOS\COMEDERO_INTEGRACION\Core\Inc\stm32f1xx_hal_conf.h
2025-10-20 14:59:31,585 [WARN] IPConfigManager:3811 - IP not found : TIM
2025-10-20 14:59:31,586 [WARN] CodeGenerator:4259 - IP not found : null
2025-10-20 14:59:31,593 [INFO] CodeEngine:265 - oldGeneratedFile, C:\Users\nico2\OneDrive\Desktop\EMBEBIDOS\COMEDERO_INTEGRACION\Core\Inc\main.h_save
2025-10-20 14:59:32,038 [INFO] CodeEngine:289 - Generated code: C:\Users\nico2\OneDrive\Desktop\EMBEBIDOS\COMEDERO_INTEGRACION\Core\Inc\main.h
2025-10-20 14:59:32,042 [INFO] CodeEngine:265 - oldGeneratedFile, C:\Users\nico2\OneDrive\Desktop\EMBEBIDOS\COMEDERO_INTEGRACION\Core\Src\main.c_save
2025-10-20 14:59:32,270 [INFO] CodeEngine:289 - Generated code: C:\Users\nico2\OneDrive\Desktop\EMBEBIDOS\COMEDERO_INTEGRACION\Core\Src\main.c
2025-10-20 14:59:33,523 [INFO] ProjectBuilder:3606 - Time for Copy HAL[1] : 122mS.
2025-10-20 14:59:33,530 [INFO] ProjectBuilder:5216 - Project Generator version: 4.7.0-B52
2025-10-20 14:59:33,605 [INFO] ConfigFileManager:1595 - The Die is : DIE410
2025-10-20 14:59:36,515 [INFO] ProjectBuilder:5496 - Time for Generating toolchain IDE Files: 2985mS.
2025-10-20 14:59:36,516 [INFO] ProjectBuilder:3463 - Time for Copy CMSIS : 0mS.
2025-10-20 14:59:36,517 [INFO] ProjectBuilder:3463 - Time for Copy CMSIS : 0mS.
